Partition Merge report for Lab1UART
Fri Jan  9 17:57:40 2026
Quartus Prime Version 24.1std.0 Build 1077 03/04/2025 SC Lite Edition


---------------------
; Table of Contents ;
---------------------
  1. Legal Notice
  2. Partition Merge Summary
  3. Partition Merge Netlist Types Used
  4. Connections to In-System Debugging Instance "auto_signaltap_0"
  5. Partition Merge Partition Statistics
  6. Partition Merge Partition Pin Processing
  7. Partition Merge Resource Usage Summary
  8. Partition Merge RAM Summary
  9. Partition Merge Messages



----------------
; Legal Notice ;
----------------
Copyright (C) 2025  Altera Corporation. All rights reserved.
Your use of Altera Corporation's design tools, logic functions 
and other software and tools, and any partner logic 
functions, and any output files from any of the foregoing 
(including device programming or simulation files), and any 
associated documentation or information are expressly subject 
to the terms and conditions of the Altera Program License 
Subscription Agreement, the Altera Quartus Prime License Agreement,
the Altera IP License Agreement, or other applicable license
agreement, including, without limitation, that your use is for
the sole purpose of programming logic devices manufactured by
Altera and sold by Altera or its authorized distributors.  Please
refer to the Altera Software License Subscription Agreements 
on the Quartus Prime software download page.



+--------------------------------------------------------------------------------------+
; Partition Merge Summary                                                              ;
+------------------------------------+-------------------------------------------------+
; Partition Merge Status             ; Successful - Fri Jan  9 17:57:40 2026           ;
; Quartus Prime Version              ; 24.1std.0 Build 1077 03/04/2025 SC Lite Edition ;
; Revision Name                      ; Lab1UART                                        ;
; Top-level Entity Name              ; Lab1UART                                        ;
; Family                             ; MAX 10                                          ;
; Total logic elements               ; 597                                             ;
;     Total combinational functions  ; 462                                             ;
;     Dedicated logic registers      ; 417                                             ;
; Total registers                    ; 417                                             ;
; Total pins                         ; 127                                             ;
; Total virtual pins                 ; 0                                               ;
; Total memory bits                  ; 256                                             ;
; Embedded Multiplier 9-bit elements ; 0                                               ;
; Total PLLs                         ; 1                                               ;
; UFM blocks                         ; 0                                               ;
; ADC blocks                         ; 0                                               ;
+------------------------------------+-------------------------------------------------+


+-------------------------------------------------------------------------------------------------------------------------------+
; Partition Merge Netlist Types Used                                                                                            ;
+--------------------------------+----------------+-------------------+------------------------+--------------------------------+
; Partition Name                 ; Partition Type ; Netlist Type Used ; Netlist Type Requested ; Partition Contents             ;
+--------------------------------+----------------+-------------------+------------------------+--------------------------------+
; Top                            ; User-created   ; Source File       ; Source File            ;                                ;
; sld_hub:auto_hub               ; Auto-generated ; Post-Synthesis    ; Post-Synthesis         ; sld_hub:auto_hub               ;
; sld_signaltap:auto_signaltap_0 ; Auto-generated ; Post-Synthesis    ; Post-Synthesis         ; sld_signaltap:auto_signaltap_0 ;
; hard_block:auto_generated_inst ; Auto-generated ; Source File       ; Source File            ; hard_block:auto_generated_inst ;
+--------------------------------+----------------+-------------------+------------------------+--------------------------------+


+-----------------------------------------------------------------------------------------------------------------------------------------------------------+
; Connections to In-System Debugging Instance "auto_signaltap_0"                                                                                            ;
+---------------------------+--------------+-----------+--------------------------------+-------------------+-------------------------------------+---------+
; Name                      ; Type         ; Status    ; Partition Name                 ; Netlist Type Used ; Actual Connection                   ; Details ;
+---------------------------+--------------+-----------+--------------------------------+-------------------+-------------------------------------+---------+
; UART_trans:U3|state       ; post-fitting ; connected ; Top                            ; post-synthesis    ; UART_trans:U3|state                 ; N/A     ;
; UART_trans:U3|state       ; post-fitting ; connected ; Top                            ; post-synthesis    ; UART_trans:U3|state                 ; N/A     ;
; UART_trans:U3|tx          ; post-fitting ; connected ; Top                            ; post-synthesis    ; UART_trans:U3|tx                    ; N/A     ;
; UART_trans:U3|tx          ; post-fitting ; connected ; Top                            ; post-synthesis    ; UART_trans:U3|tx                    ; N/A     ;
; auto_signaltap_0|gnd      ; post-fitting ; connected ; sld_signaltap:auto_signaltap_0 ; post-synthesis    ; sld_signaltap:auto_signaltap_0|~GND ; N/A     ;
; auto_signaltap_0|gnd      ; post-fitting ; connected ; sld_signaltap:auto_signaltap_0 ; post-synthesis    ; sld_signaltap:auto_signaltap_0|~GND ; N/A     ;
; auto_signaltap_0|gnd      ; post-fitting ; connected ; sld_signaltap:auto_signaltap_0 ; post-synthesis    ; sld_signaltap:auto_signaltap_0|~GND ; N/A     ;
; auto_signaltap_0|gnd      ; post-fitting ; connected ; sld_signaltap:auto_signaltap_0 ; post-synthesis    ; sld_signaltap:auto_signaltap_0|~GND ; N/A     ;
; auto_signaltap_0|gnd      ; post-fitting ; connected ; sld_signaltap:auto_signaltap_0 ; post-synthesis    ; sld_signaltap:auto_signaltap_0|~GND ; N/A     ;
; auto_signaltap_0|gnd      ; post-fitting ; connected ; sld_signaltap:auto_signaltap_0 ; post-synthesis    ; sld_signaltap:auto_signaltap_0|~GND ; N/A     ;
; auto_signaltap_0|gnd      ; post-fitting ; connected ; sld_signaltap:auto_signaltap_0 ; post-synthesis    ; sld_signaltap:auto_signaltap_0|~GND ; N/A     ;
; auto_signaltap_0|gnd      ; post-fitting ; connected ; sld_signaltap:auto_signaltap_0 ; post-synthesis    ; sld_signaltap:auto_signaltap_0|~GND ; N/A     ;
; auto_signaltap_0|gnd      ; post-fitting ; connected ; sld_signaltap:auto_signaltap_0 ; post-synthesis    ; sld_signaltap:auto_signaltap_0|~GND ; N/A     ;
; auto_signaltap_0|gnd      ; post-fitting ; connected ; sld_signaltap:auto_signaltap_0 ; post-synthesis    ; sld_signaltap:auto_signaltap_0|~GND ; N/A     ;
; auto_signaltap_0|gnd      ; post-fitting ; connected ; sld_signaltap:auto_signaltap_0 ; post-synthesis    ; sld_signaltap:auto_signaltap_0|~GND ; N/A     ;
; auto_signaltap_0|vcc      ; post-fitting ; connected ; sld_signaltap:auto_signaltap_0 ; post-synthesis    ; sld_signaltap:auto_signaltap_0|~VCC ; N/A     ;
; auto_signaltap_0|vcc      ; post-fitting ; connected ; sld_signaltap:auto_signaltap_0 ; post-synthesis    ; sld_signaltap:auto_signaltap_0|~VCC ; N/A     ;
; auto_signaltap_0|vcc      ; post-fitting ; connected ; sld_signaltap:auto_signaltap_0 ; post-synthesis    ; sld_signaltap:auto_signaltap_0|~VCC ; N/A     ;
; auto_signaltap_0|vcc      ; post-fitting ; connected ; sld_signaltap:auto_signaltap_0 ; post-synthesis    ; sld_signaltap:auto_signaltap_0|~VCC ; N/A     ;
; auto_signaltap_0|vcc      ; post-fitting ; connected ; sld_signaltap:auto_signaltap_0 ; post-synthesis    ; sld_signaltap:auto_signaltap_0|~VCC ; N/A     ;
; auto_signaltap_0|vcc      ; post-fitting ; connected ; sld_signaltap:auto_signaltap_0 ; post-synthesis    ; sld_signaltap:auto_signaltap_0|~VCC ; N/A     ;
; auto_signaltap_0|vcc      ; post-fitting ; connected ; sld_signaltap:auto_signaltap_0 ; post-synthesis    ; sld_signaltap:auto_signaltap_0|~VCC ; N/A     ;
; auto_signaltap_0|vcc      ; post-fitting ; connected ; sld_signaltap:auto_signaltap_0 ; post-synthesis    ; sld_signaltap:auto_signaltap_0|~VCC ; N/A     ;
; auto_signaltap_0|vcc      ; post-fitting ; connected ; sld_signaltap:auto_signaltap_0 ; post-synthesis    ; sld_signaltap:auto_signaltap_0|~VCC ; N/A     ;
; auto_signaltap_0|vcc      ; post-fitting ; connected ; sld_signaltap:auto_signaltap_0 ; post-synthesis    ; sld_signaltap:auto_signaltap_0|~VCC ; N/A     ;
; auto_signaltap_0|vcc      ; post-fitting ; connected ; sld_signaltap:auto_signaltap_0 ; post-synthesis    ; sld_signaltap:auto_signaltap_0|~VCC ; N/A     ;
; auto_signaltap_0|vcc      ; post-fitting ; connected ; sld_signaltap:auto_signaltap_0 ; post-synthesis    ; sld_signaltap:auto_signaltap_0|~VCC ; N/A     ;
; auto_signaltap_0|vcc      ; post-fitting ; connected ; sld_signaltap:auto_signaltap_0 ; post-synthesis    ; sld_signaltap:auto_signaltap_0|~VCC ; N/A     ;
; auto_signaltap_0|vcc      ; post-fitting ; connected ; sld_signaltap:auto_signaltap_0 ; post-synthesis    ; sld_signaltap:auto_signaltap_0|~VCC ; N/A     ;
; auto_signaltap_0|vcc      ; post-fitting ; connected ; sld_signaltap:auto_signaltap_0 ; post-synthesis    ; sld_signaltap:auto_signaltap_0|~VCC ; N/A     ;
; auto_signaltap_0|vcc      ; post-fitting ; connected ; sld_signaltap:auto_signaltap_0 ; post-synthesis    ; sld_signaltap:auto_signaltap_0|~VCC ; N/A     ;
; auto_signaltap_0|vcc      ; post-fitting ; connected ; sld_signaltap:auto_signaltap_0 ; post-synthesis    ; sld_signaltap:auto_signaltap_0|~VCC ; N/A     ;
; auto_signaltap_0|vcc      ; post-fitting ; connected ; sld_signaltap:auto_signaltap_0 ; post-synthesis    ; sld_signaltap:auto_signaltap_0|~VCC ; N/A     ;
; auto_signaltap_0|vcc      ; post-fitting ; connected ; sld_signaltap:auto_signaltap_0 ; post-synthesis    ; sld_signaltap:auto_signaltap_0|~VCC ; N/A     ;
; auto_signaltap_0|vcc      ; post-fitting ; connected ; sld_signaltap:auto_signaltap_0 ; post-synthesis    ; sld_signaltap:auto_signaltap_0|~VCC ; N/A     ;
; auto_signaltap_0|vcc      ; post-fitting ; connected ; sld_signaltap:auto_signaltap_0 ; post-synthesis    ; sld_signaltap:auto_signaltap_0|~VCC ; N/A     ;
; auto_stp_external_clock_0 ; dynamic pin  ; connected ; Top                            ; post-synthesis    ; auto_stp_external_clock_0           ; N/A     ;
+---------------------------+--------------+-----------+--------------------------------+-------------------+-------------------------------------+---------+


+----------------------------------------------------------------------------------------------------------------------------------------+
; Partition Merge Partition Statistics                                                                                                   ;
+---------------------------------------------+-----+------------------+--------------------------------+--------------------------------+
; Statistic                                   ; Top ; sld_hub:auto_hub ; sld_signaltap:auto_signaltap_0 ; hard_block:auto_generated_inst ;
+---------------------------------------------+-----+------------------+--------------------------------+--------------------------------+
; Estimated Total logic elements              ; 46  ; 152              ; 399                            ; 0                              ;
;                                             ;     ;                  ;                                ;                                ;
; Total combinational functions               ; 46  ; 126              ; 290                            ; 0                              ;
; Logic element usage by number of LUT inputs ;     ;                  ;                                ;                                ;
;     -- 4 input functions                    ; 9   ; 53               ; 117                            ; 0                              ;
;     -- 3 input functions                    ; 2   ; 36               ; 84                             ; 0                              ;
;     -- <=2 input functions                  ; 35  ; 37               ; 89                             ; 0                              ;
;                                             ;     ;                  ;                                ;                                ;
; Logic elements by mode                      ;     ;                  ;                                ;                                ;
;     -- normal mode                          ; 15  ; 118              ; 229                            ; 0                              ;
;     -- arithmetic mode                      ; 31  ; 8                ; 61                             ; 0                              ;
;                                             ;     ;                  ;                                ;                                ;
; Total registers                             ; 34  ; 90               ; 293                            ; 0                              ;
;     -- Dedicated logic registers            ; 34  ; 90               ; 293                            ; 0                              ;
;     -- I/O registers                        ; 0   ; 0                ; 0                              ; 0                              ;
;                                             ;     ;                  ;                                ;                                ;
; Virtual pins                                ; 0   ; 0                ; 0                              ; 0                              ;
; I/O pins                                    ; 127 ; 0                ; 0                              ; 0                              ;
; Embedded Multiplier 9-bit elements          ; 0   ; 0                ; 0                              ; 0                              ;
; Total memory bits                           ; 0   ; 0                ; 256                            ; 0                              ;
; Total RAM block bits                        ; 0   ; 0                ; 0                              ; 0                              ;
; JTAG                                        ; 1   ; 0                ; 0                              ; 0                              ;
; PLL                                         ; 0   ; 0                ; 0                              ; 1                              ;
;                                             ;     ;                  ;                                ;                                ;
; Connections                                 ;     ;                  ;                                ;                                ;
;     -- Input Connections                    ; 88  ; 133              ; 477                            ; 1                              ;
;     -- Registered Input Connections         ; 34  ; 101              ; 321                            ; 0                              ;
;     -- Output Connections                   ; 482 ; 149              ; 34                             ; 34                             ;
;     -- Registered Output Connections        ; 4   ; 149              ; 0                              ; 0                              ;
;                                             ;     ;                  ;                                ;                                ;
; Internal Connections                        ;     ;                  ;                                ;                                ;
;     -- Total Connections                    ; 864 ; 831              ; 1949                           ; 36                             ;
;     -- Registered Connections               ; 106 ; 602              ; 1002                           ; 0                              ;
;                                             ;     ;                  ;                                ;                                ;
; External Connections                        ;     ;                  ;                                ;                                ;
;     -- Top                                  ; 106 ; 122              ; 307                            ; 35                             ;
;     -- sld_hub:auto_hub                     ; 122 ; 20               ; 140                            ; 0                              ;
;     -- sld_signaltap:auto_signaltap_0       ; 307 ; 140              ; 64                             ; 0                              ;
;     -- hard_block:auto_generated_inst       ; 35  ; 0                ; 0                              ; 0                              ;
;                                             ;     ;                  ;                                ;                                ;
; Partition Interface                         ;     ;                  ;                                ;                                ;
;     -- Input Ports                          ; 19  ; 45               ; 75                             ; 1                              ;
;     -- Output Ports                         ; 59  ; 62               ; 19                             ; 1                              ;
;     -- Bidir Ports                          ; 53  ; 0                ; 0                              ; 0                              ;
;                                             ;     ;                  ;                                ;                                ;
; Registered Ports                            ;     ;                  ;                                ;                                ;
;     -- Registered Input Ports               ; 0   ; 4                ; 10                             ; 0                              ;
;     -- Registered Output Ports              ; 0   ; 29               ; 5                              ; 0                              ;
;                                             ;     ;                  ;                                ;                                ;
; Port Connectivity                           ;     ;                  ;                                ;                                ;
;     -- Input Ports driven by GND            ; 0   ; 0                ; 11                             ; 0                              ;
;     -- Output Ports driven by GND           ; 0   ; 28               ; 2                              ; 0                              ;
;     -- Input Ports driven by VCC            ; 0   ; 0                ; 21                             ; 0                              ;
;     -- Output Ports driven by VCC           ; 0   ; 0                ; 1                              ; 0                              ;
;     -- Input Ports with no Source           ; 0   ; 25               ; 6                              ; 0                              ;
;     -- Output Ports with no Source          ; 0   ; 0                ; 0                              ; 0                              ;
;     -- Input Ports with no Fanout           ; 0   ; 30               ; 20                             ; 0                              ;
;     -- Output Ports with no Fanout          ; 0   ; 29               ; 7                              ; 0                              ;
+---------------------------------------------+-----+------------------+--------------------------------+--------------------------------+
Note: Resource usage numbers presented for Partitions containing post-synthesis logic are estimates.  For Partitions containing post-fit logic, resource usage numbers are accurate based on previous placement information.  Actual Fitter results may vary depending on current Fitter Preservation Level assignments.


+--------------------------------------------------------------------------------------------------------------------------------------------------------+
; Partition Merge Partition Pin Processing                                                                                                               ;
+-----------------------------------------------+--------------------------------+---------------+----------+--------------------------------------------+
; Name                                          ; Partition                      ; Type          ; Location ; Status                                     ;
+-----------------------------------------------+--------------------------------+---------------+----------+--------------------------------------------+
; ADC_CLK_10                                    ; Top                            ; Input Port    ; n/a      ;                                            ;
;     -- ADC_CLK_10                             ; Top                            ; Input Pad     ; Unplaced ; Synthesized                                ;
;     -- ADC_CLK_10~input                       ; Top                            ; Input Buffer  ; Unplaced ; Synthesized                                ;
;                                               ;                                ;               ;          ;                                            ;
; ARDUINO_IO[0]                                 ; Top                            ; Bidir Port    ; n/a      ;                                            ;
;     -- ARDUINO_IO[0]                          ; Top                            ; Bidir Pad     ; Unplaced ; Synthesized                                ;
;     -- ARDUINO_IO[0]~output                   ; Top                            ; Output Buffer ; Unplaced ; Preserved from Synthesis Netlist (WYSIWYG) ;
;                                               ;                                ;               ;          ;                                            ;
; ARDUINO_IO[10]                                ; Top                            ; Bidir Port    ; n/a      ;                                            ;
;     -- ARDUINO_IO[10]                         ; Top                            ; Bidir Pad     ; Unplaced ; Synthesized                                ;
;     -- ARDUINO_IO[10]~output                  ; Top                            ; Output Buffer ; Unplaced ; Preserved from Synthesis Netlist (WYSIWYG) ;
;                                               ;                                ;               ;          ;                                            ;
; ARDUINO_IO[11]                                ; Top                            ; Bidir Port    ; n/a      ;                                            ;
;     -- ARDUINO_IO[11]                         ; Top                            ; Bidir Pad     ; Unplaced ; Synthesized                                ;
;     -- ARDUINO_IO[11]~output                  ; Top                            ; Output Buffer ; Unplaced ; Preserved from Synthesis Netlist (WYSIWYG) ;
;                                               ;                                ;               ;          ;                                            ;
; ARDUINO_IO[12]                                ; Top                            ; Bidir Port    ; n/a      ;                                            ;
;     -- ARDUINO_IO[12]                         ; Top                            ; Bidir Pad     ; Unplaced ; Synthesized                                ;
;     -- ARDUINO_IO[12]~output                  ; Top                            ; Output Buffer ; Unplaced ; Preserved from Synthesis Netlist (WYSIWYG) ;
;                                               ;                                ;               ;          ;                                            ;
; ARDUINO_IO[13]                                ; Top                            ; Bidir Port    ; n/a      ;                                            ;
;     -- ARDUINO_IO[13]                         ; Top                            ; Bidir Pad     ; Unplaced ; Synthesized                                ;
;     -- ARDUINO_IO[13]~output                  ; Top                            ; Output Buffer ; Unplaced ; Preserved from Synthesis Netlist (WYSIWYG) ;
;                                               ;                                ;               ;          ;                                            ;
; ARDUINO_IO[14]                                ; Top                            ; Bidir Port    ; n/a      ;                                            ;
;     -- ARDUINO_IO[14]                         ; Top                            ; Bidir Pad     ; Unplaced ; Synthesized                                ;
;     -- ARDUINO_IO[14]~output                  ; Top                            ; Output Buffer ; Unplaced ; Preserved from Synthesis Netlist (WYSIWYG) ;
;                                               ;                                ;               ;          ;                                            ;
; ARDUINO_IO[15]                                ; Top                            ; Bidir Port    ; n/a      ;                                            ;
;     -- ARDUINO_IO[15]                         ; Top                            ; Bidir Pad     ; Unplaced ; Synthesized                                ;
;     -- ARDUINO_IO[15]~output                  ; Top                            ; Output Buffer ; Unplaced ; Preserved from Synthesis Netlist (WYSIWYG) ;
;                                               ;                                ;               ;          ;                                            ;
; ARDUINO_IO[1]                                 ; Top                            ; Bidir Port    ; n/a      ;                                            ;
;     -- ARDUINO_IO[1]                          ; Top                            ; Bidir Pad     ; Unplaced ; Synthesized                                ;
;     -- ARDUINO_IO[1]~output                   ; Top                            ; Output Buffer ; Unplaced ; Preserved from Synthesis Netlist (WYSIWYG) ;
;                                               ;                                ;               ;          ;                                            ;
; ARDUINO_IO[2]                                 ; Top                            ; Bidir Port    ; n/a      ;                                            ;
;     -- ARDUINO_IO[2]                          ; Top                            ; Bidir Pad     ; Unplaced ; Synthesized                                ;
;     -- ARDUINO_IO[2]~output                   ; Top                            ; Output Buffer ; Unplaced ; Preserved from Synthesis Netlist (WYSIWYG) ;
;                                               ;                                ;               ;          ;                                            ;
; ARDUINO_IO[3]                                 ; Top                            ; Bidir Port    ; n/a      ;                                            ;
;     -- ARDUINO_IO[3]                          ; Top                            ; Bidir Pad     ; Unplaced ; Synthesized                                ;
;     -- ARDUINO_IO[3]~output                   ; Top                            ; Output Buffer ; Unplaced ; Preserved from Synthesis Netlist (WYSIWYG) ;
;                                               ;                                ;               ;          ;                                            ;
; ARDUINO_IO[4]                                 ; Top                            ; Bidir Port    ; n/a      ;                                            ;
;     -- ARDUINO_IO[4]                          ; Top                            ; Bidir Pad     ; Unplaced ; Synthesized                                ;
;     -- ARDUINO_IO[4]~output                   ; Top                            ; Output Buffer ; Unplaced ; Preserved from Synthesis Netlist (WYSIWYG) ;
;                                               ;                                ;               ;          ;                                            ;
; ARDUINO_IO[5]                                 ; Top                            ; Bidir Port    ; n/a      ;                                            ;
;     -- ARDUINO_IO[5]                          ; Top                            ; Bidir Pad     ; Unplaced ; Synthesized                                ;
;     -- ARDUINO_IO[5]~output                   ; Top                            ; Output Buffer ; Unplaced ; Preserved from Synthesis Netlist (WYSIWYG) ;
;                                               ;                                ;               ;          ;                                            ;
; ARDUINO_IO[6]                                 ; Top                            ; Bidir Port    ; n/a      ;                                            ;
;     -- ARDUINO_IO[6]                          ; Top                            ; Bidir Pad     ; Unplaced ; Synthesized                                ;
;     -- ARDUINO_IO[6]~output                   ; Top                            ; Output Buffer ; Unplaced ; Preserved from Synthesis Netlist (WYSIWYG) ;
;                                               ;                                ;               ;          ;                                            ;
; ARDUINO_IO[7]                                 ; Top                            ; Bidir Port    ; n/a      ;                                            ;
;     -- ARDUINO_IO[7]                          ; Top                            ; Bidir Pad     ; Unplaced ; Synthesized                                ;
;     -- ARDUINO_IO[7]~output                   ; Top                            ; Output Buffer ; Unplaced ; Preserved from Synthesis Netlist (WYSIWYG) ;
;                                               ;                                ;               ;          ;                                            ;
; ARDUINO_IO[8]                                 ; Top                            ; Bidir Port    ; n/a      ;                                            ;
;     -- ARDUINO_IO[8]                          ; Top                            ; Bidir Pad     ; Unplaced ; Synthesized                                ;
;     -- ARDUINO_IO[8]~output                   ; Top                            ; Output Buffer ; Unplaced ; Preserved from Synthesis Netlist (WYSIWYG) ;
;                                               ;                                ;               ;          ;                                            ;
; ARDUINO_IO[9]                                 ; Top                            ; Bidir Port    ; n/a      ;                                            ;
;     -- ARDUINO_IO[9]                          ; Top                            ; Bidir Pad     ; Unplaced ; Synthesized                                ;
;     -- ARDUINO_IO[9]~output                   ; Top                            ; Output Buffer ; Unplaced ; Preserved from Synthesis Netlist (WYSIWYG) ;
;                                               ;                                ;               ;          ;                                            ;
; ARDUINO_RESET_N                               ; Top                            ; Bidir Port    ; n/a      ;                                            ;
;     -- ARDUINO_RESET_N                        ; Top                            ; Bidir Pad     ; Unplaced ; Synthesized                                ;
;     -- ARDUINO_RESET_N~output                 ; Top                            ; Output Buffer ; Unplaced ; Preserved from Synthesis Netlist (WYSIWYG) ;
;                                               ;                                ;               ;          ;                                            ;
; GPIO[0]                                       ; Top                            ; Bidir Port    ; n/a      ;                                            ;
;     -- GPIO[0]                                ; Top                            ; Bidir Pad     ; Unplaced ; Synthesized                                ;
;     -- GPIO[0]~output                         ; Top                            ; Output Buffer ; Unplaced ; Preserved from Synthesis Netlist (WYSIWYG) ;
;                                               ;                                ;               ;          ;                                            ;
; GPIO[10]                                      ; Top                            ; Bidir Port    ; n/a      ;                                            ;
;     -- GPIO[10]                               ; Top                            ; Bidir Pad     ; Unplaced ; Synthesized                                ;
;     -- GPIO[10]~output                        ; Top                            ; Output Buffer ; Unplaced ; Preserved from Synthesis Netlist (WYSIWYG) ;
;                                               ;                                ;               ;          ;                                            ;
; GPIO[11]                                      ; Top                            ; Bidir Port    ; n/a      ;                                            ;
;     -- GPIO[11]                               ; Top                            ; Bidir Pad     ; Unplaced ; Synthesized                                ;
;     -- GPIO[11]~output                        ; Top                            ; Output Buffer ; Unplaced ; Preserved from Synthesis Netlist (WYSIWYG) ;
;                                               ;                                ;               ;          ;                                            ;
; GPIO[12]                                      ; Top                            ; Bidir Port    ; n/a      ;                                            ;
;     -- GPIO[12]                               ; Top                            ; Bidir Pad     ; Unplaced ; Synthesized                                ;
;     -- GPIO[12]~output                        ; Top                            ; Output Buffer ; Unplaced ; Preserved from Synthesis Netlist (WYSIWYG) ;
;                                               ;                                ;               ;          ;                                            ;
; GPIO[13]                                      ; Top                            ; Bidir Port    ; n/a      ;                                            ;
;     -- GPIO[13]                               ; Top                            ; Bidir Pad     ; Unplaced ; Synthesized                                ;
;     -- GPIO[13]~output                        ; Top                            ; Output Buffer ; Unplaced ; Preserved from Synthesis Netlist (WYSIWYG) ;
;                                               ;                                ;               ;          ;                                            ;
; GPIO[14]                                      ; Top                            ; Bidir Port    ; n/a      ;                                            ;
;     -- GPIO[14]                               ; Top                            ; Bidir Pad     ; Unplaced ; Synthesized                                ;
;     -- GPIO[14]~output                        ; Top                            ; Output Buffer ; Unplaced ; Preserved from Synthesis Netlist (WYSIWYG) ;
;                                               ;                                ;               ;          ;                                            ;
; GPIO[15]                                      ; Top                            ; Bidir Port    ; n/a      ;                                            ;
;     -- GPIO[15]                               ; Top                            ; Bidir Pad     ; Unplaced ; Synthesized                                ;
;     -- GPIO[15]~output                        ; Top                            ; Output Buffer ; Unplaced ; Preserved from Synthesis Netlist (WYSIWYG) ;
;                                               ;                                ;               ;          ;                                            ;
; GPIO[16]                                      ; Top                            ; Bidir Port    ; n/a      ;                                            ;
;     -- GPIO[16]                               ; Top                            ; Bidir Pad     ; Unplaced ; Synthesized                                ;
;     -- GPIO[16]~output                        ; Top                            ; Output Buffer ; Unplaced ; Preserved from Synthesis Netlist (WYSIWYG) ;
;                                               ;                                ;               ;          ;                                            ;
; GPIO[17]                                      ; Top                            ; Bidir Port    ; n/a      ;                                            ;
;     -- GPIO[17]                               ; Top                            ; Bidir Pad     ; Unplaced ; Synthesized                                ;
;     -- GPIO[17]~output                        ; Top                            ; Output Buffer ; Unplaced ; Preserved from Synthesis Netlist (WYSIWYG) ;
;                                               ;                                ;               ;          ;                                            ;
; GPIO[18]                                      ; Top                            ; Bidir Port    ; n/a      ;                                            ;
;     -- GPIO[18]                               ; Top                            ; Bidir Pad     ; Unplaced ; Synthesized                                ;
;     -- GPIO[18]~output                        ; Top                            ; Output Buffer ; Unplaced ; Preserved from Synthesis Netlist (WYSIWYG) ;
;                                               ;                                ;               ;          ;                                            ;
; GPIO[19]                                      ; Top                            ; Bidir Port    ; n/a      ;                                            ;
;     -- GPIO[19]                               ; Top                            ; Bidir Pad     ; Unplaced ; Synthesized                                ;
;     -- GPIO[19]~output                        ; Top                            ; Output Buffer ; Unplaced ; Preserved from Synthesis Netlist (WYSIWYG) ;
;                                               ;                                ;               ;          ;                                            ;
; GPIO[1]                                       ; Top                            ; Bidir Port    ; n/a      ;                                            ;
;     -- GPIO[1]                                ; Top                            ; Bidir Pad     ; Unplaced ; Synthesized                                ;
;     -- GPIO[1]~output                         ; Top                            ; Output Buffer ; Unplaced ; Preserved from Synthesis Netlist (WYSIWYG) ;
;                                               ;                                ;               ;          ;                                            ;
; GPIO[20]                                      ; Top                            ; Bidir Port    ; n/a      ;                                            ;
;     -- GPIO[20]                               ; Top                            ; Bidir Pad     ; Unplaced ; Synthesized                                ;
;     -- GPIO[20]~output                        ; Top                            ; Output Buffer ; Unplaced ; Preserved from Synthesis Netlist (WYSIWYG) ;
;                                               ;                                ;               ;          ;                                            ;
; GPIO[21]                                      ; Top                            ; Bidir Port    ; n/a      ;                                            ;
;     -- GPIO[21]                               ; Top                            ; Bidir Pad     ; Unplaced ; Synthesized                                ;
;     -- GPIO[21]~output                        ; Top                            ; Output Buffer ; Unplaced ; Preserved from Synthesis Netlist (WYSIWYG) ;
;                                               ;                                ;               ;          ;                                            ;
; GPIO[22]                                      ; Top                            ; Bidir Port    ; n/a      ;                                            ;
;     -- GPIO[22]                               ; Top                            ; Bidir Pad     ; Unplaced ; Synthesized                                ;
;     -- GPIO[22]~output                        ; Top                            ; Output Buffer ; Unplaced ; Preserved from Synthesis Netlist (WYSIWYG) ;
;                                               ;                                ;               ;          ;                                            ;
; GPIO[23]                                      ; Top                            ; Bidir Port    ; n/a      ;                                            ;
;     -- GPIO[23]                               ; Top                            ; Bidir Pad     ; Unplaced ; Synthesized                                ;
;     -- GPIO[23]~output                        ; Top                            ; Output Buffer ; Unplaced ; Preserved from Synthesis Netlist (WYSIWYG) ;
;                                               ;                                ;               ;          ;                                            ;
; GPIO[24]                                      ; Top                            ; Bidir Port    ; n/a      ;                                            ;
;     -- GPIO[24]                               ; Top                            ; Bidir Pad     ; Unplaced ; Synthesized                                ;
;     -- GPIO[24]~output                        ; Top                            ; Output Buffer ; Unplaced ; Preserved from Synthesis Netlist (WYSIWYG) ;
;                                               ;                                ;               ;          ;                                            ;
; GPIO[25]                                      ; Top                            ; Bidir Port    ; n/a      ;                                            ;
;     -- GPIO[25]                               ; Top                            ; Bidir Pad     ; Unplaced ; Synthesized                                ;
;     -- GPIO[25]~output                        ; Top                            ; Output Buffer ; Unplaced ; Preserved from Synthesis Netlist (WYSIWYG) ;
;                                               ;                                ;               ;          ;                                            ;
; GPIO[26]                                      ; Top                            ; Bidir Port    ; n/a      ;                                            ;
;     -- GPIO[26]                               ; Top                            ; Bidir Pad     ; Unplaced ; Synthesized                                ;
;     -- GPIO[26]~output                        ; Top                            ; Output Buffer ; Unplaced ; Preserved from Synthesis Netlist (WYSIWYG) ;
;                                               ;                                ;               ;          ;                                            ;
; GPIO[27]                                      ; Top                            ; Bidir Port    ; n/a      ;                                            ;
;     -- GPIO[27]                               ; Top                            ; Bidir Pad     ; Unplaced ; Synthesized                                ;
;     -- GPIO[27]~output                        ; Top                            ; Output Buffer ; Unplaced ; Preserved from Synthesis Netlist (WYSIWYG) ;
;                                               ;                                ;               ;          ;                                            ;
; GPIO[28]                                      ; Top                            ; Bidir Port    ; n/a      ;                                            ;
;     -- GPIO[28]                               ; Top                            ; Bidir Pad     ; Unplaced ; Synthesized                                ;
;     -- GPIO[28]~output                        ; Top                            ; Output Buffer ; Unplaced ; Preserved from Synthesis Netlist (WYSIWYG) ;
;                                               ;                                ;               ;          ;                                            ;
; GPIO[29]                                      ; Top                            ; Bidir Port    ; n/a      ;                                            ;
;     -- GPIO[29]                               ; Top                            ; Bidir Pad     ; Unplaced ; Synthesized                                ;
;     -- GPIO[29]~output                        ; Top                            ; Output Buffer ; Unplaced ; Preserved from Synthesis Netlist (WYSIWYG) ;
;                                               ;                                ;               ;          ;                                            ;
; GPIO[2]                                       ; Top                            ; Bidir Port    ; n/a      ;                                            ;
;     -- GPIO[2]                                ; Top                            ; Bidir Pad     ; Unplaced ; Synthesized                                ;
;     -- GPIO[2]~output                         ; Top                            ; Output Buffer ; Unplaced ; Preserved from Synthesis Netlist (WYSIWYG) ;
;                                               ;                                ;               ;          ;                                            ;
; GPIO[30]                                      ; Top                            ; Bidir Port    ; n/a      ;                                            ;
;     -- GPIO[30]                               ; Top                            ; Bidir Pad     ; Unplaced ; Synthesized                                ;
;     -- GPIO[30]~output                        ; Top                            ; Output Buffer ; Unplaced ; Preserved from Synthesis Netlist (WYSIWYG) ;
;                                               ;                                ;               ;          ;                                            ;
; GPIO[31]                                      ; Top                            ; Bidir Port    ; n/a      ;                                            ;
;     -- GPIO[31]                               ; Top                            ; Bidir Pad     ; Unplaced ; Synthesized                                ;
;     -- GPIO[31]~output                        ; Top                            ; Output Buffer ; Unplaced ; Preserved from Synthesis Netlist (WYSIWYG) ;
;                                               ;                                ;               ;          ;                                            ;
; GPIO[32]                                      ; Top                            ; Bidir Port    ; n/a      ;                                            ;
;     -- GPIO[32]                               ; Top                            ; Bidir Pad     ; Unplaced ; Synthesized                                ;
;     -- GPIO[32]~output                        ; Top                            ; Output Buffer ; Unplaced ; Preserved from Synthesis Netlist (WYSIWYG) ;
;                                               ;                                ;               ;          ;                                            ;
; GPIO[33]                                      ; Top                            ; Bidir Port    ; n/a      ;                                            ;
;     -- GPIO[33]                               ; Top                            ; Bidir Pad     ; Unplaced ; Synthesized                                ;
;     -- GPIO[33]~output                        ; Top                            ; Output Buffer ; Unplaced ; Preserved from Synthesis Netlist (WYSIWYG) ;
;                                               ;                                ;               ;          ;                                            ;
; GPIO[34]                                      ; Top                            ; Bidir Port    ; n/a      ;                                            ;
;     -- GPIO[34]                               ; Top                            ; Bidir Pad     ; Unplaced ; Synthesized                                ;
;     -- GPIO[34]~output                        ; Top                            ; Output Buffer ; Unplaced ; Preserved from Synthesis Netlist (WYSIWYG) ;
;                                               ;                                ;               ;          ;                                            ;
; GPIO[35]                                      ; Top                            ; Bidir Port    ; n/a      ;                                            ;
;     -- GPIO[35]                               ; Top                            ; Bidir Pad     ; Unplaced ; Synthesized                                ;
;     -- GPIO[35]~output                        ; Top                            ; Output Buffer ; Unplaced ; Preserved from Synthesis Netlist (WYSIWYG) ;
;                                               ;                                ;               ;          ;                                            ;
; GPIO[3]                                       ; Top                            ; Bidir Port    ; n/a      ;                                            ;
;     -- GPIO[3]                                ; Top                            ; Bidir Pad     ; Unplaced ; Synthesized                                ;
;     -- GPIO[3]~output                         ; Top                            ; Output Buffer ; Unplaced ; Preserved from Synthesis Netlist (WYSIWYG) ;
;                                               ;                                ;               ;          ;                                            ;
; GPIO[4]                                       ; Top                            ; Bidir Port    ; n/a      ;                                            ;
;     -- GPIO[4]                                ; Top                            ; Bidir Pad     ; Unplaced ; Synthesized                                ;
;     -- GPIO[4]~output                         ; Top                            ; Output Buffer ; Unplaced ; Preserved from Synthesis Netlist (WYSIWYG) ;
;                                               ;                                ;               ;          ;                                            ;
; GPIO[5]                                       ; Top                            ; Bidir Port    ; n/a      ;                                            ;
;     -- GPIO[5]                                ; Top                            ; Bidir Pad     ; Unplaced ; Synthesized                                ;
;     -- GPIO[5]~output                         ; Top                            ; Output Buffer ; Unplaced ; Preserved from Synthesis Netlist (WYSIWYG) ;
;                                               ;                                ;               ;          ;                                            ;
; GPIO[6]                                       ; Top                            ; Bidir Port    ; n/a      ;                                            ;
;     -- GPIO[6]                                ; Top                            ; Bidir Pad     ; Unplaced ; Synthesized                                ;
;     -- GPIO[6]~output                         ; Top                            ; Output Buffer ; Unplaced ; Preserved from Synthesis Netlist (WYSIWYG) ;
;                                               ;                                ;               ;          ;                                            ;
; GPIO[7]                                       ; Top                            ; Bidir Port    ; n/a      ;                                            ;
;     -- GPIO[7]                                ; Top                            ; Bidir Pad     ; Unplaced ; Synthesized                                ;
;     -- GPIO[7]~output                         ; Top                            ; Output Buffer ; Unplaced ; Preserved from Synthesis Netlist (WYSIWYG) ;
;                                               ;                                ;               ;          ;                                            ;
; GPIO[8]                                       ; Top                            ; Bidir Port    ; n/a      ;                                            ;
;     -- GPIO[8]                                ; Top                            ; Bidir Pad     ; Unplaced ; Synthesized                                ;
;     -- GPIO[8]~output                         ; Top                            ; Output Buffer ; Unplaced ; Preserved from Synthesis Netlist (WYSIWYG) ;
;                                               ;                                ;               ;          ;                                            ;
; GPIO[9]                                       ; Top                            ; Bidir Port    ; n/a      ;                                            ;
;     -- GPIO[9]                                ; Top                            ; Bidir Pad     ; Unplaced ; Synthesized                                ;
;     -- GPIO[9]~output                         ; Top                            ; Output Buffer ; Unplaced ; Preserved from Synthesis Netlist (WYSIWYG) ;
;                                               ;                                ;               ;          ;                                            ;
; HEX0[0]                                       ; Top                            ; Output Port   ; n/a      ;                                            ;
;     -- HEX0[0]                                ; Top                            ; Output Pad    ; Unplaced ; Synthesized                                ;
;     -- HEX0[0]~output                         ; Top                            ; Output Buffer ; Unplaced ; Synthesized                                ;
;                                               ;                                ;               ;          ;                                            ;
; HEX0[1]                                       ; Top                            ; Output Port   ; n/a      ;                                            ;
;     -- HEX0[1]                                ; Top                            ; Output Pad    ; Unplaced ; Synthesized                                ;
;     -- HEX0[1]~output                         ; Top                            ; Output Buffer ; Unplaced ; Synthesized                                ;
;                                               ;                                ;               ;          ;                                            ;
; HEX0[2]                                       ; Top                            ; Output Port   ; n/a      ;                                            ;
;     -- HEX0[2]                                ; Top                            ; Output Pad    ; Unplaced ; Synthesized                                ;
;     -- HEX0[2]~output                         ; Top                            ; Output Buffer ; Unplaced ; Synthesized                                ;
;                                               ;                                ;               ;          ;                                            ;
; HEX0[3]                                       ; Top                            ; Output Port   ; n/a      ;                                            ;
;     -- HEX0[3]                                ; Top                            ; Output Pad    ; Unplaced ; Synthesized                                ;
;     -- HEX0[3]~output                         ; Top                            ; Output Buffer ; Unplaced ; Synthesized                                ;
;                                               ;                                ;               ;          ;                                            ;
; HEX0[4]                                       ; Top                            ; Output Port   ; n/a      ;                                            ;
;     -- HEX0[4]                                ; Top                            ; Output Pad    ; Unplaced ; Synthesized                                ;
;     -- HEX0[4]~output                         ; Top                            ; Output Buffer ; Unplaced ; Synthesized                                ;
;                                               ;                                ;               ;          ;                                            ;
; HEX0[5]                                       ; Top                            ; Output Port   ; n/a      ;                                            ;
;     -- HEX0[5]                                ; Top                            ; Output Pad    ; Unplaced ; Synthesized                                ;
;     -- HEX0[5]~output                         ; Top                            ; Output Buffer ; Unplaced ; Synthesized                                ;
;                                               ;                                ;               ;          ;                                            ;
; HEX0[6]                                       ; Top                            ; Output Port   ; n/a      ;                                            ;
;     -- HEX0[6]                                ; Top                            ; Output Pad    ; Unplaced ; Synthesized                                ;
;     -- HEX0[6]~output                         ; Top                            ; Output Buffer ; Unplaced ; Synthesized                                ;
;                                               ;                                ;               ;          ;                                            ;
; HEX0[7]                                       ; Top                            ; Output Port   ; n/a      ;                                            ;
;     -- HEX0[7]                                ; Top                            ; Output Pad    ; Unplaced ; Synthesized                                ;
;     -- HEX0[7]~output                         ; Top                            ; Output Buffer ; Unplaced ; Synthesized                                ;
;                                               ;                                ;               ;          ;                                            ;
; HEX1[0]                                       ; Top                            ; Output Port   ; n/a      ;                                            ;
;     -- HEX1[0]                                ; Top                            ; Output Pad    ; Unplaced ; Synthesized                                ;
;     -- HEX1[0]~output                         ; Top                            ; Output Buffer ; Unplaced ; Synthesized                                ;
;                                               ;                                ;               ;          ;                                            ;
; HEX1[1]                                       ; Top                            ; Output Port   ; n/a      ;                                            ;
;     -- HEX1[1]                                ; Top                            ; Output Pad    ; Unplaced ; Synthesized                                ;
;     -- HEX1[1]~output                         ; Top                            ; Output Buffer ; Unplaced ; Synthesized                                ;
;                                               ;                                ;               ;          ;                                            ;
; HEX1[2]                                       ; Top                            ; Output Port   ; n/a      ;                                            ;
;     -- HEX1[2]                                ; Top                            ; Output Pad    ; Unplaced ; Synthesized                                ;
;     -- HEX1[2]~output                         ; Top                            ; Output Buffer ; Unplaced ; Synthesized                                ;
;                                               ;                                ;               ;          ;                                            ;
; HEX1[3]                                       ; Top                            ; Output Port   ; n/a      ;                                            ;
;     -- HEX1[3]                                ; Top                            ; Output Pad    ; Unplaced ; Synthesized                                ;
;     -- HEX1[3]~output                         ; Top                            ; Output Buffer ; Unplaced ; Synthesized                                ;
;                                               ;                                ;               ;          ;                                            ;
; HEX1[4]                                       ; Top                            ; Output Port   ; n/a      ;                                            ;
;     -- HEX1[4]                                ; Top                            ; Output Pad    ; Unplaced ; Synthesized                                ;
;     -- HEX1[4]~output                         ; Top                            ; Output Buffer ; Unplaced ; Synthesized                                ;
;                                               ;                                ;               ;          ;                                            ;
; HEX1[5]                                       ; Top                            ; Output Port   ; n/a      ;                                            ;
;     -- HEX1[5]                                ; Top                            ; Output Pad    ; Unplaced ; Synthesized                                ;
;     -- HEX1[5]~output                         ; Top                            ; Output Buffer ; Unplaced ; Synthesized                                ;
;                                               ;                                ;               ;          ;                                            ;
; HEX1[6]                                       ; Top                            ; Output Port   ; n/a      ;                                            ;
;     -- HEX1[6]                                ; Top                            ; Output Pad    ; Unplaced ; Synthesized                                ;
;     -- HEX1[6]~output                         ; Top                            ; Output Buffer ; Unplaced ; Synthesized                                ;
;                                               ;                                ;               ;          ;                                            ;
; HEX1[7]                                       ; Top                            ; Output Port   ; n/a      ;                                            ;
;     -- HEX1[7]                                ; Top                            ; Output Pad    ; Unplaced ; Synthesized                                ;
;     -- HEX1[7]~output                         ; Top                            ; Output Buffer ; Unplaced ; Synthesized                                ;
;                                               ;                                ;               ;          ;                                            ;
; HEX2[0]                                       ; Top                            ; Output Port   ; n/a      ;                                            ;
;     -- HEX2[0]                                ; Top                            ; Output Pad    ; Unplaced ; Synthesized                                ;
;     -- HEX2[0]~output                         ; Top                            ; Output Buffer ; Unplaced ; Synthesized                                ;
;                                               ;                                ;               ;          ;                                            ;
; HEX2[1]                                       ; Top                            ; Output Port   ; n/a      ;                                            ;
;     -- HEX2[1]                                ; Top                            ; Output Pad    ; Unplaced ; Synthesized                                ;
;     -- HEX2[1]~output                         ; Top                            ; Output Buffer ; Unplaced ; Synthesized                                ;
;                                               ;                                ;               ;          ;                                            ;
; HEX2[2]                                       ; Top                            ; Output Port   ; n/a      ;                                            ;
;     -- HEX2[2]                                ; Top                            ; Output Pad    ; Unplaced ; Synthesized                                ;
;     -- HEX2[2]~output                         ; Top                            ; Output Buffer ; Unplaced ; Synthesized                                ;
;                                               ;                                ;               ;          ;                                            ;
; HEX2[3]                                       ; Top                            ; Output Port   ; n/a      ;                                            ;
;     -- HEX2[3]                                ; Top                            ; Output Pad    ; Unplaced ; Synthesized                                ;
;     -- HEX2[3]~output                         ; Top                            ; Output Buffer ; Unplaced ; Synthesized                                ;
;                                               ;                                ;               ;          ;                                            ;
; HEX2[4]                                       ; Top                            ; Output Port   ; n/a      ;                                            ;
;     -- HEX2[4]                                ; Top                            ; Output Pad    ; Unplaced ; Synthesized                                ;
;     -- HEX2[4]~output                         ; Top                            ; Output Buffer ; Unplaced ; Synthesized                                ;
;                                               ;                                ;               ;          ;                                            ;
; HEX2[5]                                       ; Top                            ; Output Port   ; n/a      ;                                            ;
;     -- HEX2[5]                                ; Top                            ; Output Pad    ; Unplaced ; Synthesized                                ;
;     -- HEX2[5]~output                         ; Top                            ; Output Buffer ; Unplaced ; Synthesized                                ;
;                                               ;                                ;               ;          ;                                            ;
; HEX2[6]                                       ; Top                            ; Output Port   ; n/a      ;                                            ;
;     -- HEX2[6]                                ; Top                            ; Output Pad    ; Unplaced ; Synthesized                                ;
;     -- HEX2[6]~output                         ; Top                            ; Output Buffer ; Unplaced ; Synthesized                                ;
;                                               ;                                ;               ;          ;                                            ;
; HEX2[7]                                       ; Top                            ; Output Port   ; n/a      ;                                            ;
;     -- HEX2[7]                                ; Top                            ; Output Pad    ; Unplaced ; Synthesized                                ;
;     -- HEX2[7]~output                         ; Top                            ; Output Buffer ; Unplaced ; Synthesized                                ;
;                                               ;                                ;               ;          ;                                            ;
; HEX3[0]                                       ; Top                            ; Output Port   ; n/a      ;                                            ;
;     -- HEX3[0]                                ; Top                            ; Output Pad    ; Unplaced ; Synthesized                                ;
;     -- HEX3[0]~output                         ; Top                            ; Output Buffer ; Unplaced ; Synthesized                                ;
;                                               ;                                ;               ;          ;                                            ;
; HEX3[1]                                       ; Top                            ; Output Port   ; n/a      ;                                            ;
;     -- HEX3[1]                                ; Top                            ; Output Pad    ; Unplaced ; Synthesized                                ;
;     -- HEX3[1]~output                         ; Top                            ; Output Buffer ; Unplaced ; Synthesized                                ;
;                                               ;                                ;               ;          ;                                            ;
; HEX3[2]                                       ; Top                            ; Output Port   ; n/a      ;                                            ;
;     -- HEX3[2]                                ; Top                            ; Output Pad    ; Unplaced ; Synthesized                                ;
;     -- HEX3[2]~output                         ; Top                            ; Output Buffer ; Unplaced ; Synthesized                                ;
;                                               ;                                ;               ;          ;                                            ;
; HEX3[3]                                       ; Top                            ; Output Port   ; n/a      ;                                            ;
;     -- HEX3[3]                                ; Top                            ; Output Pad    ; Unplaced ; Synthesized                                ;
;     -- HEX3[3]~output                         ; Top                            ; Output Buffer ; Unplaced ; Synthesized                                ;
;                                               ;                                ;               ;          ;                                            ;
; HEX3[4]                                       ; Top                            ; Output Port   ; n/a      ;                                            ;
;     -- HEX3[4]                                ; Top                            ; Output Pad    ; Unplaced ; Synthesized                                ;
;     -- HEX3[4]~output                         ; Top                            ; Output Buffer ; Unplaced ; Synthesized                                ;
;                                               ;                                ;               ;          ;                                            ;
; HEX3[5]                                       ; Top                            ; Output Port   ; n/a      ;                                            ;
;     -- HEX3[5]                                ; Top                            ; Output Pad    ; Unplaced ; Synthesized                                ;
;     -- HEX3[5]~output                         ; Top                            ; Output Buffer ; Unplaced ; Synthesized                                ;
;                                               ;                                ;               ;          ;                                            ;
; HEX3[6]                                       ; Top                            ; Output Port   ; n/a      ;                                            ;
;     -- HEX3[6]                                ; Top                            ; Output Pad    ; Unplaced ; Synthesized                                ;
;     -- HEX3[6]~output                         ; Top                            ; Output Buffer ; Unplaced ; Synthesized                                ;
;                                               ;                                ;               ;          ;                                            ;
; HEX3[7]                                       ; Top                            ; Output Port   ; n/a      ;                                            ;
;     -- HEX3[7]                                ; Top                            ; Output Pad    ; Unplaced ; Synthesized                                ;
;     -- HEX3[7]~output                         ; Top                            ; Output Buffer ; Unplaced ; Synthesized                                ;
;                                               ;                                ;               ;          ;                                            ;
; HEX4[0]                                       ; Top                            ; Output Port   ; n/a      ;                                            ;
;     -- HEX4[0]                                ; Top                            ; Output Pad    ; Unplaced ; Synthesized                                ;
;     -- HEX4[0]~output                         ; Top                            ; Output Buffer ; Unplaced ; Synthesized                                ;
;                                               ;                                ;               ;          ;                                            ;
; HEX4[1]                                       ; Top                            ; Output Port   ; n/a      ;                                            ;
;     -- HEX4[1]                                ; Top                            ; Output Pad    ; Unplaced ; Synthesized                                ;
;     -- HEX4[1]~output                         ; Top                            ; Output Buffer ; Unplaced ; Synthesized                                ;
;                                               ;                                ;               ;          ;                                            ;
; HEX4[2]                                       ; Top                            ; Output Port   ; n/a      ;                                            ;
;     -- HEX4[2]                                ; Top                            ; Output Pad    ; Unplaced ; Synthesized                                ;
;     -- HEX4[2]~output                         ; Top                            ; Output Buffer ; Unplaced ; Synthesized                                ;
;                                               ;                                ;               ;          ;                                            ;
; HEX4[3]                                       ; Top                            ; Output Port   ; n/a      ;                                            ;
;     -- HEX4[3]                                ; Top                            ; Output Pad    ; Unplaced ; Synthesized                                ;
;     -- HEX4[3]~output                         ; Top                            ; Output Buffer ; Unplaced ; Synthesized                                ;
;                                               ;                                ;               ;          ;                                            ;
; HEX4[4]                                       ; Top                            ; Output Port   ; n/a      ;                                            ;
;     -- HEX4[4]                                ; Top                            ; Output Pad    ; Unplaced ; Synthesized                                ;
;     -- HEX4[4]~output                         ; Top                            ; Output Buffer ; Unplaced ; Synthesized                                ;
;                                               ;                                ;               ;          ;                                            ;
; HEX4[5]                                       ; Top                            ; Output Port   ; n/a      ;                                            ;
;     -- HEX4[5]                                ; Top                            ; Output Pad    ; Unplaced ; Synthesized                                ;
;     -- HEX4[5]~output                         ; Top                            ; Output Buffer ; Unplaced ; Synthesized                                ;
;                                               ;                                ;               ;          ;                                            ;
; HEX4[6]                                       ; Top                            ; Output Port   ; n/a      ;                                            ;
;     -- HEX4[6]                                ; Top                            ; Output Pad    ; Unplaced ; Synthesized                                ;
;     -- HEX4[6]~output                         ; Top                            ; Output Buffer ; Unplaced ; Synthesized                                ;
;                                               ;                                ;               ;          ;                                            ;
; HEX4[7]                                       ; Top                            ; Output Port   ; n/a      ;                                            ;
;     -- HEX4[7]                                ; Top                            ; Output Pad    ; Unplaced ; Synthesized                                ;
;     -- HEX4[7]~output                         ; Top                            ; Output Buffer ; Unplaced ; Synthesized                                ;
;                                               ;                                ;               ;          ;                                            ;
; HEX5[0]                                       ; Top                            ; Output Port   ; n/a      ;                                            ;
;     -- HEX5[0]                                ; Top                            ; Output Pad    ; Unplaced ; Synthesized                                ;
;     -- HEX5[0]~output                         ; Top                            ; Output Buffer ; Unplaced ; Synthesized                                ;
;                                               ;                                ;               ;          ;                                            ;
; HEX5[1]                                       ; Top                            ; Output Port   ; n/a      ;                                            ;
;     -- HEX5[1]                                ; Top                            ; Output Pad    ; Unplaced ; Synthesized                                ;
;     -- HEX5[1]~output                         ; Top                            ; Output Buffer ; Unplaced ; Synthesized                                ;
;                                               ;                                ;               ;          ;                                            ;
; HEX5[2]                                       ; Top                            ; Output Port   ; n/a      ;                                            ;
;     -- HEX5[2]                                ; Top                            ; Output Pad    ; Unplaced ; Synthesized                                ;
;     -- HEX5[2]~output                         ; Top                            ; Output Buffer ; Unplaced ; Synthesized                                ;
;                                               ;                                ;               ;          ;                                            ;
; HEX5[3]                                       ; Top                            ; Output Port   ; n/a      ;                                            ;
;     -- HEX5[3]                                ; Top                            ; Output Pad    ; Unplaced ; Synthesized                                ;
;     -- HEX5[3]~output                         ; Top                            ; Output Buffer ; Unplaced ; Synthesized                                ;
;                                               ;                                ;               ;          ;                                            ;
; HEX5[4]                                       ; Top                            ; Output Port   ; n/a      ;                                            ;
;     -- HEX5[4]                                ; Top                            ; Output Pad    ; Unplaced ; Synthesized                                ;
;     -- HEX5[4]~output                         ; Top                            ; Output Buffer ; Unplaced ; Synthesized                                ;
;                                               ;                                ;               ;          ;                                            ;
; HEX5[5]                                       ; Top                            ; Output Port   ; n/a      ;                                            ;
;     -- HEX5[5]                                ; Top                            ; Output Pad    ; Unplaced ; Synthesized                                ;
;     -- HEX5[5]~output                         ; Top                            ; Output Buffer ; Unplaced ; Synthesized                                ;
;                                               ;                                ;               ;          ;                                            ;
; HEX5[6]                                       ; Top                            ; Output Port   ; n/a      ;                                            ;
;     -- HEX5[6]                                ; Top                            ; Output Pad    ; Unplaced ; Synthesized                                ;
;     -- HEX5[6]~output                         ; Top                            ; Output Buffer ; Unplaced ; Synthesized                                ;
;                                               ;                                ;               ;          ;                                            ;
; HEX5[7]                                       ; Top                            ; Output Port   ; n/a      ;                                            ;
;     -- HEX5[7]                                ; Top                            ; Output Pad    ; Unplaced ; Synthesized                                ;
;     -- HEX5[7]~output                         ; Top                            ; Output Buffer ; Unplaced ; Synthesized                                ;
;                                               ;                                ;               ;          ;                                            ;
; KEY[0]                                        ; Top                            ; Input Port    ; n/a      ;                                            ;
;     -- KEY[0]                                 ; Top                            ; Input Pad     ; Unplaced ; Synthesized                                ;
;     -- KEY[0]~input                           ; Top                            ; Input Buffer  ; Unplaced ; Synthesized                                ;
;                                               ;                                ;               ;          ;                                            ;
; KEY[1]                                        ; Top                            ; Input Port    ; n/a      ;                                            ;
;     -- KEY[1]                                 ; Top                            ; Input Pad     ; Unplaced ; Synthesized                                ;
;     -- KEY[1]~input                           ; Top                            ; Input Buffer  ; Unplaced ; Synthesized                                ;
;                                               ;                                ;               ;          ;                                            ;
; LEDR[0]                                       ; Top                            ; Output Port   ; n/a      ;                                            ;
;     -- LEDR[0]                                ; Top                            ; Output Pad    ; Unplaced ; Synthesized                                ;
;     -- LEDR[0]~output                         ; Top                            ; Output Buffer ; Unplaced ; Synthesized                                ;
;                                               ;                                ;               ;          ;                                            ;
; LEDR[1]                                       ; Top                            ; Output Port   ; n/a      ;                                            ;
;     -- LEDR[1]                                ; Top                            ; Output Pad    ; Unplaced ; Synthesized                                ;
;     -- LEDR[1]~output                         ; Top                            ; Output Buffer ; Unplaced ; Synthesized                                ;
;                                               ;                                ;               ;          ;                                            ;
; LEDR[2]                                       ; Top                            ; Output Port   ; n/a      ;                                            ;
;     -- LEDR[2]                                ; Top                            ; Output Pad    ; Unplaced ; Synthesized                                ;
;     -- LEDR[2]~output                         ; Top                            ; Output Buffer ; Unplaced ; Synthesized                                ;
;                                               ;                                ;               ;          ;                                            ;
; LEDR[3]                                       ; Top                            ; Output Port   ; n/a      ;                                            ;
;     -- LEDR[3]                                ; Top                            ; Output Pad    ; Unplaced ; Synthesized                                ;
;     -- LEDR[3]~output                         ; Top                            ; Output Buffer ; Unplaced ; Synthesized                                ;
;                                               ;                                ;               ;          ;                                            ;
; LEDR[4]                                       ; Top                            ; Output Port   ; n/a      ;                                            ;
;     -- LEDR[4]                                ; Top                            ; Output Pad    ; Unplaced ; Synthesized                                ;
;     -- LEDR[4]~output                         ; Top                            ; Output Buffer ; Unplaced ; Synthesized                                ;
;                                               ;                                ;               ;          ;                                            ;
; LEDR[5]                                       ; Top                            ; Output Port   ; n/a      ;                                            ;
;     -- LEDR[5]                                ; Top                            ; Output Pad    ; Unplaced ; Synthesized                                ;
;     -- LEDR[5]~output                         ; Top                            ; Output Buffer ; Unplaced ; Synthesized                                ;
;                                               ;                                ;               ;          ;                                            ;
; LEDR[6]                                       ; Top                            ; Output Port   ; n/a      ;                                            ;
;     -- LEDR[6]                                ; Top                            ; Output Pad    ; Unplaced ; Synthesized                                ;
;     -- LEDR[6]~output                         ; Top                            ; Output Buffer ; Unplaced ; Synthesized                                ;
;                                               ;                                ;               ;          ;                                            ;
; LEDR[7]                                       ; Top                            ; Output Port   ; n/a      ;                                            ;
;     -- LEDR[7]                                ; Top                            ; Output Pad    ; Unplaced ; Synthesized                                ;
;     -- LEDR[7]~output                         ; Top                            ; Output Buffer ; Unplaced ; Synthesized                                ;
;                                               ;                                ;               ;          ;                                            ;
; LEDR[8]                                       ; Top                            ; Output Port   ; n/a      ;                                            ;
;     -- LEDR[8]                                ; Top                            ; Output Pad    ; Unplaced ; Synthesized                                ;
;     -- LEDR[8]~output                         ; Top                            ; Output Buffer ; Unplaced ; Synthesized                                ;
;                                               ;                                ;               ;          ;                                            ;
; LEDR[9]                                       ; Top                            ; Output Port   ; n/a      ;                                            ;
;     -- LEDR[9]                                ; Top                            ; Output Pad    ; Unplaced ; Synthesized                                ;
;     -- LEDR[9]~output                         ; Top                            ; Output Buffer ; Unplaced ; Synthesized                                ;
;                                               ;                                ;               ;          ;                                            ;
; MAX10_CLK1_50                                 ; Top                            ; Input Port    ; n/a      ;                                            ;
;     -- MAX10_CLK1_50                          ; Top                            ; Input Pad     ; Unplaced ; Synthesized                                ;
;     -- MAX10_CLK1_50~input                    ; Top                            ; Input Buffer  ; Unplaced ; Synthesized                                ;
;                                               ;                                ;               ;          ;                                            ;
; MAX10_CLK2_50                                 ; Top                            ; Input Port    ; n/a      ;                                            ;
;     -- MAX10_CLK2_50                          ; Top                            ; Input Pad     ; Unplaced ; Synthesized                                ;
;     -- MAX10_CLK2_50~input                    ; Top                            ; Input Buffer  ; Unplaced ; Synthesized                                ;
;                                               ;                                ;               ;          ;                                            ;
; SW[0]                                         ; Top                            ; Input Port    ; n/a      ;                                            ;
;     -- SW[0]                                  ; Top                            ; Input Pad     ; Unplaced ; Synthesized                                ;
;     -- SW[0]~input                            ; Top                            ; Input Buffer  ; Unplaced ; Synthesized                                ;
;                                               ;                                ;               ;          ;                                            ;
; SW[1]                                         ; Top                            ; Input Port    ; n/a      ;                                            ;
;     -- SW[1]                                  ; Top                            ; Input Pad     ; Unplaced ; Synthesized                                ;
;     -- SW[1]~input                            ; Top                            ; Input Buffer  ; Unplaced ; Synthesized                                ;
;                                               ;                                ;               ;          ;                                            ;
; SW[2]                                         ; Top                            ; Input Port    ; n/a      ;                                            ;
;     -- SW[2]                                  ; Top                            ; Input Pad     ; Unplaced ; Synthesized                                ;
;     -- SW[2]~input                            ; Top                            ; Input Buffer  ; Unplaced ; Synthesized                                ;
;                                               ;                                ;               ;          ;                                            ;
; SW[3]                                         ; Top                            ; Input Port    ; n/a      ;                                            ;
;     -- SW[3]                                  ; Top                            ; Input Pad     ; Unplaced ; Synthesized                                ;
;     -- SW[3]~input                            ; Top                            ; Input Buffer  ; Unplaced ; Synthesized                                ;
;                                               ;                                ;               ;          ;                                            ;
; SW[4]                                         ; Top                            ; Input Port    ; n/a      ;                                            ;
;     -- SW[4]                                  ; Top                            ; Input Pad     ; Unplaced ; Synthesized                                ;
;     -- SW[4]~input                            ; Top                            ; Input Buffer  ; Unplaced ; Synthesized                                ;
;                                               ;                                ;               ;          ;                                            ;
; SW[5]                                         ; Top                            ; Input Port    ; n/a      ;                                            ;
;     -- SW[5]                                  ; Top                            ; Input Pad     ; Unplaced ; Synthesized                                ;
;     -- SW[5]~input                            ; Top                            ; Input Buffer  ; Unplaced ; Synthesized                                ;
;                                               ;                                ;               ;          ;                                            ;
; SW[6]                                         ; Top                            ; Input Port    ; n/a      ;                                            ;
;     -- SW[6]                                  ; Top                            ; Input Pad     ; Unplaced ; Synthesized                                ;
;     -- SW[6]~input                            ; Top                            ; Input Buffer  ; Unplaced ; Synthesized                                ;
;                                               ;                                ;               ;          ;                                            ;
; SW[7]                                         ; Top                            ; Input Port    ; n/a      ;                                            ;
;     -- SW[7]                                  ; Top                            ; Input Pad     ; Unplaced ; Synthesized                                ;
;     -- SW[7]~input                            ; Top                            ; Input Buffer  ; Unplaced ; Synthesized                                ;
;                                               ;                                ;               ;          ;                                            ;
; SW[8]                                         ; Top                            ; Input Port    ; n/a      ;                                            ;
;     -- SW[8]                                  ; Top                            ; Input Pad     ; Unplaced ; Synthesized                                ;
;     -- SW[8]~input                            ; Top                            ; Input Buffer  ; Unplaced ; Synthesized                                ;
;                                               ;                                ;               ;          ;                                            ;
; SW[9]                                         ; Top                            ; Input Port    ; n/a      ;                                            ;
;     -- SW[9]                                  ; Top                            ; Input Pad     ; Unplaced ; Synthesized                                ;
;     -- SW[9]~input                            ; Top                            ; Input Buffer  ; Unplaced ; Synthesized                                ;
;                                               ;                                ;               ;          ;                                            ;
; altera_reserved_tck                           ; Top                            ; Input Port    ; n/a      ;                                            ;
;     -- altera_reserved_tck                    ; Top                            ; Input Pad     ; Unplaced ; Synthesized                                ;
;     -- altera_reserved_tck~input              ; Top                            ; Input Buffer  ; Unplaced ; Synthesized                                ;
;                                               ;                                ;               ;          ;                                            ;
; altera_reserved_tdi                           ; Top                            ; Input Port    ; n/a      ;                                            ;
;     -- altera_reserved_tdi                    ; Top                            ; Input Pad     ; Unplaced ; Synthesized                                ;
;     -- altera_reserved_tdi~input              ; Top                            ; Input Buffer  ; Unplaced ; Synthesized                                ;
;                                               ;                                ;               ;          ;                                            ;
; altera_reserved_tdo                           ; Top                            ; Output Port   ; n/a      ;                                            ;
;     -- altera_reserved_tdo                    ; Top                            ; Output Pad    ; Unplaced ; Synthesized                                ;
;     -- altera_reserved_tdo~output             ; Top                            ; Output Buffer ; Unplaced ; Synthesized                                ;
;                                               ;                                ;               ;          ;                                            ;
; altera_reserved_tms                           ; Top                            ; Input Port    ; n/a      ;                                            ;
;     -- altera_reserved_tms                    ; Top                            ; Input Pad     ; Unplaced ; Synthesized                                ;
;     -- altera_reserved_tms~input              ; Top                            ; Input Buffer  ; Unplaced ; Synthesized                                ;
;                                               ;                                ;               ;          ;                                            ;
; auto_stp_external_clock_0                     ; Top                            ; Input Port    ; n/a      ;                                            ;
;     -- auto_stp_external_clock_0              ; Top                            ; Input Pad     ; Unplaced ; Synthesized                                ;
;     -- auto_stp_external_clock_0~input        ; Top                            ; Input Buffer  ; Unplaced ; Synthesized                                ;
;     -- sld_signaltap:auto_signaltap_0|acq_clk ; sld_signaltap:auto_signaltap_0 ; Input Port    ; n/a      ;                                            ;
;                                               ;                                ;               ;          ;                                            ;
+-----------------------------------------------+--------------------------------+---------------+----------+--------------------------------------------+


+------------------------------------------------------------------------+
; Partition Merge Resource Usage Summary                                 ;
+---------------------------------------------+--------------------------+
; Resource                                    ; Usage                    ;
+---------------------------------------------+--------------------------+
; Estimated Total logic elements              ; 597                      ;
;                                             ;                          ;
; Total combinational functions               ; 462                      ;
; Logic element usage by number of LUT inputs ;                          ;
;     -- 4 input functions                    ; 179                      ;
;     -- 3 input functions                    ; 122                      ;
;     -- <=2 input functions                  ; 161                      ;
;                                             ;                          ;
; Logic elements by mode                      ;                          ;
;     -- normal mode                          ; 362                      ;
;     -- arithmetic mode                      ; 100                      ;
;                                             ;                          ;
; Total registers                             ; 417                      ;
;     -- Dedicated logic registers            ; 417                      ;
;     -- I/O registers                        ; 0                        ;
;                                             ;                          ;
; I/O pins                                    ; 127                      ;
; Total memory bits                           ; 256                      ;
;                                             ;                          ;
; Embedded Multiplier 9-bit elements          ; 0                        ;
;                                             ;                          ;
; Total PLLs                                  ; 1                        ;
;     -- PLLs                                 ; 1                        ;
;                                             ;                          ;
; Maximum fan-out node                        ; altera_internal_jtag~TDO ;
; Maximum fan-out                             ; 293                      ;
; Total fan-out                               ; 3053                     ;
; Average fan-out                             ; 2.55                     ;
+---------------------------------------------+--------------------------+


+-----------------------------------------------------------------------------------------------------------------------------------------------------------------------------------------------------------------------------------------------------------------------------------------------------------+
; Partition Merge RAM Summary                                                                                                                                                                                                                                                                               ;
+-------------------------------------------------------------------------------------------------------------------------------------------------------------------------------------------------------+------+------------------+--------------+--------------+--------------+--------------+------+------+
; Name                                                                                                                                                                                                  ; Type ; Mode             ; Port A Depth ; Port A Width ; Port B Depth ; Port B Width ; Size ; MIF  ;
+-------------------------------------------------------------------------------------------------------------------------------------------------------------------------------------------------------+------+------------------+--------------+--------------+--------------+--------------+------+------+
; sld_signaltap:auto_signaltap_0|sld_signaltap_impl:sld_signaltap_body|sld_signaltap_implb:sld_signaltap_body|altsyncram:\stp_non_zero_ram_gen:stp_buffer_ram|altsyncram_gc14:auto_generated|ALTSYNCRAM ; AUTO ; Simple Dual Port ; 128          ; 2            ; 128          ; 2            ; 256  ; None ;
+-------------------------------------------------------------------------------------------------------------------------------------------------------------------------------------------------------+------+------------------+--------------+--------------+--------------+--------------+------+------+


+--------------------------+
; Partition Merge Messages ;
+--------------------------+
Info: *******************************************************************
Info: Running Quartus Prime Partition Merge
    Info: Version 24.1std.0 Build 1077 03/04/2025 SC Lite Edition
    Info: Processing started: Fri Jan  9 17:57:39 2026
Info: Command: quartus_cdb --read_settings_files=off --write_settings_files=off Lab1UART -c Lab1UART --merge=on
Warning (18236): Number of processors has not been specified which may cause overloading on shared machines.  Set the global assignment NUM_PARALLEL_PROCESSORS in your QSF to an appropriate value for best performance.
Info (35007): Using synthesis netlist for partition "Top"
Info (35007): Using synthesis netlist for partition "sld_hub:auto_hub"
Info (35007): Using synthesis netlist for partition "sld_signaltap:auto_signaltap_0"
Info (35024): Successfully connected in-system debug instance "auto_signaltap_0" to all 37 required data inputs, trigger inputs, acquisition clocks, and dynamic pins
Info (35002): Resolved and merged 3 partition(s)
Info (16010): Generating hard_block partition "hard_block:auto_generated_inst"
    Info (16011): Adding 1 node(s), including 0 DDIO, 1 PLL, 0 transceiver and 0 LCELL
Critical Warning (138067): Current license file does not support incremental compilation. The Quartus Prime software removes all the user-specified design partitions in the design automatically.
Warning (15897): PLL "pll:U1|altpll:altpll_component|pll_altpll:auto_generated|pll1" has parameter compensate_clock set to clock0 but port CLK[0] is not connected File: C:/Users/A02395949/Documents/Lab1UART/db/pll_altpll.v Line: 51
Warning (15899): PLL "pll:U1|altpll:altpll_component|pll_altpll:auto_generated|pll1" has parameters clk0_multiply_by and clk0_divide_by specified but port CLK[0] is not connected File: C:/Users/A02395949/Documents/Lab1UART/db/pll_altpll.v Line: 51
Warning (21074): Design contains 13 input pin(s) that do not drive logic
    Warning (15610): No output dependent on input pin "KEY[1]" File: C:/Users/A02395949/Documents/Lab1UART/Lab1UART.vhd Line: 9
    Warning (15610): No output dependent on input pin "ADC_CLK_10" File: C:/Users/A02395949/Documents/Lab1UART/Lab1UART.vhd Line: 10
    Warning (15610): No output dependent on input pin "MAX10_CLK2_50" File: C:/Users/A02395949/Documents/Lab1UART/Lab1UART.vhd Line: 12
    Warning (15610): No output dependent on input pin "SW[0]" File: C:/Users/A02395949/Documents/Lab1UART/Lab1UART.vhd Line: 20
    Warning (15610): No output dependent on input pin "SW[1]" File: C:/Users/A02395949/Documents/Lab1UART/Lab1UART.vhd Line: 20
    Warning (15610): No output dependent on input pin "SW[2]" File: C:/Users/A02395949/Documents/Lab1UART/Lab1UART.vhd Line: 20
    Warning (15610): No output dependent on input pin "SW[3]" File: C:/Users/A02395949/Documents/Lab1UART/Lab1UART.vhd Line: 20
    Warning (15610): No output dependent on input pin "SW[4]" File: C:/Users/A02395949/Documents/Lab1UART/Lab1UART.vhd Line: 20
    Warning (15610): No output dependent on input pin "SW[5]" File: C:/Users/A02395949/Documents/Lab1UART/Lab1UART.vhd Line: 20
    Warning (15610): No output dependent on input pin "SW[6]" File: C:/Users/A02395949/Documents/Lab1UART/Lab1UART.vhd Line: 20
    Warning (15610): No output dependent on input pin "SW[7]" File: C:/Users/A02395949/Documents/Lab1UART/Lab1UART.vhd Line: 20
    Warning (15610): No output dependent on input pin "SW[8]" File: C:/Users/A02395949/Documents/Lab1UART/Lab1UART.vhd Line: 20
    Warning (15610): No output dependent on input pin "SW[9]" File: C:/Users/A02395949/Documents/Lab1UART/Lab1UART.vhd Line: 20
Info (21057): Implemented 746 device resources after synthesis - the final resource count might be different
    Info (21058): Implemented 19 input pins
    Info (21059): Implemented 59 output pins
    Info (21060): Implemented 53 bidirectional pins
    Info (21061): Implemented 611 logic cells
    Info (21064): Implemented 2 RAM segments
    Info (21065): Implemented 1 PLLs
Info: Quartus Prime Partition Merge was successful. 0 errors, 18 warnings
    Info: Peak virtual memory: 4725 megabytes
    Info: Processing ended: Fri Jan  9 17:57:40 2026
    Info: Elapsed time: 00:00:01
    Info: Total CPU time (on all processors): 00:00:01


