Analysis & Synthesis report for Lab1UART
Fri Jan  9 13:17:01 2026
Quartus Prime Version 24.1std.0 Build 1077 03/04/2025 SC Lite Edition


---------------------
; Table of Contents ;
---------------------
  1. Legal Notice
  2. Analysis & Synthesis Summary
  3. Analysis & Synthesis Settings
  4. Parallel Compilation
  5. Analysis & Synthesis Source Files Read
  6. Analysis & Synthesis Resource Usage Summary
  7. Analysis & Synthesis Resource Utilization by Entity
  8. Analysis & Synthesis RAM Summary
  9. Analysis & Synthesis IP Cores Summary
 10. Registers Protected by Synthesis
 11. General Register Statistics
 12. Inverted Register Statistics
 13. Multiplexer Restructuring Statistics (Restructuring Performed)
 14. Source assignments for UARTSampler:U5|my_fifo:U2|dcfifo:dcfifo_component
 15. Source assignments for UARTSampler:U5|my_fifo:U2|dcfifo:dcfifo_component|dcfifo_14e1:auto_generated
 16. Source assignments for UARTSampler:U5|my_fifo:U2|dcfifo:dcfifo_component|dcfifo_14e1:auto_generated|a_graycounter_c26:rdptr_g1p
 17. Source assignments for UARTSampler:U5|my_fifo:U2|dcfifo:dcfifo_component|dcfifo_14e1:auto_generated|a_graycounter_8gb:wrptr_g1p
 18. Source assignments for UARTSampler:U5|my_fifo:U2|dcfifo:dcfifo_component|dcfifo_14e1:auto_generated|altsyncram_2j31:fifo_ram
 19. Source assignments for UARTSampler:U5|my_fifo:U2|dcfifo:dcfifo_component|dcfifo_14e1:auto_generated|alt_synch_pipe_c9l:rs_dgwp
 20. Source assignments for UARTSampler:U5|my_fifo:U2|dcfifo:dcfifo_component|dcfifo_14e1:auto_generated|alt_synch_pipe_c9l:rs_dgwp|dffpipe_tu8:dffpipe10
 21. Source assignments for UARTSampler:U5|my_fifo:U2|dcfifo:dcfifo_component|dcfifo_14e1:auto_generated|alt_synch_pipe_d9l:ws_dgrp
 22. Source assignments for UARTSampler:U5|my_fifo:U2|dcfifo:dcfifo_component|dcfifo_14e1:auto_generated|alt_synch_pipe_d9l:ws_dgrp|dffpipe_uu8:dffpipe13
 23. Parameter Settings for User Entity Instance: pll:U1|altpll:altpll_component
 24. Parameter Settings for User Entity Instance: UARTSampler:U5|my_fifo:U2|dcfifo:dcfifo_component
 25. altpll Parameter Settings by Entity Instance
 26. dcfifo Parameter Settings by Entity Instance
 27. Port Connectivity Checks: "UARTSampler:U5|my_fifo:U2"
 28. Port Connectivity Checks: "pll:U1"
 29. Post-Synthesis Netlist Statistics for Top Partition
 30. Elapsed Time Per Partition
 31. Analysis & Synthesis Messages



----------------
; Legal Notice ;
----------------
Copyright (C) 2025  Altera Corporation. All rights reserved.
Your use of Altera Corporation's design tools, logic functions 
and other software and tools, and any partner logic 
functions, and any output files from any of the foregoing 
(including device programming or simulation files), and any 
associated documentation or information are expressly subject 
to the terms and conditions of the Altera Program License 
Subscription Agreement, the Altera Quartus Prime License Agreement,
the Altera IP License Agreement, or other applicable license
agreement, including, without limitation, that your use is for
the sole purpose of programming logic devices manufactured by
Altera and sold by Altera or its authorized distributors.  Please
refer to the Altera Software License Subscription Agreements 
on the Quartus Prime software download page.



+--------------------------------------------------------------------------------------+
; Analysis & Synthesis Summary                                                         ;
+------------------------------------+-------------------------------------------------+
; Analysis & Synthesis Status        ; Successful - Fri Jan  9 13:17:01 2026           ;
; Quartus Prime Version              ; 24.1std.0 Build 1077 03/04/2025 SC Lite Edition ;
; Revision Name                      ; Lab1UART                                        ;
; Top-level Entity Name              ; Lab1UART                                        ;
; Family                             ; MAX 10                                          ;
; Total logic elements               ; 349                                             ;
;     Total combinational functions  ; 322                                             ;
;     Dedicated logic registers      ; 213                                             ;
; Total registers                    ; 213                                             ;
; Total pins                         ; 126                                             ;
; Total virtual pins                 ; 0                                               ;
; Total memory bits                  ; 8                                               ;
; Embedded Multiplier 9-bit elements ; 0                                               ;
; Total PLLs                         ; 1                                               ;
; UFM blocks                         ; 0                                               ;
; ADC blocks                         ; 0                                               ;
+------------------------------------+-------------------------------------------------+


+------------------------------------------------------------------------------------------------------------+
; Analysis & Synthesis Settings                                                                              ;
+------------------------------------------------------------------+--------------------+--------------------+
; Option                                                           ; Setting            ; Default Value      ;
+------------------------------------------------------------------+--------------------+--------------------+
; Device                                                           ; 10M50DAF484C7G     ;                    ;
; Top-level entity name                                            ; Lab1UART           ; Lab1UART           ;
; Family name                                                      ; MAX 10 FPGA        ; Cyclone V          ;
; Use smart compilation                                            ; Off                ; Off                ;
; Enable parallel Assembler and Timing Analyzer during compilation ; On                 ; On                 ;
; Enable compact report table                                      ; Off                ; Off                ;
; Restructure Multiplexers                                         ; Auto               ; Auto               ;
; Create Debugging Nodes for IP Cores                              ; Off                ; Off                ;
; Preserve fewer node names                                        ; On                 ; On                 ;
; Intel FPGA IP Evaluation Mode                                    ; Enable             ; Enable             ;
; Verilog Version                                                  ; Verilog_2001       ; Verilog_2001       ;
; VHDL Version                                                     ; VHDL_1993          ; VHDL_1993          ;
; State Machine Processing                                         ; Auto               ; Auto               ;
; Safe State Machine                                               ; Off                ; Off                ;
; Extract Verilog State Machines                                   ; On                 ; On                 ;
; Extract VHDL State Machines                                      ; On                 ; On                 ;
; Ignore Verilog initial constructs                                ; Off                ; Off                ;
; Iteration limit for constant Verilog loops                       ; 5000               ; 5000               ;
; Iteration limit for non-constant Verilog loops                   ; 250                ; 250                ;
; Add Pass-Through Logic to Inferred RAMs                          ; On                 ; On                 ;
; Infer RAMs from Raw Logic                                        ; On                 ; On                 ;
; Parallel Synthesis                                               ; On                 ; On                 ;
; DSP Block Balancing                                              ; Auto               ; Auto               ;
; NOT Gate Push-Back                                               ; On                 ; On                 ;
; Power-Up Don't Care                                              ; On                 ; On                 ;
; Remove Redundant Logic Cells                                     ; Off                ; Off                ;
; Remove Duplicate Registers                                       ; On                 ; On                 ;
; Ignore CARRY Buffers                                             ; Off                ; Off                ;
; Ignore CASCADE Buffers                                           ; Off                ; Off                ;
; Ignore GLOBAL Buffers                                            ; Off                ; Off                ;
; Ignore ROW GLOBAL Buffers                                        ; Off                ; Off                ;
; Ignore LCELL Buffers                                             ; Off                ; Off                ;
; Ignore SOFT Buffers                                              ; On                 ; On                 ;
; Limit AHDL Integers to 32 Bits                                   ; Off                ; Off                ;
; Optimization Technique                                           ; Balanced           ; Balanced           ;
; Carry Chain Length                                               ; 70                 ; 70                 ;
; Auto Carry Chains                                                ; On                 ; On                 ;
; Auto Open-Drain Pins                                             ; On                 ; On                 ;
; Perform WYSIWYG Primitive Resynthesis                            ; Off                ; Off                ;
; Auto ROM Replacement                                             ; On                 ; On                 ;
; Auto RAM Replacement                                             ; On                 ; On                 ;
; Auto DSP Block Replacement                                       ; On                 ; On                 ;
; Auto Shift Register Replacement                                  ; Auto               ; Auto               ;
; Allow Shift Register Merging across Hierarchies                  ; Auto               ; Auto               ;
; Auto Clock Enable Replacement                                    ; On                 ; On                 ;
; Strict RAM Replacement                                           ; Off                ; Off                ;
; Allow Synchronous Control Signals                                ; On                 ; On                 ;
; Force Use of Synchronous Clear Signals                           ; Off                ; Off                ;
; Auto RAM Block Balancing                                         ; On                 ; On                 ;
; Auto RAM to Logic Cell Conversion                                ; Off                ; Off                ;
; Auto Resource Sharing                                            ; Off                ; Off                ;
; Allow Any RAM Size For Recognition                               ; Off                ; Off                ;
; Allow Any ROM Size For Recognition                               ; Off                ; Off                ;
; Allow Any Shift Register Size For Recognition                    ; Off                ; Off                ;
; Use LogicLock Constraints during Resource Balancing              ; On                 ; On                 ;
; Ignore translate_off and synthesis_off directives                ; Off                ; Off                ;
; Timing-Driven Synthesis                                          ; On                 ; On                 ;
; Report Parameter Settings                                        ; On                 ; On                 ;
; Report Source Assignments                                        ; On                 ; On                 ;
; Report Connectivity Checks                                       ; On                 ; On                 ;
; Ignore Maximum Fan-Out Assignments                               ; Off                ; Off                ;
; Synchronization Register Chain Length                            ; 2                  ; 2                  ;
; Power Optimization During Synthesis                              ; Normal compilation ; Normal compilation ;
; HDL message level                                                ; Level2             ; Level2             ;
; Suppress Register Optimization Related Messages                  ; Off                ; Off                ;
; Number of Removed Registers Reported in Synthesis Report         ; 5000               ; 5000               ;
; Number of Swept Nodes Reported in Synthesis Report               ; 5000               ; 5000               ;
; Number of Inverted Registers Reported in Synthesis Report        ; 100                ; 100                ;
; Clock MUX Protection                                             ; On                 ; On                 ;
; Auto Gated Clock Conversion                                      ; Off                ; Off                ;
; Block Design Naming                                              ; Auto               ; Auto               ;
; SDC constraint protection                                        ; Off                ; Off                ;
; Synthesis Effort                                                 ; Auto               ; Auto               ;
; Shift Register Replacement - Allow Asynchronous Clear Signal     ; On                 ; On                 ;
; Pre-Mapping Resynthesis Optimization                             ; Off                ; Off                ;
; Analysis & Synthesis Message Level                               ; Medium             ; Medium             ;
; Disable Register Merging Across Hierarchies                      ; Auto               ; Auto               ;
; Resource Aware Inference For Block RAM                           ; On                 ; On                 ;
+------------------------------------------------------------------+--------------------+--------------------+


+------------------------------------------+
; Parallel Compilation                     ;
+----------------------------+-------------+
; Processors                 ; Number      ;
+----------------------------+-------------+
; Number detected on machine ; 14          ;
; Maximum allowed            ; 14          ;
;                            ;             ;
; Average used               ; 1.01        ;
; Maximum used               ; 14          ;
;                            ;             ;
; Usage by Processor         ; % Time Used ;
;     Processor 1            ; 100.0%      ;
;     Processor 2            ;   0.1%      ;
;     Processors 3-14        ;   0.1%      ;
+----------------------------+-------------+


+------------------------------------------------------------------------------------------------------------------------------------------------------------------------+
; Analysis & Synthesis Source Files Read                                                                                                                                 ;
+----------------------------------+-----------------+------------------------------+--------------------------------------------------------------------------+---------+
; File Name with User-Entered Path ; Used in Netlist ; File Type                    ; File Name with Absolute Path                                             ; Library ;
+----------------------------------+-----------------+------------------------------+--------------------------------------------------------------------------+---------+
; Lab1UART.vhd                     ; yes             ; User VHDL File               ; C:/Users/A02395949/Documents/advanced/Lab1UART/Lab1UART.vhd              ;         ;
; pll.vhd                          ; yes             ; User Wizard-Generated File   ; C:/Users/A02395949/Documents/advanced/Lab1UART/pll.vhd                   ;         ;
; my_fifo.vhd                      ; yes             ; User Wizard-Generated File   ; C:/Users/A02395949/Documents/advanced/Lab1UART/my_fifo.vhd               ;         ;
; UARTSampler.vhd                  ; yes             ; User VHDL File               ; C:/Users/A02395949/Documents/advanced/Lab1UART/UARTSampler.vhd           ;         ;
; CharacterConvertor.vhd           ; yes             ; User VHDL File               ; C:/Users/A02395949/Documents/advanced/Lab1UART/CharacterConvertor.vhd    ;         ;
; uart_recv.vhd                    ; yes             ; User VHDL File               ; C:/Users/A02395949/Documents/advanced/Lab1UART/uart_recv.vhd             ;         ;
; UART_trans.vhd                   ; yes             ; User VHDL File               ; C:/Users/A02395949/Documents/advanced/Lab1UART/UART_trans.vhd            ;         ;
; altpll.tdf                       ; yes             ; Megafunction                 ; c:/intelfpga/20.1/quartus/libraries/megafunctions/altpll.tdf             ;         ;
; aglobal241.inc                   ; yes             ; Megafunction                 ; c:/intelfpga/20.1/quartus/libraries/megafunctions/aglobal241.inc         ;         ;
; stratix_pll.inc                  ; yes             ; Megafunction                 ; c:/intelfpga/20.1/quartus/libraries/megafunctions/stratix_pll.inc        ;         ;
; stratixii_pll.inc                ; yes             ; Megafunction                 ; c:/intelfpga/20.1/quartus/libraries/megafunctions/stratixii_pll.inc      ;         ;
; cycloneii_pll.inc                ; yes             ; Megafunction                 ; c:/intelfpga/20.1/quartus/libraries/megafunctions/cycloneii_pll.inc      ;         ;
; db/pll_altpll.v                  ; yes             ; Auto-Generated Megafunction  ; C:/Users/A02395949/Documents/advanced/Lab1UART/db/pll_altpll.v           ;         ;
; dcfifo.tdf                       ; yes             ; Megafunction                 ; c:/intelfpga/20.1/quartus/libraries/megafunctions/dcfifo.tdf             ;         ;
; lpm_counter.inc                  ; yes             ; Megafunction                 ; c:/intelfpga/20.1/quartus/libraries/megafunctions/lpm_counter.inc        ;         ;
; lpm_add_sub.inc                  ; yes             ; Megafunction                 ; c:/intelfpga/20.1/quartus/libraries/megafunctions/lpm_add_sub.inc        ;         ;
; altdpram.inc                     ; yes             ; Megafunction                 ; c:/intelfpga/20.1/quartus/libraries/megafunctions/altdpram.inc           ;         ;
; a_graycounter.inc                ; yes             ; Megafunction                 ; c:/intelfpga/20.1/quartus/libraries/megafunctions/a_graycounter.inc      ;         ;
; a_fefifo.inc                     ; yes             ; Megafunction                 ; c:/intelfpga/20.1/quartus/libraries/megafunctions/a_fefifo.inc           ;         ;
; a_gray2bin.inc                   ; yes             ; Megafunction                 ; c:/intelfpga/20.1/quartus/libraries/megafunctions/a_gray2bin.inc         ;         ;
; dffpipe.inc                      ; yes             ; Megafunction                 ; c:/intelfpga/20.1/quartus/libraries/megafunctions/dffpipe.inc            ;         ;
; alt_sync_fifo.inc                ; yes             ; Megafunction                 ; c:/intelfpga/20.1/quartus/libraries/megafunctions/alt_sync_fifo.inc      ;         ;
; lpm_compare.inc                  ; yes             ; Megafunction                 ; c:/intelfpga/20.1/quartus/libraries/megafunctions/lpm_compare.inc        ;         ;
; altsyncram_fifo.inc              ; yes             ; Megafunction                 ; c:/intelfpga/20.1/quartus/libraries/megafunctions/altsyncram_fifo.inc    ;         ;
; db/dcfifo_14e1.tdf               ; yes             ; Auto-Generated Megafunction  ; C:/Users/A02395949/Documents/advanced/Lab1UART/db/dcfifo_14e1.tdf        ;         ;
; db/a_graycounter_c26.tdf         ; yes             ; Auto-Generated Megafunction  ; C:/Users/A02395949/Documents/advanced/Lab1UART/db/a_graycounter_c26.tdf  ;         ;
; db/a_graycounter_8gb.tdf         ; yes             ; Auto-Generated Megafunction  ; C:/Users/A02395949/Documents/advanced/Lab1UART/db/a_graycounter_8gb.tdf  ;         ;
; db/altsyncram_2j31.tdf           ; yes             ; Auto-Generated Megafunction  ; C:/Users/A02395949/Documents/advanced/Lab1UART/db/altsyncram_2j31.tdf    ;         ;
; db/alt_synch_pipe_c9l.tdf        ; yes             ; Auto-Generated Megafunction  ; C:/Users/A02395949/Documents/advanced/Lab1UART/db/alt_synch_pipe_c9l.tdf ;         ;
; db/dffpipe_tu8.tdf               ; yes             ; Auto-Generated Megafunction  ; C:/Users/A02395949/Documents/advanced/Lab1UART/db/dffpipe_tu8.tdf        ;         ;
; db/alt_synch_pipe_d9l.tdf        ; yes             ; Auto-Generated Megafunction  ; C:/Users/A02395949/Documents/advanced/Lab1UART/db/alt_synch_pipe_d9l.tdf ;         ;
; db/dffpipe_uu8.tdf               ; yes             ; Auto-Generated Megafunction  ; C:/Users/A02395949/Documents/advanced/Lab1UART/db/dffpipe_uu8.tdf        ;         ;
; db/cmpr_0h5.tdf                  ; yes             ; Auto-Generated Megafunction  ; C:/Users/A02395949/Documents/advanced/Lab1UART/db/cmpr_0h5.tdf           ;         ;
+----------------------------------+-----------------+------------------------------+--------------------------------------------------------------------------+---------+


+-------------------------------------------------------------------------------------------------------------------------+
; Analysis & Synthesis Resource Usage Summary                                                                             ;
+---------------------------------------------+---------------------------------------------------------------------------+
; Resource                                    ; Usage                                                                     ;
+---------------------------------------------+---------------------------------------------------------------------------+
; Estimated Total logic elements              ; 349                                                                       ;
;                                             ;                                                                           ;
; Total combinational functions               ; 322                                                                       ;
; Logic element usage by number of LUT inputs ;                                                                           ;
;     -- 4 input functions                    ; 61                                                                        ;
;     -- 3 input functions                    ; 52                                                                        ;
;     -- <=2 input functions                  ; 209                                                                       ;
;                                             ;                                                                           ;
; Logic elements by mode                      ;                                                                           ;
;     -- normal mode                          ; 137                                                                       ;
;     -- arithmetic mode                      ; 185                                                                       ;
;                                             ;                                                                           ;
; Total registers                             ; 213                                                                       ;
;     -- Dedicated logic registers            ; 213                                                                       ;
;     -- I/O registers                        ; 0                                                                         ;
;                                             ;                                                                           ;
; I/O pins                                    ; 126                                                                       ;
; Total memory bits                           ; 8                                                                         ;
;                                             ;                                                                           ;
; Embedded Multiplier 9-bit elements          ; 0                                                                         ;
;                                             ;                                                                           ;
; Total PLLs                                  ; 1                                                                         ;
;     -- PLLs                                 ; 1                                                                         ;
;                                             ;                                                                           ;
; Maximum fan-out node                        ; pll:U1|altpll:altpll_component|pll_altpll:auto_generated|wire_pll1_clk[0] ;
; Maximum fan-out                             ; 215                                                                       ;
; Total fan-out                               ; 1695                                                                      ;
; Average fan-out                             ; 2.01                                                                      ;
+---------------------------------------------+---------------------------------------------------------------------------+


+---------------------------------------------------------------------------------------------------------------------------------------------------------------------------------------------------------------------------------------------------------------------------------------------------------------------------------------------------------------------------------+
; Analysis & Synthesis Resource Utilization by Entity                                                                                                                                                                                                                                                                                                                             ;
+----------------------------------------------+---------------------+---------------------------+-------------+------------+--------------+---------+-----------+------+--------------+------------+-----------------------------------------------------------------------------------------------------------------------------------------+--------------------+--------------+
; Compilation Hierarchy Node                   ; Combinational ALUTs ; Dedicated Logic Registers ; Memory Bits ; UFM Blocks ; DSP Elements ; DSP 9x9 ; DSP 18x18 ; Pins ; Virtual Pins ; ADC blocks ; Full Hierarchy Name                                                                                                                     ; Entity Name        ; Library Name ;
+----------------------------------------------+---------------------+---------------------------+-------------+------------+--------------+---------+-----------+------+--------------+------------+-----------------------------------------------------------------------------------------------------------------------------------------+--------------------+--------------+
; |Lab1UART                                    ; 322 (0)             ; 213 (0)                   ; 8           ; 0          ; 0            ; 0       ; 0         ; 126  ; 0            ; 0          ; |Lab1UART                                                                                                                               ; Lab1UART           ; work         ;
;    |CharacterConvertor:U4|                   ; 8 (8)               ; 0 (0)                     ; 0           ; 0          ; 0            ; 0       ; 0         ; 0    ; 0            ; 0          ; |Lab1UART|CharacterConvertor:U4                                                                                                         ; CharacterConvertor ; work         ;
;    |UARTSampler:U5|                          ; 200 (177)           ; 137 (99)                  ; 8           ; 0          ; 0            ; 0       ; 0         ; 0    ; 0            ; 0          ; |Lab1UART|UARTSampler:U5                                                                                                                ; UARTSampler        ; work         ;
;       |my_fifo:U2|                           ; 23 (0)              ; 38 (0)                    ; 8           ; 0          ; 0            ; 0       ; 0         ; 0    ; 0            ; 0          ; |Lab1UART|UARTSampler:U5|my_fifo:U2                                                                                                     ; my_fifo            ; work         ;
;          |dcfifo:dcfifo_component|           ; 23 (0)              ; 38 (0)                    ; 8           ; 0          ; 0            ; 0       ; 0         ; 0    ; 0            ; 0          ; |Lab1UART|UARTSampler:U5|my_fifo:U2|dcfifo:dcfifo_component                                                                             ; dcfifo             ; work         ;
;             |dcfifo_14e1:auto_generated|     ; 23 (4)              ; 38 (12)                   ; 8           ; 0          ; 0            ; 0       ; 0         ; 0    ; 0            ; 0          ; |Lab1UART|UARTSampler:U5|my_fifo:U2|dcfifo:dcfifo_component|dcfifo_14e1:auto_generated                                                  ; dcfifo_14e1        ; work         ;
;                |a_graycounter_8gb:wrptr_g1p| ; 6 (6)               ; 5 (5)                     ; 0           ; 0          ; 0            ; 0       ; 0         ; 0    ; 0            ; 0          ; |Lab1UART|UARTSampler:U5|my_fifo:U2|dcfifo:dcfifo_component|dcfifo_14e1:auto_generated|a_graycounter_8gb:wrptr_g1p                      ; a_graycounter_8gb  ; work         ;
;                |a_graycounter_c26:rdptr_g1p| ; 8 (8)               ; 5 (5)                     ; 0           ; 0          ; 0            ; 0       ; 0         ; 0    ; 0            ; 0          ; |Lab1UART|UARTSampler:U5|my_fifo:U2|dcfifo:dcfifo_component|dcfifo_14e1:auto_generated|a_graycounter_c26:rdptr_g1p                      ; a_graycounter_c26  ; work         ;
;                |alt_synch_pipe_c9l:rs_dgwp|  ; 0 (0)               ; 8 (0)                     ; 0           ; 0          ; 0            ; 0       ; 0         ; 0    ; 0            ; 0          ; |Lab1UART|UARTSampler:U5|my_fifo:U2|dcfifo:dcfifo_component|dcfifo_14e1:auto_generated|alt_synch_pipe_c9l:rs_dgwp                       ; alt_synch_pipe_c9l ; work         ;
;                   |dffpipe_tu8:dffpipe10|    ; 0 (0)               ; 8 (8)                     ; 0           ; 0          ; 0            ; 0       ; 0         ; 0    ; 0            ; 0          ; |Lab1UART|UARTSampler:U5|my_fifo:U2|dcfifo:dcfifo_component|dcfifo_14e1:auto_generated|alt_synch_pipe_c9l:rs_dgwp|dffpipe_tu8:dffpipe10 ; dffpipe_tu8        ; work         ;
;                |alt_synch_pipe_d9l:ws_dgrp|  ; 0 (0)               ; 8 (0)                     ; 0           ; 0          ; 0            ; 0       ; 0         ; 0    ; 0            ; 0          ; |Lab1UART|UARTSampler:U5|my_fifo:U2|dcfifo:dcfifo_component|dcfifo_14e1:auto_generated|alt_synch_pipe_d9l:ws_dgrp                       ; alt_synch_pipe_d9l ; work         ;
;                   |dffpipe_uu8:dffpipe13|    ; 0 (0)               ; 8 (8)                     ; 0           ; 0          ; 0            ; 0       ; 0         ; 0    ; 0            ; 0          ; |Lab1UART|UARTSampler:U5|my_fifo:U2|dcfifo:dcfifo_component|dcfifo_14e1:auto_generated|alt_synch_pipe_d9l:ws_dgrp|dffpipe_uu8:dffpipe13 ; dffpipe_uu8        ; work         ;
;                |altsyncram_2j31:fifo_ram|    ; 0 (0)               ; 0 (0)                     ; 8           ; 0          ; 0            ; 0       ; 0         ; 0    ; 0            ; 0          ; |Lab1UART|UARTSampler:U5|my_fifo:U2|dcfifo:dcfifo_component|dcfifo_14e1:auto_generated|altsyncram_2j31:fifo_ram                         ; altsyncram_2j31    ; work         ;
;                |cmpr_0h5:rdempty_eq_comp|    ; 3 (3)               ; 0 (0)                     ; 0           ; 0          ; 0            ; 0       ; 0         ; 0    ; 0            ; 0          ; |Lab1UART|UARTSampler:U5|my_fifo:U2|dcfifo:dcfifo_component|dcfifo_14e1:auto_generated|cmpr_0h5:rdempty_eq_comp                         ; cmpr_0h5           ; work         ;
;                |cmpr_0h5:wrfull_eq_comp|     ; 2 (2)               ; 0 (0)                     ; 0           ; 0          ; 0            ; 0       ; 0         ; 0    ; 0            ; 0          ; |Lab1UART|UARTSampler:U5|my_fifo:U2|dcfifo:dcfifo_component|dcfifo_14e1:auto_generated|cmpr_0h5:wrfull_eq_comp                          ; cmpr_0h5           ; work         ;
;    |UART_trans:U3|                           ; 53 (53)             ; 34 (34)                   ; 0           ; 0          ; 0            ; 0       ; 0         ; 0    ; 0            ; 0          ; |Lab1UART|UART_trans:U3                                                                                                                 ; UART_trans         ; work         ;
;    |pll:U1|                                  ; 0 (0)               ; 0 (0)                     ; 0           ; 0          ; 0            ; 0       ; 0         ; 0    ; 0            ; 0          ; |Lab1UART|pll:U1                                                                                                                        ; pll                ; work         ;
;       |altpll:altpll_component|              ; 0 (0)               ; 0 (0)                     ; 0           ; 0          ; 0            ; 0       ; 0         ; 0    ; 0            ; 0          ; |Lab1UART|pll:U1|altpll:altpll_component                                                                                                ; altpll             ; work         ;
;          |pll_altpll:auto_generated|         ; 0 (0)               ; 0 (0)                     ; 0           ; 0          ; 0            ; 0       ; 0         ; 0    ; 0            ; 0          ; |Lab1UART|pll:U1|altpll:altpll_component|pll_altpll:auto_generated                                                                      ; pll_altpll         ; work         ;
;    |uart_recv:U2|                            ; 61 (61)             ; 42 (42)                   ; 0           ; 0          ; 0            ; 0       ; 0         ; 0    ; 0            ; 0          ; |Lab1UART|uart_recv:U2                                                                                                                  ; uart_recv          ; work         ;
+----------------------------------------------+---------------------+---------------------------+-------------+------------+--------------+---------+-----------+------+--------------+------------+-----------------------------------------------------------------------------------------------------------------------------------------+--------------------+--------------+
Note: For table entries with two numbers listed, the numbers in parentheses indicate the number of resources of the given type used by the specific entity alone. The numbers listed outside of parentheses indicate the total resources of the given type used by the specific entity and all of its sub-entities in the hierarchy.


+----------------------------------------------------------------------------------------------------------------------------------------------------------------------------------------------------------------------+
; Analysis & Synthesis RAM Summary                                                                                                                                                                                     ;
+------------------------------------------------------------------------------------------------------------------+------+------------------+--------------+--------------+--------------+--------------+------+------+
; Name                                                                                                             ; Type ; Mode             ; Port A Depth ; Port A Width ; Port B Depth ; Port B Width ; Size ; MIF  ;
+------------------------------------------------------------------------------------------------------------------+------+------------------+--------------+--------------+--------------+--------------+------+------+
; UARTSampler:U5|my_fifo:U2|dcfifo:dcfifo_component|dcfifo_14e1:auto_generated|altsyncram_2j31:fifo_ram|ALTSYNCRAM ; AUTO ; Simple Dual Port ; 8            ; 1            ; 8            ; 1            ; 8    ; None ;
+------------------------------------------------------------------------------------------------------------------+------+------------------+--------------+--------------+--------------+--------------+------+------+


+-----------------------------------------------------------------------------------------------------------------------+
; Analysis & Synthesis IP Cores Summary                                                                                 ;
+--------+--------------+---------+--------------+--------------+-------------------------------------+-----------------+
; Vendor ; IP Core Name ; Version ; Release Date ; License Type ; Entity Instance                     ; IP Include File ;
+--------+--------------+---------+--------------+--------------+-------------------------------------+-----------------+
; Altera ; ALTPLL       ; 24.1    ; N/A          ; N/A          ; |Lab1UART|pll:U1                    ; pll.vhd         ;
; Altera ; FIFO         ; 24.1    ; N/A          ; N/A          ; |Lab1UART|UARTSampler:U5|my_fifo:U2 ; my_fifo.vhd     ;
+--------+--------------+---------+--------------+--------------+-------------------------------------+-----------------+


+----------------------------------------------------------------------------------------------------------------------------------------------------------------------------------------------------------------------------------------------------------+
; Registers Protected by Synthesis                                                                                                                                                                                                                         ;
+------------------------------------------------------------------------------------------------------------------------------------------+------------------------------------------------------------------+--------------------------------------------+
; Register Name                                                                                                                            ; Protected by Synthesis Attribute or Preserve Register Assignment ; Not to be Touched by Netlist Optimizations ;
+------------------------------------------------------------------------------------------------------------------------------------------+------------------------------------------------------------------+--------------------------------------------+
; UARTSampler:U5|my_fifo:U2|dcfifo:dcfifo_component|dcfifo_14e1:auto_generated|alt_synch_pipe_c9l:rs_dgwp|dffpipe_tu8:dffpipe10|dffe12a[2] ; yes                                                              ; yes                                        ;
; UARTSampler:U5|my_fifo:U2|dcfifo:dcfifo_component|dcfifo_14e1:auto_generated|alt_synch_pipe_c9l:rs_dgwp|dffpipe_tu8:dffpipe10|dffe12a[3] ; yes                                                              ; yes                                        ;
; UARTSampler:U5|my_fifo:U2|dcfifo:dcfifo_component|dcfifo_14e1:auto_generated|alt_synch_pipe_c9l:rs_dgwp|dffpipe_tu8:dffpipe10|dffe12a[0] ; yes                                                              ; yes                                        ;
; UARTSampler:U5|my_fifo:U2|dcfifo:dcfifo_component|dcfifo_14e1:auto_generated|alt_synch_pipe_c9l:rs_dgwp|dffpipe_tu8:dffpipe10|dffe12a[1] ; yes                                                              ; yes                                        ;
; UARTSampler:U5|my_fifo:U2|dcfifo:dcfifo_component|dcfifo_14e1:auto_generated|alt_synch_pipe_d9l:ws_dgrp|dffpipe_uu8:dffpipe13|dffe15a[2] ; yes                                                              ; yes                                        ;
; UARTSampler:U5|my_fifo:U2|dcfifo:dcfifo_component|dcfifo_14e1:auto_generated|alt_synch_pipe_d9l:ws_dgrp|dffpipe_uu8:dffpipe13|dffe15a[3] ; yes                                                              ; yes                                        ;
; UARTSampler:U5|my_fifo:U2|dcfifo:dcfifo_component|dcfifo_14e1:auto_generated|alt_synch_pipe_d9l:ws_dgrp|dffpipe_uu8:dffpipe13|dffe15a[0] ; yes                                                              ; yes                                        ;
; UARTSampler:U5|my_fifo:U2|dcfifo:dcfifo_component|dcfifo_14e1:auto_generated|alt_synch_pipe_d9l:ws_dgrp|dffpipe_uu8:dffpipe13|dffe15a[1] ; yes                                                              ; yes                                        ;
; UARTSampler:U5|my_fifo:U2|dcfifo:dcfifo_component|dcfifo_14e1:auto_generated|alt_synch_pipe_c9l:rs_dgwp|dffpipe_tu8:dffpipe10|dffe11a[2] ; yes                                                              ; yes                                        ;
; UARTSampler:U5|my_fifo:U2|dcfifo:dcfifo_component|dcfifo_14e1:auto_generated|alt_synch_pipe_c9l:rs_dgwp|dffpipe_tu8:dffpipe10|dffe11a[3] ; yes                                                              ; yes                                        ;
; UARTSampler:U5|my_fifo:U2|dcfifo:dcfifo_component|dcfifo_14e1:auto_generated|alt_synch_pipe_c9l:rs_dgwp|dffpipe_tu8:dffpipe10|dffe11a[0] ; yes                                                              ; yes                                        ;
; UARTSampler:U5|my_fifo:U2|dcfifo:dcfifo_component|dcfifo_14e1:auto_generated|alt_synch_pipe_c9l:rs_dgwp|dffpipe_tu8:dffpipe10|dffe11a[1] ; yes                                                              ; yes                                        ;
; UARTSampler:U5|my_fifo:U2|dcfifo:dcfifo_component|dcfifo_14e1:auto_generated|alt_synch_pipe_d9l:ws_dgrp|dffpipe_uu8:dffpipe13|dffe14a[2] ; yes                                                              ; yes                                        ;
; UARTSampler:U5|my_fifo:U2|dcfifo:dcfifo_component|dcfifo_14e1:auto_generated|alt_synch_pipe_d9l:ws_dgrp|dffpipe_uu8:dffpipe13|dffe14a[3] ; yes                                                              ; yes                                        ;
; UARTSampler:U5|my_fifo:U2|dcfifo:dcfifo_component|dcfifo_14e1:auto_generated|alt_synch_pipe_d9l:ws_dgrp|dffpipe_uu8:dffpipe13|dffe14a[0] ; yes                                                              ; yes                                        ;
; UARTSampler:U5|my_fifo:U2|dcfifo:dcfifo_component|dcfifo_14e1:auto_generated|alt_synch_pipe_d9l:ws_dgrp|dffpipe_uu8:dffpipe13|dffe14a[1] ; yes                                                              ; yes                                        ;
; Total number of protected registers is 16                                                                                                ;                                                                  ;                                            ;
+------------------------------------------------------------------------------------------------------------------------------------------+------------------------------------------------------------------+--------------------------------------------+


+------------------------------------------------------+
; General Register Statistics                          ;
+----------------------------------------------+-------+
; Statistic                                    ; Value ;
+----------------------------------------------+-------+
; Total registers                              ; 213   ;
; Number of registers using Synchronous Clear  ; 64    ;
; Number of registers using Synchronous Load   ; 0     ;
; Number of registers using Asynchronous Clear ; 66    ;
; Number of registers using Asynchronous Load  ; 0     ;
; Number of registers using Clock Enable       ; 141   ;
; Number of registers using Preset             ; 0     ;
+----------------------------------------------+-------+


+-------------------------------------------------------------------------------------------------------------------------------+
; Inverted Register Statistics                                                                                                  ;
+---------------------------------------------------------------------------------------------------------------------+---------+
; Inverted Register                                                                                                   ; Fan out ;
+---------------------------------------------------------------------------------------------------------------------+---------+
; UARTSampler:U5|my_fifo:U2|dcfifo:dcfifo_component|dcfifo_14e1:auto_generated|a_graycounter_c26:rdptr_g1p|counter5a0 ; 6       ;
; UARTSampler:U5|counter[0]                                                                                           ; 2       ;
; UARTSampler:U5|counter[31]                                                                                          ; 2       ;
; UARTSampler:U5|my_fifo:U2|dcfifo:dcfifo_component|dcfifo_14e1:auto_generated|a_graycounter_8gb:wrptr_g1p|counter7a0 ; 5       ;
; UARTSampler:U5|zeros[31]                                                                                            ; 2       ;
; UARTSampler:U5|ones[31]                                                                                             ; 2       ;
; UARTSampler:U5|ones[0]                                                                                              ; 3       ;
; UARTSampler:U5|zeros[0]                                                                                             ; 2       ;
; Total number of inverted registers = 8                                                                              ;         ;
+---------------------------------------------------------------------------------------------------------------------+---------+


+--------------------------------------------------------------------------------------------------------------------------------------------------+
; Multiplexer Restructuring Statistics (Restructuring Performed)                                                                                   ;
+--------------------+-----------+---------------+----------------------+------------------------+------------+------------------------------------+
; Multiplexer Inputs ; Bus Width ; Baseline Area ; Area if Restructured ; Saving if Restructured ; Registered ; Example Multiplexer Output         ;
+--------------------+-----------+---------------+----------------------+------------------------+------------+------------------------------------+
; 3:1                ; 32 bits   ; 64 LEs        ; 32 LEs               ; 32 LEs                 ; Yes        ; |Lab1UART|uart_recv:U2|counter[3]  ;
; 3:1                ; 30 bits   ; 60 LEs        ; 30 LEs               ; 30 LEs                 ; Yes        ; |Lab1UART|UARTSampler:U5|zeros[2]  ;
; 4:1                ; 32 bits   ; 64 LEs        ; 32 LEs               ; 32 LEs                 ; Yes        ; |Lab1UART|UART_trans:U3|counter[2] ;
; 3:1                ; 2 bits    ; 4 LEs         ; 2 LEs                ; 2 LEs                  ; Yes        ; |Lab1UART|UARTSampler:U5|zeros[31] ;
+--------------------+-----------+---------------+----------------------+------------------------+------------+------------------------------------+


+--------------------------------------------------------------------------+
; Source assignments for UARTSampler:U5|my_fifo:U2|dcfifo:dcfifo_component ;
+---------------------------------+-------+------+-------------------------+
; Assignment                      ; Value ; From ; To                      ;
+---------------------------------+-------+------+-------------------------+
; AUTO_SHIFT_REGISTER_RECOGNITION ; OFF   ; -    ; -                       ;
+---------------------------------+-------+------+-------------------------+


+-----------------------------------------------------------------------------------------------------+
; Source assignments for UARTSampler:U5|my_fifo:U2|dcfifo:dcfifo_component|dcfifo_14e1:auto_generated ;
+---------------------------------------+-------+------+----------------------------------------------+
; Assignment                            ; Value ; From ; To                                           ;
+---------------------------------------+-------+------+----------------------------------------------+
; AUTO_SHIFT_REGISTER_RECOGNITION       ; OFF   ; -    ; -                                            ;
; REMOVE_DUPLICATE_REGISTERS            ; OFF   ; -    ; -                                            ;
; SYNCHRONIZER_IDENTIFICATION           ; OFF   ; -    ; -                                            ;
; SYNCHRONIZATION_REGISTER_CHAIN_LENGTH ; 2     ; -    ; -                                            ;
; POWER_UP_LEVEL                        ; LOW   ; -    ; wrptr_g                                      ;
+---------------------------------------+-------+------+----------------------------------------------+


+---------------------------------------------------------------------------------------------------------------------------------+
; Source assignments for UARTSampler:U5|my_fifo:U2|dcfifo:dcfifo_component|dcfifo_14e1:auto_generated|a_graycounter_c26:rdptr_g1p ;
+----------------+-------+------+-------------------------------------------------------------------------------------------------+
; Assignment     ; Value ; From ; To                                                                                              ;
+----------------+-------+------+-------------------------------------------------------------------------------------------------+
; POWER_UP_LEVEL ; HIGH  ; -    ; counter5a0                                                                                      ;
; POWER_UP_LEVEL ; LOW   ; -    ; parity6                                                                                         ;
+----------------+-------+------+-------------------------------------------------------------------------------------------------+


+---------------------------------------------------------------------------------------------------------------------------------+
; Source assignments for UARTSampler:U5|my_fifo:U2|dcfifo:dcfifo_component|dcfifo_14e1:auto_generated|a_graycounter_8gb:wrptr_g1p ;
+----------------+-------+------+-------------------------------------------------------------------------------------------------+
; Assignment     ; Value ; From ; To                                                                                              ;
+----------------+-------+------+-------------------------------------------------------------------------------------------------+
; POWER_UP_LEVEL ; HIGH  ; -    ; counter7a0                                                                                      ;
; POWER_UP_LEVEL ; LOW   ; -    ; parity8                                                                                         ;
+----------------+-------+------+-------------------------------------------------------------------------------------------------+


+------------------------------------------------------------------------------------------------------------------------------+
; Source assignments for UARTSampler:U5|my_fifo:U2|dcfifo:dcfifo_component|dcfifo_14e1:auto_generated|altsyncram_2j31:fifo_ram ;
+---------------------------------+--------------------+------+----------------------------------------------------------------+
; Assignment                      ; Value              ; From ; To                                                             ;
+---------------------------------+--------------------+------+----------------------------------------------------------------+
; OPTIMIZE_POWER_DURING_SYNTHESIS ; NORMAL_COMPILATION ; -    ; -                                                              ;
+---------------------------------+--------------------+------+----------------------------------------------------------------+


+--------------------------------------------------------------------------------------------------------------------------------+
; Source assignments for UARTSampler:U5|my_fifo:U2|dcfifo:dcfifo_component|dcfifo_14e1:auto_generated|alt_synch_pipe_c9l:rs_dgwp ;
+-----------------------------+------------------------+------+------------------------------------------------------------------+
; Assignment                  ; Value                  ; From ; To                                                               ;
+-----------------------------+------------------------+------+------------------------------------------------------------------+
; X_ON_VIOLATION_OPTION       ; OFF                    ; -    ; -                                                                ;
; SYNCHRONIZER_IDENTIFICATION ; FORCED_IF_ASYNCHRONOUS ; -    ; -                                                                ;
; PRESERVE_REGISTER           ; ON                     ; -    ; -                                                                ;
; DONT_MERGE_REGISTER         ; ON                     ; -    ; -                                                                ;
; ADV_NETLIST_OPT_ALLOWED     ; NEVER_ALLOW            ; -    ; -                                                                ;
+-----------------------------+------------------------+------+------------------------------------------------------------------+


+------------------------------------------------------------------------------------------------------------------------------------------------------+
; Source assignments for UARTSampler:U5|my_fifo:U2|dcfifo:dcfifo_component|dcfifo_14e1:auto_generated|alt_synch_pipe_c9l:rs_dgwp|dffpipe_tu8:dffpipe10 ;
+---------------------------------+-------+------+-----------------------------------------------------------------------------------------------------+
; Assignment                      ; Value ; From ; To                                                                                                  ;
+---------------------------------+-------+------+-----------------------------------------------------------------------------------------------------+
; AUTO_SHIFT_REGISTER_RECOGNITION ; OFF   ; -    ; -                                                                                                   ;
+---------------------------------+-------+------+-----------------------------------------------------------------------------------------------------+


+--------------------------------------------------------------------------------------------------------------------------------+
; Source assignments for UARTSampler:U5|my_fifo:U2|dcfifo:dcfifo_component|dcfifo_14e1:auto_generated|alt_synch_pipe_d9l:ws_dgrp ;
+-----------------------------+------------------------+------+------------------------------------------------------------------+
; Assignment                  ; Value                  ; From ; To                                                               ;
+-----------------------------+------------------------+------+------------------------------------------------------------------+
; X_ON_VIOLATION_OPTION       ; OFF                    ; -    ; -                                                                ;
; SYNCHRONIZER_IDENTIFICATION ; FORCED_IF_ASYNCHRONOUS ; -    ; -                                                                ;
; PRESERVE_REGISTER           ; ON                     ; -    ; -                                                                ;
; DONT_MERGE_REGISTER         ; ON                     ; -    ; -                                                                ;
; ADV_NETLIST_OPT_ALLOWED     ; NEVER_ALLOW            ; -    ; -                                                                ;
+-----------------------------+------------------------+------+------------------------------------------------------------------+


+------------------------------------------------------------------------------------------------------------------------------------------------------+
; Source assignments for UARTSampler:U5|my_fifo:U2|dcfifo:dcfifo_component|dcfifo_14e1:auto_generated|alt_synch_pipe_d9l:ws_dgrp|dffpipe_uu8:dffpipe13 ;
+---------------------------------+-------+------+-----------------------------------------------------------------------------------------------------+
; Assignment                      ; Value ; From ; To                                                                                                  ;
+---------------------------------+-------+------+-----------------------------------------------------------------------------------------------------+
; AUTO_SHIFT_REGISTER_RECOGNITION ; OFF   ; -    ; -                                                                                                   ;
+---------------------------------+-------+------+-----------------------------------------------------------------------------------------------------+


+-----------------------------------------------------------------------------+
; Parameter Settings for User Entity Instance: pll:U1|altpll:altpll_component ;
+-------------------------------+-----------------------+---------------------+
; Parameter Name                ; Value                 ; Type                ;
+-------------------------------+-----------------------+---------------------+
; OPERATION_MODE                ; NORMAL                ; Untyped             ;
; PLL_TYPE                      ; AUTO                  ; Untyped             ;
; LPM_HINT                      ; CBX_MODULE_PREFIX=pll ; Untyped             ;
; QUALIFY_CONF_DONE             ; OFF                   ; Untyped             ;
; COMPENSATE_CLOCK              ; CLK0                  ; Untyped             ;
; SCAN_CHAIN                    ; LONG                  ; Untyped             ;
; PRIMARY_CLOCK                 ; INCLK0                ; Untyped             ;
; INCLK0_INPUT_FREQUENCY        ; 20000                 ; Signed Integer      ;
; INCLK1_INPUT_FREQUENCY        ; 0                     ; Untyped             ;
; GATE_LOCK_SIGNAL              ; NO                    ; Untyped             ;
; GATE_LOCK_COUNTER             ; 0                     ; Untyped             ;
; LOCK_HIGH                     ; 1                     ; Untyped             ;
; LOCK_LOW                      ; 1                     ; Untyped             ;
; VALID_LOCK_MULTIPLIER         ; 1                     ; Untyped             ;
; INVALID_LOCK_MULTIPLIER       ; 5                     ; Untyped             ;
; SWITCH_OVER_ON_LOSSCLK        ; OFF                   ; Untyped             ;
; SWITCH_OVER_ON_GATED_LOCK     ; OFF                   ; Untyped             ;
; ENABLE_SWITCH_OVER_COUNTER    ; OFF                   ; Untyped             ;
; SKIP_VCO                      ; OFF                   ; Untyped             ;
; SWITCH_OVER_COUNTER           ; 0                     ; Untyped             ;
; SWITCH_OVER_TYPE              ; AUTO                  ; Untyped             ;
; FEEDBACK_SOURCE               ; EXTCLK0               ; Untyped             ;
; BANDWIDTH                     ; 0                     ; Untyped             ;
; BANDWIDTH_TYPE                ; AUTO                  ; Untyped             ;
; SPREAD_FREQUENCY              ; 0                     ; Untyped             ;
; DOWN_SPREAD                   ; 0                     ; Untyped             ;
; SELF_RESET_ON_GATED_LOSS_LOCK ; OFF                   ; Untyped             ;
; SELF_RESET_ON_LOSS_LOCK       ; OFF                   ; Untyped             ;
; CLK9_MULTIPLY_BY              ; 0                     ; Untyped             ;
; CLK8_MULTIPLY_BY              ; 0                     ; Untyped             ;
; CLK7_MULTIPLY_BY              ; 0                     ; Untyped             ;
; CLK6_MULTIPLY_BY              ; 0                     ; Untyped             ;
; CLK5_MULTIPLY_BY              ; 1                     ; Untyped             ;
; CLK4_MULTIPLY_BY              ; 1                     ; Untyped             ;
; CLK3_MULTIPLY_BY              ; 1                     ; Untyped             ;
; CLK2_MULTIPLY_BY              ; 1                     ; Untyped             ;
; CLK1_MULTIPLY_BY              ; 6                     ; Signed Integer      ;
; CLK0_MULTIPLY_BY              ; 48                    ; Signed Integer      ;
; CLK9_DIVIDE_BY                ; 0                     ; Untyped             ;
; CLK8_DIVIDE_BY                ; 0                     ; Untyped             ;
; CLK7_DIVIDE_BY                ; 0                     ; Untyped             ;
; CLK6_DIVIDE_BY                ; 0                     ; Untyped             ;
; CLK5_DIVIDE_BY                ; 1                     ; Untyped             ;
; CLK4_DIVIDE_BY                ; 1                     ; Untyped             ;
; CLK3_DIVIDE_BY                ; 1                     ; Untyped             ;
; CLK2_DIVIDE_BY                ; 1                     ; Untyped             ;
; CLK1_DIVIDE_BY                ; 15625                 ; Signed Integer      ;
; CLK0_DIVIDE_BY                ; 15625                 ; Signed Integer      ;
; CLK9_PHASE_SHIFT              ; 0                     ; Untyped             ;
; CLK8_PHASE_SHIFT              ; 0                     ; Untyped             ;
; CLK7_PHASE_SHIFT              ; 0                     ; Untyped             ;
; CLK6_PHASE_SHIFT              ; 0                     ; Untyped             ;
; CLK5_PHASE_SHIFT              ; 0                     ; Untyped             ;
; CLK4_PHASE_SHIFT              ; 0                     ; Untyped             ;
; CLK3_PHASE_SHIFT              ; 0                     ; Untyped             ;
; CLK2_PHASE_SHIFT              ; 0                     ; Untyped             ;
; CLK1_PHASE_SHIFT              ; 0                     ; Untyped             ;
; CLK0_PHASE_SHIFT              ; 0                     ; Untyped             ;
; CLK5_TIME_DELAY               ; 0                     ; Untyped             ;
; CLK4_TIME_DELAY               ; 0                     ; Untyped             ;
; CLK3_TIME_DELAY               ; 0                     ; Untyped             ;
; CLK2_TIME_DELAY               ; 0                     ; Untyped             ;
; CLK1_TIME_DELAY               ; 0                     ; Untyped             ;
; CLK0_TIME_DELAY               ; 0                     ; Untyped             ;
; CLK9_DUTY_CYCLE               ; 50                    ; Untyped             ;
; CLK8_DUTY_CYCLE               ; 50                    ; Untyped             ;
; CLK7_DUTY_CYCLE               ; 50                    ; Untyped             ;
; CLK6_DUTY_CYCLE               ; 50                    ; Untyped             ;
; CLK5_DUTY_CYCLE               ; 50                    ; Untyped             ;
; CLK4_DUTY_CYCLE               ; 50                    ; Untyped             ;
; CLK3_DUTY_CYCLE               ; 50                    ; Untyped             ;
; CLK2_DUTY_CYCLE               ; 50                    ; Untyped             ;
; CLK1_DUTY_CYCLE               ; 50                    ; Signed Integer      ;
; CLK0_DUTY_CYCLE               ; 50                    ; Signed Integer      ;
; CLK9_USE_EVEN_COUNTER_MODE    ; OFF                   ; Untyped             ;
; CLK8_USE_EVEN_COUNTER_MODE    ; OFF                   ; Untyped             ;
; CLK7_USE_EVEN_COUNTER_MODE    ; OFF                   ; Untyped             ;
; CLK6_USE_EVEN_COUNTER_MODE    ; OFF                   ; Untyped             ;
; CLK5_USE_EVEN_COUNTER_MODE    ; OFF                   ; Untyped             ;
; CLK4_USE_EVEN_COUNTER_MODE    ; OFF                   ; Untyped             ;
; CLK3_USE_EVEN_COUNTER_MODE    ; OFF                   ; Untyped             ;
; CLK2_USE_EVEN_COUNTER_MODE    ; OFF                   ; Untyped             ;
; CLK1_USE_EVEN_COUNTER_MODE    ; OFF                   ; Untyped             ;
; CLK0_USE_EVEN_COUNTER_MODE    ; OFF                   ; Untyped             ;
; CLK9_USE_EVEN_COUNTER_VALUE   ; OFF                   ; Untyped             ;
; CLK8_USE_EVEN_COUNTER_VALUE   ; OFF                   ; Untyped             ;
; CLK7_USE_EVEN_COUNTER_VALUE   ; OFF                   ; Untyped             ;
; CLK6_USE_EVEN_COUNTER_VALUE   ; OFF                   ; Untyped             ;
; CLK5_USE_EVEN_COUNTER_VALUE   ; OFF                   ; Untyped             ;
; CLK4_USE_EVEN_COUNTER_VALUE   ; OFF                   ; Untyped             ;
; CLK3_USE_EVEN_COUNTER_VALUE   ; OFF                   ; Untyped             ;
; CLK2_USE_EVEN_COUNTER_VALUE   ; OFF                   ; Untyped             ;
; CLK1_USE_EVEN_COUNTER_VALUE   ; OFF                   ; Untyped             ;
; CLK0_USE_EVEN_COUNTER_VALUE   ; OFF                   ; Untyped             ;
; LOCK_WINDOW_UI                ;  0.05                 ; Untyped             ;
; LOCK_WINDOW_UI_BITS           ; UNUSED                ; Untyped             ;
; VCO_RANGE_DETECTOR_LOW_BITS   ; UNUSED                ; Untyped             ;
; VCO_RANGE_DETECTOR_HIGH_BITS  ; UNUSED                ; Untyped             ;
; DPA_MULTIPLY_BY               ; 0                     ; Untyped             ;
; DPA_DIVIDE_BY                 ; 1                     ; Untyped             ;
; DPA_DIVIDER                   ; 0                     ; Untyped             ;
; EXTCLK3_MULTIPLY_BY           ; 1                     ; Untyped             ;
; EXTCLK2_MULTIPLY_BY           ; 1                     ; Untyped             ;
; EXTCLK1_MULTIPLY_BY           ; 1                     ; Untyped             ;
; EXTCLK0_MULTIPLY_BY           ; 1                     ; Untyped             ;
; EXTCLK3_DIVIDE_BY             ; 1                     ; Untyped             ;
; EXTCLK2_DIVIDE_BY             ; 1                     ; Untyped             ;
; EXTCLK1_DIVIDE_BY             ; 1                     ; Untyped             ;
; EXTCLK0_DIVIDE_BY             ; 1                     ; Untyped             ;
; EXTCLK3_PHASE_SHIFT           ; 0                     ; Untyped             ;
; EXTCLK2_PHASE_SHIFT           ; 0                     ; Untyped             ;
; EXTCLK1_PHASE_SHIFT           ; 0                     ; Untyped             ;
; EXTCLK0_PHASE_SHIFT           ; 0                     ; Untyped             ;
; EXTCLK3_TIME_DELAY            ; 0                     ; Untyped             ;
; EXTCLK2_TIME_DELAY            ; 0                     ; Untyped             ;
; EXTCLK1_TIME_DELAY            ; 0                     ; Untyped             ;
; EXTCLK0_TIME_DELAY            ; 0                     ; Untyped             ;
; EXTCLK3_DUTY_CYCLE            ; 50                    ; Untyped             ;
; EXTCLK2_DUTY_CYCLE            ; 50                    ; Untyped             ;
; EXTCLK1_DUTY_CYCLE            ; 50                    ; Untyped             ;
; EXTCLK0_DUTY_CYCLE            ; 50                    ; Untyped             ;
; VCO_MULTIPLY_BY               ; 0                     ; Untyped             ;
; VCO_DIVIDE_BY                 ; 0                     ; Untyped             ;
; SCLKOUT0_PHASE_SHIFT          ; 0                     ; Untyped             ;
; SCLKOUT1_PHASE_SHIFT          ; 0                     ; Untyped             ;
; VCO_MIN                       ; 0                     ; Untyped             ;
; VCO_MAX                       ; 0                     ; Untyped             ;
; VCO_CENTER                    ; 0                     ; Untyped             ;
; PFD_MIN                       ; 0                     ; Untyped             ;
; PFD_MAX                       ; 0                     ; Untyped             ;
; M_INITIAL                     ; 0                     ; Untyped             ;
; M                             ; 0                     ; Untyped             ;
; N                             ; 1                     ; Untyped             ;
; M2                            ; 1                     ; Untyped             ;
; N2                            ; 1                     ; Untyped             ;
; SS                            ; 1                     ; Untyped             ;
; C0_HIGH                       ; 0                     ; Untyped             ;
; C1_HIGH                       ; 0                     ; Untyped             ;
; C2_HIGH                       ; 0                     ; Untyped             ;
; C3_HIGH                       ; 0                     ; Untyped             ;
; C4_HIGH                       ; 0                     ; Untyped             ;
; C5_HIGH                       ; 0                     ; Untyped             ;
; C6_HIGH                       ; 0                     ; Untyped             ;
; C7_HIGH                       ; 0                     ; Untyped             ;
; C8_HIGH                       ; 0                     ; Untyped             ;
; C9_HIGH                       ; 0                     ; Untyped             ;
; C0_LOW                        ; 0                     ; Untyped             ;
; C1_LOW                        ; 0                     ; Untyped             ;
; C2_LOW                        ; 0                     ; Untyped             ;
; C3_LOW                        ; 0                     ; Untyped             ;
; C4_LOW                        ; 0                     ; Untyped             ;
; C5_LOW                        ; 0                     ; Untyped             ;
; C6_LOW                        ; 0                     ; Untyped             ;
; C7_LOW                        ; 0                     ; Untyped             ;
; C8_LOW                        ; 0                     ; Untyped             ;
; C9_LOW                        ; 0                     ; Untyped             ;
; C0_INITIAL                    ; 0                     ; Untyped             ;
; C1_INITIAL                    ; 0                     ; Untyped             ;
; C2_INITIAL                    ; 0                     ; Untyped             ;
; C3_INITIAL                    ; 0                     ; Untyped             ;
; C4_INITIAL                    ; 0                     ; Untyped             ;
; C5_INITIAL                    ; 0                     ; Untyped             ;
; C6_INITIAL                    ; 0                     ; Untyped             ;
; C7_INITIAL                    ; 0                     ; Untyped             ;
; C8_INITIAL                    ; 0                     ; Untyped             ;
; C9_INITIAL                    ; 0                     ; Untyped             ;
; C0_MODE                       ; BYPASS                ; Untyped             ;
; C1_MODE                       ; BYPASS                ; Untyped             ;
; C2_MODE                       ; BYPASS                ; Untyped             ;
; C3_MODE                       ; BYPASS                ; Untyped             ;
; C4_MODE                       ; BYPASS                ; Untyped             ;
; C5_MODE                       ; BYPASS                ; Untyped             ;
; C6_MODE                       ; BYPASS                ; Untyped             ;
; C7_MODE                       ; BYPASS                ; Untyped             ;
; C8_MODE                       ; BYPASS                ; Untyped             ;
; C9_MODE                       ; BYPASS                ; Untyped             ;
; C0_PH                         ; 0                     ; Untyped             ;
; C1_PH                         ; 0                     ; Untyped             ;
; C2_PH                         ; 0                     ; Untyped             ;
; C3_PH                         ; 0                     ; Untyped             ;
; C4_PH                         ; 0                     ; Untyped             ;
; C5_PH                         ; 0                     ; Untyped             ;
; C6_PH                         ; 0                     ; Untyped             ;
; C7_PH                         ; 0                     ; Untyped             ;
; C8_PH                         ; 0                     ; Untyped             ;
; C9_PH                         ; 0                     ; Untyped             ;
; L0_HIGH                       ; 1                     ; Untyped             ;
; L1_HIGH                       ; 1                     ; Untyped             ;
; G0_HIGH                       ; 1                     ; Untyped             ;
; G1_HIGH                       ; 1                     ; Untyped             ;
; G2_HIGH                       ; 1                     ; Untyped             ;
; G3_HIGH                       ; 1                     ; Untyped             ;
; E0_HIGH                       ; 1                     ; Untyped             ;
; E1_HIGH                       ; 1                     ; Untyped             ;
; E2_HIGH                       ; 1                     ; Untyped             ;
; E3_HIGH                       ; 1                     ; Untyped             ;
; L0_LOW                        ; 1                     ; Untyped             ;
; L1_LOW                        ; 1                     ; Untyped             ;
; G0_LOW                        ; 1                     ; Untyped             ;
; G1_LOW                        ; 1                     ; Untyped             ;
; G2_LOW                        ; 1                     ; Untyped             ;
; G3_LOW                        ; 1                     ; Untyped             ;
; E0_LOW                        ; 1                     ; Untyped             ;
; E1_LOW                        ; 1                     ; Untyped             ;
; E2_LOW                        ; 1                     ; Untyped             ;
; E3_LOW                        ; 1                     ; Untyped             ;
; L0_INITIAL                    ; 1                     ; Untyped             ;
; L1_INITIAL                    ; 1                     ; Untyped             ;
; G0_INITIAL                    ; 1                     ; Untyped             ;
; G1_INITIAL                    ; 1                     ; Untyped             ;
; G2_INITIAL                    ; 1                     ; Untyped             ;
; G3_INITIAL                    ; 1                     ; Untyped             ;
; E0_INITIAL                    ; 1                     ; Untyped             ;
; E1_INITIAL                    ; 1                     ; Untyped             ;
; E2_INITIAL                    ; 1                     ; Untyped             ;
; E3_INITIAL                    ; 1                     ; Untyped             ;
; L0_MODE                       ; BYPASS                ; Untyped             ;
; L1_MODE                       ; BYPASS                ; Untyped             ;
; G0_MODE                       ; BYPASS                ; Untyped             ;
; G1_MODE                       ; BYPASS                ; Untyped             ;
; G2_MODE                       ; BYPASS                ; Untyped             ;
; G3_MODE                       ; BYPASS                ; Untyped             ;
; E0_MODE                       ; BYPASS                ; Untyped             ;
; E1_MODE                       ; BYPASS                ; Untyped             ;
; E2_MODE                       ; BYPASS                ; Untyped             ;
; E3_MODE                       ; BYPASS                ; Untyped             ;
; L0_PH                         ; 0                     ; Untyped             ;
; L1_PH                         ; 0                     ; Untyped             ;
; G0_PH                         ; 0                     ; Untyped             ;
; G1_PH                         ; 0                     ; Untyped             ;
; G2_PH                         ; 0                     ; Untyped             ;
; G3_PH                         ; 0                     ; Untyped             ;
; E0_PH                         ; 0                     ; Untyped             ;
; E1_PH                         ; 0                     ; Untyped             ;
; E2_PH                         ; 0                     ; Untyped             ;
; E3_PH                         ; 0                     ; Untyped             ;
; M_PH                          ; 0                     ; Untyped             ;
; C1_USE_CASC_IN                ; OFF                   ; Untyped             ;
; C2_USE_CASC_IN                ; OFF                   ; Untyped             ;
; C3_USE_CASC_IN                ; OFF                   ; Untyped             ;
; C4_USE_CASC_IN                ; OFF                   ; Untyped             ;
; C5_USE_CASC_IN                ; OFF                   ; Untyped             ;
; C6_USE_CASC_IN                ; OFF                   ; Untyped             ;
; C7_USE_CASC_IN                ; OFF                   ; Untyped             ;
; C8_USE_CASC_IN                ; OFF                   ; Untyped             ;
; C9_USE_CASC_IN                ; OFF                   ; Untyped             ;
; CLK0_COUNTER                  ; G0                    ; Untyped             ;
; CLK1_COUNTER                  ; G0                    ; Untyped             ;
; CLK2_COUNTER                  ; G0                    ; Untyped             ;
; CLK3_COUNTER                  ; G0                    ; Untyped             ;
; CLK4_COUNTER                  ; G0                    ; Untyped             ;
; CLK5_COUNTER                  ; G0                    ; Untyped             ;
; CLK6_COUNTER                  ; E0                    ; Untyped             ;
; CLK7_COUNTER                  ; E1                    ; Untyped             ;
; CLK8_COUNTER                  ; E2                    ; Untyped             ;
; CLK9_COUNTER                  ; E3                    ; Untyped             ;
; L0_TIME_DELAY                 ; 0                     ; Untyped             ;
; L1_TIME_DELAY                 ; 0                     ; Untyped             ;
; G0_TIME_DELAY                 ; 0                     ; Untyped             ;
; G1_TIME_DELAY                 ; 0                     ; Untyped             ;
; G2_TIME_DELAY                 ; 0                     ; Untyped             ;
; G3_TIME_DELAY                 ; 0                     ; Untyped             ;
; E0_TIME_DELAY                 ; 0                     ; Untyped             ;
; E1_TIME_DELAY                 ; 0                     ; Untyped             ;
; E2_TIME_DELAY                 ; 0                     ; Untyped             ;
; E3_TIME_DELAY                 ; 0                     ; Untyped             ;
; M_TIME_DELAY                  ; 0                     ; Untyped             ;
; N_TIME_DELAY                  ; 0                     ; Untyped             ;
; EXTCLK3_COUNTER               ; E3                    ; Untyped             ;
; EXTCLK2_COUNTER               ; E2                    ; Untyped             ;
; EXTCLK1_COUNTER               ; E1                    ; Untyped             ;
; EXTCLK0_COUNTER               ; E0                    ; Untyped             ;
; ENABLE0_COUNTER               ; L0                    ; Untyped             ;
; ENABLE1_COUNTER               ; L0                    ; Untyped             ;
; CHARGE_PUMP_CURRENT           ; 2                     ; Untyped             ;
; LOOP_FILTER_R                 ;  1.000000             ; Untyped             ;
; LOOP_FILTER_C                 ; 5                     ; Untyped             ;
; CHARGE_PUMP_CURRENT_BITS      ; 9999                  ; Untyped             ;
; LOOP_FILTER_R_BITS            ; 9999                  ; Untyped             ;
; LOOP_FILTER_C_BITS            ; 9999                  ; Untyped             ;
; VCO_POST_SCALE                ; 0                     ; Untyped             ;
; CLK2_OUTPUT_FREQUENCY         ; 0                     ; Untyped             ;
; CLK1_OUTPUT_FREQUENCY         ; 0                     ; Untyped             ;
; CLK0_OUTPUT_FREQUENCY         ; 0                     ; Untyped             ;
; INTENDED_DEVICE_FAMILY        ; MAX 10                ; Untyped             ;
; PORT_CLKENA0                  ; PORT_UNUSED           ; Untyped             ;
; PORT_CLKENA1                  ; PORT_UNUSED           ; Untyped             ;
; PORT_CLKENA2                  ; PORT_UNUSED           ; Untyped             ;
; PORT_CLKENA3                  ; PORT_UNUSED           ; Untyped             ;
; PORT_CLKENA4                  ; PORT_UNUSED           ; Untyped             ;
; PORT_CLKENA5                  ; PORT_UNUSED           ; Untyped             ;
; PORT_EXTCLKENA0               ; PORT_CONNECTIVITY     ; Untyped             ;
; PORT_EXTCLKENA1               ; PORT_CONNECTIVITY     ; Untyped             ;
; PORT_EXTCLKENA2               ; PORT_CONNECTIVITY     ; Untyped             ;
; PORT_EXTCLKENA3               ; PORT_CONNECTIVITY     ; Untyped             ;
; PORT_EXTCLK0                  ; PORT_UNUSED           ; Untyped             ;
; PORT_EXTCLK1                  ; PORT_UNUSED           ; Untyped             ;
; PORT_EXTCLK2                  ; PORT_UNUSED           ; Untyped             ;
; PORT_EXTCLK3                  ; PORT_UNUSED           ; Untyped             ;
; PORT_CLKBAD0                  ; PORT_UNUSED           ; Untyped             ;
; PORT_CLKBAD1                  ; PORT_UNUSED           ; Untyped             ;
; PORT_CLK0                     ; PORT_USED             ; Untyped             ;
; PORT_CLK1                     ; PORT_USED             ; Untyped             ;
; PORT_CLK2                     ; PORT_UNUSED           ; Untyped             ;
; PORT_CLK3                     ; PORT_UNUSED           ; Untyped             ;
; PORT_CLK4                     ; PORT_UNUSED           ; Untyped             ;
; PORT_CLK5                     ; PORT_UNUSED           ; Untyped             ;
; PORT_CLK6                     ; PORT_UNUSED           ; Untyped             ;
; PORT_CLK7                     ; PORT_UNUSED           ; Untyped             ;
; PORT_CLK8                     ; PORT_UNUSED           ; Untyped             ;
; PORT_CLK9                     ; PORT_UNUSED           ; Untyped             ;
; PORT_SCANDATA                 ; PORT_UNUSED           ; Untyped             ;
; PORT_SCANDATAOUT              ; PORT_UNUSED           ; Untyped             ;
; PORT_SCANDONE                 ; PORT_UNUSED           ; Untyped             ;
; PORT_SCLKOUT1                 ; PORT_CONNECTIVITY     ; Untyped             ;
; PORT_SCLKOUT0                 ; PORT_CONNECTIVITY     ; Untyped             ;
; PORT_ACTIVECLOCK              ; PORT_UNUSED           ; Untyped             ;
; PORT_CLKLOSS                  ; PORT_UNUSED           ; Untyped             ;
; PORT_INCLK1                   ; PORT_UNUSED           ; Untyped             ;
; PORT_INCLK0                   ; PORT_USED             ; Untyped             ;
; PORT_FBIN                     ; PORT_UNUSED           ; Untyped             ;
; PORT_PLLENA                   ; PORT_UNUSED           ; Untyped             ;
; PORT_CLKSWITCH                ; PORT_UNUSED           ; Untyped             ;
; PORT_ARESET                   ; PORT_USED             ; Untyped             ;
; PORT_PFDENA                   ; PORT_UNUSED           ; Untyped             ;
; PORT_SCANCLK                  ; PORT_UNUSED           ; Untyped             ;
; PORT_SCANACLR                 ; PORT_UNUSED           ; Untyped             ;
; PORT_SCANREAD                 ; PORT_UNUSED           ; Untyped             ;
; PORT_SCANWRITE                ; PORT_UNUSED           ; Untyped             ;
; PORT_ENABLE0                  ; PORT_CONNECTIVITY     ; Untyped             ;
; PORT_ENABLE1                  ; PORT_CONNECTIVITY     ; Untyped             ;
; PORT_LOCKED                   ; PORT_USED             ; Untyped             ;
; PORT_CONFIGUPDATE             ; PORT_UNUSED           ; Untyped             ;
; PORT_FBOUT                    ; PORT_CONNECTIVITY     ; Untyped             ;
; PORT_PHASEDONE                ; PORT_UNUSED           ; Untyped             ;
; PORT_PHASESTEP                ; PORT_UNUSED           ; Untyped             ;
; PORT_PHASEUPDOWN              ; PORT_UNUSED           ; Untyped             ;
; PORT_SCANCLKENA               ; PORT_UNUSED           ; Untyped             ;
; PORT_PHASECOUNTERSELECT       ; PORT_UNUSED           ; Untyped             ;
; PORT_VCOOVERRANGE             ; PORT_CONNECTIVITY     ; Untyped             ;
; PORT_VCOUNDERRANGE            ; PORT_CONNECTIVITY     ; Untyped             ;
; M_TEST_SOURCE                 ; 5                     ; Untyped             ;
; C0_TEST_SOURCE                ; 5                     ; Untyped             ;
; C1_TEST_SOURCE                ; 5                     ; Untyped             ;
; C2_TEST_SOURCE                ; 5                     ; Untyped             ;
; C3_TEST_SOURCE                ; 5                     ; Untyped             ;
; C4_TEST_SOURCE                ; 5                     ; Untyped             ;
; C5_TEST_SOURCE                ; 5                     ; Untyped             ;
; C6_TEST_SOURCE                ; 5                     ; Untyped             ;
; C7_TEST_SOURCE                ; 5                     ; Untyped             ;
; C8_TEST_SOURCE                ; 5                     ; Untyped             ;
; C9_TEST_SOURCE                ; 5                     ; Untyped             ;
; CBXI_PARAMETER                ; pll_altpll            ; Untyped             ;
; VCO_FREQUENCY_CONTROL         ; AUTO                  ; Untyped             ;
; VCO_PHASE_SHIFT_STEP          ; 0                     ; Untyped             ;
; WIDTH_CLOCK                   ; 5                     ; Signed Integer      ;
; WIDTH_PHASECOUNTERSELECT      ; 4                     ; Untyped             ;
; USING_FBMIMICBIDIR_PORT       ; OFF                   ; Untyped             ;
; DEVICE_FAMILY                 ; MAX 10                ; Untyped             ;
; SCAN_CHAIN_MIF_FILE           ; UNUSED                ; Untyped             ;
; SIM_GATE_LOCK_DEVICE_BEHAVIOR ; OFF                   ; Untyped             ;
; AUTO_CARRY_CHAINS             ; ON                    ; AUTO_CARRY          ;
; IGNORE_CARRY_BUFFERS          ; OFF                   ; IGNORE_CARRY        ;
; AUTO_CASCADE_CHAINS           ; ON                    ; AUTO_CASCADE        ;
; IGNORE_CASCADE_BUFFERS        ; OFF                   ; IGNORE_CASCADE      ;
+-------------------------------+-----------------------+---------------------+
Note: In order to hide this table in the UI and the text report file, please set the "Show Parameter Settings in Synthesis Report" option in "Analysis and Synthesis Settings -> More Settings" to "Off".


+------------------------------------------------------------------------------------------------+
; Parameter Settings for User Entity Instance: UARTSampler:U5|my_fifo:U2|dcfifo:dcfifo_component ;
+-------------------------+-------------+--------------------------------------------------------+
; Parameter Name          ; Value       ; Type                                                   ;
+-------------------------+-------------+--------------------------------------------------------+
; WIDTH_BYTEENA           ; 1           ; Untyped                                                ;
; AUTO_CARRY_CHAINS       ; ON          ; AUTO_CARRY                                             ;
; IGNORE_CARRY_BUFFERS    ; OFF         ; IGNORE_CARRY                                           ;
; AUTO_CASCADE_CHAINS     ; ON          ; AUTO_CASCADE                                           ;
; IGNORE_CASCADE_BUFFERS  ; OFF         ; IGNORE_CASCADE                                         ;
; LPM_WIDTH               ; 1           ; Signed Integer                                         ;
; LPM_NUMWORDS            ; 8           ; Signed Integer                                         ;
; LPM_WIDTHU              ; 3           ; Signed Integer                                         ;
; LPM_SHOWAHEAD           ; OFF         ; Untyped                                                ;
; UNDERFLOW_CHECKING      ; ON          ; Untyped                                                ;
; OVERFLOW_CHECKING       ; ON          ; Untyped                                                ;
; USE_EAB                 ; ON          ; Untyped                                                ;
; ADD_RAM_OUTPUT_REGISTER ; OFF         ; Untyped                                                ;
; ENABLE_ECC              ; FALSE       ; Untyped                                                ;
; DELAY_RDUSEDW           ; 1           ; Untyped                                                ;
; DELAY_WRUSEDW           ; 1           ; Untyped                                                ;
; RDSYNC_DELAYPIPE        ; 4           ; Signed Integer                                         ;
; WRSYNC_DELAYPIPE        ; 4           ; Signed Integer                                         ;
; CLOCKS_ARE_SYNCHRONIZED ; FALSE       ; Untyped                                                ;
; MAXIMIZE_SPEED          ; 5           ; Untyped                                                ;
; DEVICE_FAMILY           ; MAX 10      ; Untyped                                                ;
; ADD_USEDW_MSB_BIT       ; OFF         ; Untyped                                                ;
; WRITE_ACLR_SYNCH        ; OFF         ; Untyped                                                ;
; READ_ACLR_SYNCH         ; OFF         ; Untyped                                                ;
; CBXI_PARAMETER          ; dcfifo_14e1 ; Untyped                                                ;
+-------------------------+-------------+--------------------------------------------------------+
Note: In order to hide this table in the UI and the text report file, please set the "Show Parameter Settings in Synthesis Report" option in "Analysis and Synthesis Settings -> More Settings" to "Off".


+----------------------------------------------------------------+
; altpll Parameter Settings by Entity Instance                   ;
+-------------------------------+--------------------------------+
; Name                          ; Value                          ;
+-------------------------------+--------------------------------+
; Number of entity instances    ; 1                              ;
; Entity Instance               ; pll:U1|altpll:altpll_component ;
;     -- OPERATION_MODE         ; NORMAL                         ;
;     -- PLL_TYPE               ; AUTO                           ;
;     -- PRIMARY_CLOCK          ; INCLK0                         ;
;     -- INCLK0_INPUT_FREQUENCY ; 20000                          ;
;     -- INCLK1_INPUT_FREQUENCY ; 0                              ;
;     -- VCO_MULTIPLY_BY        ; 0                              ;
;     -- VCO_DIVIDE_BY          ; 0                              ;
+-------------------------------+--------------------------------+


+--------------------------------------------------------------------------------+
; dcfifo Parameter Settings by Entity Instance                                   ;
+----------------------------+---------------------------------------------------+
; Name                       ; Value                                             ;
+----------------------------+---------------------------------------------------+
; Number of entity instances ; 1                                                 ;
; Entity Instance            ; UARTSampler:U5|my_fifo:U2|dcfifo:dcfifo_component ;
;     -- FIFO Type           ; Dual Clock                                        ;
;     -- LPM_WIDTH           ; 1                                                 ;
;     -- LPM_NUMWORDS        ; 8                                                 ;
;     -- LPM_SHOWAHEAD       ; OFF                                               ;
;     -- USE_EAB             ; ON                                                ;
+----------------------------+---------------------------------------------------+


+------------------------------------------------------------------------------------------------------------------+
; Port Connectivity Checks: "UARTSampler:U5|my_fifo:U2"                                                            ;
+--------+--------+----------+-------------------------------------------------------------------------------------+
; Port   ; Type   ; Severity ; Details                                                                             ;
+--------+--------+----------+-------------------------------------------------------------------------------------+
; rdreq  ; Input  ; Info     ; Stuck at VCC                                                                        ;
; wrfull ; Output ; Info     ; Connected to dangling logic. Logic that only feeds a dangling port will be removed. ;
+--------+--------+----------+-------------------------------------------------------------------------------------+


+------------------------------------------------------------------------------------------------------------------+
; Port Connectivity Checks: "pll:U1"                                                                               ;
+--------+--------+----------+-------------------------------------------------------------------------------------+
; Port   ; Type   ; Severity ; Details                                                                             ;
+--------+--------+----------+-------------------------------------------------------------------------------------+
; areset ; Input  ; Info     ; Stuck at GND                                                                        ;
; locked ; Output ; Info     ; Connected to dangling logic. Logic that only feeds a dangling port will be removed. ;
+--------+--------+----------+-------------------------------------------------------------------------------------+


+-----------------------------------------------------+
; Post-Synthesis Netlist Statistics for Top Partition ;
+-----------------------+-----------------------------+
; Type                  ; Count                       ;
+-----------------------+-----------------------------+
; boundary_port         ; 126                         ;
; cycloneiii_ff         ; 213                         ;
;     CLR               ; 2                           ;
;     ENA               ; 77                          ;
;     ENA CLR SCLR      ; 64                          ;
;     plain             ; 70                          ;
; cycloneiii_io_obuf    ; 53                          ;
; cycloneiii_lcell_comb ; 323                         ;
;     arith             ; 185                         ;
;         2 data inputs ; 153                         ;
;         3 data inputs ; 32                          ;
;     normal            ; 138                         ;
;         0 data inputs ; 1                           ;
;         1 data inputs ; 12                          ;
;         2 data inputs ; 44                          ;
;         3 data inputs ; 20                          ;
;         4 data inputs ; 61                          ;
; cycloneiii_pll        ; 1                           ;
; cycloneiii_ram_block  ; 1                           ;
;                       ;                             ;
; Max LUT depth         ; 6.00                        ;
; Average LUT depth     ; 3.56                        ;
+-----------------------+-----------------------------+


+-------------------------------+
; Elapsed Time Per Partition    ;
+----------------+--------------+
; Partition Name ; Elapsed Time ;
+----------------+--------------+
; Top            ; 00:00:00     ;
+----------------+--------------+


+-------------------------------+
; Analysis & Synthesis Messages ;
+-------------------------------+
Info: *******************************************************************
Info: Running Quartus Prime Analysis & Synthesis
    Info: Version 24.1std.0 Build 1077 03/04/2025 SC Lite Edition
    Info: Processing started: Fri Jan  9 13:16:53 2026
Info: Command: quartus_map --read_settings_files=on --write_settings_files=off Lab1UART -c Lab1UART
Warning (18236): Number of processors has not been specified which may cause overloading on shared machines.  Set the global assignment NUM_PARALLEL_PROCESSORS in your QSF to an appropriate value for best performance.
Info (20030): Parallel compilation is enabled and will use 14 of the 14 processors detected
Info (12021): Found 2 design units, including 1 entities, in source file lab1uart.vhd
    Info (12022): Found design unit 1: Lab1UART-Behavioral File: C:/Users/A02395949/Documents/advanced/Lab1UART/Lab1UART.vhd Line: 29
    Info (12023): Found entity 1: Lab1UART File: C:/Users/A02395949/Documents/advanced/Lab1UART/Lab1UART.vhd Line: 6
Info (12021): Found 2 design units, including 1 entities, in source file pll.vhd
    Info (12022): Found design unit 1: pll-SYN File: C:/Users/A02395949/Documents/advanced/Lab1UART/pll.vhd Line: 55
    Info (12023): Found entity 1: pll File: C:/Users/A02395949/Documents/advanced/Lab1UART/pll.vhd Line: 43
Info (12021): Found 2 design units, including 1 entities, in source file my_fifo.vhd
    Info (12022): Found design unit 1: my_fifo-SYN File: C:/Users/A02395949/Documents/advanced/Lab1UART/my_fifo.vhd Line: 58
    Info (12023): Found entity 1: my_fifo File: C:/Users/A02395949/Documents/advanced/Lab1UART/my_fifo.vhd Line: 43
Info (12021): Found 2 design units, including 1 entities, in source file uartsampler.vhd
    Info (12022): Found design unit 1: UARTSampler-Behavioral File: C:/Users/A02395949/Documents/advanced/Lab1UART/UARTSampler.vhd Line: 20
    Info (12023): Found entity 1: UARTSampler File: C:/Users/A02395949/Documents/advanced/Lab1UART/UARTSampler.vhd Line: 6
Info (12021): Found 2 design units, including 1 entities, in source file characterconvertor.vhd
    Info (12022): Found design unit 1: CharacterConvertor-Behavioral File: C:/Users/A02395949/Documents/advanced/Lab1UART/CharacterConvertor.vhd Line: 14
    Info (12023): Found entity 1: CharacterConvertor File: C:/Users/A02395949/Documents/advanced/Lab1UART/CharacterConvertor.vhd Line: 6
Info (12021): Found 2 design units, including 1 entities, in source file uart_recv.vhd
    Info (12022): Found design unit 1: uart_recv-Behavioral File: C:/Users/A02395949/Documents/advanced/Lab1UART/uart_recv.vhd Line: 18
    Info (12023): Found entity 1: uart_recv File: C:/Users/A02395949/Documents/advanced/Lab1UART/uart_recv.vhd Line: 6
Info (12021): Found 2 design units, including 1 entities, in source file uart_trans.vhd
    Info (12022): Found design unit 1: UART_trans-Behavioral File: C:/Users/A02395949/Documents/advanced/Lab1UART/UART_trans.vhd Line: 19
    Info (12023): Found entity 1: UART_trans File: C:/Users/A02395949/Documents/advanced/Lab1UART/UART_trans.vhd Line: 6
Info (12127): Elaborating entity "Lab1UART" for the top level hierarchy
Warning (10541): VHDL Signal Declaration warning at Lab1UART.vhd(13): used implicit default value for signal "HEX0" because signal was never assigned a value or an explicit default value. Use of implicit default value may introduce unintended design optimizations. File: C:/Users/A02395949/Documents/advanced/Lab1UART/Lab1UART.vhd Line: 13
Warning (10541): VHDL Signal Declaration warning at Lab1UART.vhd(14): used implicit default value for signal "HEX1" because signal was never assigned a value or an explicit default value. Use of implicit default value may introduce unintended design optimizations. File: C:/Users/A02395949/Documents/advanced/Lab1UART/Lab1UART.vhd Line: 14
Warning (10541): VHDL Signal Declaration warning at Lab1UART.vhd(15): used implicit default value for signal "HEX2" because signal was never assigned a value or an explicit default value. Use of implicit default value may introduce unintended design optimizations. File: C:/Users/A02395949/Documents/advanced/Lab1UART/Lab1UART.vhd Line: 15
Warning (10541): VHDL Signal Declaration warning at Lab1UART.vhd(16): used implicit default value for signal "HEX3" because signal was never assigned a value or an explicit default value. Use of implicit default value may introduce unintended design optimizations. File: C:/Users/A02395949/Documents/advanced/Lab1UART/Lab1UART.vhd Line: 16
Warning (10541): VHDL Signal Declaration warning at Lab1UART.vhd(17): used implicit default value for signal "HEX4" because signal was never assigned a value or an explicit default value. Use of implicit default value may introduce unintended design optimizations. File: C:/Users/A02395949/Documents/advanced/Lab1UART/Lab1UART.vhd Line: 17
Warning (10541): VHDL Signal Declaration warning at Lab1UART.vhd(18): used implicit default value for signal "HEX5" because signal was never assigned a value or an explicit default value. Use of implicit default value may introduce unintended design optimizations. File: C:/Users/A02395949/Documents/advanced/Lab1UART/Lab1UART.vhd Line: 18
Warning (10541): VHDL Signal Declaration warning at Lab1UART.vhd(19): used implicit default value for signal "LEDR" because signal was never assigned a value or an explicit default value. Use of implicit default value may introduce unintended design optimizations. File: C:/Users/A02395949/Documents/advanced/Lab1UART/Lab1UART.vhd Line: 19
Warning (10540): VHDL Signal Declaration warning at Lab1UART.vhd(34): used explicit default value for signal "areset" because signal was never assigned a value File: C:/Users/A02395949/Documents/advanced/Lab1UART/Lab1UART.vhd Line: 34
Warning (10036): Verilog HDL or VHDL warning at Lab1UART.vhd(37): object "locked" assigned a value but never read File: C:/Users/A02395949/Documents/advanced/Lab1UART/Lab1UART.vhd Line: 37
Info (12128): Elaborating entity "pll" for hierarchy "pll:U1" File: C:/Users/A02395949/Documents/advanced/Lab1UART/Lab1UART.vhd Line: 49
Info (12128): Elaborating entity "altpll" for hierarchy "pll:U1|altpll:altpll_component" File: C:/Users/A02395949/Documents/advanced/Lab1UART/pll.vhd Line: 149
Info (12130): Elaborated megafunction instantiation "pll:U1|altpll:altpll_component" File: C:/Users/A02395949/Documents/advanced/Lab1UART/pll.vhd Line: 149
Info (12133): Instantiated megafunction "pll:U1|altpll:altpll_component" with the following parameter: File: C:/Users/A02395949/Documents/advanced/Lab1UART/pll.vhd Line: 149
    Info (12134): Parameter "bandwidth_type" = "AUTO"
    Info (12134): Parameter "clk0_divide_by" = "15625"
    Info (12134): Parameter "clk0_duty_cycle" = "50"
    Info (12134): Parameter "clk0_multiply_by" = "48"
    Info (12134): Parameter "clk0_phase_shift" = "0"
    Info (12134): Parameter "clk1_divide_by" = "15625"
    Info (12134): Parameter "clk1_duty_cycle" = "50"
    Info (12134): Parameter "clk1_multiply_by" = "6"
    Info (12134): Parameter "clk1_phase_shift" = "0"
    Info (12134): Parameter "compensate_clock" = "CLK0"
    Info (12134): Parameter "inclk0_input_frequency" = "20000"
    Info (12134): Parameter "intended_device_family" = "MAX 10"
    Info (12134): Parameter "lpm_hint" = "CBX_MODULE_PREFIX=pll"
    Info (12134): Parameter "lpm_type" = "altpll"
    Info (12134): Parameter "operation_mode" = "NORMAL"
    Info (12134): Parameter "pll_type" = "AUTO"
    Info (12134): Parameter "port_activeclock" = "PORT_UNUSED"
    Info (12134): Parameter "port_areset" = "PORT_USED"
    Info (12134): Parameter "port_clkbad0" = "PORT_UNUSED"
    Info (12134): Parameter "port_clkbad1" = "PORT_UNUSED"
    Info (12134): Parameter "port_clkloss" = "PORT_UNUSED"
    Info (12134): Parameter "port_clkswitch" = "PORT_UNUSED"
    Info (12134): Parameter "port_configupdate" = "PORT_UNUSED"
    Info (12134): Parameter "port_fbin" = "PORT_UNUSED"
    Info (12134): Parameter "port_inclk0" = "PORT_USED"
    Info (12134): Parameter "port_inclk1" = "PORT_UNUSED"
    Info (12134): Parameter "port_locked" = "PORT_USED"
    Info (12134): Parameter "port_pfdena" = "PORT_UNUSED"
    Info (12134): Parameter "port_phasecounterselect" = "PORT_UNUSED"
    Info (12134): Parameter "port_phasedone" = "PORT_UNUSED"
    Info (12134): Parameter "port_phasestep" = "PORT_UNUSED"
    Info (12134): Parameter "port_phaseupdown" = "PORT_UNUSED"
    Info (12134): Parameter "port_pllena" = "PORT_UNUSED"
    Info (12134): Parameter "port_scanaclr" = "PORT_UNUSED"
    Info (12134): Parameter "port_scanclk" = "PORT_UNUSED"
    Info (12134): Parameter "port_scanclkena" = "PORT_UNUSED"
    Info (12134): Parameter "port_scandata" = "PORT_UNUSED"
    Info (12134): Parameter "port_scandataout" = "PORT_UNUSED"
    Info (12134): Parameter "port_scandone" = "PORT_UNUSED"
    Info (12134): Parameter "port_scanread" = "PORT_UNUSED"
    Info (12134): Parameter "port_scanwrite" = "PORT_UNUSED"
    Info (12134): Parameter "port_clk0" = "PORT_USED"
    Info (12134): Parameter "port_clk1" = "PORT_USED"
    Info (12134): Parameter "port_clk2" = "PORT_UNUSED"
    Info (12134): Parameter "port_clk3" = "PORT_UNUSED"
    Info (12134): Parameter "port_clk4" = "PORT_UNUSED"
    Info (12134): Parameter "port_clk5" = "PORT_UNUSED"
    Info (12134): Parameter "port_clkena0" = "PORT_UNUSED"
    Info (12134): Parameter "port_clkena1" = "PORT_UNUSED"
    Info (12134): Parameter "port_clkena2" = "PORT_UNUSED"
    Info (12134): Parameter "port_clkena3" = "PORT_UNUSED"
    Info (12134): Parameter "port_clkena4" = "PORT_UNUSED"
    Info (12134): Parameter "port_clkena5" = "PORT_UNUSED"
    Info (12134): Parameter "port_extclk0" = "PORT_UNUSED"
    Info (12134): Parameter "port_extclk1" = "PORT_UNUSED"
    Info (12134): Parameter "port_extclk2" = "PORT_UNUSED"
    Info (12134): Parameter "port_extclk3" = "PORT_UNUSED"
    Info (12134): Parameter "self_reset_on_loss_lock" = "OFF"
    Info (12134): Parameter "width_clock" = "5"
Info (12021): Found 1 design units, including 1 entities, in source file db/pll_altpll.v
    Info (12023): Found entity 1: pll_altpll File: C:/Users/A02395949/Documents/advanced/Lab1UART/db/pll_altpll.v Line: 31
Info (12128): Elaborating entity "pll_altpll" for hierarchy "pll:U1|altpll:altpll_component|pll_altpll:auto_generated" File: c:/intelfpga/20.1/quartus/libraries/megafunctions/altpll.tdf Line: 898
Info (12128): Elaborating entity "uart_recv" for hierarchy "uart_recv:U2" File: C:/Users/A02395949/Documents/advanced/Lab1UART/Lab1UART.vhd Line: 59
Warning (10492): VHDL Process Statement warning at uart_recv.vhd(62): signal "data" is read inside the Process Statement but isn't in the Process Statement's sensitivity list File: C:/Users/A02395949/Documents/advanced/Lab1UART/uart_recv.vhd Line: 62
Info (12128): Elaborating entity "UART_trans" for hierarchy "UART_trans:U3" File: C:/Users/A02395949/Documents/advanced/Lab1UART/Lab1UART.vhd Line: 69
Info (12128): Elaborating entity "CharacterConvertor" for hierarchy "CharacterConvertor:U4" File: C:/Users/A02395949/Documents/advanced/Lab1UART/Lab1UART.vhd Line: 80
Info (12128): Elaborating entity "UARTSampler" for hierarchy "UARTSampler:U5" File: C:/Users/A02395949/Documents/advanced/Lab1UART/Lab1UART.vhd Line: 87
Warning (10036): Verilog HDL or VHDL warning at UARTSampler.vhd(25): object "wrfull" assigned a value but never read File: C:/Users/A02395949/Documents/advanced/Lab1UART/UARTSampler.vhd Line: 25
Info (12128): Elaborating entity "my_fifo" for hierarchy "UARTSampler:U5|my_fifo:U2" File: C:/Users/A02395949/Documents/advanced/Lab1UART/UARTSampler.vhd Line: 34
Info (12128): Elaborating entity "dcfifo" for hierarchy "UARTSampler:U5|my_fifo:U2|dcfifo:dcfifo_component" File: C:/Users/A02395949/Documents/advanced/Lab1UART/my_fifo.vhd Line: 97
Info (12130): Elaborated megafunction instantiation "UARTSampler:U5|my_fifo:U2|dcfifo:dcfifo_component" File: C:/Users/A02395949/Documents/advanced/Lab1UART/my_fifo.vhd Line: 97
Info (12133): Instantiated megafunction "UARTSampler:U5|my_fifo:U2|dcfifo:dcfifo_component" with the following parameter: File: C:/Users/A02395949/Documents/advanced/Lab1UART/my_fifo.vhd Line: 97
    Info (12134): Parameter "intended_device_family" = "MAX 10"
    Info (12134): Parameter "lpm_numwords" = "8"
    Info (12134): Parameter "lpm_showahead" = "OFF"
    Info (12134): Parameter "lpm_type" = "dcfifo"
    Info (12134): Parameter "lpm_width" = "1"
    Info (12134): Parameter "lpm_widthu" = "3"
    Info (12134): Parameter "overflow_checking" = "ON"
    Info (12134): Parameter "rdsync_delaypipe" = "4"
    Info (12134): Parameter "underflow_checking" = "ON"
    Info (12134): Parameter "use_eab" = "ON"
    Info (12134): Parameter "wrsync_delaypipe" = "4"
Info (12021): Found 1 design units, including 1 entities, in source file db/dcfifo_14e1.tdf
    Info (12023): Found entity 1: dcfifo_14e1 File: C:/Users/A02395949/Documents/advanced/Lab1UART/db/dcfifo_14e1.tdf Line: 37
Info (12128): Elaborating entity "dcfifo_14e1" for hierarchy "UARTSampler:U5|my_fifo:U2|dcfifo:dcfifo_component|dcfifo_14e1:auto_generated" File: c:/intelfpga/20.1/quartus/libraries/megafunctions/dcfifo.tdf Line: 191
Info (12021): Found 1 design units, including 1 entities, in source file db/a_graycounter_c26.tdf
    Info (12023): Found entity 1: a_graycounter_c26 File: C:/Users/A02395949/Documents/advanced/Lab1UART/db/a_graycounter_c26.tdf Line: 25
Info (12128): Elaborating entity "a_graycounter_c26" for hierarchy "UARTSampler:U5|my_fifo:U2|dcfifo:dcfifo_component|dcfifo_14e1:auto_generated|a_graycounter_c26:rdptr_g1p" File: C:/Users/A02395949/Documents/advanced/Lab1UART/db/dcfifo_14e1.tdf Line: 49
Info (12021): Found 1 design units, including 1 entities, in source file db/a_graycounter_8gb.tdf
    Info (12023): Found entity 1: a_graycounter_8gb File: C:/Users/A02395949/Documents/advanced/Lab1UART/db/a_graycounter_8gb.tdf Line: 25
Info (12128): Elaborating entity "a_graycounter_8gb" for hierarchy "UARTSampler:U5|my_fifo:U2|dcfifo:dcfifo_component|dcfifo_14e1:auto_generated|a_graycounter_8gb:wrptr_g1p" File: C:/Users/A02395949/Documents/advanced/Lab1UART/db/dcfifo_14e1.tdf Line: 50
Info (12021): Found 1 design units, including 1 entities, in source file db/altsyncram_2j31.tdf
    Info (12023): Found entity 1: altsyncram_2j31 File: C:/Users/A02395949/Documents/advanced/Lab1UART/db/altsyncram_2j31.tdf Line: 28
Info (12128): Elaborating entity "altsyncram_2j31" for hierarchy "UARTSampler:U5|my_fifo:U2|dcfifo:dcfifo_component|dcfifo_14e1:auto_generated|altsyncram_2j31:fifo_ram" File: C:/Users/A02395949/Documents/advanced/Lab1UART/db/dcfifo_14e1.tdf Line: 51
Info (12021): Found 1 design units, including 1 entities, in source file db/alt_synch_pipe_c9l.tdf
    Info (12023): Found entity 1: alt_synch_pipe_c9l File: C:/Users/A02395949/Documents/advanced/Lab1UART/db/alt_synch_pipe_c9l.tdf Line: 27
Info (12128): Elaborating entity "alt_synch_pipe_c9l" for hierarchy "UARTSampler:U5|my_fifo:U2|dcfifo:dcfifo_component|dcfifo_14e1:auto_generated|alt_synch_pipe_c9l:rs_dgwp" File: C:/Users/A02395949/Documents/advanced/Lab1UART/db/dcfifo_14e1.tdf Line: 58
Info (12021): Found 1 design units, including 1 entities, in source file db/dffpipe_tu8.tdf
    Info (12023): Found entity 1: dffpipe_tu8 File: C:/Users/A02395949/Documents/advanced/Lab1UART/db/dffpipe_tu8.tdf Line: 25
Info (12128): Elaborating entity "dffpipe_tu8" for hierarchy "UARTSampler:U5|my_fifo:U2|dcfifo:dcfifo_component|dcfifo_14e1:auto_generated|alt_synch_pipe_c9l:rs_dgwp|dffpipe_tu8:dffpipe10" File: C:/Users/A02395949/Documents/advanced/Lab1UART/db/alt_synch_pipe_c9l.tdf Line: 34
Info (12021): Found 1 design units, including 1 entities, in source file db/alt_synch_pipe_d9l.tdf
    Info (12023): Found entity 1: alt_synch_pipe_d9l File: C:/Users/A02395949/Documents/advanced/Lab1UART/db/alt_synch_pipe_d9l.tdf Line: 27
Info (12128): Elaborating entity "alt_synch_pipe_d9l" for hierarchy "UARTSampler:U5|my_fifo:U2|dcfifo:dcfifo_component|dcfifo_14e1:auto_generated|alt_synch_pipe_d9l:ws_dgrp" File: C:/Users/A02395949/Documents/advanced/Lab1UART/db/dcfifo_14e1.tdf Line: 59
Info (12021): Found 1 design units, including 1 entities, in source file db/dffpipe_uu8.tdf
    Info (12023): Found entity 1: dffpipe_uu8 File: C:/Users/A02395949/Documents/advanced/Lab1UART/db/dffpipe_uu8.tdf Line: 25
Info (12128): Elaborating entity "dffpipe_uu8" for hierarchy "UARTSampler:U5|my_fifo:U2|dcfifo:dcfifo_component|dcfifo_14e1:auto_generated|alt_synch_pipe_d9l:ws_dgrp|dffpipe_uu8:dffpipe13" File: C:/Users/A02395949/Documents/advanced/Lab1UART/db/alt_synch_pipe_d9l.tdf Line: 34
Info (12021): Found 1 design units, including 1 entities, in source file db/cmpr_0h5.tdf
    Info (12023): Found entity 1: cmpr_0h5 File: C:/Users/A02395949/Documents/advanced/Lab1UART/db/cmpr_0h5.tdf Line: 23
Info (12128): Elaborating entity "cmpr_0h5" for hierarchy "UARTSampler:U5|my_fifo:U2|dcfifo:dcfifo_component|dcfifo_14e1:auto_generated|cmpr_0h5:rdempty_eq_comp" File: C:/Users/A02395949/Documents/advanced/Lab1UART/db/dcfifo_14e1.tdf Line: 60
Warning (13034): The following nodes have both tri-state and non-tri-state drivers
    Warning (13035): Inserted always-enabled tri-state buffer between "GPIO[1]" and its non-tri-state driver. File: C:/Users/A02395949/Documents/advanced/Lab1UART/Lab1UART.vhd Line: 23
Warning (13039): The following bidirectional pins have no drivers
    Warning (13040): bidirectional pin "GPIO[0]" has no driver File: C:/Users/A02395949/Documents/advanced/Lab1UART/Lab1UART.vhd Line: 23
    Warning (13040): bidirectional pin "ARDUINO_IO[0]" has no driver File: C:/Users/A02395949/Documents/advanced/Lab1UART/Lab1UART.vhd Line: 21
    Warning (13040): bidirectional pin "ARDUINO_IO[1]" has no driver File: C:/Users/A02395949/Documents/advanced/Lab1UART/Lab1UART.vhd Line: 21
    Warning (13040): bidirectional pin "ARDUINO_IO[2]" has no driver File: C:/Users/A02395949/Documents/advanced/Lab1UART/Lab1UART.vhd Line: 21
    Warning (13040): bidirectional pin "ARDUINO_IO[3]" has no driver File: C:/Users/A02395949/Documents/advanced/Lab1UART/Lab1UART.vhd Line: 21
    Warning (13040): bidirectional pin "ARDUINO_IO[4]" has no driver File: C:/Users/A02395949/Documents/advanced/Lab1UART/Lab1UART.vhd Line: 21
    Warning (13040): bidirectional pin "ARDUINO_IO[5]" has no driver File: C:/Users/A02395949/Documents/advanced/Lab1UART/Lab1UART.vhd Line: 21
    Warning (13040): bidirectional pin "ARDUINO_IO[6]" has no driver File: C:/Users/A02395949/Documents/advanced/Lab1UART/Lab1UART.vhd Line: 21
    Warning (13040): bidirectional pin "ARDUINO_IO[7]" has no driver File: C:/Users/A02395949/Documents/advanced/Lab1UART/Lab1UART.vhd Line: 21
    Warning (13040): bidirectional pin "ARDUINO_IO[8]" has no driver File: C:/Users/A02395949/Documents/advanced/Lab1UART/Lab1UART.vhd Line: 21
    Warning (13040): bidirectional pin "ARDUINO_IO[9]" has no driver File: C:/Users/A02395949/Documents/advanced/Lab1UART/Lab1UART.vhd Line: 21
    Warning (13040): bidirectional pin "ARDUINO_IO[10]" has no driver File: C:/Users/A02395949/Documents/advanced/Lab1UART/Lab1UART.vhd Line: 21
    Warning (13040): bidirectional pin "ARDUINO_IO[11]" has no driver File: C:/Users/A02395949/Documents/advanced/Lab1UART/Lab1UART.vhd Line: 21
    Warning (13040): bidirectional pin "ARDUINO_IO[12]" has no driver File: C:/Users/A02395949/Documents/advanced/Lab1UART/Lab1UART.vhd Line: 21
    Warning (13040): bidirectional pin "ARDUINO_IO[13]" has no driver File: C:/Users/A02395949/Documents/advanced/Lab1UART/Lab1UART.vhd Line: 21
    Warning (13040): bidirectional pin "ARDUINO_IO[14]" has no driver File: C:/Users/A02395949/Documents/advanced/Lab1UART/Lab1UART.vhd Line: 21
    Warning (13040): bidirectional pin "ARDUINO_IO[15]" has no driver File: C:/Users/A02395949/Documents/advanced/Lab1UART/Lab1UART.vhd Line: 21
    Warning (13040): bidirectional pin "ARDUINO_RESET_N" has no driver File: C:/Users/A02395949/Documents/advanced/Lab1UART/Lab1UART.vhd Line: 22
    Warning (13040): bidirectional pin "GPIO[2]" has no driver File: C:/Users/A02395949/Documents/advanced/Lab1UART/Lab1UART.vhd Line: 23
    Warning (13040): bidirectional pin "GPIO[3]" has no driver File: C:/Users/A02395949/Documents/advanced/Lab1UART/Lab1UART.vhd Line: 23
    Warning (13040): bidirectional pin "GPIO[4]" has no driver File: C:/Users/A02395949/Documents/advanced/Lab1UART/Lab1UART.vhd Line: 23
    Warning (13040): bidirectional pin "GPIO[5]" has no driver File: C:/Users/A02395949/Documents/advanced/Lab1UART/Lab1UART.vhd Line: 23
    Warning (13040): bidirectional pin "GPIO[6]" has no driver File: C:/Users/A02395949/Documents/advanced/Lab1UART/Lab1UART.vhd Line: 23
    Warning (13040): bidirectional pin "GPIO[7]" has no driver File: C:/Users/A02395949/Documents/advanced/Lab1UART/Lab1UART.vhd Line: 23
    Warning (13040): bidirectional pin "GPIO[8]" has no driver File: C:/Users/A02395949/Documents/advanced/Lab1UART/Lab1UART.vhd Line: 23
    Warning (13040): bidirectional pin "GPIO[9]" has no driver File: C:/Users/A02395949/Documents/advanced/Lab1UART/Lab1UART.vhd Line: 23
    Warning (13040): bidirectional pin "GPIO[10]" has no driver File: C:/Users/A02395949/Documents/advanced/Lab1UART/Lab1UART.vhd Line: 23
    Warning (13040): bidirectional pin "GPIO[11]" has no driver File: C:/Users/A02395949/Documents/advanced/Lab1UART/Lab1UART.vhd Line: 23
    Warning (13040): bidirectional pin "GPIO[12]" has no driver File: C:/Users/A02395949/Documents/advanced/Lab1UART/Lab1UART.vhd Line: 23
    Warning (13040): bidirectional pin "GPIO[13]" has no driver File: C:/Users/A02395949/Documents/advanced/Lab1UART/Lab1UART.vhd Line: 23
    Warning (13040): bidirectional pin "GPIO[14]" has no driver File: C:/Users/A02395949/Documents/advanced/Lab1UART/Lab1UART.vhd Line: 23
    Warning (13040): bidirectional pin "GPIO[15]" has no driver File: C:/Users/A02395949/Documents/advanced/Lab1UART/Lab1UART.vhd Line: 23
    Warning (13040): bidirectional pin "GPIO[16]" has no driver File: C:/Users/A02395949/Documents/advanced/Lab1UART/Lab1UART.vhd Line: 23
    Warning (13040): bidirectional pin "GPIO[17]" has no driver File: C:/Users/A02395949/Documents/advanced/Lab1UART/Lab1UART.vhd Line: 23
    Warning (13040): bidirectional pin "GPIO[18]" has no driver File: C:/Users/A02395949/Documents/advanced/Lab1UART/Lab1UART.vhd Line: 23
    Warning (13040): bidirectional pin "GPIO[19]" has no driver File: C:/Users/A02395949/Documents/advanced/Lab1UART/Lab1UART.vhd Line: 23
    Warning (13040): bidirectional pin "GPIO[20]" has no driver File: C:/Users/A02395949/Documents/advanced/Lab1UART/Lab1UART.vhd Line: 23
    Warning (13040): bidirectional pin "GPIO[21]" has no driver File: C:/Users/A02395949/Documents/advanced/Lab1UART/Lab1UART.vhd Line: 23
    Warning (13040): bidirectional pin "GPIO[22]" has no driver File: C:/Users/A02395949/Documents/advanced/Lab1UART/Lab1UART.vhd Line: 23
    Warning (13040): bidirectional pin "GPIO[23]" has no driver File: C:/Users/A02395949/Documents/advanced/Lab1UART/Lab1UART.vhd Line: 23
    Warning (13040): bidirectional pin "GPIO[24]" has no driver File: C:/Users/A02395949/Documents/advanced/Lab1UART/Lab1UART.vhd Line: 23
    Warning (13040): bidirectional pin "GPIO[25]" has no driver File: C:/Users/A02395949/Documents/advanced/Lab1UART/Lab1UART.vhd Line: 23
    Warning (13040): bidirectional pin "GPIO[26]" has no driver File: C:/Users/A02395949/Documents/advanced/Lab1UART/Lab1UART.vhd Line: 23
    Warning (13040): bidirectional pin "GPIO[27]" has no driver File: C:/Users/A02395949/Documents/advanced/Lab1UART/Lab1UART.vhd Line: 23
    Warning (13040): bidirectional pin "GPIO[28]" has no driver File: C:/Users/A02395949/Documents/advanced/Lab1UART/Lab1UART.vhd Line: 23
    Warning (13040): bidirectional pin "GPIO[29]" has no driver File: C:/Users/A02395949/Documents/advanced/Lab1UART/Lab1UART.vhd Line: 23
    Warning (13040): bidirectional pin "GPIO[30]" has no driver File: C:/Users/A02395949/Documents/advanced/Lab1UART/Lab1UART.vhd Line: 23
    Warning (13040): bidirectional pin "GPIO[31]" has no driver File: C:/Users/A02395949/Documents/advanced/Lab1UART/Lab1UART.vhd Line: 23
    Warning (13040): bidirectional pin "GPIO[32]" has no driver File: C:/Users/A02395949/Documents/advanced/Lab1UART/Lab1UART.vhd Line: 23
    Warning (13040): bidirectional pin "GPIO[33]" has no driver File: C:/Users/A02395949/Documents/advanced/Lab1UART/Lab1UART.vhd Line: 23
    Warning (13040): bidirectional pin "GPIO[34]" has no driver File: C:/Users/A02395949/Documents/advanced/Lab1UART/Lab1UART.vhd Line: 23
    Warning (13040): bidirectional pin "GPIO[35]" has no driver File: C:/Users/A02395949/Documents/advanced/Lab1UART/Lab1UART.vhd Line: 23
Warning (13009): TRI or OPNDRN buffers permanently enabled
    Warning (13010): Node "GPIO[1]~synth" File: C:/Users/A02395949/Documents/advanced/Lab1UART/Lab1UART.vhd Line: 23
Warning (13024): Output pins are stuck at VCC or GND
    Warning (13410): Pin "HEX0[0]" is stuck at GND File: C:/Users/A02395949/Documents/advanced/Lab1UART/Lab1UART.vhd Line: 13
    Warning (13410): Pin "HEX0[1]" is stuck at GND File: C:/Users/A02395949/Documents/advanced/Lab1UART/Lab1UART.vhd Line: 13
    Warning (13410): Pin "HEX0[2]" is stuck at GND File: C:/Users/A02395949/Documents/advanced/Lab1UART/Lab1UART.vhd Line: 13
    Warning (13410): Pin "HEX0[3]" is stuck at GND File: C:/Users/A02395949/Documents/advanced/Lab1UART/Lab1UART.vhd Line: 13
    Warning (13410): Pin "HEX0[4]" is stuck at GND File: C:/Users/A02395949/Documents/advanced/Lab1UART/Lab1UART.vhd Line: 13
    Warning (13410): Pin "HEX0[5]" is stuck at GND File: C:/Users/A02395949/Documents/advanced/Lab1UART/Lab1UART.vhd Line: 13
    Warning (13410): Pin "HEX0[6]" is stuck at GND File: C:/Users/A02395949/Documents/advanced/Lab1UART/Lab1UART.vhd Line: 13
    Warning (13410): Pin "HEX0[7]" is stuck at GND File: C:/Users/A02395949/Documents/advanced/Lab1UART/Lab1UART.vhd Line: 13
    Warning (13410): Pin "HEX1[0]" is stuck at GND File: C:/Users/A02395949/Documents/advanced/Lab1UART/Lab1UART.vhd Line: 14
    Warning (13410): Pin "HEX1[1]" is stuck at GND File: C:/Users/A02395949/Documents/advanced/Lab1UART/Lab1UART.vhd Line: 14
    Warning (13410): Pin "HEX1[2]" is stuck at GND File: C:/Users/A02395949/Documents/advanced/Lab1UART/Lab1UART.vhd Line: 14
    Warning (13410): Pin "HEX1[3]" is stuck at GND File: C:/Users/A02395949/Documents/advanced/Lab1UART/Lab1UART.vhd Line: 14
    Warning (13410): Pin "HEX1[4]" is stuck at GND File: C:/Users/A02395949/Documents/advanced/Lab1UART/Lab1UART.vhd Line: 14
    Warning (13410): Pin "HEX1[5]" is stuck at GND File: C:/Users/A02395949/Documents/advanced/Lab1UART/Lab1UART.vhd Line: 14
    Warning (13410): Pin "HEX1[6]" is stuck at GND File: C:/Users/A02395949/Documents/advanced/Lab1UART/Lab1UART.vhd Line: 14
    Warning (13410): Pin "HEX1[7]" is stuck at GND File: C:/Users/A02395949/Documents/advanced/Lab1UART/Lab1UART.vhd Line: 14
    Warning (13410): Pin "HEX2[0]" is stuck at GND File: C:/Users/A02395949/Documents/advanced/Lab1UART/Lab1UART.vhd Line: 15
    Warning (13410): Pin "HEX2[1]" is stuck at GND File: C:/Users/A02395949/Documents/advanced/Lab1UART/Lab1UART.vhd Line: 15
    Warning (13410): Pin "HEX2[2]" is stuck at GND File: C:/Users/A02395949/Documents/advanced/Lab1UART/Lab1UART.vhd Line: 15
    Warning (13410): Pin "HEX2[3]" is stuck at GND File: C:/Users/A02395949/Documents/advanced/Lab1UART/Lab1UART.vhd Line: 15
    Warning (13410): Pin "HEX2[4]" is stuck at GND File: C:/Users/A02395949/Documents/advanced/Lab1UART/Lab1UART.vhd Line: 15
    Warning (13410): Pin "HEX2[5]" is stuck at GND File: C:/Users/A02395949/Documents/advanced/Lab1UART/Lab1UART.vhd Line: 15
    Warning (13410): Pin "HEX2[6]" is stuck at GND File: C:/Users/A02395949/Documents/advanced/Lab1UART/Lab1UART.vhd Line: 15
    Warning (13410): Pin "HEX2[7]" is stuck at GND File: C:/Users/A02395949/Documents/advanced/Lab1UART/Lab1UART.vhd Line: 15
    Warning (13410): Pin "HEX3[0]" is stuck at GND File: C:/Users/A02395949/Documents/advanced/Lab1UART/Lab1UART.vhd Line: 16
    Warning (13410): Pin "HEX3[1]" is stuck at GND File: C:/Users/A02395949/Documents/advanced/Lab1UART/Lab1UART.vhd Line: 16
    Warning (13410): Pin "HEX3[2]" is stuck at GND File: C:/Users/A02395949/Documents/advanced/Lab1UART/Lab1UART.vhd Line: 16
    Warning (13410): Pin "HEX3[3]" is stuck at GND File: C:/Users/A02395949/Documents/advanced/Lab1UART/Lab1UART.vhd Line: 16
    Warning (13410): Pin "HEX3[4]" is stuck at GND File: C:/Users/A02395949/Documents/advanced/Lab1UART/Lab1UART.vhd Line: 16
    Warning (13410): Pin "HEX3[5]" is stuck at GND File: C:/Users/A02395949/Documents/advanced/Lab1UART/Lab1UART.vhd Line: 16
    Warning (13410): Pin "HEX3[6]" is stuck at GND File: C:/Users/A02395949/Documents/advanced/Lab1UART/Lab1UART.vhd Line: 16
    Warning (13410): Pin "HEX3[7]" is stuck at GND File: C:/Users/A02395949/Documents/advanced/Lab1UART/Lab1UART.vhd Line: 16
    Warning (13410): Pin "HEX4[0]" is stuck at GND File: C:/Users/A02395949/Documents/advanced/Lab1UART/Lab1UART.vhd Line: 17
    Warning (13410): Pin "HEX4[1]" is stuck at GND File: C:/Users/A02395949/Documents/advanced/Lab1UART/Lab1UART.vhd Line: 17
    Warning (13410): Pin "HEX4[2]" is stuck at GND File: C:/Users/A02395949/Documents/advanced/Lab1UART/Lab1UART.vhd Line: 17
    Warning (13410): Pin "HEX4[3]" is stuck at GND File: C:/Users/A02395949/Documents/advanced/Lab1UART/Lab1UART.vhd Line: 17
    Warning (13410): Pin "HEX4[4]" is stuck at GND File: C:/Users/A02395949/Documents/advanced/Lab1UART/Lab1UART.vhd Line: 17
    Warning (13410): Pin "HEX4[5]" is stuck at GND File: C:/Users/A02395949/Documents/advanced/Lab1UART/Lab1UART.vhd Line: 17
    Warning (13410): Pin "HEX4[6]" is stuck at GND File: C:/Users/A02395949/Documents/advanced/Lab1UART/Lab1UART.vhd Line: 17
    Warning (13410): Pin "HEX4[7]" is stuck at GND File: C:/Users/A02395949/Documents/advanced/Lab1UART/Lab1UART.vhd Line: 17
    Warning (13410): Pin "HEX5[0]" is stuck at GND File: C:/Users/A02395949/Documents/advanced/Lab1UART/Lab1UART.vhd Line: 18
    Warning (13410): Pin "HEX5[1]" is stuck at GND File: C:/Users/A02395949/Documents/advanced/Lab1UART/Lab1UART.vhd Line: 18
    Warning (13410): Pin "HEX5[2]" is stuck at GND File: C:/Users/A02395949/Documents/advanced/Lab1UART/Lab1UART.vhd Line: 18
    Warning (13410): Pin "HEX5[3]" is stuck at GND File: C:/Users/A02395949/Documents/advanced/Lab1UART/Lab1UART.vhd Line: 18
    Warning (13410): Pin "HEX5[4]" is stuck at GND File: C:/Users/A02395949/Documents/advanced/Lab1UART/Lab1UART.vhd Line: 18
    Warning (13410): Pin "HEX5[5]" is stuck at GND File: C:/Users/A02395949/Documents/advanced/Lab1UART/Lab1UART.vhd Line: 18
    Warning (13410): Pin "HEX5[6]" is stuck at GND File: C:/Users/A02395949/Documents/advanced/Lab1UART/Lab1UART.vhd Line: 18
    Warning (13410): Pin "HEX5[7]" is stuck at GND File: C:/Users/A02395949/Documents/advanced/Lab1UART/Lab1UART.vhd Line: 18
    Warning (13410): Pin "LEDR[0]" is stuck at GND File: C:/Users/A02395949/Documents/advanced/Lab1UART/Lab1UART.vhd Line: 19
    Warning (13410): Pin "LEDR[1]" is stuck at GND File: C:/Users/A02395949/Documents/advanced/Lab1UART/Lab1UART.vhd Line: 19
    Warning (13410): Pin "LEDR[2]" is stuck at GND File: C:/Users/A02395949/Documents/advanced/Lab1UART/Lab1UART.vhd Line: 19
    Warning (13410): Pin "LEDR[3]" is stuck at GND File: C:/Users/A02395949/Documents/advanced/Lab1UART/Lab1UART.vhd Line: 19
    Warning (13410): Pin "LEDR[4]" is stuck at GND File: C:/Users/A02395949/Documents/advanced/Lab1UART/Lab1UART.vhd Line: 19
    Warning (13410): Pin "LEDR[5]" is stuck at GND File: C:/Users/A02395949/Documents/advanced/Lab1UART/Lab1UART.vhd Line: 19
    Warning (13410): Pin "LEDR[6]" is stuck at GND File: C:/Users/A02395949/Documents/advanced/Lab1UART/Lab1UART.vhd Line: 19
    Warning (13410): Pin "LEDR[7]" is stuck at GND File: C:/Users/A02395949/Documents/advanced/Lab1UART/Lab1UART.vhd Line: 19
    Warning (13410): Pin "LEDR[8]" is stuck at GND File: C:/Users/A02395949/Documents/advanced/Lab1UART/Lab1UART.vhd Line: 19
    Warning (13410): Pin "LEDR[9]" is stuck at GND File: C:/Users/A02395949/Documents/advanced/Lab1UART/Lab1UART.vhd Line: 19
Info (286030): Timing-Driven Synthesis is running
Info (16010): Generating hard_block partition "hard_block:auto_generated_inst"
    Info (16011): Adding 1 node(s), including 0 DDIO, 1 PLL, 0 transceiver and 0 LCELL
Warning (21074): Design contains 13 input pin(s) that do not drive logic
    Warning (15610): No output dependent on input pin "KEY[1]" File: C:/Users/A02395949/Documents/advanced/Lab1UART/Lab1UART.vhd Line: 9
    Warning (15610): No output dependent on input pin "ADC_CLK_10" File: C:/Users/A02395949/Documents/advanced/Lab1UART/Lab1UART.vhd Line: 10
    Warning (15610): No output dependent on input pin "MAX10_CLK2_50" File: C:/Users/A02395949/Documents/advanced/Lab1UART/Lab1UART.vhd Line: 12
    Warning (15610): No output dependent on input pin "SW[0]" File: C:/Users/A02395949/Documents/advanced/Lab1UART/Lab1UART.vhd Line: 20
    Warning (15610): No output dependent on input pin "SW[1]" File: C:/Users/A02395949/Documents/advanced/Lab1UART/Lab1UART.vhd Line: 20
    Warning (15610): No output dependent on input pin "SW[2]" File: C:/Users/A02395949/Documents/advanced/Lab1UART/Lab1UART.vhd Line: 20
    Warning (15610): No output dependent on input pin "SW[3]" File: C:/Users/A02395949/Documents/advanced/Lab1UART/Lab1UART.vhd Line: 20
    Warning (15610): No output dependent on input pin "SW[4]" File: C:/Users/A02395949/Documents/advanced/Lab1UART/Lab1UART.vhd Line: 20
    Warning (15610): No output dependent on input pin "SW[5]" File: C:/Users/A02395949/Documents/advanced/Lab1UART/Lab1UART.vhd Line: 20
    Warning (15610): No output dependent on input pin "SW[6]" File: C:/Users/A02395949/Documents/advanced/Lab1UART/Lab1UART.vhd Line: 20
    Warning (15610): No output dependent on input pin "SW[7]" File: C:/Users/A02395949/Documents/advanced/Lab1UART/Lab1UART.vhd Line: 20
    Warning (15610): No output dependent on input pin "SW[8]" File: C:/Users/A02395949/Documents/advanced/Lab1UART/Lab1UART.vhd Line: 20
    Warning (15610): No output dependent on input pin "SW[9]" File: C:/Users/A02395949/Documents/advanced/Lab1UART/Lab1UART.vhd Line: 20
Info (21057): Implemented 479 device resources after synthesis - the final resource count might be different
    Info (21058): Implemented 15 input pins
    Info (21059): Implemented 58 output pins
    Info (21060): Implemented 53 bidirectional pins
    Info (21061): Implemented 351 logic cells
    Info (21064): Implemented 1 RAM segments
    Info (21065): Implemented 1 PLLs
Info: Quartus Prime Analysis & Synthesis was successful. 0 errors, 142 warnings
    Info: Peak virtual memory: 4947 megabytes
    Info: Processing ended: Fri Jan  9 13:17:01 2026
    Info: Elapsed time: 00:00:08
    Info: Total CPU time (on all processors): 00:00:14


