Fitter report for DLX
Tue Mar 31 13:12:20 2026
Quartus Prime Version 24.1std.0 Build 1077 03/04/2025 SC Lite Edition


---------------------
; Table of Contents ;
---------------------
  1. Legal Notice
  2. Fitter Summary
  3. Fitter Settings
  4. Parallel Compilation
  5. Ignored Assignments
  6. Incremental Compilation Preservation Summary
  7. Incremental Compilation Partition Settings
  8. Incremental Compilation Placement Preservation
  9. Pin-Out File
 10. Fitter Resource Usage Summary
 11. Fitter Partition Statistics
 12. Input Pins
 13. Bidir Pins
 14. Dual Purpose and Dedicated Pins
 15. I/O Bank Usage
 16. All Package Pins
 17. PLL Summary
 18. PLL Usage
 19. I/O Assignment Warnings
 20. Fitter Resource Utilization by Entity
 21. Delay Chain Summary
 22. Pad To Core Delay Chain Fanout
 23. Control Signals
 24. Global & Other Fast Signals
 25. Fitter RAM Summary
 26. |DLX|decode:DECODE|registers:R|altsyncram:ram_block_rtl_0|altsyncram_23g1:auto_generated|ALTSYNCRAM
 27. |DLX|memory:MEMORY|my_ram:RAM|altsyncram:altsyncram_component|altsyncram_29s3:auto_generated|ALTSYNCRAM
 28. |DLX|fetch:FETCH|my_ROM:U1|altsyncram:altsyncram_component|altsyncram_8jt3:auto_generated|ALTSYNCRAM
 29. |DLX|decode:DECODE|registers:R|altsyncram:ram_block_rtl_1|altsyncram_23g1:auto_generated|ALTSYNCRAM
 30. Routing Usage Summary
 31. LAB Logic Elements
 32. LAB-wide Signals
 33. LAB Signals Sourced
 34. LAB Signals Sourced Out
 35. LAB Distinct Inputs
 36. I/O Rules Summary
 37. I/O Rules Details
 38. I/O Rules Matrix
 39. Fitter Device Options
 40. Operating Settings and Conditions
 41. Estimated Delay Added for Hold Timing Summary
 42. Estimated Delay Added for Hold Timing Details
 43. Fitter Messages
 44. Fitter Suppressed Messages



----------------
; Legal Notice ;
----------------
Copyright (C) 2025  Altera Corporation. All rights reserved.
Your use of Altera Corporation's design tools, logic functions 
and other software and tools, and any partner logic 
functions, and any output files from any of the foregoing 
(including device programming or simulation files), and any 
associated documentation or information are expressly subject 
to the terms and conditions of the Altera Program License 
Subscription Agreement, the Altera Quartus Prime License Agreement,
the Altera IP License Agreement, or other applicable license
agreement, including, without limitation, that your use is for
the sole purpose of programming logic devices manufactured by
Altera and sold by Altera or its authorized distributors.  Please
refer to the Altera Software License Subscription Agreements 
on the Quartus Prime software download page.



+--------------------------------------------------------------------------------------+
; Fitter Summary                                                                       ;
+------------------------------------+-------------------------------------------------+
; Fitter Status                      ; Successful - Tue Mar 31 13:12:20 2026           ;
; Quartus Prime Version              ; 24.1std.0 Build 1077 03/04/2025 SC Lite Edition ;
; Revision Name                      ; DLX                                             ;
; Top-level Entity Name              ; DLX                                             ;
; Family                             ; MAX 10                                          ;
; Device                             ; 10M50DAF484C7G                                  ;
; Timing Models                      ; Final                                           ;
; Total logic elements               ; 4,962 / 49,760 ( 10 % )                         ;
;     Total combinational functions  ; 4,083 / 49,760 ( 8 % )                          ;
;     Dedicated logic registers      ; 2,297 / 49,760 ( 5 % )                          ;
; Total registers                    ; 2297                                            ;
; Total pins                         ; 41 / 360 ( 11 % )                               ;
; Total virtual pins                 ; 0                                               ;
; Total memory bits                  ; 990,776 / 1,677,312 ( 59 % )                    ;
; Embedded Multiplier 9-bit elements ; 0 / 288 ( 0 % )                                 ;
; Total PLLs                         ; 1 / 4 ( 25 % )                                  ;
; UFM blocks                         ; 0 / 1 ( 0 % )                                   ;
; ADC blocks                         ; 0 / 2 ( 0 % )                                   ;
+------------------------------------+-------------------------------------------------+


+----------------------------------------------------------------------------------------------------------------------------------------------------+
; Fitter Settings                                                                                                                                    ;
+--------------------------------------------------------------------+---------------------------------------+---------------------------------------+
; Option                                                             ; Setting                               ; Default Value                         ;
+--------------------------------------------------------------------+---------------------------------------+---------------------------------------+
; Device                                                             ; 10M50DAF484C7G                        ;                                       ;
; Minimum Core Junction Temperature                                  ; 0                                     ;                                       ;
; Maximum Core Junction Temperature                                  ; 85                                    ;                                       ;
; Fit Attempts to Skip                                               ; 0                                     ; 0.0                                   ;
; Use smart compilation                                              ; Off                                   ; Off                                   ;
; Enable parallel Assembler and Timing Analyzer during compilation   ; On                                    ; On                                    ;
; Enable compact report table                                        ; Off                                   ; Off                                   ;
; Auto Merge PLLs                                                    ; On                                    ; On                                    ;
; Router Timing Optimization Level                                   ; Normal                                ; Normal                                ;
; Perform Clocking Topology Analysis During Routing                  ; Off                                   ; Off                                   ;
; Placement Effort Multiplier                                        ; 1.0                                   ; 1.0                                   ;
; Router Effort Multiplier                                           ; 1.0                                   ; 1.0                                   ;
; Optimize Hold Timing                                               ; All Paths                             ; All Paths                             ;
; Optimize Multi-Corner Timing                                       ; On                                    ; On                                    ;
; Power Optimization During Fitting                                  ; Normal compilation                    ; Normal compilation                    ;
; SSN Optimization                                                   ; Off                                   ; Off                                   ;
; Optimize Timing                                                    ; Normal compilation                    ; Normal compilation                    ;
; Optimize Timing for ECOs                                           ; Off                                   ; Off                                   ;
; Regenerate Full Fit Report During ECO Compiles                     ; Off                                   ; Off                                   ;
; Optimize IOC Register Placement for Timing                         ; Normal                                ; Normal                                ;
; Final Placement Optimizations                                      ; Automatically                         ; Automatically                         ;
; Fitter Initial Placement Seed                                      ; 1                                     ; 1                                     ;
; Periphery to Core Placement and Routing Optimization               ; Off                                   ; Off                                   ;
; PCI I/O                                                            ; Off                                   ; Off                                   ;
; Weak Pull-Up Resistor                                              ; Off                                   ; Off                                   ;
; Enable Bus-Hold Circuitry                                          ; Off                                   ; Off                                   ;
; Auto Packed Registers                                              ; Auto                                  ; Auto                                  ;
; Auto Delay Chains                                                  ; On                                    ; On                                    ;
; Auto Delay Chains for High Fanout Input Pins                       ; Off                                   ; Off                                   ;
; Allow Single-ended Buffer for Differential-XSTL Input              ; Off                                   ; Off                                   ;
; Treat Bidirectional Pin as Output Pin                              ; Off                                   ; Off                                   ;
; Perform Physical Synthesis for Combinational Logic for Fitting     ; Off                                   ; Off                                   ;
; Perform Physical Synthesis for Combinational Logic for Performance ; Off                                   ; Off                                   ;
; Perform Register Duplication for Performance                       ; Off                                   ; Off                                   ;
; Perform Logic to Memory Mapping for Fitting                        ; Off                                   ; Off                                   ;
; Perform Register Retiming for Performance                          ; Off                                   ; Off                                   ;
; Perform Asynchronous Signal Pipelining                             ; Off                                   ; Off                                   ;
; Fitter Effort                                                      ; Auto Fit                              ; Auto Fit                              ;
; Physical Synthesis Effort Level                                    ; Normal                                ; Normal                                ;
; Logic Cell Insertion - Logic Duplication                           ; Auto                                  ; Auto                                  ;
; Auto Register Duplication                                          ; Auto                                  ; Auto                                  ;
; Auto Global Clock                                                  ; On                                    ; On                                    ;
; Auto Global Register Control Signals                               ; On                                    ; On                                    ;
; Reserve all unused pins                                            ; As input tri-stated with weak pull-up ; As input tri-stated with weak pull-up ;
; Synchronizer Identification                                        ; Auto                                  ; Auto                                  ;
; Enable Beneficial Skew Optimization                                ; On                                    ; On                                    ;
; Optimize Design for Metastability                                  ; On                                    ; On                                    ;
; Force Fitter to Avoid Periphery Placement Warnings                 ; Off                                   ; Off                                   ;
; Enable input tri-state on active configuration pins in user mode   ; Off                                   ; Off                                   ;
+--------------------------------------------------------------------+---------------------------------------+---------------------------------------+


+------------------------------------------+
; Parallel Compilation                     ;
+----------------------------+-------------+
; Processors                 ; Number      ;
+----------------------------+-------------+
; Number detected on machine ; 14          ;
; Maximum allowed            ; 14          ;
;                            ;             ;
; Average used               ; 1.57        ;
; Maximum used               ; 14          ;
;                            ;             ;
; Usage by Processor         ; % Time Used ;
;     Processor 1            ; 100.0%      ;
;     Processor 2            ;   5.2%      ;
;     Processor 3            ;   4.8%      ;
;     Processor 4            ;   4.6%      ;
;     Processor 5            ;   4.5%      ;
;     Processor 6            ;   4.4%      ;
;     Processor 7            ;   4.3%      ;
;     Processor 8            ;   4.3%      ;
;     Processors 9-14        ;   4.1%      ;
+----------------------------+-------------+


+---------------------------------------------------------------------------------------------------------+
; Ignored Assignments                                                                                     ;
+--------------+----------------+--------------+-----------------+-----------------------+----------------+
; Name         ; Ignored Entity ; Ignored From ; Ignored To      ; Ignored Value         ; Ignored Source ;
+--------------+----------------+--------------+-----------------+-----------------------+----------------+
; Location     ;                ;              ; ARDUINO_IO[0]   ; PIN_AB5               ; QSF Assignment ;
; Location     ;                ;              ; ARDUINO_IO[10]  ; PIN_AB19              ; QSF Assignment ;
; Location     ;                ;              ; ARDUINO_IO[11]  ; PIN_AA19              ; QSF Assignment ;
; Location     ;                ;              ; ARDUINO_IO[12]  ; PIN_Y19               ; QSF Assignment ;
; Location     ;                ;              ; ARDUINO_IO[13]  ; PIN_AB20              ; QSF Assignment ;
; Location     ;                ;              ; ARDUINO_IO[14]  ; PIN_AB21              ; QSF Assignment ;
; Location     ;                ;              ; ARDUINO_IO[15]  ; PIN_AA20              ; QSF Assignment ;
; Location     ;                ;              ; ARDUINO_IO[1]   ; PIN_AB6               ; QSF Assignment ;
; Location     ;                ;              ; ARDUINO_IO[2]   ; PIN_AB7               ; QSF Assignment ;
; Location     ;                ;              ; ARDUINO_IO[3]   ; PIN_AB8               ; QSF Assignment ;
; Location     ;                ;              ; ARDUINO_IO[4]   ; PIN_AB9               ; QSF Assignment ;
; Location     ;                ;              ; ARDUINO_IO[5]   ; PIN_Y10               ; QSF Assignment ;
; Location     ;                ;              ; ARDUINO_IO[6]   ; PIN_AA11              ; QSF Assignment ;
; Location     ;                ;              ; ARDUINO_IO[7]   ; PIN_AA12              ; QSF Assignment ;
; Location     ;                ;              ; ARDUINO_IO[8]   ; PIN_AB17              ; QSF Assignment ;
; Location     ;                ;              ; ARDUINO_IO[9]   ; PIN_AA17              ; QSF Assignment ;
; Location     ;                ;              ; ARDUINO_RESET_N ; PIN_F16               ; QSF Assignment ;
; Location     ;                ;              ; DRAM_ADDR[0]    ; PIN_U17               ; QSF Assignment ;
; Location     ;                ;              ; DRAM_ADDR[10]   ; PIN_T20               ; QSF Assignment ;
; Location     ;                ;              ; DRAM_ADDR[11]   ; PIN_P20               ; QSF Assignment ;
; Location     ;                ;              ; DRAM_ADDR[12]   ; PIN_R20               ; QSF Assignment ;
; Location     ;                ;              ; DRAM_ADDR[1]    ; PIN_W19               ; QSF Assignment ;
; Location     ;                ;              ; DRAM_ADDR[2]    ; PIN_V18               ; QSF Assignment ;
; Location     ;                ;              ; DRAM_ADDR[3]    ; PIN_U18               ; QSF Assignment ;
; Location     ;                ;              ; DRAM_ADDR[4]    ; PIN_U19               ; QSF Assignment ;
; Location     ;                ;              ; DRAM_ADDR[5]    ; PIN_T18               ; QSF Assignment ;
; Location     ;                ;              ; DRAM_ADDR[6]    ; PIN_T19               ; QSF Assignment ;
; Location     ;                ;              ; DRAM_ADDR[7]    ; PIN_R18               ; QSF Assignment ;
; Location     ;                ;              ; DRAM_ADDR[8]    ; PIN_P18               ; QSF Assignment ;
; Location     ;                ;              ; DRAM_ADDR[9]    ; PIN_P19               ; QSF Assignment ;
; Location     ;                ;              ; DRAM_BA[0]      ; PIN_T21               ; QSF Assignment ;
; Location     ;                ;              ; DRAM_BA[1]      ; PIN_T22               ; QSF Assignment ;
; Location     ;                ;              ; DRAM_CAS_N      ; PIN_U21               ; QSF Assignment ;
; Location     ;                ;              ; DRAM_CKE        ; PIN_N22               ; QSF Assignment ;
; Location     ;                ;              ; DRAM_CLK        ; PIN_L14               ; QSF Assignment ;
; Location     ;                ;              ; DRAM_CS_N       ; PIN_U20               ; QSF Assignment ;
; Location     ;                ;              ; DRAM_DQ[0]      ; PIN_Y21               ; QSF Assignment ;
; Location     ;                ;              ; DRAM_DQ[10]     ; PIN_H21               ; QSF Assignment ;
; Location     ;                ;              ; DRAM_DQ[11]     ; PIN_H22               ; QSF Assignment ;
; Location     ;                ;              ; DRAM_DQ[12]     ; PIN_G22               ; QSF Assignment ;
; Location     ;                ;              ; DRAM_DQ[13]     ; PIN_G20               ; QSF Assignment ;
; Location     ;                ;              ; DRAM_DQ[14]     ; PIN_G19               ; QSF Assignment ;
; Location     ;                ;              ; DRAM_DQ[15]     ; PIN_F22               ; QSF Assignment ;
; Location     ;                ;              ; DRAM_DQ[1]      ; PIN_Y20               ; QSF Assignment ;
; Location     ;                ;              ; DRAM_DQ[2]      ; PIN_AA22              ; QSF Assignment ;
; Location     ;                ;              ; DRAM_DQ[3]      ; PIN_AA21              ; QSF Assignment ;
; Location     ;                ;              ; DRAM_DQ[4]      ; PIN_Y22               ; QSF Assignment ;
; Location     ;                ;              ; DRAM_DQ[5]      ; PIN_W22               ; QSF Assignment ;
; Location     ;                ;              ; DRAM_DQ[6]      ; PIN_W20               ; QSF Assignment ;
; Location     ;                ;              ; DRAM_DQ[7]      ; PIN_V21               ; QSF Assignment ;
; Location     ;                ;              ; DRAM_DQ[8]      ; PIN_P21               ; QSF Assignment ;
; Location     ;                ;              ; DRAM_DQ[9]      ; PIN_J22               ; QSF Assignment ;
; Location     ;                ;              ; DRAM_LDQM       ; PIN_V22               ; QSF Assignment ;
; Location     ;                ;              ; DRAM_RAS_N      ; PIN_U22               ; QSF Assignment ;
; Location     ;                ;              ; DRAM_UDQM       ; PIN_J21               ; QSF Assignment ;
; Location     ;                ;              ; DRAM_WE_N       ; PIN_V20               ; QSF Assignment ;
; Location     ;                ;              ; HEX0[0]         ; PIN_C14               ; QSF Assignment ;
; Location     ;                ;              ; HEX0[1]         ; PIN_E15               ; QSF Assignment ;
; Location     ;                ;              ; HEX0[2]         ; PIN_C15               ; QSF Assignment ;
; Location     ;                ;              ; HEX0[3]         ; PIN_C16               ; QSF Assignment ;
; Location     ;                ;              ; HEX0[4]         ; PIN_E16               ; QSF Assignment ;
; Location     ;                ;              ; HEX0[5]         ; PIN_D17               ; QSF Assignment ;
; Location     ;                ;              ; HEX0[6]         ; PIN_C17               ; QSF Assignment ;
; Location     ;                ;              ; HEX0[7]         ; PIN_D15               ; QSF Assignment ;
; Location     ;                ;              ; HEX1[0]         ; PIN_C18               ; QSF Assignment ;
; Location     ;                ;              ; HEX1[1]         ; PIN_D18               ; QSF Assignment ;
; Location     ;                ;              ; HEX1[2]         ; PIN_E18               ; QSF Assignment ;
; Location     ;                ;              ; HEX1[3]         ; PIN_B16               ; QSF Assignment ;
; Location     ;                ;              ; HEX1[4]         ; PIN_A17               ; QSF Assignment ;
; Location     ;                ;              ; HEX1[5]         ; PIN_A18               ; QSF Assignment ;
; Location     ;                ;              ; HEX1[6]         ; PIN_B17               ; QSF Assignment ;
; Location     ;                ;              ; HEX1[7]         ; PIN_A16               ; QSF Assignment ;
; Location     ;                ;              ; HEX2[0]         ; PIN_B20               ; QSF Assignment ;
; Location     ;                ;              ; HEX2[1]         ; PIN_A20               ; QSF Assignment ;
; Location     ;                ;              ; HEX2[2]         ; PIN_B19               ; QSF Assignment ;
; Location     ;                ;              ; HEX2[3]         ; PIN_A21               ; QSF Assignment ;
; Location     ;                ;              ; HEX2[4]         ; PIN_B21               ; QSF Assignment ;
; Location     ;                ;              ; HEX2[5]         ; PIN_C22               ; QSF Assignment ;
; Location     ;                ;              ; HEX2[6]         ; PIN_B22               ; QSF Assignment ;
; Location     ;                ;              ; HEX2[7]         ; PIN_A19               ; QSF Assignment ;
; Location     ;                ;              ; HEX3[0]         ; PIN_F21               ; QSF Assignment ;
; Location     ;                ;              ; HEX3[1]         ; PIN_E22               ; QSF Assignment ;
; Location     ;                ;              ; HEX3[2]         ; PIN_E21               ; QSF Assignment ;
; Location     ;                ;              ; HEX3[3]         ; PIN_C19               ; QSF Assignment ;
; Location     ;                ;              ; HEX3[4]         ; PIN_C20               ; QSF Assignment ;
; Location     ;                ;              ; HEX3[5]         ; PIN_D19               ; QSF Assignment ;
; Location     ;                ;              ; HEX3[6]         ; PIN_E17               ; QSF Assignment ;
; Location     ;                ;              ; HEX3[7]         ; PIN_D22               ; QSF Assignment ;
; Location     ;                ;              ; HEX4[0]         ; PIN_F18               ; QSF Assignment ;
; Location     ;                ;              ; HEX4[1]         ; PIN_E20               ; QSF Assignment ;
; Location     ;                ;              ; HEX4[2]         ; PIN_E19               ; QSF Assignment ;
; Location     ;                ;              ; HEX4[3]         ; PIN_J18               ; QSF Assignment ;
; Location     ;                ;              ; HEX4[4]         ; PIN_H19               ; QSF Assignment ;
; Location     ;                ;              ; HEX4[5]         ; PIN_F19               ; QSF Assignment ;
; Location     ;                ;              ; HEX4[6]         ; PIN_F20               ; QSF Assignment ;
; Location     ;                ;              ; HEX4[7]         ; PIN_F17               ; QSF Assignment ;
; Location     ;                ;              ; HEX5[0]         ; PIN_J20               ; QSF Assignment ;
; Location     ;                ;              ; HEX5[1]         ; PIN_K20               ; QSF Assignment ;
; Location     ;                ;              ; HEX5[2]         ; PIN_L18               ; QSF Assignment ;
; Location     ;                ;              ; HEX5[3]         ; PIN_N18               ; QSF Assignment ;
; Location     ;                ;              ; HEX5[4]         ; PIN_M20               ; QSF Assignment ;
; Location     ;                ;              ; HEX5[5]         ; PIN_N19               ; QSF Assignment ;
; Location     ;                ;              ; HEX5[6]         ; PIN_N20               ; QSF Assignment ;
; Location     ;                ;              ; HEX5[7]         ; PIN_L19               ; QSF Assignment ;
; Location     ;                ;              ; LEDR[0]         ; PIN_A8                ; QSF Assignment ;
; Location     ;                ;              ; LEDR[1]         ; PIN_A9                ; QSF Assignment ;
; Location     ;                ;              ; LEDR[2]         ; PIN_A10               ; QSF Assignment ;
; Location     ;                ;              ; LEDR[3]         ; PIN_B10               ; QSF Assignment ;
; Location     ;                ;              ; LEDR[4]         ; PIN_D13               ; QSF Assignment ;
; Location     ;                ;              ; LEDR[5]         ; PIN_C13               ; QSF Assignment ;
; Location     ;                ;              ; LEDR[6]         ; PIN_E14               ; QSF Assignment ;
; Location     ;                ;              ; LEDR[7]         ; PIN_D14               ; QSF Assignment ;
; Location     ;                ;              ; LEDR[8]         ; PIN_A11               ; QSF Assignment ;
; Location     ;                ;              ; LEDR[9]         ; PIN_B11               ; QSF Assignment ;
; Location     ;                ;              ; SW[0]           ; PIN_C10               ; QSF Assignment ;
; Location     ;                ;              ; SW[1]           ; PIN_C11               ; QSF Assignment ;
; Location     ;                ;              ; SW[2]           ; PIN_D12               ; QSF Assignment ;
; Location     ;                ;              ; SW[3]           ; PIN_C12               ; QSF Assignment ;
; Location     ;                ;              ; SW[4]           ; PIN_A12               ; QSF Assignment ;
; Location     ;                ;              ; SW[5]           ; PIN_B12               ; QSF Assignment ;
; Location     ;                ;              ; SW[6]           ; PIN_A13               ; QSF Assignment ;
; Location     ;                ;              ; SW[7]           ; PIN_A14               ; QSF Assignment ;
; Location     ;                ;              ; SW[8]           ; PIN_B14               ; QSF Assignment ;
; Location     ;                ;              ; SW[9]           ; PIN_F15               ; QSF Assignment ;
; I/O Standard ; DLX            ;              ; ARDUINO_IO[0]   ; 3.3-V LVTTL           ; QSF Assignment ;
; I/O Standard ; DLX            ;              ; ARDUINO_IO[10]  ; 3.3-V LVTTL           ; QSF Assignment ;
; I/O Standard ; DLX            ;              ; ARDUINO_IO[11]  ; 3.3-V LVTTL           ; QSF Assignment ;
; I/O Standard ; DLX            ;              ; ARDUINO_IO[12]  ; 3.3-V LVTTL           ; QSF Assignment ;
; I/O Standard ; DLX            ;              ; ARDUINO_IO[13]  ; 3.3-V LVTTL           ; QSF Assignment ;
; I/O Standard ; DLX            ;              ; ARDUINO_IO[14]  ; 3.3-V LVTTL           ; QSF Assignment ;
; I/O Standard ; DLX            ;              ; ARDUINO_IO[15]  ; 3.3-V LVTTL           ; QSF Assignment ;
; I/O Standard ; DLX            ;              ; ARDUINO_IO[1]   ; 3.3-V LVTTL           ; QSF Assignment ;
; I/O Standard ; DLX            ;              ; ARDUINO_IO[2]   ; 3.3-V LVTTL           ; QSF Assignment ;
; I/O Standard ; DLX            ;              ; ARDUINO_IO[3]   ; 3.3-V LVTTL           ; QSF Assignment ;
; I/O Standard ; DLX            ;              ; ARDUINO_IO[4]   ; 3.3-V LVTTL           ; QSF Assignment ;
; I/O Standard ; DLX            ;              ; ARDUINO_IO[5]   ; 3.3-V LVTTL           ; QSF Assignment ;
; I/O Standard ; DLX            ;              ; ARDUINO_IO[6]   ; 3.3-V LVTTL           ; QSF Assignment ;
; I/O Standard ; DLX            ;              ; ARDUINO_IO[7]   ; 3.3-V LVTTL           ; QSF Assignment ;
; I/O Standard ; DLX            ;              ; ARDUINO_IO[8]   ; 3.3-V LVTTL           ; QSF Assignment ;
; I/O Standard ; DLX            ;              ; ARDUINO_IO[9]   ; 3.3-V LVTTL           ; QSF Assignment ;
; I/O Standard ; DLX            ;              ; ARDUINO_RESET_N ; 3.3 V SCHMITT TRIGGER ; QSF Assignment ;
; I/O Standard ; DLX            ;              ; DRAM_ADDR[0]    ; 3.3-V LVTTL           ; QSF Assignment ;
; I/O Standard ; DLX            ;              ; DRAM_ADDR[10]   ; 3.3-V LVTTL           ; QSF Assignment ;
; I/O Standard ; DLX            ;              ; DRAM_ADDR[11]   ; 3.3-V LVTTL           ; QSF Assignment ;
; I/O Standard ; DLX            ;              ; DRAM_ADDR[12]   ; 3.3-V LVTTL           ; QSF Assignment ;
; I/O Standard ; DLX            ;              ; DRAM_ADDR[1]    ; 3.3-V LVTTL           ; QSF Assignment ;
; I/O Standard ; DLX            ;              ; DRAM_ADDR[2]    ; 3.3-V LVTTL           ; QSF Assignment ;
; I/O Standard ; DLX            ;              ; DRAM_ADDR[3]    ; 3.3-V LVTTL           ; QSF Assignment ;
; I/O Standard ; DLX            ;              ; DRAM_ADDR[4]    ; 3.3-V LVTTL           ; QSF Assignment ;
; I/O Standard ; DLX            ;              ; DRAM_ADDR[5]    ; 3.3-V LVTTL           ; QSF Assignment ;
; I/O Standard ; DLX            ;              ; DRAM_ADDR[6]    ; 3.3-V LVTTL           ; QSF Assignment ;
; I/O Standard ; DLX            ;              ; DRAM_ADDR[7]    ; 3.3-V LVTTL           ; QSF Assignment ;
; I/O Standard ; DLX            ;              ; DRAM_ADDR[8]    ; 3.3-V LVTTL           ; QSF Assignment ;
; I/O Standard ; DLX            ;              ; DRAM_ADDR[9]    ; 3.3-V LVTTL           ; QSF Assignment ;
; I/O Standard ; DLX            ;              ; DRAM_BA[0]      ; 3.3-V LVTTL           ; QSF Assignment ;
; I/O Standard ; DLX            ;              ; DRAM_BA[1]      ; 3.3-V LVTTL           ; QSF Assignment ;
; I/O Standard ; DLX            ;              ; DRAM_CAS_N      ; 3.3-V LVTTL           ; QSF Assignment ;
; I/O Standard ; DLX            ;              ; DRAM_CKE        ; 3.3-V LVTTL           ; QSF Assignment ;
; I/O Standard ; DLX            ;              ; DRAM_CLK        ; 3.3-V LVTTL           ; QSF Assignment ;
; I/O Standard ; DLX            ;              ; DRAM_CS_N       ; 3.3-V LVTTL           ; QSF Assignment ;
; I/O Standard ; DLX            ;              ; DRAM_DQ[0]      ; 3.3-V LVTTL           ; QSF Assignment ;
; I/O Standard ; DLX            ;              ; DRAM_DQ[10]     ; 3.3-V LVTTL           ; QSF Assignment ;
; I/O Standard ; DLX            ;              ; DRAM_DQ[11]     ; 3.3-V LVTTL           ; QSF Assignment ;
; I/O Standard ; DLX            ;              ; DRAM_DQ[12]     ; 3.3-V LVTTL           ; QSF Assignment ;
; I/O Standard ; DLX            ;              ; DRAM_DQ[13]     ; 3.3-V LVTTL           ; QSF Assignment ;
; I/O Standard ; DLX            ;              ; DRAM_DQ[14]     ; 3.3-V LVTTL           ; QSF Assignment ;
; I/O Standard ; DLX            ;              ; DRAM_DQ[15]     ; 3.3-V LVTTL           ; QSF Assignment ;
; I/O Standard ; DLX            ;              ; DRAM_DQ[1]      ; 3.3-V LVTTL           ; QSF Assignment ;
; I/O Standard ; DLX            ;              ; DRAM_DQ[2]      ; 3.3-V LVTTL           ; QSF Assignment ;
; I/O Standard ; DLX            ;              ; DRAM_DQ[3]      ; 3.3-V LVTTL           ; QSF Assignment ;
; I/O Standard ; DLX            ;              ; DRAM_DQ[4]      ; 3.3-V LVTTL           ; QSF Assignment ;
; I/O Standard ; DLX            ;              ; DRAM_DQ[5]      ; 3.3-V LVTTL           ; QSF Assignment ;
; I/O Standard ; DLX            ;              ; DRAM_DQ[6]      ; 3.3-V LVTTL           ; QSF Assignment ;
; I/O Standard ; DLX            ;              ; DRAM_DQ[7]      ; 3.3-V LVTTL           ; QSF Assignment ;
; I/O Standard ; DLX            ;              ; DRAM_DQ[8]      ; 3.3-V LVTTL           ; QSF Assignment ;
; I/O Standard ; DLX            ;              ; DRAM_DQ[9]      ; 3.3-V LVTTL           ; QSF Assignment ;
; I/O Standard ; DLX            ;              ; DRAM_LDQM       ; 3.3-V LVTTL           ; QSF Assignment ;
; I/O Standard ; DLX            ;              ; DRAM_RAS_N      ; 3.3-V LVTTL           ; QSF Assignment ;
; I/O Standard ; DLX            ;              ; DRAM_UDQM       ; 3.3-V LVTTL           ; QSF Assignment ;
; I/O Standard ; DLX            ;              ; DRAM_WE_N       ; 3.3-V LVTTL           ; QSF Assignment ;
; I/O Standard ; DLX            ;              ; HEX0[0]         ; 3.3-V LVTTL           ; QSF Assignment ;
; I/O Standard ; DLX            ;              ; HEX0[1]         ; 3.3-V LVTTL           ; QSF Assignment ;
; I/O Standard ; DLX            ;              ; HEX0[2]         ; 3.3-V LVTTL           ; QSF Assignment ;
; I/O Standard ; DLX            ;              ; HEX0[3]         ; 3.3-V LVTTL           ; QSF Assignment ;
; I/O Standard ; DLX            ;              ; HEX0[4]         ; 3.3-V LVTTL           ; QSF Assignment ;
; I/O Standard ; DLX            ;              ; HEX0[5]         ; 3.3-V LVTTL           ; QSF Assignment ;
; I/O Standard ; DLX            ;              ; HEX0[6]         ; 3.3-V LVTTL           ; QSF Assignment ;
; I/O Standard ; DLX            ;              ; HEX0[7]         ; 3.3-V LVTTL           ; QSF Assignment ;
; I/O Standard ; DLX            ;              ; HEX1[0]         ; 3.3-V LVTTL           ; QSF Assignment ;
; I/O Standard ; DLX            ;              ; HEX1[1]         ; 3.3-V LVTTL           ; QSF Assignment ;
; I/O Standard ; DLX            ;              ; HEX1[2]         ; 3.3-V LVTTL           ; QSF Assignment ;
; I/O Standard ; DLX            ;              ; HEX1[3]         ; 3.3-V LVTTL           ; QSF Assignment ;
; I/O Standard ; DLX            ;              ; HEX1[4]         ; 3.3-V LVTTL           ; QSF Assignment ;
; I/O Standard ; DLX            ;              ; HEX1[5]         ; 3.3-V LVTTL           ; QSF Assignment ;
; I/O Standard ; DLX            ;              ; HEX1[6]         ; 3.3-V LVTTL           ; QSF Assignment ;
; I/O Standard ; DLX            ;              ; HEX1[7]         ; 3.3-V LVTTL           ; QSF Assignment ;
; I/O Standard ; DLX            ;              ; HEX2[0]         ; 3.3-V LVTTL           ; QSF Assignment ;
; I/O Standard ; DLX            ;              ; HEX2[1]         ; 3.3-V LVTTL           ; QSF Assignment ;
; I/O Standard ; DLX            ;              ; HEX2[2]         ; 3.3-V LVTTL           ; QSF Assignment ;
; I/O Standard ; DLX            ;              ; HEX2[3]         ; 3.3-V LVTTL           ; QSF Assignment ;
; I/O Standard ; DLX            ;              ; HEX2[4]         ; 3.3-V LVTTL           ; QSF Assignment ;
; I/O Standard ; DLX            ;              ; HEX2[5]         ; 3.3-V LVTTL           ; QSF Assignment ;
; I/O Standard ; DLX            ;              ; HEX2[6]         ; 3.3-V LVTTL           ; QSF Assignment ;
; I/O Standard ; DLX            ;              ; HEX2[7]         ; 3.3-V LVTTL           ; QSF Assignment ;
; I/O Standard ; DLX            ;              ; HEX3[0]         ; 3.3-V LVTTL           ; QSF Assignment ;
; I/O Standard ; DLX            ;              ; HEX3[1]         ; 3.3-V LVTTL           ; QSF Assignment ;
; I/O Standard ; DLX            ;              ; HEX3[2]         ; 3.3-V LVTTL           ; QSF Assignment ;
; I/O Standard ; DLX            ;              ; HEX3[3]         ; 3.3-V LVTTL           ; QSF Assignment ;
; I/O Standard ; DLX            ;              ; HEX3[4]         ; 3.3-V LVTTL           ; QSF Assignment ;
; I/O Standard ; DLX            ;              ; HEX3[5]         ; 3.3-V LVTTL           ; QSF Assignment ;
; I/O Standard ; DLX            ;              ; HEX3[6]         ; 3.3-V LVTTL           ; QSF Assignment ;
; I/O Standard ; DLX            ;              ; HEX3[7]         ; 3.3-V LVTTL           ; QSF Assignment ;
; I/O Standard ; DLX            ;              ; HEX4[0]         ; 3.3-V LVTTL           ; QSF Assignment ;
; I/O Standard ; DLX            ;              ; HEX4[1]         ; 3.3-V LVTTL           ; QSF Assignment ;
; I/O Standard ; DLX            ;              ; HEX4[2]         ; 3.3-V LVTTL           ; QSF Assignment ;
; I/O Standard ; DLX            ;              ; HEX4[3]         ; 3.3-V LVTTL           ; QSF Assignment ;
; I/O Standard ; DLX            ;              ; HEX4[4]         ; 3.3-V LVTTL           ; QSF Assignment ;
; I/O Standard ; DLX            ;              ; HEX4[5]         ; 3.3-V LVTTL           ; QSF Assignment ;
; I/O Standard ; DLX            ;              ; HEX4[6]         ; 3.3-V LVTTL           ; QSF Assignment ;
; I/O Standard ; DLX            ;              ; HEX4[7]         ; 3.3-V LVTTL           ; QSF Assignment ;
; I/O Standard ; DLX            ;              ; HEX5[0]         ; 3.3-V LVTTL           ; QSF Assignment ;
; I/O Standard ; DLX            ;              ; HEX5[1]         ; 3.3-V LVTTL           ; QSF Assignment ;
; I/O Standard ; DLX            ;              ; HEX5[2]         ; 3.3-V LVTTL           ; QSF Assignment ;
; I/O Standard ; DLX            ;              ; HEX5[3]         ; 3.3-V LVTTL           ; QSF Assignment ;
; I/O Standard ; DLX            ;              ; HEX5[4]         ; 3.3-V LVTTL           ; QSF Assignment ;
; I/O Standard ; DLX            ;              ; HEX5[5]         ; 3.3-V LVTTL           ; QSF Assignment ;
; I/O Standard ; DLX            ;              ; HEX5[6]         ; 3.3-V LVTTL           ; QSF Assignment ;
; I/O Standard ; DLX            ;              ; HEX5[7]         ; 3.3-V LVTTL           ; QSF Assignment ;
; I/O Standard ; DLX            ;              ; LEDR[0]         ; 3.3-V LVTTL           ; QSF Assignment ;
; I/O Standard ; DLX            ;              ; LEDR[1]         ; 3.3-V LVTTL           ; QSF Assignment ;
; I/O Standard ; DLX            ;              ; LEDR[2]         ; 3.3-V LVTTL           ; QSF Assignment ;
; I/O Standard ; DLX            ;              ; LEDR[3]         ; 3.3-V LVTTL           ; QSF Assignment ;
; I/O Standard ; DLX            ;              ; LEDR[4]         ; 3.3-V LVTTL           ; QSF Assignment ;
; I/O Standard ; DLX            ;              ; LEDR[5]         ; 3.3-V LVTTL           ; QSF Assignment ;
; I/O Standard ; DLX            ;              ; LEDR[6]         ; 3.3-V LVTTL           ; QSF Assignment ;
; I/O Standard ; DLX            ;              ; LEDR[7]         ; 3.3-V LVTTL           ; QSF Assignment ;
; I/O Standard ; DLX            ;              ; LEDR[8]         ; 3.3-V LVTTL           ; QSF Assignment ;
; I/O Standard ; DLX            ;              ; LEDR[9]         ; 3.3-V LVTTL           ; QSF Assignment ;
; I/O Standard ; DLX            ;              ; SW[0]           ; 3.3-V LVTTL           ; QSF Assignment ;
; I/O Standard ; DLX            ;              ; SW[1]           ; 3.3-V LVTTL           ; QSF Assignment ;
; I/O Standard ; DLX            ;              ; SW[2]           ; 3.3-V LVTTL           ; QSF Assignment ;
; I/O Standard ; DLX            ;              ; SW[3]           ; 3.3-V LVTTL           ; QSF Assignment ;
; I/O Standard ; DLX            ;              ; SW[4]           ; 3.3-V LVTTL           ; QSF Assignment ;
; I/O Standard ; DLX            ;              ; SW[5]           ; 3.3-V LVTTL           ; QSF Assignment ;
; I/O Standard ; DLX            ;              ; SW[6]           ; 3.3-V LVTTL           ; QSF Assignment ;
; I/O Standard ; DLX            ;              ; SW[7]           ; 3.3-V LVTTL           ; QSF Assignment ;
; I/O Standard ; DLX            ;              ; SW[8]           ; 3.3-V LVTTL           ; QSF Assignment ;
; I/O Standard ; DLX            ;              ; SW[9]           ; 3.3-V LVTTL           ; QSF Assignment ;
+--------------+----------------+--------------+-----------------+-----------------------+----------------+


+---------------------------------------------------------------------------------------------------+
; Incremental Compilation Preservation Summary                                                      ;
+---------------------+---------------------+----------------------------+--------------------------+
; Type                ; Total [A + B]       ; From Design Partitions [A] ; From Rapid Recompile [B] ;
+---------------------+---------------------+----------------------------+--------------------------+
; Placement (by node) ;                     ;                            ;                          ;
;     -- Requested    ; 0.00 % ( 0 / 6862 ) ; 0.00 % ( 0 / 6862 )        ; 0.00 % ( 0 / 6862 )      ;
;     -- Achieved     ; 0.00 % ( 0 / 6862 ) ; 0.00 % ( 0 / 6862 )        ; 0.00 % ( 0 / 6862 )      ;
;                     ;                     ;                            ;                          ;
; Routing (by net)    ;                     ;                            ;                          ;
;     -- Requested    ; 0.00 % ( 0 / 0 )    ; 0.00 % ( 0 / 0 )           ; 0.00 % ( 0 / 0 )         ;
;     -- Achieved     ; 0.00 % ( 0 / 0 )    ; 0.00 % ( 0 / 0 )           ; 0.00 % ( 0 / 0 )         ;
+---------------------+---------------------+----------------------------+--------------------------+


+----------------------------------------------------------------------------------------------------------------------------------------------------------------------------------------+
; Incremental Compilation Partition Settings                                                                                                                                             ;
+--------------------------------+----------------+-------------------+-------------------------+------------------------+------------------------------+--------------------------------+
; Partition Name                 ; Partition Type ; Netlist Type Used ; Preservation Level Used ; Netlist Type Requested ; Preservation Level Requested ; Contents                       ;
+--------------------------------+----------------+-------------------+-------------------------+------------------------+------------------------------+--------------------------------+
; Top                            ; User-created   ; Source File       ; N/A                     ; Source File            ; N/A                          ;                                ;
; sld_hub:auto_hub               ; Auto-generated ; Post-Synthesis    ; N/A                     ; Post-Synthesis         ; N/A                          ; sld_hub:auto_hub               ;
; sld_signaltap:auto_signaltap_0 ; Auto-generated ; Post-Synthesis    ; N/A                     ; Post-Synthesis         ; N/A                          ; sld_signaltap:auto_signaltap_0 ;
; hard_block:auto_generated_inst ; Auto-generated ; Source File       ; N/A                     ; Source File            ; N/A                          ; hard_block:auto_generated_inst ;
+--------------------------------+----------------+-------------------+-------------------------+------------------------+------------------------------+--------------------------------+


+------------------------------------------------------------------------------------------------------------------------------------+
; Incremental Compilation Placement Preservation                                                                                     ;
+--------------------------------+-----------------------+-------------------------+-------------------+---------------------+-------+
; Partition Name                 ; Preservation Achieved ; Preservation Level Used ; Netlist Type Used ; Preservation Method ; Notes ;
+--------------------------------+-----------------------+-------------------------+-------------------+---------------------+-------+
; Top                            ; 0.00 % ( 0 / 4766 )   ; N/A                     ; Source File       ; N/A                 ;       ;
; sld_hub:auto_hub               ; 0.00 % ( 0 / 216 )    ; N/A                     ; Post-Synthesis    ; N/A                 ;       ;
; sld_signaltap:auto_signaltap_0 ; 0.00 % ( 0 / 1869 )   ; N/A                     ; Post-Synthesis    ; N/A                 ;       ;
; hard_block:auto_generated_inst ; 0.00 % ( 0 / 11 )     ; N/A                     ; Source File       ; N/A                 ;       ;
+--------------------------------+-----------------------+-------------------------+-------------------+---------------------+-------+


+--------------+
; Pin-Out File ;
+--------------+
The pin-out file can be found in C:/Users/A02395949/Documents/advanced/ECE_6740/Lab9/DLX.pin.


+------------------------------------------------------------------------------+
; Fitter Resource Usage Summary                                                ;
+---------------------------------------------+--------------------------------+
; Resource                                    ; Usage                          ;
+---------------------------------------------+--------------------------------+
; Total logic elements                        ; 4,962 / 49,760 ( 10 % )        ;
;     -- Combinational with no register       ; 2665                           ;
;     -- Register only                        ; 879                            ;
;     -- Combinational with a register        ; 1418                           ;
;                                             ;                                ;
; Logic element usage by number of LUT inputs ;                                ;
;     -- 4 input functions                    ; 1885                           ;
;     -- 3 input functions                    ; 1477                           ;
;     -- <=2 input functions                  ; 721                            ;
;     -- Register only                        ; 879                            ;
;                                             ;                                ;
; Logic elements by mode                      ;                                ;
;     -- normal mode                          ; 2868                           ;
;     -- arithmetic mode                      ; 1215                           ;
;                                             ;                                ;
; Total registers*                            ; 2,297 / 51,509 ( 4 % )         ;
;     -- Dedicated logic registers            ; 2,297 / 49,760 ( 5 % )         ;
;     -- I/O registers                        ; 0 / 1,749 ( 0 % )              ;
;                                             ;                                ;
; Total LABs:  partially or completely used   ; 419 / 3,110 ( 13 % )           ;
; Virtual pins                                ; 0                              ;
; I/O pins                                    ; 41 / 360 ( 11 % )              ;
;     -- Clock pins                           ; 4 / 8 ( 50 % )                 ;
;     -- Dedicated input pins                 ; 1 / 1 ( 100 % )                ;
;                                             ;                                ;
; M9Ks                                        ; 127 / 182 ( 70 % )             ;
; UFM blocks                                  ; 0 / 1 ( 0 % )                  ;
; ADC blocks                                  ; 0 / 2 ( 0 % )                  ;
; Total block memory bits                     ; 990,776 / 1,677,312 ( 59 % )   ;
; Total block memory implementation bits      ; 1,170,432 / 1,677,312 ( 70 % ) ;
; Embedded Multiplier 9-bit elements          ; 0 / 288 ( 0 % )                ;
; PLLs                                        ; 1 / 4 ( 25 % )                 ;
; Global signals                              ; 6                              ;
;     -- Global clocks                        ; 6 / 20 ( 30 % )                ;
; JTAGs                                       ; 1 / 1 ( 100 % )                ;
; CRC blocks                                  ; 0 / 1 ( 0 % )                  ;
; Remote update blocks                        ; 0 / 1 ( 0 % )                  ;
; Oscillator blocks                           ; 0 / 1 ( 0 % )                  ;
; Impedance control blocks                    ; 0 / 1 ( 0 % )                  ;
; Average interconnect usage (total/H/V)      ; 4.4% / 4.1% / 4.8%             ;
; Peak interconnect usage (total/H/V)         ; 16.1% / 16.7% / 15.9%          ;
; Maximum fan-out                             ; 1513                           ;
; Highest non-global fan-out                  ; 358                            ;
; Total fan-out                               ; 25181                          ;
; Average fan-out                             ; 3.41                           ;
+---------------------------------------------+--------------------------------+
*  Register count does not include registers inside RAM blocks or DSP blocks.



+--------------------------------------------------------------------------------------------------------------------------------------------------------------+
; Fitter Partition Statistics                                                                                                                                  ;
+---------------------------------------------+----------------------+-----------------------+--------------------------------+--------------------------------+
; Statistic                                   ; Top                  ; sld_hub:auto_hub      ; sld_signaltap:auto_signaltap_0 ; hard_block:auto_generated_inst ;
+---------------------------------------------+----------------------+-----------------------+--------------------------------+--------------------------------+
; Difficulty Clustering Region                ; Low                  ; Low                   ; Low                            ; Low                            ;
;                                             ;                      ;                       ;                                ;                                ;
; Total logic elements                        ; 3556 / 49760 ( 7 % ) ; 151 / 49760 ( < 1 % ) ; 1255 / 49760 ( 3 % )           ; 0 / 49760 ( 0 % )              ;
;     -- Combinational with no register       ; 2430                 ; 61                    ; 174                            ; 0                              ;
;     -- Register only                        ; 278                  ; 25                    ; 576                            ; 0                              ;
;     -- Combinational with a register        ; 848                  ; 65                    ; 505                            ; 0                              ;
;                                             ;                      ;                       ;                                ;                                ;
; Logic element usage by number of LUT inputs ;                      ;                       ;                                ;                                ;
;     -- 4 input functions                    ; 1490                 ; 53                    ; 342                            ; 0                              ;
;     -- 3 input functions                    ; 1255                 ; 35                    ; 187                            ; 0                              ;
;     -- <=2 input functions                  ; 533                  ; 38                    ; 150                            ; 0                              ;
;     -- Register only                        ; 278                  ; 25                    ; 576                            ; 0                              ;
;                                             ;                      ;                       ;                                ;                                ;
; Logic elements by mode                      ;                      ;                       ;                                ;                                ;
;     -- normal mode                          ; 2167                 ; 118                   ; 583                            ; 0                              ;
;     -- arithmetic mode                      ; 1111                 ; 8                     ; 96                             ; 0                              ;
;                                             ;                      ;                       ;                                ;                                ;
; Total registers                             ; 1126                 ; 90                    ; 1081                           ; 0                              ;
;     -- Dedicated logic registers            ; 1126 / 49760 ( 2 % ) ; 90 / 49760 ( < 1 % )  ; 1081 / 49760 ( 2 % )           ; 0 / 49760 ( 0 % )              ;
;     -- I/O registers                        ; 0                    ; 0                     ; 0                              ; 0                              ;
;                                             ;                      ;                       ;                                ;                                ;
; Total LABs:  partially or completely used   ; 277 / 3110 ( 9 % )   ; 13 / 3110 ( < 1 % )   ; 137 / 3110 ( 4 % )             ; 0 / 3110 ( 0 % )               ;
;                                             ;                      ;                       ;                                ;                                ;
; Virtual pins                                ; 0                    ; 0                     ; 0                              ; 0                              ;
; I/O pins                                    ; 41                   ; 0                     ; 0                              ; 0                              ;
; Embedded Multiplier 9-bit elements          ; 0 / 288 ( 0 % )      ; 0 / 288 ( 0 % )       ; 0 / 288 ( 0 % )                ; 0 / 288 ( 0 % )                ;
; Total memory bits                           ; 89656                ; 0                     ; 901120                         ; 0                              ;
; Total RAM block bits                        ; 156672               ; 0                     ; 1013760                        ; 0                              ;
; JTAG                                        ; 1 / 1 ( 100 % )      ; 0 / 1 ( 0 % )         ; 0 / 1 ( 0 % )                  ; 0 / 1 ( 0 % )                  ;
; PLL                                         ; 0 / 4 ( 0 % )        ; 0 / 4 ( 0 % )         ; 0 / 4 ( 0 % )                  ; 1 / 4 ( 25 % )                 ;
; M9K                                         ; 17 / 182 ( 9 % )     ; 0 / 182 ( 0 % )       ; 110 / 182 ( 60 % )             ; 0 / 182 ( 0 % )                ;
; Clock control block                         ; 3 / 24 ( 12 % )      ; 0 / 24 ( 0 % )        ; 1 / 24 ( 4 % )                 ; 2 / 24 ( 8 % )                 ;
; User Flash Memory                           ; 1 / 1 ( 100 % )      ; 0 / 1 ( 0 % )         ; 0 / 1 ( 0 % )                  ; 0 / 1 ( 0 % )                  ;
; Analog-to-Digital Converter                 ; 2 / 2 ( 100 % )      ; 0 / 2 ( 0 % )         ; 0 / 2 ( 0 % )                  ; 0 / 2 ( 0 % )                  ;
;                                             ;                      ;                       ;                                ;                                ;
; Connections                                 ;                      ;                       ;                                ;                                ;
;     -- Input Connections                    ; 348                  ; 133                   ; 1698                           ; 2                              ;
;     -- Registered Input Connections         ; 309                  ; 101                   ; 1140                           ; 0                              ;
;     -- Output Connections                   ; 1574                 ; 260                   ; 34                             ; 313                            ;
;     -- Registered Output Connections        ; 98                   ; 260                   ; 0                              ; 0                              ;
;                                             ;                      ;                       ;                                ;                                ;
; Internal Connections                        ;                      ;                       ;                                ;                                ;
;     -- Total Connections                    ; 16621                ; 961                   ; 9593                           ; 322                            ;
;     -- Registered Connections               ; 4318                 ; 709                   ; 6030                           ; 0                              ;
;                                             ;                      ;                       ;                                ;                                ;
; External Connections                        ;                      ;                       ;                                ;                                ;
;     -- Top                                  ; 72                   ; 122                   ; 1415                           ; 313                            ;
;     -- sld_hub:auto_hub                     ; 122                  ; 20                    ; 251                            ; 0                              ;
;     -- sld_signaltap:auto_signaltap_0       ; 1415                 ; 251                   ; 64                             ; 2                              ;
;     -- hard_block:auto_generated_inst       ; 313                  ; 0                     ; 2                              ; 0                              ;
;                                             ;                      ;                       ;                                ;                                ;
; Partition Interface                         ;                      ;                       ;                                ;                                ;
;     -- Input Ports                          ; 8                    ; 45                    ; 234                            ; 2                              ;
;     -- Output Ports                         ; 56                   ; 62                    ; 125                            ; 3                              ;
;     -- Bidir Ports                          ; 36                   ; 0                     ; 0                              ; 0                              ;
;                                             ;                      ;                       ;                                ;                                ;
; Registered Ports                            ;                      ;                       ;                                ;                                ;
;     -- Registered Input Ports               ; 0                    ; 4                     ; 28                             ; 0                              ;
;     -- Registered Output Ports              ; 0                    ; 29                    ; 111                            ; 0                              ;
;                                             ;                      ;                       ;                                ;                                ;
; Port Connectivity                           ;                      ;                       ;                                ;                                ;
;     -- Input Ports driven by GND            ; 0                    ; 0                     ; 14                             ; 0                              ;
;     -- Output Ports driven by GND           ; 0                    ; 28                    ; 2                              ; 0                              ;
;     -- Input Ports driven by VCC            ; 0                    ; 0                     ; 18                             ; 0                              ;
;     -- Output Ports driven by VCC           ; 0                    ; 0                     ; 1                              ; 0                              ;
;     -- Input Ports with no Source           ; 0                    ; 25                    ; 59                             ; 0                              ;
;     -- Output Ports with no Source          ; 0                    ; 0                     ; 0                              ; 0                              ;
;     -- Input Ports with no Fanout           ; 0                    ; 30                    ; 73                             ; 0                              ;
;     -- Output Ports with no Fanout          ; 0                    ; 29                    ; 113                            ; 0                              ;
+---------------------------------------------+----------------------+-----------------------+--------------------------------+--------------------------------+


+---------------------------------------------------------------------------------------------------------------------------------------------------------------------------------------------------------------------------------------------------------------------------------------------------------+
; Input Pins                                                                                                                                                                                                                                                                                              ;
+---------------+-------+----------+--------------+--------------+--------------+-----------------------+--------------------+--------+----------------+---------------+-----------------+----------+--------------+-----------------------+---------------------------+----------------------+-----------+
; Name          ; Pin # ; I/O Bank ; X coordinate ; Y coordinate ; Z coordinate ; Combinational Fan-Out ; Registered Fan-Out ; Global ; Input Register ; Power Up High ; PCI I/O Enabled ; Bus Hold ; Weak Pull Up ; I/O Standard          ; Termination Control Block ; Location assigned by ; Slew Rate ;
+---------------+-------+----------+--------------+--------------+--------------+-----------------------+--------------------+--------+----------------+---------------+-----------------+----------+--------------+-----------------------+---------------------------+----------------------+-----------+
; ADC_CLK_10    ; N5    ; 2        ; 0            ; 23           ; 21           ; 0                     ; 0                  ; no     ; no             ; no            ; yes             ; no       ; Off          ; 3.3-V LVTTL           ; --                        ; User                 ; 0         ;
; KEY[0]        ; B8    ; 7        ; 46           ; 54           ; 28           ; 4                     ; 0                  ; no     ; no             ; no            ; yes             ; no       ; Off          ; 3.3 V Schmitt Trigger ; --                        ; User                 ; 0         ;
; KEY[1]        ; A7    ; 7        ; 49           ; 54           ; 28           ; 0                     ; 0                  ; no     ; no             ; no            ; yes             ; no       ; Off          ; 3.3 V Schmitt Trigger ; --                        ; User                 ; 0         ;
; MAX10_CLK1_50 ; P11   ; 3        ; 34           ; 0            ; 28           ; 1516                  ; 0                  ; yes    ; no             ; no            ; yes             ; no       ; Off          ; 3.3-V LVTTL           ; --                        ; User                 ; 0         ;
; MAX10_CLK2_50 ; N14   ; 6        ; 78           ; 29           ; 21           ; 0                     ; 0                  ; no     ; no             ; no            ; yes             ; no       ; Off          ; 3.3-V LVTTL           ; --                        ; User                 ; 0         ;
+---------------+-------+----------+--------------+--------------+--------------+-----------------------+--------------------+--------+----------------+---------------+-----------------+----------+--------------+-----------------------+---------------------------+----------------------+-----------+


+---------------------------------------------------------------------------------------------------------------------------------------------------------------------------------------------------------------------------------------------------------------------------------------------------------------------------------------------------------------------------------------------------------------------------------------------------------------------+
; Bidir Pins                                                                                                                                                                                                                                                                                                                                                                                                                                                          ;
+----------+-------+----------+--------------+--------------+--------------+-----------------------+--------------------+--------+----------------+-----------------+------------------------+---------------+-----------+-----------------+------------+----------+--------------+--------------+------------------+--------------------+---------------------------+----------------------------+----------------------+----------------------+---------------------+
; Name     ; Pin # ; I/O Bank ; X coordinate ; Y coordinate ; Z coordinate ; Combinational Fan-Out ; Registered Fan-Out ; Global ; Input Register ; Output Register ; Output Enable Register ; Power Up High ; Slew Rate ; PCI I/O Enabled ; Open Drain ; Bus Hold ; Weak Pull Up ; I/O Standard ; Current Strength ; Output Termination ; Termination Control Block ; Output Buffer Pre-emphasis ; Location assigned by ; Output Enable Source ; Output Enable Group ;
+----------+-------+----------+--------------+--------------+--------------+-----------------------+--------------------+--------+----------------+-----------------+------------------------+---------------+-----------+-----------------+------------+----------+--------------+--------------+------------------+--------------------+---------------------------+----------------------------+----------------------+----------------------+---------------------+
; GPIO[0]  ; V10   ; 3        ; 31           ; 0            ; 21           ; 2                     ; 0                  ; no     ; no             ; no              ; no                     ; no            ; 2         ; yes             ; yes        ; no       ; Off          ; 3.3-V LVTTL  ; 8mA              ; Off                ; --                        ; no                         ; User                 ; 0 pF                 ; -                   ;
; GPIO[10] ; W5    ; 3        ; 14           ; 0            ; 0            ; 0                     ; 0                  ; no     ; no             ; no              ; no                     ; no            ; 2         ; yes             ; yes        ; no       ; Off          ; 3.3-V LVTTL  ; 8mA              ; Off                ; --                        ; no                         ; User                 ; 0 pF                 ; -                   ;
; GPIO[11] ; AA15  ; 4        ; 54           ; 0            ; 28           ; 0                     ; 0                  ; no     ; no             ; no              ; no                     ; no            ; 2         ; yes             ; yes        ; no       ; Off          ; 3.3-V LVTTL  ; 8mA              ; Off                ; --                        ; no                         ; User                 ; 0 pF                 ; -                   ;
; GPIO[12] ; AA14  ; 4        ; 51           ; 0            ; 21           ; 0                     ; 0                  ; no     ; no             ; no              ; no                     ; no            ; 2         ; yes             ; yes        ; no       ; Off          ; 3.3-V LVTTL  ; 8mA              ; Off                ; --                        ; no                         ; User                 ; 0 pF                 ; -                   ;
; GPIO[13] ; W13   ; 4        ; 46           ; 0            ; 0            ; 0                     ; 0                  ; no     ; no             ; no              ; no                     ; no            ; 2         ; yes             ; yes        ; no       ; Off          ; 3.3-V LVTTL  ; 8mA              ; Off                ; --                        ; no                         ; User                 ; 0 pF                 ; -                   ;
; GPIO[14] ; W12   ; 4        ; 46           ; 0            ; 7            ; 0                     ; 0                  ; no     ; no             ; no              ; no                     ; no            ; 2         ; yes             ; yes        ; no       ; Off          ; 3.3-V LVTTL  ; 8mA              ; Off                ; --                        ; no                         ; User                 ; 0 pF                 ; -                   ;
; GPIO[15] ; AB13  ; 4        ; 40           ; 0            ; 14           ; 0                     ; 0                  ; no     ; no             ; no              ; no                     ; no            ; 2         ; yes             ; yes        ; no       ; Off          ; 3.3-V LVTTL  ; 8mA              ; Off                ; --                        ; no                         ; User                 ; 0 pF                 ; -                   ;
; GPIO[16] ; AB12  ; 4        ; 40           ; 0            ; 21           ; 0                     ; 0                  ; no     ; no             ; no              ; no                     ; no            ; 2         ; yes             ; yes        ; no       ; Off          ; 3.3-V LVTTL  ; 8mA              ; Off                ; --                        ; no                         ; User                 ; 0 pF                 ; -                   ;
; GPIO[17] ; Y11   ; 4        ; 36           ; 0            ; 0            ; 0                     ; 0                  ; no     ; no             ; no              ; no                     ; no            ; 2         ; yes             ; yes        ; no       ; Off          ; 3.3-V LVTTL  ; 8mA              ; Off                ; --                        ; no                         ; User                 ; 0 pF                 ; -                   ;
; GPIO[18] ; AB11  ; 4        ; 38           ; 0            ; 7            ; 0                     ; 0                  ; no     ; no             ; no              ; no                     ; no            ; 2         ; yes             ; yes        ; no       ; Off          ; 3.3-V LVTTL  ; 8mA              ; Off                ; --                        ; no                         ; User                 ; 0 pF                 ; -                   ;
; GPIO[19] ; W11   ; 4        ; 36           ; 0            ; 7            ; 0                     ; 0                  ; no     ; no             ; no              ; no                     ; no            ; 2         ; yes             ; yes        ; no       ; Off          ; 3.3-V LVTTL  ; 8mA              ; Off                ; --                        ; no                         ; User                 ; 0 pF                 ; -                   ;
; GPIO[1]  ; W10   ; 3        ; 24           ; 0            ; 28           ; 0                     ; 0                  ; no     ; no             ; no              ; no                     ; no            ; 2         ; yes             ; no         ; no       ; Off          ; 3.3-V LVTTL  ; 8mA              ; Off                ; --                        ; no                         ; User                 ; 0 pF                 ; -                   ;
; GPIO[20] ; AB10  ; 4        ; 38           ; 0            ; 14           ; 0                     ; 0                  ; no     ; no             ; no              ; no                     ; no            ; 2         ; yes             ; yes        ; no       ; Off          ; 3.3-V LVTTL  ; 8mA              ; Off                ; --                        ; no                         ; User                 ; 0 pF                 ; -                   ;
; GPIO[21] ; AA10  ; 3        ; 34           ; 0            ; 0            ; 0                     ; 0                  ; no     ; no             ; no              ; no                     ; no            ; 2         ; yes             ; yes        ; no       ; Off          ; 3.3-V LVTTL  ; 8mA              ; Off                ; --                        ; no                         ; User                 ; 0 pF                 ; -                   ;
; GPIO[22] ; AA9   ; 3        ; 34           ; 0            ; 21           ; 0                     ; 0                  ; no     ; no             ; no              ; no                     ; no            ; 2         ; yes             ; yes        ; no       ; Off          ; 3.3-V LVTTL  ; 8mA              ; Off                ; --                        ; no                         ; User                 ; 0 pF                 ; -                   ;
; GPIO[23] ; Y8    ; 3        ; 20           ; 0            ; 0            ; 0                     ; 0                  ; no     ; no             ; no              ; no                     ; no            ; 2         ; yes             ; yes        ; no       ; Off          ; 3.3-V LVTTL  ; 8mA              ; Off                ; --                        ; no                         ; User                 ; 0 pF                 ; -                   ;
; GPIO[24] ; AA8   ; 3        ; 31           ; 0            ; 14           ; 0                     ; 0                  ; no     ; no             ; no              ; no                     ; no            ; 2         ; yes             ; yes        ; no       ; Off          ; 3.3-V LVTTL  ; 8mA              ; Off                ; --                        ; no                         ; User                 ; 0 pF                 ; -                   ;
; GPIO[25] ; Y7    ; 3        ; 20           ; 0            ; 7            ; 0                     ; 0                  ; no     ; no             ; no              ; no                     ; no            ; 2         ; yes             ; yes        ; no       ; Off          ; 3.3-V LVTTL  ; 8mA              ; Off                ; --                        ; no                         ; User                 ; 0 pF                 ; -                   ;
; GPIO[26] ; AA7   ; 3        ; 29           ; 0            ; 14           ; 0                     ; 0                  ; no     ; no             ; no              ; no                     ; no            ; 2         ; yes             ; yes        ; no       ; Off          ; 3.3-V LVTTL  ; 8mA              ; Off                ; --                        ; no                         ; User                 ; 0 pF                 ; -                   ;
; GPIO[27] ; Y6    ; 3        ; 20           ; 0            ; 28           ; 0                     ; 0                  ; no     ; no             ; no              ; no                     ; no            ; 2         ; yes             ; yes        ; no       ; Off          ; 3.3-V LVTTL  ; 8mA              ; Off                ; --                        ; no                         ; User                 ; 0 pF                 ; -                   ;
; GPIO[28] ; AA6   ; 3        ; 29           ; 0            ; 21           ; 0                     ; 0                  ; no     ; no             ; no              ; no                     ; no            ; 2         ; yes             ; yes        ; no       ; Off          ; 3.3-V LVTTL  ; 8mA              ; Off                ; --                        ; no                         ; User                 ; 0 pF                 ; -                   ;
; GPIO[29] ; Y5    ; 3        ; 18           ; 0            ; 0            ; 0                     ; 0                  ; no     ; no             ; no              ; no                     ; no            ; 2         ; yes             ; yes        ; no       ; Off          ; 3.3-V LVTTL  ; 8mA              ; Off                ; --                        ; no                         ; User                 ; 0 pF                 ; -                   ;
; GPIO[2]  ; V9    ; 3        ; 31           ; 0            ; 28           ; 0                     ; 0                  ; no     ; no             ; no              ; no                     ; no            ; 2         ; yes             ; yes        ; no       ; Off          ; 3.3-V LVTTL  ; 8mA              ; Off                ; --                        ; no                         ; User                 ; 0 pF                 ; -                   ;
; GPIO[30] ; AA5   ; 3        ; 26           ; 0            ; 0            ; 0                     ; 0                  ; no     ; no             ; no              ; no                     ; no            ; 2         ; yes             ; yes        ; no       ; Off          ; 3.3-V LVTTL  ; 8mA              ; Off                ; --                        ; no                         ; User                 ; 0 pF                 ; -                   ;
; GPIO[31] ; Y4    ; 3        ; 24           ; 0            ; 14           ; 0                     ; 0                  ; no     ; no             ; no              ; no                     ; no            ; 2         ; yes             ; yes        ; no       ; Off          ; 3.3-V LVTTL  ; 8mA              ; Off                ; --                        ; no                         ; User                 ; 0 pF                 ; -                   ;
; GPIO[32] ; AB3   ; 3        ; 22           ; 0            ; 7            ; 0                     ; 0                  ; no     ; no             ; no              ; no                     ; no            ; 2         ; yes             ; yes        ; no       ; Off          ; 3.3-V LVTTL  ; 8mA              ; Off                ; --                        ; no                         ; User                 ; 0 pF                 ; -                   ;
; GPIO[33] ; Y3    ; 3        ; 24           ; 0            ; 21           ; 0                     ; 0                  ; no     ; no             ; no              ; no                     ; no            ; 2         ; yes             ; yes        ; no       ; Off          ; 3.3-V LVTTL  ; 8mA              ; Off                ; --                        ; no                         ; User                 ; 0 pF                 ; -                   ;
; GPIO[34] ; AB2   ; 3        ; 22           ; 0            ; 14           ; 0                     ; 0                  ; no     ; no             ; no              ; no                     ; no            ; 2         ; yes             ; yes        ; no       ; Off          ; 3.3-V LVTTL  ; 8mA              ; Off                ; --                        ; no                         ; User                 ; 0 pF                 ; -                   ;
; GPIO[35] ; AA2   ; 3        ; 18           ; 0            ; 21           ; 0                     ; 0                  ; no     ; no             ; no              ; no                     ; no            ; 2         ; yes             ; yes        ; no       ; Off          ; 3.3-V LVTTL  ; 8mA              ; Off                ; --                        ; no                         ; User                 ; 0 pF                 ; -                   ;
; GPIO[3]  ; W9    ; 3        ; 22           ; 0            ; 0            ; 0                     ; 0                  ; no     ; no             ; no              ; no                     ; no            ; 2         ; yes             ; yes        ; no       ; Off          ; 3.3-V LVTTL  ; 8mA              ; Off                ; --                        ; no                         ; User                 ; 0 pF                 ; -                   ;
; GPIO[4]  ; V8    ; 3        ; 20           ; 0            ; 14           ; 0                     ; 0                  ; no     ; no             ; no              ; no                     ; no            ; 2         ; yes             ; yes        ; no       ; Off          ; 3.3-V LVTTL  ; 8mA              ; Off                ; --                        ; no                         ; User                 ; 0 pF                 ; -                   ;
; GPIO[5]  ; W8    ; 3        ; 24           ; 0            ; 0            ; 0                     ; 0                  ; no     ; no             ; no              ; no                     ; no            ; 2         ; yes             ; yes        ; no       ; Off          ; 3.3-V LVTTL  ; 8mA              ; Off                ; --                        ; no                         ; User                 ; 0 pF                 ; -                   ;
; GPIO[6]  ; V7    ; 3        ; 20           ; 0            ; 21           ; 0                     ; 0                  ; no     ; no             ; no              ; no                     ; no            ; 2         ; yes             ; yes        ; no       ; Off          ; 3.3-V LVTTL  ; 8mA              ; Off                ; --                        ; no                         ; User                 ; 0 pF                 ; -                   ;
; GPIO[7]  ; W7    ; 3        ; 24           ; 0            ; 7            ; 0                     ; 0                  ; no     ; no             ; no              ; no                     ; no            ; 2         ; yes             ; yes        ; no       ; Off          ; 3.3-V LVTTL  ; 8mA              ; Off                ; --                        ; no                         ; User                 ; 0 pF                 ; -                   ;
; GPIO[8]  ; W6    ; 3        ; 16           ; 0            ; 28           ; 0                     ; 0                  ; no     ; no             ; no              ; no                     ; no            ; 2         ; yes             ; yes        ; no       ; Off          ; 3.3-V LVTTL  ; 8mA              ; Off                ; --                        ; no                         ; User                 ; 0 pF                 ; -                   ;
; GPIO[9]  ; V5    ; 3        ; 14           ; 0            ; 7            ; 0                     ; 0                  ; no     ; no             ; no              ; no                     ; no            ; 2         ; yes             ; yes        ; no       ; Off          ; 3.3-V LVTTL  ; 8mA              ; Off                ; --                        ; no                         ; User                 ; 0 pF                 ; -                   ;
+----------+-------+----------+--------------+--------------+--------------+-----------------------+--------------------+--------+----------------+-----------------+------------------------+---------------+-----------+-----------------+------------+----------+--------------+--------------+------------------+--------------------+---------------------------+----------------------------+----------------------+----------------------+---------------------+


+-----------------------------------------------------------------------------------------------------------------------------------------+
; Dual Purpose and Dedicated Pins                                                                                                         ;
+----------+----------------------------------------------------+--------------------------------+---------------------+------------------+
; Location ; Pin Name                                           ; Reserved As                    ; User Signal Name    ; Pin Type         ;
+----------+----------------------------------------------------+--------------------------------+---------------------+------------------+
; H2       ; DIFFIO_RX_L17n, DIFFOUT_L17n, TMS, Low_Speed       ; Reserved as secondary function ; altera_reserved_tms ; Dual Purpose Pin ;
; G2       ; DIFFIO_RX_L17p, DIFFOUT_L17p, TCK, Low_Speed       ; Reserved as secondary function ; altera_reserved_tck ; Dual Purpose Pin ;
; L4       ; DIFFIO_RX_L18n, DIFFOUT_L18n, TDI, Low_Speed       ; Reserved as secondary function ; altera_reserved_tdi ; Dual Purpose Pin ;
; M5       ; DIFFIO_RX_L18p, DIFFOUT_L18p, TDO, Low_Speed       ; Reserved as secondary function ; altera_reserved_tdo ; Dual Purpose Pin ;
; H10      ; CONFIG_SEL, Low_Speed                              ; Reserved as secondary function ; ~ALTERA_CONFIG_SEL~ ; Dual Purpose Pin ;
; H9       ; nCONFIG, Low_Speed                                 ; Reserved as secondary function ; ~ALTERA_nCONFIG~    ; Dual Purpose Pin ;
; G9       ; DIFFIO_RX_T50p, DIFFOUT_T50p, nSTATUS, Low_Speed   ; Reserved as secondary function ; ~ALTERA_nSTATUS~    ; Dual Purpose Pin ;
; F8       ; DIFFIO_RX_T50n, DIFFOUT_T50n, CONF_DONE, Low_Speed ; Reserved as secondary function ; ~ALTERA_CONF_DONE~  ; Dual Purpose Pin ;
+----------+----------------------------------------------------+--------------------------------+---------------------+------------------+


+------------------------------------------------------------+
; I/O Bank Usage                                             ;
+----------+------------------+---------------+--------------+
; I/O Bank ; Usage            ; VCCIO Voltage ; VREF Voltage ;
+----------+------------------+---------------+--------------+
; 1A       ; 0 / 16 ( 0 % )   ; 2.5V          ; --           ;
; 1B       ; 4 / 24 ( 17 % )  ; 2.5V          ; --           ;
; 2        ; 1 / 36 ( 3 % )   ; 3.3V          ; --           ;
; 3        ; 27 / 48 ( 56 % ) ; 3.3V          ; --           ;
; 4        ; 10 / 48 ( 21 % ) ; 3.3V          ; --           ;
; 5        ; 0 / 40 ( 0 % )   ; 2.5V          ; --           ;
; 6        ; 1 / 60 ( 2 % )   ; 3.3V          ; --           ;
; 7        ; 2 / 52 ( 4 % )   ; 3.3V          ; --           ;
; 8        ; 4 / 36 ( 11 % )  ; 2.5V          ; --           ;
+----------+------------------+---------------+--------------+


+-----------------------------------------------------------------------------------------------------------------------------------------------------------------------------+
; All Package Pins                                                                                                                                                            ;
+----------+------------+----------+--------------------------------------+--------+-----------------------+---------+------------+-----------------+----------+--------------+
; Location ; Pad Number ; I/O Bank ; Pin Name/Usage                       ; Dir.   ; I/O Standard          ; Voltage ; I/O Type   ; User Assignment ; Bus Hold ; Weak Pull Up ;
+----------+------------+----------+--------------------------------------+--------+-----------------------+---------+------------+-----------------+----------+--------------+
; A1       ;            ;          ; GND                                  ; gnd    ;                       ;         ; --         ;                 ; --       ; --           ;
; A2       ; 481        ; 8        ; RESERVED_INPUT_WITH_WEAK_PULLUP      ;        ;                       ;         ; Column I/O ;                 ; no       ; On           ;
; A3       ; 483        ; 8        ; RESERVED_INPUT_WITH_WEAK_PULLUP      ;        ;                       ;         ; Column I/O ;                 ; no       ; On           ;
; A4       ; 475        ; 8        ; RESERVED_INPUT_WITH_WEAK_PULLUP      ;        ;                       ;         ; Column I/O ;                 ; no       ; On           ;
; A5       ; 473        ; 8        ; RESERVED_INPUT_WITH_WEAK_PULLUP      ;        ;                       ;         ; Column I/O ;                 ; no       ; On           ;
; A6       ; 471        ; 8        ; RESERVED_INPUT_WITH_WEAK_PULLUP      ;        ;                       ;         ; Column I/O ;                 ; no       ; On           ;
; A7       ; 445        ; 7        ; KEY[1]                               ; input  ; 3.3 V Schmitt Trigger ;         ; Column I/O ; Y               ; no       ; Off          ;
; A8       ; 447        ; 7        ; RESERVED_INPUT_WITH_WEAK_PULLUP      ;        ;                       ;         ; Column I/O ;                 ; no       ; On           ;
; A9       ; 449        ; 7        ; RESERVED_INPUT_WITH_WEAK_PULLUP      ;        ;                       ;         ; Column I/O ;                 ; no       ; On           ;
; A10      ; 439        ; 7        ; RESERVED_INPUT_WITH_WEAK_PULLUP      ;        ;                       ;         ; Column I/O ;                 ; no       ; On           ;
; A11      ; 437        ; 7        ; RESERVED_INPUT_WITH_WEAK_PULLUP      ;        ;                       ;         ; Column I/O ;                 ; no       ; On           ;
; A12      ; 435        ; 7        ; RESERVED_INPUT_WITH_WEAK_PULLUP      ;        ;                       ;         ; Column I/O ;                 ; no       ; On           ;
; A13      ; 433        ; 7        ; RESERVED_INPUT_WITH_WEAK_PULLUP      ;        ;                       ;         ; Column I/O ;                 ; no       ; On           ;
; A14      ; 425        ; 7        ; RESERVED_INPUT_WITH_WEAK_PULLUP      ;        ;                       ;         ; Column I/O ;                 ; no       ; On           ;
; A15      ; 421        ; 7        ; RESERVED_INPUT_WITH_WEAK_PULLUP      ;        ;                       ;         ; Column I/O ;                 ; no       ; On           ;
; A16      ; 419        ; 7        ; RESERVED_INPUT_WITH_WEAK_PULLUP      ;        ;                       ;         ; Column I/O ;                 ; no       ; On           ;
; A17      ; 407        ; 7        ; RESERVED_INPUT_WITH_WEAK_PULLUP      ;        ;                       ;         ; Column I/O ;                 ; no       ; On           ;
; A18      ; 405        ; 7        ; RESERVED_INPUT_WITH_WEAK_PULLUP      ;        ;                       ;         ; Column I/O ;                 ; no       ; On           ;
; A19      ; 403        ; 7        ; RESERVED_INPUT_WITH_WEAK_PULLUP      ;        ;                       ;         ; Column I/O ;                 ; no       ; On           ;
; A20      ; 401        ; 7        ; RESERVED_INPUT_WITH_WEAK_PULLUP      ;        ;                       ;         ; Column I/O ;                 ; no       ; On           ;
; A21      ; 371        ; 6        ; RESERVED_INPUT_WITH_WEAK_PULLUP      ;        ;                       ;         ; Row I/O    ;                 ; no       ; On           ;
; A22      ;            ;          ; GND                                  ; gnd    ;                       ;         ; --         ;                 ; --       ; --           ;
; AA1      ; 133        ; 3        ; RESERVED_INPUT_WITH_WEAK_PULLUP      ;        ;                       ;         ; Column I/O ;                 ; no       ; On           ;
; AA2      ; 135        ; 3        ; GPIO[35]                             ; bidir  ; 3.3-V LVTTL           ;         ; Column I/O ; Y               ; no       ; Off          ;
; AA3      ; 153        ; 3        ; RESERVED_INPUT_WITH_WEAK_PULLUP      ;        ;                       ;         ; Column I/O ;                 ; --       ; --           ;
; AA4      ;            ;          ; GND                                  ; gnd    ;                       ;         ; --         ;                 ; --       ; --           ;
; AA5      ; 157        ; 3        ; GPIO[30]                             ; bidir  ; 3.3-V LVTTL           ;         ; Column I/O ; Y               ; no       ; Off          ;
; AA6      ; 156        ; 3        ; GPIO[28]                             ; bidir  ; 3.3-V LVTTL           ;         ; Column I/O ; Y               ; no       ; Off          ;
; AA7      ; 158        ; 3        ; GPIO[26]                             ; bidir  ; 3.3-V LVTTL           ;         ; Column I/O ; Y               ; no       ; Off          ;
; AA8      ; 165        ; 3        ; GPIO[24]                             ; bidir  ; 3.3-V LVTTL           ;         ; Column I/O ; Y               ; no       ; Off          ;
; AA9      ; 169        ; 3        ; GPIO[22]                             ; bidir  ; 3.3-V LVTTL           ;         ; Column I/O ; Y               ; no       ; Off          ;
; AA10     ; 170        ; 3        ; GPIO[21]                             ; bidir  ; 3.3-V LVTTL           ;         ; Column I/O ; Y               ; no       ; Off          ;
; AA11     ; 180        ; 4        ; RESERVED_INPUT_WITH_WEAK_PULLUP      ;        ;                       ;         ; Column I/O ;                 ; no       ; On           ;
; AA12     ; 182        ; 4        ; RESERVED_INPUT_WITH_WEAK_PULLUP      ;        ;                       ;         ; Column I/O ;                 ; no       ; On           ;
; AA13     ; 197        ; 4        ; RESERVED_INPUT_WITH_WEAK_PULLUP      ;        ;                       ;         ; Column I/O ;                 ; --       ; --           ;
; AA14     ; 201        ; 4        ; GPIO[12]                             ; bidir  ; 3.3-V LVTTL           ;         ; Column I/O ; Y               ; no       ; Off          ;
; AA15     ; 205        ; 4        ; GPIO[11]                             ; bidir  ; 3.3-V LVTTL           ;         ; Column I/O ; Y               ; no       ; Off          ;
; AA16     ; 211        ; 4        ; RESERVED_INPUT_WITH_WEAK_PULLUP      ;        ;                       ;         ; Column I/O ;                 ; no       ; On           ;
; AA17     ; 212        ; 4        ; RESERVED_INPUT_WITH_WEAK_PULLUP      ;        ;                       ;         ; Column I/O ;                 ; no       ; On           ;
; AA18     ;            ;          ; GND                                  ; gnd    ;                       ;         ; --         ;                 ; --       ; --           ;
; AA19     ; 217        ; 4        ; RESERVED_INPUT_WITH_WEAK_PULLUP      ;        ;                       ;         ; Column I/O ;                 ; no       ; On           ;
; AA20     ; 227        ; 4        ; RESERVED_INPUT_WITH_WEAK_PULLUP      ;        ;                       ;         ; Column I/O ;                 ; no       ; On           ;
; AA21     ; 245        ; 5        ; RESERVED_INPUT_WITH_WEAK_PULLUP      ;        ;                       ;         ; Row I/O    ;                 ; no       ; On           ;
; AA22     ; 247        ; 5        ; RESERVED_INPUT_WITH_WEAK_PULLUP      ;        ;                       ;         ; Row I/O    ;                 ; no       ; On           ;
; AB1      ;            ;          ; GND                                  ; gnd    ;                       ;         ; --         ;                 ; --       ; --           ;
; AB2      ; 145        ; 3        ; GPIO[34]                             ; bidir  ; 3.3-V LVTTL           ;         ; Column I/O ; Y               ; no       ; Off          ;
; AB3      ; 147        ; 3        ; GPIO[32]                             ; bidir  ; 3.3-V LVTTL           ;         ; Column I/O ; Y               ; no       ; Off          ;
; AB4      ; 155        ; 3        ; RESERVED_INPUT_WITH_WEAK_PULLUP      ;        ;                       ;         ; Column I/O ;                 ; no       ; On           ;
; AB5      ; 159        ; 3        ; RESERVED_INPUT_WITH_WEAK_PULLUP      ;        ;                       ;         ; Column I/O ;                 ; no       ; On           ;
; AB6      ; 161        ; 3        ; RESERVED_INPUT_WITH_WEAK_PULLUP      ;        ;                       ;         ; Column I/O ;                 ; no       ; On           ;
; AB7      ; 163        ; 3        ; RESERVED_INPUT_WITH_WEAK_PULLUP      ;        ;                       ;         ; Column I/O ;                 ; no       ; On           ;
; AB8      ; 167        ; 3        ; RESERVED_INPUT_WITH_WEAK_PULLUP      ;        ;                       ;         ; Column I/O ;                 ; no       ; On           ;
; AB9      ; 171        ; 3        ; RESERVED_INPUT_WITH_WEAK_PULLUP      ;        ;                       ;         ; Column I/O ;                 ; no       ; On           ;
; AB10     ; 177        ; 4        ; GPIO[20]                             ; bidir  ; 3.3-V LVTTL           ;         ; Column I/O ; Y               ; no       ; Off          ;
; AB11     ; 179        ; 4        ; GPIO[18]                             ; bidir  ; 3.3-V LVTTL           ;         ; Column I/O ; Y               ; no       ; Off          ;
; AB12     ; 181        ; 4        ; GPIO[16]                             ; bidir  ; 3.3-V LVTTL           ;         ; Column I/O ; Y               ; no       ; Off          ;
; AB13     ; 183        ; 4        ; GPIO[15]                             ; bidir  ; 3.3-V LVTTL           ;         ; Column I/O ; Y               ; no       ; Off          ;
; AB14     ; 199        ; 4        ; RESERVED_INPUT_WITH_WEAK_PULLUP      ;        ;                       ;         ; Column I/O ;                 ; no       ; On           ;
; AB15     ; 203        ; 4        ; RESERVED_INPUT_WITH_WEAK_PULLUP      ;        ;                       ;         ; Column I/O ;                 ; no       ; On           ;
; AB16     ; 209        ; 4        ; RESERVED_INPUT_WITH_WEAK_PULLUP      ;        ;                       ;         ; Column I/O ;                 ; no       ; On           ;
; AB17     ; 241        ; 4        ; RESERVED_INPUT_WITH_WEAK_PULLUP      ;        ;                       ;         ; Column I/O ;                 ; no       ; On           ;
; AB18     ; 243        ; 4        ; RESERVED_INPUT_WITH_WEAK_PULLUP      ;        ;                       ;         ; Column I/O ;                 ; no       ; On           ;
; AB19     ; 213        ; 4        ; RESERVED_INPUT_WITH_WEAK_PULLUP      ;        ;                       ;         ; Column I/O ;                 ; no       ; On           ;
; AB20     ; 215        ; 4        ; RESERVED_INPUT_WITH_WEAK_PULLUP      ;        ;                       ;         ; Column I/O ;                 ; no       ; On           ;
; AB21     ; 225        ; 4        ; RESERVED_INPUT_WITH_WEAK_PULLUP      ;        ;                       ;         ; Column I/O ;                 ; no       ; On           ;
; AB22     ;            ;          ; GND                                  ; gnd    ;                       ;         ; --         ;                 ; --       ; --           ;
; B1       ; 495        ; 8        ; RESERVED_INPUT_WITH_WEAK_PULLUP      ;        ;                       ;         ; Column I/O ;                 ; no       ; On           ;
; B2       ; 493        ; 8        ; RESERVED_INPUT_WITH_WEAK_PULLUP      ;        ;                       ;         ; Column I/O ;                 ; no       ; On           ;
; B3       ; 484        ; 8        ; RESERVED_INPUT_WITH_WEAK_PULLUP      ;        ;                       ;         ; Column I/O ;                 ; no       ; On           ;
; B4       ; 486        ; 8        ; RESERVED_INPUT_WITH_WEAK_PULLUP      ;        ;                       ;         ; Column I/O ;                 ; no       ; On           ;
; B5       ; 485        ; 8        ; RESERVED_INPUT_WITH_WEAK_PULLUP      ;        ;                       ;         ; Column I/O ;                 ; no       ; On           ;
; B6       ;            ;          ; GND                                  ; gnd    ;                       ;         ; --         ;                 ; --       ; --           ;
; B7       ; 469        ; 8        ; RESERVED_INPUT_WITH_WEAK_PULLUP      ;        ;                       ;         ; Column I/O ;                 ; no       ; On           ;
; B8       ; 451        ; 7        ; KEY[0]                               ; input  ; 3.3 V Schmitt Trigger ;         ; Column I/O ; Y               ; no       ; Off          ;
; B9       ;            ;          ; GND                                  ; gnd    ;                       ;         ; --         ;                 ; --       ; --           ;
; B10      ; 448        ; 7        ; RESERVED_INPUT_WITH_WEAK_PULLUP      ;        ;                       ;         ; Column I/O ;                 ; no       ; On           ;
; B11      ; 443        ; 7        ; RESERVED_INPUT_WITH_WEAK_PULLUP      ;        ;                       ;         ; Column I/O ;                 ; no       ; On           ;
; B12      ; 441        ; 7        ; RESERVED_INPUT_WITH_WEAK_PULLUP      ;        ;                       ;         ; Column I/O ;                 ; no       ; On           ;
; B13      ;            ;          ; GND                                  ; gnd    ;                       ;         ; --         ;                 ; --       ; --           ;
; B14      ; 427        ; 7        ; RESERVED_INPUT_WITH_WEAK_PULLUP      ;        ;                       ;         ; Column I/O ;                 ; no       ; On           ;
; B15      ; 423        ; 7        ; RESERVED_INPUT_WITH_WEAK_PULLUP      ;        ;                       ;         ; Column I/O ;                 ; --       ; --           ;
; B16      ; 417        ; 7        ; RESERVED_INPUT_WITH_WEAK_PULLUP      ;        ;                       ;         ; Column I/O ;                 ; no       ; On           ;
; B17      ; 402        ; 7        ; RESERVED_INPUT_WITH_WEAK_PULLUP      ;        ;                       ;         ; Column I/O ;                 ; no       ; On           ;
; B18      ;            ;          ; GND                                  ; gnd    ;                       ;         ; --         ;                 ; --       ; --           ;
; B19      ; 399        ; 7        ; RESERVED_INPUT_WITH_WEAK_PULLUP      ;        ;                       ;         ; Column I/O ;                 ; no       ; On           ;
; B20      ; 369        ; 6        ; RESERVED_INPUT_WITH_WEAK_PULLUP      ;        ;                       ;         ; Row I/O    ;                 ; no       ; On           ;
; B21      ; 367        ; 6        ; RESERVED_INPUT_WITH_WEAK_PULLUP      ;        ;                       ;         ; Row I/O    ;                 ; no       ; On           ;
; B22      ; 365        ; 6        ; RESERVED_INPUT_WITH_WEAK_PULLUP      ;        ;                       ;         ; Row I/O    ;                 ; no       ; On           ;
; C1       ; 33         ; 1B       ; RESERVED_INPUT_WITH_WEAK_PULLUP      ;        ;                       ;         ; Row I/O    ;                 ; --       ; --           ;
; C2       ; 499        ; 8        ; RESERVED_INPUT_WITH_WEAK_PULLUP      ;        ;                       ;         ; Column I/O ;                 ; no       ; On           ;
; C3       ; 497        ; 8        ; RESERVED_INPUT_WITH_WEAK_PULLUP      ;        ;                       ;         ; Column I/O ;                 ; no       ; On           ;
; C4       ; 487        ; 8        ; RESERVED_INPUT_WITH_WEAK_PULLUP      ;        ;                       ;         ; Column I/O ;                 ; no       ; On           ;
; C5       ; 489        ; 8        ; RESERVED_INPUT_WITH_WEAK_PULLUP      ;        ;                       ;         ; Column I/O ;                 ; no       ; On           ;
; C6       ; 477        ; 8        ; RESERVED_INPUT_WITH_WEAK_PULLUP      ;        ;                       ;         ; Column I/O ;                 ; no       ; On           ;
; C7       ; 467        ; 8        ; RESERVED_INPUT_WITH_WEAK_PULLUP      ;        ;                       ;         ; Column I/O ;                 ; no       ; On           ;
; C8       ; 465        ; 8        ; RESERVED_INPUT_WITH_WEAK_PULLUP      ;        ;                       ;         ; Column I/O ;                 ; no       ; On           ;
; C9       ; 450        ; 7        ; RESERVED_INPUT_WITH_WEAK_PULLUP      ;        ;                       ;         ; Column I/O ;                 ; no       ; On           ;
; C10      ; 442        ; 7        ; RESERVED_INPUT_WITH_WEAK_PULLUP      ;        ;                       ;         ; Column I/O ;                 ; no       ; On           ;
; C11      ; 440        ; 7        ; RESERVED_INPUT_WITH_WEAK_PULLUP      ;        ;                       ;         ; Column I/O ;                 ; no       ; On           ;
; C12      ; 436        ; 7        ; RESERVED_INPUT_WITH_WEAK_PULLUP      ;        ;                       ;         ; Column I/O ;                 ; no       ; On           ;
; C13      ; 426        ; 7        ; RESERVED_INPUT_WITH_WEAK_PULLUP      ;        ;                       ;         ; Column I/O ;                 ; no       ; On           ;
; C14      ; 424        ; 7        ; RESERVED_INPUT_WITH_WEAK_PULLUP      ;        ;                       ;         ; Column I/O ;                 ; no       ; On           ;
; C15      ; 418        ; 7        ; RESERVED_INPUT_WITH_WEAK_PULLUP      ;        ;                       ;         ; Column I/O ;                 ; no       ; On           ;
; C16      ; 416        ; 7        ; RESERVED_INPUT_WITH_WEAK_PULLUP      ;        ;                       ;         ; Column I/O ;                 ; no       ; On           ;
; C17      ; 391        ; 7        ; RESERVED_INPUT_WITH_WEAK_PULLUP      ;        ;                       ;         ; Column I/O ;                 ; no       ; On           ;
; C18      ; 400        ; 7        ; RESERVED_INPUT_WITH_WEAK_PULLUP      ;        ;                       ;         ; Column I/O ;                 ; no       ; On           ;
; C19      ; 397        ; 7        ; RESERVED_INPUT_WITH_WEAK_PULLUP      ;        ;                       ;         ; Column I/O ;                 ; no       ; On           ;
; C20      ; 357        ; 6        ; RESERVED_INPUT_WITH_WEAK_PULLUP      ;        ;                       ;         ; Row I/O    ;                 ; no       ; On           ;
; C21      ; 347        ; 6        ; RESERVED_INPUT_WITH_WEAK_PULLUP      ;        ;                       ;         ; Row I/O    ;                 ; no       ; On           ;
; C22      ; 343        ; 6        ; RESERVED_INPUT_WITH_WEAK_PULLUP      ;        ;                       ;         ; Row I/O    ;                 ; no       ; On           ;
; D1       ; 35         ; 1B       ; RESERVED_INPUT_WITH_WEAK_PULLUP      ;        ;                       ;         ; Row I/O    ;                 ; no       ; On           ;
; D2       ; 31         ; 1B       ; RESERVED_INPUT_WITH_WEAK_PULLUP      ;        ;                       ;         ; Row I/O    ;                 ; no       ; On           ;
; D3       ; 29         ; 1B       ; RESERVED_INPUT_WITH_WEAK_PULLUP      ;        ;                       ;         ; Row I/O    ;                 ; no       ; On           ;
; D4       ;            ;          ; GND                                  ; gnd    ;                       ;         ; --         ;                 ; --       ; --           ;
; D5       ; 491        ; 8        ; RESERVED_INPUT_WITH_WEAK_PULLUP      ;        ;                       ;         ; Column I/O ;                 ; no       ; On           ;
; D6       ; 496        ; 8        ; RESERVED_INPUT_WITH_WEAK_PULLUP      ;        ;                       ;         ; Column I/O ;                 ; no       ; On           ;
; D7       ; 479        ; 8        ; RESERVED_INPUT_WITH_WEAK_PULLUP      ;        ;                       ;         ; Column I/O ;                 ; --       ; --           ;
; D8       ; 472        ; 8        ; RESERVED_INPUT_WITH_WEAK_PULLUP      ;        ;                       ;         ; Column I/O ;                 ; no       ; On           ;
; D9       ; 474        ; 8        ; RESERVED_INPUT_WITH_WEAK_PULLUP      ;        ;                       ;         ; Column I/O ;                 ; no       ; On           ;
; D10      ; 476        ; 8        ; RESERVED_INPUT_WITH_WEAK_PULLUP      ;        ;                       ;         ; Column I/O ;                 ; no       ; On           ;
; D11      ;            ;          ; GND                                  ; gnd    ;                       ;         ; --         ;                 ; --       ; --           ;
; D12      ; 438        ; 7        ; RESERVED_INPUT_WITH_WEAK_PULLUP      ;        ;                       ;         ; Column I/O ;                 ; no       ; On           ;
; D13      ; 431        ; 7        ; RESERVED_INPUT_WITH_WEAK_PULLUP      ;        ;                       ;         ; Column I/O ;                 ; no       ; On           ;
; D14      ; 428        ; 7        ; RESERVED_INPUT_WITH_WEAK_PULLUP      ;        ;                       ;         ; Column I/O ;                 ; no       ; On           ;
; D15      ; 404        ; 7        ; RESERVED_INPUT_WITH_WEAK_PULLUP      ;        ;                       ;         ; Column I/O ;                 ; no       ; On           ;
; D16      ;            ;          ; GND                                  ; gnd    ;                       ;         ; --         ;                 ; --       ; --           ;
; D17      ; 389        ; 7        ; RESERVED_INPUT_WITH_WEAK_PULLUP      ;        ;                       ;         ; Column I/O ;                 ; no       ; On           ;
; D18      ; 385        ; 6        ; RESERVED_INPUT_WITH_WEAK_PULLUP      ;        ;                       ;         ; Row I/O    ;                 ; no       ; On           ;
; D19      ; 359        ; 6        ; RESERVED_INPUT_WITH_WEAK_PULLUP      ;        ;                       ;         ; Row I/O    ;                 ; no       ; On           ;
; D20      ;            ;          ; GND                                  ; gnd    ;                       ;         ; --         ;                 ; --       ; --           ;
; D21      ; 345        ; 6        ; RESERVED_INPUT_WITH_WEAK_PULLUP      ;        ;                       ;         ; Row I/O    ;                 ; --       ; --           ;
; D22      ; 341        ; 6        ; RESERVED_INPUT_WITH_WEAK_PULLUP      ;        ;                       ;         ; Row I/O    ;                 ; no       ; On           ;
; E1       ; 41         ; 1B       ; RESERVED_INPUT_WITH_WEAK_PULLUP      ;        ;                       ;         ; Row I/O    ;                 ; no       ; On           ;
; E2       ;            ;          ; GND                                  ; gnd    ;                       ;         ; --         ;                 ; --       ; --           ;
; E3       ; 3          ; 1A       ; RESERVED_INPUT_WITH_WEAK_PULLUP      ;        ;                       ;         ; Row I/O    ;                 ; no       ; On           ;
; E4       ; 1          ; 1A       ; RESERVED_INPUT_WITH_WEAK_PULLUP      ;        ;                       ;         ; Row I/O    ;                 ; no       ; On           ;
; E5       ;            ;          ; NC                                   ;        ;                       ;         ; --         ;                 ; --       ; --           ;
; E6       ; 498        ; 8        ; RESERVED_INPUT_WITH_WEAK_PULLUP      ;        ;                       ;         ; Column I/O ;                 ; no       ; On           ;
; E7       ;            ;          ; GND                                  ; gnd    ;                       ;         ; --         ;                 ; --       ; --           ;
; E8       ; 488        ; 8        ; RESERVED_INPUT_WITH_WEAK_PULLUP      ;        ;                       ;         ; Column I/O ;                 ; no       ; On           ;
; E9       ; 478        ; 8        ; RESERVED_INPUT_WITH_WEAK_PULLUP      ;        ;                       ;         ; Column I/O ;                 ; no       ; On           ;
; E10      ; 466        ; 8        ; RESERVED_INPUT_WITH_WEAK_PULLUP      ;        ;                       ;         ; Column I/O ;                 ; no       ; On           ;
; E11      ; 464        ; 8        ; RESERVED_INPUT_WITH_WEAK_PULLUP      ;        ;                       ;         ; Column I/O ;                 ; no       ; On           ;
; E12      ; 429        ; 7        ; RESERVED_INPUT_WITH_WEAK_PULLUP      ;        ;                       ;         ; Column I/O ;                 ; no       ; On           ;
; E13      ; 430        ; 7        ; RESERVED_INPUT_WITH_WEAK_PULLUP      ;        ;                       ;         ; Column I/O ;                 ; no       ; On           ;
; E14      ; 406        ; 7        ; RESERVED_INPUT_WITH_WEAK_PULLUP      ;        ;                       ;         ; Column I/O ;                 ; no       ; On           ;
; E15      ; 390        ; 7        ; RESERVED_INPUT_WITH_WEAK_PULLUP      ;        ;                       ;         ; Column I/O ;                 ; no       ; On           ;
; E16      ; 388        ; 7        ; RESERVED_INPUT_WITH_WEAK_PULLUP      ;        ;                       ;         ; Column I/O ;                 ; no       ; On           ;
; E17      ; 366        ; 6        ; RESERVED_INPUT_WITH_WEAK_PULLUP      ;        ;                       ;         ; Row I/O    ;                 ; no       ; On           ;
; E18      ; 387        ; 6        ; RESERVED_INPUT_WITH_WEAK_PULLUP      ;        ;                       ;         ; Row I/O    ;                 ; no       ; On           ;
; E19      ; 352        ; 6        ; RESERVED_INPUT_WITH_WEAK_PULLUP      ;        ;                       ;         ; Row I/O    ;                 ; no       ; On           ;
; E20      ; 355        ; 6        ; RESERVED_INPUT_WITH_WEAK_PULLUP      ;        ;                       ;         ; Row I/O    ;                 ; no       ; On           ;
; E21      ; 335        ; 6        ; RESERVED_INPUT_WITH_WEAK_PULLUP      ;        ;                       ;         ; Row I/O    ;                 ; no       ; On           ;
; E22      ; 333        ; 6        ; RESERVED_INPUT_WITH_WEAK_PULLUP      ;        ;                       ;         ; Row I/O    ;                 ; no       ; On           ;
; F1       ; 47         ; 1B       ; RESERVED_INPUT_WITH_WEAK_PULLUP      ;        ;                       ;         ; Row I/O    ;                 ; no       ; On           ;
; F2       ; 43         ; 1B       ; RESERVED_INPUT_WITH_WEAK_PULLUP      ;        ;                       ;         ; Row I/O    ;                 ; no       ; On           ;
; F3       ; 7          ; 1A       ; RESERVED_INPUT_WITH_WEAK_PULLUP      ;        ;                       ;         ; Row I/O    ;                 ; no       ; On           ;
; F4       ; 2          ; 1A       ; RESERVED_INPUT_WITH_WEAK_PULLUP      ;        ;                       ;         ; Row I/O    ;                 ; no       ; On           ;
; F5       ; 0          ; 1A       ; RESERVED_INPUT_WITH_WEAK_PULLUP      ;        ;                       ;         ; Row I/O    ;                 ; no       ; On           ;
; F6       ;            ;          ; NC                                   ;        ;                       ;         ; --         ;                 ; --       ; --           ;
; F7       ; 490        ; 8        ; RESERVED_INPUT_WITH_WEAK_PULLUP      ;        ;                       ;         ; Column I/O ;                 ; no       ; On           ;
; F8       ; 494        ; 8        ; ~ALTERA_CONF_DONE~ / RESERVED_INPUT  ; input  ; 2.5 V Schmitt Trigger ;         ; Column I/O ; N               ; no       ; Off          ;
; F9       ;            ; 8        ; VCCIO8                               ; power  ;                       ; 2.5V    ; --         ;                 ; --       ; --           ;
; F10      ;            ;          ; GND                                  ; gnd    ;                       ;         ; --         ;                 ; --       ; --           ;
; F11      ;            ; 8        ; VCCIO8                               ; power  ;                       ; 2.5V    ; --         ;                 ; --       ; --           ;
; F12      ;            ; 7        ; VCCIO7                               ; power  ;                       ; 3.3V    ; --         ;                 ; --       ; --           ;
; F13      ;            ;          ; GND                                  ; gnd    ;                       ;         ; --         ;                 ; --       ; --           ;
; F14      ;            ; 7        ; VCCIO7                               ; power  ;                       ; 3.3V    ; --         ;                 ; --       ; --           ;
; F15      ; 398        ; 7        ; RESERVED_INPUT_WITH_WEAK_PULLUP      ;        ;                       ;         ; Column I/O ;                 ; no       ; On           ;
; F16      ; 396        ; 7        ; RESERVED_INPUT_WITH_WEAK_PULLUP      ;        ;                       ;         ; Column I/O ;                 ; no       ; On           ;
; F17      ; 364        ; 6        ; RESERVED_INPUT_WITH_WEAK_PULLUP      ;        ;                       ;         ; Row I/O    ;                 ; no       ; On           ;
; F18      ; 354        ; 6        ; RESERVED_INPUT_WITH_WEAK_PULLUP      ;        ;                       ;         ; Row I/O    ;                 ; no       ; On           ;
; F19      ; 353        ; 6        ; RESERVED_INPUT_WITH_WEAK_PULLUP      ;        ;                       ;         ; Row I/O    ;                 ; no       ; On           ;
; F20      ; 342        ; 6        ; RESERVED_INPUT_WITH_WEAK_PULLUP      ;        ;                       ;         ; Row I/O    ;                 ; no       ; On           ;
; F21      ; 340        ; 6        ; RESERVED_INPUT_WITH_WEAK_PULLUP      ;        ;                       ;         ; Row I/O    ;                 ; no       ; On           ;
; F22      ; 331        ; 6        ; RESERVED_INPUT_WITH_WEAK_PULLUP      ;        ;                       ;         ; Row I/O    ;                 ; no       ; On           ;
; G1       ; 45         ; 1B       ; RESERVED_INPUT_WITH_WEAK_PULLUP      ;        ;                       ;         ; Row I/O    ;                 ; no       ; On           ;
; G2       ; 34         ; 1B       ; altera_reserved_tck                  ; input  ; 2.5 V Schmitt Trigger ;         ; Row I/O    ; N               ; no       ; Off          ;
; G3       ; 11         ; 1A       ; RESERVED_INPUT_WITH_WEAK_PULLUP      ;        ;                       ;         ; Row I/O    ;                 ; no       ; On           ;
; G4       ; 5          ; 1A       ; RESERVED_INPUT_WITH_WEAK_PULLUP      ;        ;                       ;         ; Row I/O    ;                 ; no       ; On           ;
; G5       ;            ;          ; ANAIN1                               ;        ;                       ;         ; --         ;                 ; --       ; --           ;
; G6       ;            ;          ; GND                                  ; gnd    ;                       ;         ; --         ;                 ; --       ; --           ;
; G7       ;            ;          ; VCCD_PLL3                            ; power  ;                       ; 1.2V    ; --         ;                 ; --       ; --           ;
; G8       ;            ;          ; GND                                  ; gnd    ;                       ;         ; --         ;                 ; --       ; --           ;
; G9       ; 492        ; 8        ; ~ALTERA_nSTATUS~ / RESERVED_INPUT    ; input  ; 2.5 V Schmitt Trigger ;         ; Column I/O ; N               ; no       ; Off          ;
; G10      ;            ; 8        ; VCCIO8                               ; power  ;                       ; 2.5V    ; --         ;                 ; --       ; --           ;
; G11      ;            ; 8        ; VCCIO8                               ; power  ;                       ; 2.5V    ; --         ;                 ; --       ; --           ;
; G12      ;            ; 7        ; VCCIO7                               ; power  ;                       ; 3.3V    ; --         ;                 ; --       ; --           ;
; G13      ;            ; 7        ; VCCIO7                               ; power  ;                       ; 3.3V    ; --         ;                 ; --       ; --           ;
; G14      ;            ; 7        ; VCCIO7                               ; power  ;                       ; 3.3V    ; --         ;                 ; --       ; --           ;
; G15      ;            ;          ; GND                                  ; gnd    ;                       ;         ; --         ;                 ; --       ; --           ;
; G16      ;            ;          ; VCCD_PLL2                            ; power  ;                       ; 1.2V    ; --         ;                 ; --       ; --           ;
; G17      ; 386        ; 6        ; RESERVED_INPUT_WITH_WEAK_PULLUP      ;        ;                       ;         ; Row I/O    ;                 ; no       ; On           ;
; G18      ;            ;          ; GND                                  ; gnd    ;                       ;         ; --         ;                 ; --       ; --           ;
; G19      ; 330        ; 6        ; RESERVED_INPUT_WITH_WEAK_PULLUP      ;        ;                       ;         ; Row I/O    ;                 ; no       ; On           ;
; G20      ; 328        ; 6        ; RESERVED_INPUT_WITH_WEAK_PULLUP      ;        ;                       ;         ; Row I/O    ;                 ; no       ; On           ;
; G21      ;            ;          ; GND                                  ; gnd    ;                       ;         ; --         ;                 ; --       ; --           ;
; G22      ; 329        ; 6        ; RESERVED_INPUT_WITH_WEAK_PULLUP      ;        ;                       ;         ; Row I/O    ;                 ; no       ; On           ;
; H1       ; 44         ; 1B       ; RESERVED_INPUT_WITH_WEAK_PULLUP      ;        ;                       ;         ; Row I/O    ;                 ; no       ; On           ;
; H2       ; 32         ; 1B       ; altera_reserved_tms                  ; input  ; 2.5 V Schmitt Trigger ;         ; Row I/O    ; N               ; no       ; Off          ;
; H3       ; 10         ; 1A       ; RESERVED_INPUT_WITH_WEAK_PULLUP      ;        ;                       ;         ; Row I/O    ;                 ; no       ; On           ;
; H4       ; 9          ; 1A       ; RESERVED_INPUT_WITH_WEAK_PULLUP      ;        ;                       ;         ; Row I/O    ;                 ; no       ; On           ;
; H5       ;            ;          ; REFGND                               ;        ;                       ;         ; --         ;                 ; --       ; --           ;
; H6       ;            ;          ; ADC_VREF                             ;        ;                       ;         ; --         ;                 ; --       ; --           ;
; H7       ;            ; --       ; VCCA_ADC                             ; power  ;                       ; 2.5V    ; --         ;                 ; --       ; --           ;
; H8       ;            ; --       ; VCCA3                                ; power  ;                       ; 2.5V    ; --         ;                 ; --       ; --           ;
; H9       ; 482        ; 8        ; ~ALTERA_nCONFIG~ / RESERVED_INPUT    ; input  ; 2.5 V Schmitt Trigger ;         ; Column I/O ; N               ; no       ; Off          ;
; H10      ; 480        ; 8        ; ~ALTERA_CONFIG_SEL~ / RESERVED_INPUT ; input  ; 2.5 V                 ;         ; Column I/O ; N               ; no       ; Off          ;
; H11      ; 470        ; 8        ; RESERVED_INPUT_WITH_WEAK_PULLUP      ;        ;                       ;         ; Column I/O ;                 ; no       ; On           ;
; H12      ; 444        ; 7        ; RESERVED_INPUT_WITH_WEAK_PULLUP      ;        ;                       ;         ; Column I/O ;                 ; no       ; On           ;
; H13      ; 432        ; 7        ; RESERVED_INPUT_WITH_WEAK_PULLUP      ;        ;                       ;         ; Column I/O ;                 ; no       ; On           ;
; H14      ; 420        ; 7        ; RESERVED_INPUT_WITH_WEAK_PULLUP      ;        ;                       ;         ; Column I/O ;                 ; no       ; On           ;
; H15      ;            ; --       ; VCCA2                                ; power  ;                       ; 2.5V    ; --         ;                 ; --       ; --           ;
; H16      ;            ; 6        ; VCCIO6                               ; power  ;                       ; 3.3V    ; --         ;                 ; --       ; --           ;
; H17      ; 384        ; 6        ; RESERVED_INPUT_WITH_WEAK_PULLUP      ;        ;                       ;         ; Row I/O    ;                 ; no       ; On           ;
; H18      ; 374        ; 6        ; RESERVED_INPUT_WITH_WEAK_PULLUP      ;        ;                       ;         ; Row I/O    ;                 ; no       ; On           ;
; H19      ; 372        ; 6        ; RESERVED_INPUT_WITH_WEAK_PULLUP      ;        ;                       ;         ; Row I/O    ;                 ; no       ; On           ;
; H20      ; 375        ; 6        ; RESERVED_INPUT_WITH_WEAK_PULLUP      ;        ;                       ;         ; Row I/O    ;                 ; no       ; On           ;
; H21      ; 323        ; 6        ; RESERVED_INPUT_WITH_WEAK_PULLUP      ;        ;                       ;         ; Row I/O    ;                 ; no       ; On           ;
; H22      ; 321        ; 6        ; RESERVED_INPUT_WITH_WEAK_PULLUP      ;        ;                       ;         ; Row I/O    ;                 ; no       ; On           ;
; J1       ; 46         ; 1B       ; RESERVED_INPUT_WITH_WEAK_PULLUP      ;        ;                       ;         ; Row I/O    ;                 ; no       ; On           ;
; J2       ;            ;          ; GND                                  ; gnd    ;                       ;         ; --         ;                 ; --       ; --           ;
; J3       ; 15         ; 1A       ; RESERVED_INPUT_WITH_WEAK_PULLUP      ;        ;                       ;         ; Row I/O    ;                 ; no       ; On           ;
; J4       ; 8          ; 1A       ; RESERVED_INPUT_WITH_WEAK_PULLUP      ;        ;                       ;         ; Row I/O    ;                 ; no       ; On           ;
; J5       ;            ;          ; ANAIN2                               ;        ;                       ;         ; --         ;                 ; --       ; --           ;
; J6       ;            ;          ; GND                                  ; gnd    ;                       ;         ; --         ;                 ; --       ; --           ;
; J7       ;            ;          ; VCCINT                               ; power  ;                       ; 1.2V    ; --         ;                 ; --       ; --           ;
; J8       ; 4          ; 1A       ; RESERVED_INPUT_WITH_WEAK_PULLUP      ;        ;                       ;         ; Row I/O    ;                 ; no       ; On           ;
; J9       ; 6          ; 1A       ; RESERVED_INPUT_WITH_WEAK_PULLUP      ;        ;                       ;         ; Row I/O    ;                 ; no       ; On           ;
; J10      ; 468        ; 8        ; RESERVED_INPUT_WITH_WEAK_PULLUP      ;        ;                       ;         ; Column I/O ;                 ; no       ; On           ;
; J11      ; 446        ; 7        ; RESERVED_INPUT_WITH_WEAK_PULLUP      ;        ;                       ;         ; Column I/O ;                 ; no       ; On           ;
; J12      ; 434        ; 7        ; RESERVED_INPUT_WITH_WEAK_PULLUP      ;        ;                       ;         ; Column I/O ;                 ; no       ; On           ;
; J13      ; 422        ; 7        ; RESERVED_INPUT_WITH_WEAK_PULLUP      ;        ;                       ;         ; Column I/O ;                 ; no       ; On           ;
; J14      ; 368        ; 6        ; RESERVED_INPUT_WITH_WEAK_PULLUP      ;        ;                       ;         ; Row I/O    ;                 ; no       ; On           ;
; J15      ; 370        ; 6        ; RESERVED_INPUT_WITH_WEAK_PULLUP      ;        ;                       ;         ; Row I/O    ;                 ; no       ; On           ;
; J16      ;            ;          ; GND                                  ; gnd    ;                       ;         ; --         ;                 ; --       ; --           ;
; J17      ;            ; 6        ; VCCIO6                               ; power  ;                       ; 3.3V    ; --         ;                 ; --       ; --           ;
; J18      ; 362        ; 6        ; RESERVED_INPUT_WITH_WEAK_PULLUP      ;        ;                       ;         ; Row I/O    ;                 ; no       ; On           ;
; J19      ;            ;          ; GND                                  ; gnd    ;                       ;         ; --         ;                 ; --       ; --           ;
; J20      ; 373        ; 6        ; RESERVED_INPUT_WITH_WEAK_PULLUP      ;        ;                       ;         ; Row I/O    ;                 ; no       ; On           ;
; J21      ; 327        ; 6        ; RESERVED_INPUT_WITH_WEAK_PULLUP      ;        ;                       ;         ; Row I/O    ;                 ; no       ; On           ;
; J22      ; 325        ; 6        ; RESERVED_INPUT_WITH_WEAK_PULLUP      ;        ;                       ;         ; Row I/O    ;                 ; no       ; On           ;
; K1       ; 49         ; 1B       ; RESERVED_INPUT_WITH_WEAK_PULLUP      ;        ;                       ;         ; Row I/O    ;                 ; no       ; On           ;
; K2       ; 37         ; 1B       ; RESERVED_INPUT_WITH_WEAK_PULLUP      ;        ;                       ;         ; Row I/O    ;                 ; no       ; On           ;
; K3       ;            ;          ; GND                                  ; gnd    ;                       ;         ; --         ;                 ; --       ; --           ;
; K4       ; 13         ; 1A       ; RESERVED_INPUT_WITH_WEAK_PULLUP      ;        ;                       ;         ; Row I/O    ;                 ; no       ; On           ;
; K5       ; 12         ; 1A       ; RESERVED_INPUT_WITH_WEAK_PULLUP      ;        ;                       ;         ; Row I/O    ;                 ; no       ; On           ;
; K6       ; 14         ; 1A       ; RESERVED_INPUT_WITH_WEAK_PULLUP      ;        ;                       ;         ; Row I/O    ;                 ; no       ; On           ;
; K7       ;            ; 1A       ; VCCIO1A                              ; power  ;                       ; 2.5V    ; --         ;                 ; --       ; --           ;
; K8       ; 28         ; 1B       ; RESERVED_INPUT_WITH_WEAK_PULLUP      ;        ;                       ;         ; Row I/O    ;                 ; no       ; On           ;
; K9       ; 30         ; 1B       ; RESERVED_INPUT_WITH_WEAK_PULLUP      ;        ;                       ;         ; Row I/O    ;                 ; no       ; On           ;
; K10      ;            ;          ; GND                                  ; gnd    ;                       ;         ; --         ;                 ; --       ; --           ;
; K11      ;            ; --       ; VCC                                  ; power  ;                       ; 1.2V    ; --         ;                 ; --       ; --           ;
; K12      ;            ;          ; GND                                  ; gnd    ;                       ;         ; --         ;                 ; --       ; --           ;
; K13      ;            ; --       ; VCC                                  ; power  ;                       ; 1.2V    ; --         ;                 ; --       ; --           ;
; K14      ; 356        ; 6        ; RESERVED_INPUT_WITH_WEAK_PULLUP      ;        ;                       ;         ; Row I/O    ;                 ; no       ; On           ;
; K15      ; 358        ; 6        ; RESERVED_INPUT_WITH_WEAK_PULLUP      ;        ;                       ;         ; Row I/O    ;                 ; no       ; On           ;
; K16      ;            ; 6        ; VCCIO6                               ; power  ;                       ; 3.3V    ; --         ;                 ; --       ; --           ;
; K17      ;            ; 6        ; VCCIO6                               ; power  ;                       ; 3.3V    ; --         ;                 ; --       ; --           ;
; K18      ; 360        ; 6        ; RESERVED_INPUT_WITH_WEAK_PULLUP      ;        ;                       ;         ; Row I/O    ;                 ; no       ; On           ;
; K19      ; 361        ; 6        ; RESERVED_INPUT_WITH_WEAK_PULLUP      ;        ;                       ;         ; Row I/O    ;                 ; no       ; On           ;
; K20      ; 363        ; 6        ; RESERVED_INPUT_WITH_WEAK_PULLUP      ;        ;                       ;         ; Row I/O    ;                 ; no       ; On           ;
; K21      ; 326        ; 6        ; RESERVED_INPUT_WITH_WEAK_PULLUP      ;        ;                       ;         ; Row I/O    ;                 ; no       ; On           ;
; K22      ; 324        ; 6        ; RESERVED_INPUT_WITH_WEAK_PULLUP      ;        ;                       ;         ; Row I/O    ;                 ; no       ; On           ;
; L1       ; 51         ; 1B       ; RESERVED_INPUT_WITH_WEAK_PULLUP      ;        ;                       ;         ; Row I/O    ;                 ; no       ; On           ;
; L2       ; 39         ; 1B       ; RESERVED_INPUT_WITH_WEAK_PULLUP      ;        ;                       ;         ; Row I/O    ;                 ; no       ; On           ;
; L3       ;            ;          ; DNU                                  ;        ;                       ;         ; --         ;                 ; --       ; --           ;
; L4       ; 36         ; 1B       ; altera_reserved_tdi                  ; input  ; 2.5 V Schmitt Trigger ;         ; Row I/O    ; N               ; no       ; Off          ;
; L5       ;            ;          ; GND                                  ; gnd    ;                       ;         ; --         ;                 ; --       ; --           ;
; L6       ;            ; 1A       ; VCCIO1A                              ; power  ;                       ; 2.5V    ; --         ;                 ; --       ; --           ;
; L7       ;            ; 1B       ; VCCIO1B                              ; power  ;                       ; 2.5V    ; --         ;                 ; --       ; --           ;
; L8       ; 40         ; 1B       ; RESERVED_INPUT_WITH_WEAK_PULLUP      ;        ;                       ;         ; Row I/O    ;                 ; no       ; On           ;
; L9       ; 42         ; 1B       ; RESERVED_INPUT_WITH_WEAK_PULLUP      ;        ;                       ;         ; Row I/O    ;                 ; no       ; On           ;
; L10      ;            ; --       ; VCC                                  ; power  ;                       ; 1.2V    ; --         ;                 ; --       ; --           ;
; L11      ;            ; --       ; VCC                                  ; power  ;                       ; 1.2V    ; --         ;                 ; --       ; --           ;
; L12      ;            ; --       ; VCC                                  ; power  ;                       ; 1.2V    ; --         ;                 ; --       ; --           ;
; L13      ;            ;          ; GND                                  ; gnd    ;                       ;         ; --         ;                 ; --       ; --           ;
; L14      ; 344        ; 6        ; RESERVED_INPUT_WITH_WEAK_PULLUP      ;        ;                       ;         ; Row I/O    ;                 ; no       ; On           ;
; L15      ; 346        ; 6        ; RESERVED_INPUT_WITH_WEAK_PULLUP      ;        ;                       ;         ; Row I/O    ;                 ; no       ; On           ;
; L16      ;            ; 6        ; VCCIO6                               ; power  ;                       ; 3.3V    ; --         ;                 ; --       ; --           ;
; L17      ;            ;          ; GND                                  ; gnd    ;                       ;         ; --         ;                 ; --       ; --           ;
; L18      ; 350        ; 6        ; RESERVED_INPUT_WITH_WEAK_PULLUP      ;        ;                       ;         ; Row I/O    ;                 ; no       ; On           ;
; L19      ; 349        ; 6        ; RESERVED_INPUT_WITH_WEAK_PULLUP      ;        ;                       ;         ; Row I/O    ;                 ; no       ; On           ;
; L20      ; 351        ; 6        ; RESERVED_INPUT_WITH_WEAK_PULLUP      ;        ;                       ;         ; Row I/O    ;                 ; no       ; On           ;
; L21      ;            ;          ; GND                                  ; gnd    ;                       ;         ; --         ;                 ; --       ; --           ;
; L22      ; 314        ; 5        ; RESERVED_INPUT_WITH_WEAK_PULLUP      ;        ;                       ;         ; Row I/O    ;                 ; no       ; On           ;
; M1       ; 79         ; 2        ; RESERVED_INPUT_WITH_WEAK_PULLUP      ;        ;                       ;         ; Row I/O    ;                 ; no       ; On           ;
; M2       ; 77         ; 2        ; RESERVED_INPUT_WITH_WEAK_PULLUP      ;        ;                       ;         ; Row I/O    ;                 ; --       ; --           ;
; M3       ; 50         ; 1B       ; RESERVED_INPUT_WITH_WEAK_PULLUP      ;        ;                       ;         ; Row I/O    ;                 ; no       ; On           ;
; M4       ; 48         ; 1B       ; RESERVED_INPUT_WITH_WEAK_PULLUP      ;        ;                       ;         ; Row I/O    ;                 ; no       ; On           ;
; M5       ; 38         ; 1B       ; altera_reserved_tdo                  ; output ; 2.5 V                 ;         ; Row I/O    ; N               ; no       ; Off          ;
; M6       ;            ; 1B       ; VCCIO1B                              ; power  ;                       ; 2.5V    ; --         ;                 ; --       ; --           ;
; M7       ;            ;          ; GND                                  ; gnd    ;                       ;         ; --         ;                 ; --       ; --           ;
; M8       ; 72         ; 2        ; RESERVED_INPUT_WITH_WEAK_PULLUP      ;        ;                       ;         ; Row I/O    ;                 ; no       ; On           ;
; M9       ; 74         ; 2        ; RESERVED_INPUT_WITH_WEAK_PULLUP      ;        ;                       ;         ; Row I/O    ;                 ; no       ; On           ;
; M10      ;            ;          ; GND                                  ; gnd    ;                       ;         ; --         ;                 ; --       ; --           ;
; M11      ;            ; --       ; VCC                                  ; power  ;                       ; 1.2V    ; --         ;                 ; --       ; --           ;
; M12      ;            ; --       ; VCC                                  ; power  ;                       ; 1.2V    ; --         ;                 ; --       ; --           ;
; M13      ;            ; --       ; VCC                                  ; power  ;                       ; 1.2V    ; --         ;                 ; --       ; --           ;
; M14      ; 334        ; 6        ; RESERVED_INPUT_WITH_WEAK_PULLUP      ;        ;                       ;         ; Row I/O    ;                 ; no       ; On           ;
; M15      ; 332        ; 6        ; RESERVED_INPUT_WITH_WEAK_PULLUP      ;        ;                       ;         ; Row I/O    ;                 ; no       ; On           ;
; M16      ;            ;          ; GND                                  ; gnd    ;                       ;         ; --         ;                 ; --       ; --           ;
; M17      ;            ; 6        ; VCCIO6                               ; power  ;                       ; 3.3V    ; --         ;                 ; --       ; --           ;
; M18      ; 348        ; 6        ; RESERVED_INPUT_WITH_WEAK_PULLUP      ;        ;                       ;         ; Row I/O    ;                 ; no       ; On           ;
; M19      ;            ;          ; GND                                  ; gnd    ;                       ;         ; --         ;                 ; --       ; --           ;
; M20      ; 337        ; 6        ; RESERVED_INPUT_WITH_WEAK_PULLUP      ;        ;                       ;         ; Row I/O    ;                 ; no       ; On           ;
; M21      ; 312        ; 5        ; RESERVED_INPUT_WITH_WEAK_PULLUP      ;        ;                       ;         ; Row I/O    ;                 ; no       ; On           ;
; M22      ; 315        ; 5        ; RESERVED_INPUT_WITH_WEAK_PULLUP      ;        ;                       ;         ; Row I/O    ;                 ; no       ; On           ;
; N1       ; 87         ; 2        ; RESERVED_INPUT_WITH_WEAK_PULLUP      ;        ;                       ;         ; Row I/O    ;                 ; no       ; On           ;
; N2       ; 75         ; 2        ; RESERVED_INPUT_WITH_WEAK_PULLUP      ;        ;                       ;         ; Row I/O    ;                 ; no       ; On           ;
; N3       ; 73         ; 2        ; RESERVED_INPUT_WITH_WEAK_PULLUP      ;        ;                       ;         ; Row I/O    ;                 ; no       ; On           ;
; N4       ; 56         ; 2        ; RESERVED_INPUT_WITH_WEAK_PULLUP      ;        ;                       ;         ; Row I/O    ;                 ; no       ; On           ;
; N5       ; 58         ; 2        ; ADC_CLK_10                           ; input  ; 3.3-V LVTTL           ;         ; Row I/O    ; Y               ; no       ; Off          ;
; N6       ;            ; 2        ; VCCIO2                               ; power  ;                       ; 3.3V    ; --         ;                 ; --       ; --           ;
; N7       ;            ; 2        ; VCCIO2                               ; power  ;                       ; 3.3V    ; --         ;                 ; --       ; --           ;
; N8       ; 84         ; 2        ; RESERVED_INPUT_WITH_WEAK_PULLUP      ;        ;                       ;         ; Row I/O    ;                 ; no       ; On           ;
; N9       ; 86         ; 2        ; RESERVED_INPUT_WITH_WEAK_PULLUP      ;        ;                       ;         ; Row I/O    ;                 ; no       ; On           ;
; N10      ;            ; --       ; VCC                                  ; power  ;                       ; 1.2V    ; --         ;                 ; --       ; --           ;
; N11      ;            ;          ; GND                                  ; gnd    ;                       ;         ; --         ;                 ; --       ; --           ;
; N12      ;            ; --       ; VCC                                  ; power  ;                       ; 1.2V    ; --         ;                 ; --       ; --           ;
; N13      ;            ;          ; GND                                  ; gnd    ;                       ;         ; --         ;                 ; --       ; --           ;
; N14      ; 320        ; 6        ; MAX10_CLK2_50                        ; input  ; 3.3-V LVTTL           ;         ; Row I/O    ; Y               ; no       ; Off          ;
; N15      ; 322        ; 6        ; RESERVED_INPUT_WITH_WEAK_PULLUP      ;        ;                       ;         ; Row I/O    ;                 ; no       ; On           ;
; N16      ;            ; 5        ; VCCIO5                               ; power  ;                       ; 2.5V    ; --         ;                 ; --       ; --           ;
; N17      ;            ; 6        ; VCCIO6                               ; power  ;                       ; 3.3V    ; --         ;                 ; --       ; --           ;
; N18      ; 336        ; 6        ; RESERVED_INPUT_WITH_WEAK_PULLUP      ;        ;                       ;         ; Row I/O    ;                 ; no       ; On           ;
; N19      ; 338        ; 6        ; RESERVED_INPUT_WITH_WEAK_PULLUP      ;        ;                       ;         ; Row I/O    ;                 ; no       ; On           ;
; N20      ; 339        ; 6        ; RESERVED_INPUT_WITH_WEAK_PULLUP      ;        ;                       ;         ; Row I/O    ;                 ; no       ; On           ;
; N21      ; 313        ; 5        ; RESERVED_INPUT_WITH_WEAK_PULLUP      ;        ;                       ;         ; Row I/O    ;                 ; no       ; On           ;
; N22      ; 307        ; 5        ; RESERVED_INPUT_WITH_WEAK_PULLUP      ;        ;                       ;         ; Row I/O    ;                 ; no       ; On           ;
; P1       ; 85         ; 2        ; RESERVED_INPUT_WITH_WEAK_PULLUP      ;        ;                       ;         ; Row I/O    ;                 ; no       ; On           ;
; P2       ;            ;          ; GND                                  ; gnd    ;                       ;         ; --         ;                 ; --       ; --           ;
; P3       ; 76         ; 2        ; RESERVED_INPUT_WITH_WEAK_PULLUP      ;        ;                       ;         ; Row I/O    ;                 ; no       ; On           ;
; P4       ; 57         ; 2        ; RESERVED_INPUT_WITH_WEAK_PULLUP      ;        ;                       ;         ; Row I/O    ;                 ; no       ; On           ;
; P5       ; 59         ; 2        ; RESERVED_INPUT_WITH_WEAK_PULLUP      ;        ;                       ;         ; Row I/O    ;                 ; no       ; On           ;
; P6       ;            ;          ; GND                                  ; gnd    ;                       ;         ; --         ;                 ; --       ; --           ;
; P7       ;            ; 2        ; VCCIO2                               ; power  ;                       ; 3.3V    ; --         ;                 ; --       ; --           ;
; P8       ; 96         ; 2        ; RESERVED_INPUT_WITH_WEAK_PULLUP      ;        ;                       ;         ; Row I/O    ;                 ; no       ; On           ;
; P9       ; 142        ; 3        ; RESERVED_INPUT_WITH_WEAK_PULLUP      ;        ;                       ;         ; Column I/O ;                 ; no       ; On           ;
; P10      ; 154        ; 3        ; RESERVED_INPUT_WITH_WEAK_PULLUP      ;        ;                       ;         ; Column I/O ;                 ; no       ; On           ;
; P11      ; 166        ; 3        ; MAX10_CLK1_50                        ; input  ; 3.3-V LVTTL           ;         ; Column I/O ; Y               ; no       ; Off          ;
; P12      ; 178        ; 4        ; RESERVED_INPUT_WITH_WEAK_PULLUP      ;        ;                       ;         ; Column I/O ;                 ; no       ; On           ;
; P13      ; 198        ; 4        ; RESERVED_INPUT_WITH_WEAK_PULLUP      ;        ;                       ;         ; Column I/O ;                 ; no       ; On           ;
; P14      ; 306        ; 5        ; RESERVED_INPUT_WITH_WEAK_PULLUP      ;        ;                       ;         ; Row I/O    ;                 ; no       ; On           ;
; P15      ; 304        ; 5        ; RESERVED_INPUT_WITH_WEAK_PULLUP      ;        ;                       ;         ; Row I/O    ;                 ; no       ; On           ;
; P16      ;            ; 5        ; VCCIO5                               ; power  ;                       ; 2.5V    ; --         ;                 ; --       ; --           ;
; P17      ;            ;          ; GND                                  ; gnd    ;                       ;         ; --         ;                 ; --       ; --           ;
; P18      ; 310        ; 5        ; RESERVED_INPUT_WITH_WEAK_PULLUP      ;        ;                       ;         ; Row I/O    ;                 ; no       ; On           ;
; P19      ; 309        ; 5        ; RESERVED_INPUT_WITH_WEAK_PULLUP      ;        ;                       ;         ; Row I/O    ;                 ; no       ; On           ;
; P20      ; 311        ; 5        ; RESERVED_INPUT_WITH_WEAK_PULLUP      ;        ;                       ;         ; Row I/O    ;                 ; no       ; On           ;
; P21      ; 305        ; 5        ; RESERVED_INPUT_WITH_WEAK_PULLUP      ;        ;                       ;         ; Row I/O    ;                 ; no       ; On           ;
; P22      ; 303        ; 5        ; RESERVED_INPUT_WITH_WEAK_PULLUP      ;        ;                       ;         ; Row I/O    ;                 ; --       ; --           ;
; R1       ; 121        ; 2        ; RESERVED_INPUT_WITH_WEAK_PULLUP      ;        ;                       ;         ; Row I/O    ;                 ; no       ; On           ;
; R2       ; 123        ; 2        ; RESERVED_INPUT_WITH_WEAK_PULLUP      ;        ;                       ;         ; Row I/O    ;                 ; no       ; On           ;
; R3       ; 78         ; 2        ; RESERVED_INPUT_WITH_WEAK_PULLUP      ;        ;                       ;         ; Row I/O    ;                 ; no       ; On           ;
; R4       ; 80         ; 2        ; RESERVED_INPUT_WITH_WEAK_PULLUP      ;        ;                       ;         ; Row I/O    ;                 ; no       ; On           ;
; R5       ; 82         ; 2        ; RESERVED_INPUT_WITH_WEAK_PULLUP      ;        ;                       ;         ; Row I/O    ;                 ; no       ; On           ;
; R6       ;            ; 2        ; VCCIO2                               ; power  ;                       ; 3.3V    ; --         ;                 ; --       ; --           ;
; R7       ; 98         ; 2        ; RESERVED_INPUT_WITH_WEAK_PULLUP      ;        ;                       ;         ; Row I/O    ;                 ; no       ; On           ;
; R8       ;            ; --       ; VCCA1                                ; power  ;                       ; 2.5V    ; --         ;                 ; --       ; --           ;
; R9       ; 140        ; 3        ; RESERVED_INPUT_WITH_WEAK_PULLUP      ;        ;                       ;         ; Column I/O ;                 ; no       ; On           ;
; R10      ; 152        ; 3        ; RESERVED_INPUT_WITH_WEAK_PULLUP      ;        ;                       ;         ; Column I/O ;                 ; no       ; On           ;
; R11      ; 164        ; 3        ; RESERVED_INPUT_WITH_WEAK_PULLUP      ;        ;                       ;         ; Column I/O ;                 ; no       ; On           ;
; R12      ; 176        ; 4        ; RESERVED_INPUT_WITH_WEAK_PULLUP      ;        ;                       ;         ; Column I/O ;                 ; no       ; On           ;
; R13      ; 196        ; 4        ; RESERVED_INPUT_WITH_WEAK_PULLUP      ;        ;                       ;         ; Column I/O ;                 ; no       ; On           ;
; R14      ; 294        ; 5        ; RESERVED_INPUT_WITH_WEAK_PULLUP      ;        ;                       ;         ; Row I/O    ;                 ; no       ; On           ;
; R15      ; 292        ; 5        ; RESERVED_INPUT_WITH_WEAK_PULLUP      ;        ;                       ;         ; Row I/O    ;                 ; no       ; On           ;
; R16      ;            ; 5        ; VCCIO5                               ; power  ;                       ; 2.5V    ; --         ;                 ; --       ; --           ;
; R17      ;            ; 5        ; VCCIO5                               ; power  ;                       ; 2.5V    ; --         ;                 ; --       ; --           ;
; R18      ; 308        ; 5        ; RESERVED_INPUT_WITH_WEAK_PULLUP      ;        ;                       ;         ; Row I/O    ;                 ; no       ; On           ;
; R19      ;            ;          ; GND                                  ; gnd    ;                       ;         ; --         ;                 ; --       ; --           ;
; R20      ; 299        ; 5        ; RESERVED_INPUT_WITH_WEAK_PULLUP      ;        ;                       ;         ; Row I/O    ;                 ; no       ; On           ;
; R21      ;            ;          ; GND                                  ; gnd    ;                       ;         ; --         ;                 ; --       ; --           ;
; R22      ; 301        ; 5        ; RESERVED_INPUT_WITH_WEAK_PULLUP      ;        ;                       ;         ; Row I/O    ;                 ; no       ; On           ;
; T1       ; 81         ; 2        ; RESERVED_INPUT_WITH_WEAK_PULLUP      ;        ;                       ;         ; Row I/O    ;                 ; no       ; On           ;
; T2       ; 83         ; 2        ; RESERVED_INPUT_WITH_WEAK_PULLUP      ;        ;                       ;         ; Row I/O    ;                 ; no       ; On           ;
; T3       ; 88         ; 2        ; RESERVED_INPUT_WITH_WEAK_PULLUP      ;        ;                       ;         ; Row I/O    ;                 ; no       ; On           ;
; T4       ;            ;          ; GND                                  ; gnd    ;                       ;         ; --         ;                 ; --       ; --           ;
; T5       ; 120        ; 2        ; RESERVED_INPUT_WITH_WEAK_PULLUP      ;        ;                       ;         ; Row I/O    ;                 ; no       ; On           ;
; T6       ; 122        ; 2        ; RESERVED_INPUT_WITH_WEAK_PULLUP      ;        ;                       ;         ; Row I/O    ;                 ; no       ; On           ;
; T7       ;            ;          ; VCCD_PLL1                            ; power  ;                       ; 1.2V    ; --         ;                 ; --       ; --           ;
; T8       ;            ;          ; GND                                  ; gnd    ;                       ;         ; --         ;                 ; --       ; --           ;
; T9       ;            ; 3        ; VCCIO3                               ; power  ;                       ; 3.3V    ; --         ;                 ; --       ; --           ;
; T10      ;            ; 3        ; VCCIO3                               ; power  ;                       ; 3.3V    ; --         ;                 ; --       ; --           ;
; T11      ;            ; 3        ; VCCIO3                               ; power  ;                       ; 3.3V    ; --         ;                 ; --       ; --           ;
; T12      ;            ; 4        ; VCCIO4                               ; power  ;                       ; 3.3V    ; --         ;                 ; --       ; --           ;
; T13      ;            ; 4        ; VCCIO4                               ; power  ;                       ; 3.3V    ; --         ;                 ; --       ; --           ;
; T14      ;            ;          ; GND                                  ; gnd    ;                       ;         ; --         ;                 ; --       ; --           ;
; T15      ;            ; --       ; VCCA4                                ; power  ;                       ; 2.5V    ; --         ;                 ; --       ; --           ;
; T16      ;            ;          ; GND                                  ; gnd    ;                       ;         ; --         ;                 ; --       ; --           ;
; T17      ;            ; 5        ; VCCIO5                               ; power  ;                       ; 2.5V    ; --         ;                 ; --       ; --           ;
; T18      ; 298        ; 5        ; RESERVED_INPUT_WITH_WEAK_PULLUP      ;        ;                       ;         ; Row I/O    ;                 ; no       ; On           ;
; T19      ; 296        ; 5        ; RESERVED_INPUT_WITH_WEAK_PULLUP      ;        ;                       ;         ; Row I/O    ;                 ; no       ; On           ;
; T20      ; 297        ; 5        ; RESERVED_INPUT_WITH_WEAK_PULLUP      ;        ;                       ;         ; Row I/O    ;                 ; no       ; On           ;
; T21      ; 293        ; 5        ; RESERVED_INPUT_WITH_WEAK_PULLUP      ;        ;                       ;         ; Row I/O    ;                 ; no       ; On           ;
; T22      ; 295        ; 5        ; RESERVED_INPUT_WITH_WEAK_PULLUP      ;        ;                       ;         ; Row I/O    ;                 ; no       ; On           ;
; U1       ; 89         ; 2        ; RESERVED_INPUT_WITH_WEAK_PULLUP      ;        ;                       ;         ; Row I/O    ;                 ; no       ; On           ;
; U2       ; 90         ; 2        ; RESERVED_INPUT_WITH_WEAK_PULLUP      ;        ;                       ;         ; Row I/O    ;                 ; no       ; On           ;
; U3       ; 93         ; 2        ; RESERVED_INPUT_WITH_WEAK_PULLUP      ;        ;                       ;         ; Row I/O    ;                 ; no       ; On           ;
; U4       ; 92         ; 2        ; RESERVED_INPUT_WITH_WEAK_PULLUP      ;        ;                       ;         ; Row I/O    ;                 ; no       ; On           ;
; U5       ; 94         ; 2        ; RESERVED_INPUT_WITH_WEAK_PULLUP      ;        ;                       ;         ; Row I/O    ;                 ; no       ; On           ;
; U6       ; 128        ; 3        ; RESERVED_INPUT_WITH_WEAK_PULLUP      ;        ;                       ;         ; Column I/O ;                 ; no       ; On           ;
; U7       ; 130        ; 3        ; RESERVED_INPUT_WITH_WEAK_PULLUP      ;        ;                       ;         ; Column I/O ;                 ; no       ; On           ;
; U8       ;            ; 3        ; VCCIO3                               ; power  ;                       ; 3.3V    ; --         ;                 ; --       ; --           ;
; U9       ;            ; 3        ; VCCIO3                               ; power  ;                       ; 3.3V    ; --         ;                 ; --       ; --           ;
; U10      ;            ;          ; GND                                  ; gnd    ;                       ;         ; --         ;                 ; --       ; --           ;
; U11      ;            ; 4        ; VCCIO4                               ; power  ;                       ; 3.3V    ; --         ;                 ; --       ; --           ;
; U12      ;            ; 4        ; VCCIO4                               ; power  ;                       ; 3.3V    ; --         ;                 ; --       ; --           ;
; U13      ;            ;          ; GND                                  ; gnd    ;                       ;         ; --         ;                 ; --       ; --           ;
; U14      ;            ; 4        ; VCCIO4                               ; power  ;                       ; 3.3V    ; --         ;                 ; --       ; --           ;
; U15      ; 208        ; 4        ; RESERVED_INPUT_WITH_WEAK_PULLUP      ;        ;                       ;         ; Column I/O ;                 ; no       ; On           ;
; U16      ;            ;          ; VCCD_PLL4                            ; power  ;                       ; 1.2V    ; --         ;                 ; --       ; --           ;
; U17      ; 246        ; 5        ; RESERVED_INPUT_WITH_WEAK_PULLUP      ;        ;                       ;         ; Row I/O    ;                 ; no       ; On           ;
; U18      ; 244        ; 5        ; RESERVED_INPUT_WITH_WEAK_PULLUP      ;        ;                       ;         ; Row I/O    ;                 ; no       ; On           ;
; U19      ; 282        ; 5        ; RESERVED_INPUT_WITH_WEAK_PULLUP      ;        ;                       ;         ; Row I/O    ;                 ; no       ; On           ;
; U20      ; 290        ; 5        ; RESERVED_INPUT_WITH_WEAK_PULLUP      ;        ;                       ;         ; Row I/O    ;                 ; no       ; On           ;
; U21      ; 300        ; 5        ; RESERVED_INPUT_WITH_WEAK_PULLUP      ;        ;                       ;         ; Row I/O    ;                 ; no       ; On           ;
; U22      ; 302        ; 5        ; RESERVED_INPUT_WITH_WEAK_PULLUP      ;        ;                       ;         ; Row I/O    ;                 ; no       ; On           ;
; V1       ; 91         ; 2        ; RESERVED_INPUT_WITH_WEAK_PULLUP      ;        ;                       ;         ; Row I/O    ;                 ; no       ; On           ;
; V2       ;            ;          ; GND                                  ; gnd    ;                       ;         ; --         ;                 ; --       ; --           ;
; V3       ; 95         ; 2        ; RESERVED_INPUT_WITH_WEAK_PULLUP      ;        ;                       ;         ; Row I/O    ;                 ; no       ; On           ;
; V4       ; 125        ; 3        ; RESERVED_INPUT_WITH_WEAK_PULLUP      ;        ;                       ;         ; Column I/O ;                 ; no       ; On           ;
; V5       ; 127        ; 3        ; GPIO[9]                              ; bidir  ; 3.3-V LVTTL           ;         ; Column I/O ; Y               ; no       ; Off          ;
; V6       ;            ;          ; GND                                  ; gnd    ;                       ;         ; --         ;                 ; --       ; --           ;
; V7       ; 136        ; 3        ; GPIO[6]                              ; bidir  ; 3.3-V LVTTL           ;         ; Column I/O ; Y               ; no       ; Off          ;
; V8       ; 138        ; 3        ; GPIO[4]                              ; bidir  ; 3.3-V LVTTL           ;         ; Column I/O ; Y               ; no       ; Off          ;
; V9       ; 160        ; 3        ; GPIO[2]                              ; bidir  ; 3.3-V LVTTL           ;         ; Column I/O ; Y               ; no       ; Off          ;
; V10      ; 162        ; 3        ; GPIO[0]                              ; bidir  ; 3.3-V LVTTL           ;         ; Column I/O ; Y               ; no       ; Off          ;
; V11      ; 172        ; 4        ; RESERVED_INPUT_WITH_WEAK_PULLUP      ;        ;                       ;         ; Column I/O ;                 ; no       ; On           ;
; V12      ; 174        ; 4        ; RESERVED_INPUT_WITH_WEAK_PULLUP      ;        ;                       ;         ; Column I/O ;                 ; no       ; On           ;
; V13      ; 192        ; 4        ; RESERVED_INPUT_WITH_WEAK_PULLUP      ;        ;                       ;         ; Column I/O ;                 ; no       ; On           ;
; V14      ; 204        ; 4        ; RESERVED_INPUT_WITH_WEAK_PULLUP      ;        ;                       ;         ; Column I/O ;                 ; no       ; On           ;
; V15      ; 216        ; 4        ; RESERVED_INPUT_WITH_WEAK_PULLUP      ;        ;                       ;         ; Column I/O ;                 ; no       ; On           ;
; V16      ; 210        ; 4        ; RESERVED_INPUT_WITH_WEAK_PULLUP      ;        ;                       ;         ; Column I/O ;                 ; no       ; On           ;
; V17      ; 242        ; 4        ; RESERVED_INPUT_WITH_WEAK_PULLUP      ;        ;                       ;         ; Column I/O ;                 ; no       ; On           ;
; V18      ; 280        ; 5        ; RESERVED_INPUT_WITH_WEAK_PULLUP      ;        ;                       ;         ; Row I/O    ;                 ; no       ; On           ;
; V19      ;            ;          ; GND                                  ; gnd    ;                       ;         ; --         ;                 ; --       ; --           ;
; V20      ; 288        ; 5        ; RESERVED_INPUT_WITH_WEAK_PULLUP      ;        ;                       ;         ; Row I/O    ;                 ; no       ; On           ;
; V21      ; 289        ; 5        ; RESERVED_INPUT_WITH_WEAK_PULLUP      ;        ;                       ;         ; Row I/O    ;                 ; no       ; On           ;
; V22      ; 291        ; 5        ; RESERVED_INPUT_WITH_WEAK_PULLUP      ;        ;                       ;         ; Row I/O    ;                 ; no       ; On           ;
; W1       ; 97         ; 2        ; RESERVED_INPUT_WITH_WEAK_PULLUP      ;        ;                       ;         ; Row I/O    ;                 ; no       ; On           ;
; W2       ; 99         ; 2        ; RESERVED_INPUT_WITH_WEAK_PULLUP      ;        ;                       ;         ; Row I/O    ;                 ; no       ; On           ;
; W3       ; 134        ; 3        ; RESERVED_INPUT_WITH_WEAK_PULLUP      ;        ;                       ;         ; Column I/O ;                 ; no       ; On           ;
; W4       ; 132        ; 3        ; RESERVED_INPUT_WITH_WEAK_PULLUP      ;        ;                       ;         ; Column I/O ;                 ; no       ; On           ;
; W5       ; 124        ; 3        ; GPIO[10]                             ; bidir  ; 3.3-V LVTTL           ;         ; Column I/O ; Y               ; no       ; Off          ;
; W6       ; 126        ; 3        ; GPIO[8]                              ; bidir  ; 3.3-V LVTTL           ;         ; Column I/O ; Y               ; no       ; Off          ;
; W7       ; 148        ; 3        ; GPIO[7]                              ; bidir  ; 3.3-V LVTTL           ;         ; Column I/O ; Y               ; no       ; Off          ;
; W8       ; 150        ; 3        ; GPIO[5]                              ; bidir  ; 3.3-V LVTTL           ;         ; Column I/O ; Y               ; no       ; Off          ;
; W9       ; 144        ; 3        ; GPIO[3]                              ; bidir  ; 3.3-V LVTTL           ;         ; Column I/O ; Y               ; no       ; Off          ;
; W10      ; 146        ; 3        ; GPIO[1]                              ; bidir  ; 3.3-V LVTTL           ;         ; Column I/O ; Y               ; no       ; Off          ;
; W11      ; 173        ; 4        ; GPIO[19]                             ; bidir  ; 3.3-V LVTTL           ;         ; Column I/O ; Y               ; no       ; Off          ;
; W12      ; 193        ; 4        ; GPIO[14]                             ; bidir  ; 3.3-V LVTTL           ;         ; Column I/O ; Y               ; no       ; Off          ;
; W13      ; 195        ; 4        ; GPIO[13]                             ; bidir  ; 3.3-V LVTTL           ;         ; Column I/O ; Y               ; no       ; Off          ;
; W14      ; 194        ; 4        ; RESERVED_INPUT_WITH_WEAK_PULLUP      ;        ;                       ;         ; Column I/O ;                 ; no       ; On           ;
; W15      ; 206        ; 4        ; RESERVED_INPUT_WITH_WEAK_PULLUP      ;        ;                       ;         ; Column I/O ;                 ; no       ; On           ;
; W16      ; 218        ; 4        ; RESERVED_INPUT_WITH_WEAK_PULLUP      ;        ;                       ;         ; Column I/O ;                 ; no       ; On           ;
; W17      ; 240        ; 4        ; RESERVED_INPUT_WITH_WEAK_PULLUP      ;        ;                       ;         ; Column I/O ;                 ; no       ; On           ;
; W18      ; 226        ; 4        ; RESERVED_INPUT_WITH_WEAK_PULLUP      ;        ;                       ;         ; Column I/O ;                 ; no       ; On           ;
; W19      ; 284        ; 5        ; RESERVED_INPUT_WITH_WEAK_PULLUP      ;        ;                       ;         ; Row I/O    ;                 ; no       ; On           ;
; W20      ; 286        ; 5        ; RESERVED_INPUT_WITH_WEAK_PULLUP      ;        ;                       ;         ; Row I/O    ;                 ; no       ; On           ;
; W21      ;            ;          ; GND                                  ; gnd    ;                       ;         ; --         ;                 ; --       ; --           ;
; W22      ; 283        ; 5        ; RESERVED_INPUT_WITH_WEAK_PULLUP      ;        ;                       ;         ; Row I/O    ;                 ; no       ; On           ;
; Y1       ; 129        ; 3        ; RESERVED_INPUT_WITH_WEAK_PULLUP      ;        ;                       ;         ; Column I/O ;                 ; no       ; On           ;
; Y2       ; 131        ; 3        ; RESERVED_INPUT_WITH_WEAK_PULLUP      ;        ;                       ;         ; Column I/O ;                 ; no       ; On           ;
; Y3       ; 149        ; 3        ; GPIO[33]                             ; bidir  ; 3.3-V LVTTL           ;         ; Column I/O ; Y               ; no       ; Off          ;
; Y4       ; 151        ; 3        ; GPIO[31]                             ; bidir  ; 3.3-V LVTTL           ;         ; Column I/O ; Y               ; no       ; Off          ;
; Y5       ; 137        ; 3        ; GPIO[29]                             ; bidir  ; 3.3-V LVTTL           ;         ; Column I/O ; Y               ; no       ; Off          ;
; Y6       ; 139        ; 3        ; GPIO[27]                             ; bidir  ; 3.3-V LVTTL           ;         ; Column I/O ; Y               ; no       ; Off          ;
; Y7       ; 141        ; 3        ; GPIO[25]                             ; bidir  ; 3.3-V LVTTL           ;         ; Column I/O ; Y               ; no       ; Off          ;
; Y8       ; 143        ; 3        ; GPIO[23]                             ; bidir  ; 3.3-V LVTTL           ;         ; Column I/O ; Y               ; no       ; Off          ;
; Y9       ;            ;          ; GND                                  ; gnd    ;                       ;         ; --         ;                 ; --       ; --           ;
; Y10      ; 168        ; 3        ; RESERVED_INPUT_WITH_WEAK_PULLUP      ;        ;                       ;         ; Column I/O ;                 ; no       ; On           ;
; Y11      ; 175        ; 4        ; GPIO[17]                             ; bidir  ; 3.3-V LVTTL           ;         ; Column I/O ; Y               ; no       ; Off          ;
; Y12      ;            ;          ; GND                                  ; gnd    ;                       ;         ; --         ;                 ; --       ; --           ;
; Y13      ; 200        ; 4        ; RESERVED_INPUT_WITH_WEAK_PULLUP      ;        ;                       ;         ; Column I/O ;                 ; no       ; On           ;
; Y14      ; 202        ; 4        ; RESERVED_INPUT_WITH_WEAK_PULLUP      ;        ;                       ;         ; Column I/O ;                 ; no       ; On           ;
; Y15      ;            ;          ; GND                                  ; gnd    ;                       ;         ; --         ;                 ; --       ; --           ;
; Y16      ; 207        ; 4        ; RESERVED_INPUT_WITH_WEAK_PULLUP      ;        ;                       ;         ; Column I/O ;                 ; no       ; On           ;
; Y17      ; 214        ; 4        ; RESERVED_INPUT_WITH_WEAK_PULLUP      ;        ;                       ;         ; Column I/O ;                 ; no       ; On           ;
; Y18      ; 219        ; 4        ; RESERVED_INPUT_WITH_WEAK_PULLUP      ;        ;                       ;         ; Column I/O ;                 ; no       ; On           ;
; Y19      ; 224        ; 4        ; RESERVED_INPUT_WITH_WEAK_PULLUP      ;        ;                       ;         ; Column I/O ;                 ; no       ; On           ;
; Y20      ; 285        ; 5        ; RESERVED_INPUT_WITH_WEAK_PULLUP      ;        ;                       ;         ; Row I/O    ;                 ; no       ; On           ;
; Y21      ; 287        ; 5        ; RESERVED_INPUT_WITH_WEAK_PULLUP      ;        ;                       ;         ; Row I/O    ;                 ; no       ; On           ;
; Y22      ; 281        ; 5        ; RESERVED_INPUT_WITH_WEAK_PULLUP      ;        ;                       ;         ; Row I/O    ;                 ; no       ; On           ;
+----------+------------+----------+--------------------------------------+--------+-----------------------+---------+------------+-----------------+----------+--------------+
Note: Pin directions (input, output or bidir) are based on device operating in user mode.


+--------------------------------------------------------------------------------------------------+
; PLL Summary                                                                                      ;
+-------------------------------+------------------------------------------------------------------+
; Name                          ; pll:PLLTX|altpll:altpll_component|pll_altpll:auto_generated|pll1 ;
+-------------------------------+------------------------------------------------------------------+
; SDC pin name                  ; PLLTX|altpll_component|auto_generated|pll1                       ;
; PLL mode                      ; Normal                                                           ;
; Compensate clock              ; clock0                                                           ;
; Compensated input/output pins ; --                                                               ;
; Switchover type               ; --                                                               ;
; Input frequency 0             ; 50.0 MHz                                                         ;
; Input frequency 1             ; --                                                               ;
; Nominal PFD frequency         ; 5.6 MHz                                                          ;
; Nominal VCO frequency         ; 394.4 MHz                                                        ;
; VCO post scale K counter      ; 2                                                                ;
; VCO frequency control         ; Auto                                                             ;
; VCO phase shift step          ; 316 ps                                                           ;
; VCO multiply                  ; --                                                               ;
; VCO divide                    ; --                                                               ;
; Freq min lock                 ; 48.6 MHz                                                         ;
; Freq max lock                 ; 82.42 MHz                                                        ;
; M VCO Tap                     ; 0                                                                ;
; M Initial                     ; 1                                                                ;
; M value                       ; 71                                                               ;
; N value                       ; 9                                                                ;
; Charge pump current           ; setting 1                                                        ;
; Loop filter resistance        ; setting 16                                                       ;
; Loop filter capacitance       ; setting 0                                                        ;
; Bandwidth                     ; 340 kHz to 540 kHz                                               ;
; Bandwidth type                ; Medium                                                           ;
; Real time reconfigurable      ; Off                                                              ;
; Scan chain MIF file           ; --                                                               ;
; Preserve PLL counter order    ; Off                                                              ;
; PLL location                  ; PLL_1                                                            ;
; Inclk0 signal                 ; MAX10_CLK1_50                                                    ;
; Inclk1 signal                 ; --                                                               ;
; Inclk0 signal type            ; Dedicated Pin                                                    ;
; Inclk1 signal type            ; --                                                               ;
+-------------------------------+------------------------------------------------------------------+


+-------------------------------------------------------------------------------------------------------------------------------------------------------------------------------------------------------------------------------------------------------------------------------------------------------------------------+
; PLL Usage                                                                                                                                                                                                                                                                                                               ;
+-----------------------------------------------------------------------------------------+--------------+------+-------+------------------+-------------+------------------+------------+---------+---------------+--------------+---------------+---------+---------+---------------------------------------------------+
; Name                                                                                    ; Output Clock ; Mult ; Div   ; Output Frequency ; Phase Shift ; Phase Shift Step ; Duty Cycle ; Counter ; Counter Value ; High / Low   ; Cascade Input ; Initial ; VCO Tap ; SDC Pin Name                                      ;
+-----------------------------------------------------------------------------------------+--------------+------+-------+------------------+-------------+------------------+------------+---------+---------------+--------------+---------------+---------+---------+---------------------------------------------------+
; pll:PLLTX|altpll:altpll_component|pll_altpll:auto_generated|wire_pll1_clk[0]            ; clock0       ; 71   ; 3852  ; 0.92 MHz         ; 0 (0 ps)    ; 0.11 (316 ps)    ; 50/50      ; C0      ; 428           ; 214/214 Even ; --            ; 1       ; 0       ; PLLTX|altpll_component|auto_generated|pll1|clk[0] ;
; pll:PLLTX|altpll:altpll_component|pll_altpll:auto_generated|wire_pll1_clk[1]            ; clock1       ; 71   ; 30816 ; 0.12 MHz         ; 0 (0 ps)    ; 0.11 (316 ps)    ; 50/50      ; C2      ; 428           ; 214/214 Even ; C1            ; 1       ; 0       ; PLLTX|altpll_component|auto_generated|pll1|clk[1] ;
; pll:PLLTX|altpll:altpll_component|pll_altpll:auto_generated|wire_pll1_clk[1]~cascade_in ; --           ; --   ; --    ; --               ; --          ; --               ; --         ; C1      ; 8             ; 4/4 Even     ; --            ; 1       ; 0       ;                                                   ;
+-----------------------------------------------------------------------------------------+--------------+------+-------+------------------+-------------+------------------+------------+---------+---------------+--------------+---------------+---------+---------+---------------------------------------------------+


+-----------------------------------+
; I/O Assignment Warnings           ;
+----------+------------------------+
; Pin Name ; Reason                 ;
+----------+------------------------+
; GPIO[2]  ; Missing drive strength ;
; GPIO[3]  ; Missing drive strength ;
; GPIO[4]  ; Missing drive strength ;
; GPIO[5]  ; Missing drive strength ;
; GPIO[6]  ; Missing drive strength ;
; GPIO[7]  ; Missing drive strength ;
; GPIO[8]  ; Missing drive strength ;
; GPIO[9]  ; Missing drive strength ;
; GPIO[10] ; Missing drive strength ;
; GPIO[11] ; Missing drive strength ;
; GPIO[12] ; Missing drive strength ;
; GPIO[13] ; Missing drive strength ;
; GPIO[14] ; Missing drive strength ;
; GPIO[15] ; Missing drive strength ;
; GPIO[16] ; Missing drive strength ;
; GPIO[17] ; Missing drive strength ;
; GPIO[18] ; Missing drive strength ;
; GPIO[19] ; Missing drive strength ;
; GPIO[20] ; Missing drive strength ;
; GPIO[21] ; Missing drive strength ;
; GPIO[22] ; Missing drive strength ;
; GPIO[23] ; Missing drive strength ;
; GPIO[24] ; Missing drive strength ;
; GPIO[25] ; Missing drive strength ;
; GPIO[26] ; Missing drive strength ;
; GPIO[27] ; Missing drive strength ;
; GPIO[28] ; Missing drive strength ;
; GPIO[29] ; Missing drive strength ;
; GPIO[30] ; Missing drive strength ;
; GPIO[31] ; Missing drive strength ;
; GPIO[32] ; Missing drive strength ;
; GPIO[33] ; Missing drive strength ;
; GPIO[34] ; Missing drive strength ;
; GPIO[35] ; Missing drive strength ;
; GPIO[0]  ; Missing drive strength ;
; GPIO[1]  ; Missing drive strength ;
+----------+------------------------+


+----------------------------------------------------------------------------------------------------------------------------------------------------------------------------------------------------------------------------------------------------------------------------------------------------------------------------------------------------------------------------------------------------------------------------------------------------------------------------------------------------------------------------------------------------------------------------------------------------------------------------------------------------------------------------------------------------------------------------------------------------------------------------------------------------------------------+
; Fitter Resource Utilization by Entity                                                                                                                                                                                                                                                                                                                                                                                                                                                                                                                                                                                                                                                                                                                                                                                ;
+-----------------------------------------------------------------------------------------------------------------------------------------+-------------+---------------------------+---------------+-------------+------+------------+--------------+---------+-----------+------+--------------+--------------+-------------------+------------------+------------+----------------------------------------------------------------------------------------------------------------------------------------------------------------------------------------------------------------------------------------------------------------------------------------------------------------------------------------------------------------------------------------+------------------------------------------+--------------+
; Compilation Hierarchy Node                                                                                                              ; Logic Cells ; Dedicated Logic Registers ; I/O Registers ; Memory Bits ; M9Ks ; UFM Blocks ; DSP Elements ; DSP 9x9 ; DSP 18x18 ; Pins ; Virtual Pins ; LUT-Only LCs ; Register-Only LCs ; LUT/Register LCs ; ADC blocks ; Full Hierarchy Name                                                                                                                                                                                                                                                                                                                                                                    ; Entity Name                              ; Library Name ;
+-----------------------------------------------------------------------------------------------------------------------------------------+-------------+---------------------------+---------------+-------------+------+------------+--------------+---------+-----------+------+--------------+--------------+-------------------+------------------+------------+----------------------------------------------------------------------------------------------------------------------------------------------------------------------------------------------------------------------------------------------------------------------------------------------------------------------------------------------------------------------------------------+------------------------------------------+--------------+
; |DLX                                                                                                                                    ; 4962 (4)    ; 2297 (0)                  ; 0 (0)         ; 990776      ; 127  ; 1          ; 0            ; 0       ; 0         ; 41   ; 0            ; 2665 (4)     ; 879 (0)           ; 1418 (0)         ; 0          ; |DLX                                                                                                                                                                                                                                                                                                                                                                                   ; DLX                                      ; work         ;
;    |OVERSEER:OOO|                                                                                                                       ; 21 (21)     ; 0 (0)                     ; 0 (0)         ; 0           ; 0    ; 0          ; 0            ; 0       ; 0         ; 0    ; 0            ; 21 (21)      ; 0 (0)             ; 0 (0)            ; 0          ; |DLX|OVERSEER:OOO                                                                                                                                                                                                                                                                                                                                                                      ; OVERSEER                                 ; work         ;
;    |decode:DECODE|                                                                                                                      ; 179 (37)    ; 134 (31)                  ; 0 (0)         ; 2048        ; 2    ; 0          ; 0            ; 0       ; 0         ; 0    ; 0            ; 13 (6)       ; 37 (2)            ; 129 (45)         ; 0          ; |DLX|decode:DECODE                                                                                                                                                                                                                                                                                                                                                                     ; decode                                   ; work         ;
;       |registers:R|                                                                                                                     ; 122 (122)   ; 86 (86)                   ; 0 (0)         ; 2048        ; 2    ; 0          ; 0            ; 0       ; 0         ; 0    ; 0            ; 4 (4)        ; 34 (34)           ; 84 (84)          ; 0          ; |DLX|decode:DECODE|registers:R                                                                                                                                                                                                                                                                                                                                                         ; registers                                ; work         ;
;          |altsyncram:ram_block_rtl_0|                                                                                                   ; 0 (0)       ; 0 (0)                     ; 0 (0)         ; 1024        ; 1    ; 0          ; 0            ; 0       ; 0         ; 0    ; 0            ; 0 (0)        ; 0 (0)             ; 0 (0)            ; 0          ; |DLX|decode:DECODE|registers:R|altsyncram:ram_block_rtl_0                                                                                                                                                                                                                                                                                                                              ; altsyncram                               ; work         ;
;             |altsyncram_23g1:auto_generated|                                                                                            ; 0 (0)       ; 0 (0)                     ; 0 (0)         ; 1024        ; 1    ; 0          ; 0            ; 0       ; 0         ; 0    ; 0            ; 0 (0)        ; 0 (0)             ; 0 (0)            ; 0          ; |DLX|decode:DECODE|registers:R|altsyncram:ram_block_rtl_0|altsyncram_23g1:auto_generated                                                                                                                                                                                                                                                                                               ; altsyncram_23g1                          ; work         ;
;          |altsyncram:ram_block_rtl_1|                                                                                                   ; 0 (0)       ; 0 (0)                     ; 0 (0)         ; 1024        ; 1    ; 0          ; 0            ; 0       ; 0         ; 0    ; 0            ; 0 (0)        ; 0 (0)             ; 0 (0)            ; 0          ; |DLX|decode:DECODE|registers:R|altsyncram:ram_block_rtl_1                                                                                                                                                                                                                                                                                                                              ; altsyncram                               ; work         ;
;             |altsyncram_23g1:auto_generated|                                                                                            ; 0 (0)       ; 0 (0)                     ; 0 (0)         ; 1024        ; 1    ; 0          ; 0            ; 0       ; 0         ; 0    ; 0            ; 0 (0)        ; 0 (0)             ; 0 (0)            ; 0          ; |DLX|decode:DECODE|registers:R|altsyncram:ram_block_rtl_1|altsyncram_23g1:auto_generated                                                                                                                                                                                                                                                                                               ; altsyncram_23g1                          ; work         ;
;       |sign_extend:SE|                                                                                                                  ; 20 (20)     ; 17 (17)                   ; 0 (0)         ; 0           ; 0    ; 0          ; 0            ; 0       ; 0         ; 0    ; 0            ; 3 (3)        ; 1 (1)             ; 16 (16)          ; 0          ; |DLX|decode:DECODE|sign_extend:SE                                                                                                                                                                                                                                                                                                                                                      ; sign_extend                              ; work         ;
;    |execute:EXECUTE|                                                                                                                    ; 1271 (71)   ; 119 (75)                  ; 0 (0)         ; 0           ; 0    ; 0          ; 0            ; 0       ; 0         ; 0    ; 0            ; 1088 (7)     ; 19 (17)           ; 164 (37)         ; 0          ; |DLX|execute:EXECUTE                                                                                                                                                                                                                                                                                                                                                                   ; execute                                  ; work         ;
;       |ALU:ALU|                                                                                                                         ; 979 (979)   ; 33 (33)                   ; 0 (0)         ; 0           ; 0    ; 0          ; 0            ; 0       ; 0         ; 0    ; 0            ; 925 (925)    ; 2 (2)             ; 52 (52)          ; 0          ; |DLX|execute:EXECUTE|ALU:ALU                                                                                                                                                                                                                                                                                                                                                           ; ALU                                      ; work         ;
;       |PC_mux:MUX1|                                                                                                                     ; 119 (119)   ; 0 (0)                     ; 0 (0)         ; 0           ; 0    ; 0          ; 0            ; 0       ; 0         ; 0    ; 0            ; 64 (64)      ; 0 (0)             ; 55 (55)          ; 0          ; |DLX|execute:EXECUTE|PC_mux:MUX1                                                                                                                                                                                                                                                                                                                                                       ; PC_mux                                   ; work         ;
;       |Zeros:ZEROS|                                                                                                                     ; 26 (26)     ; 11 (11)                   ; 0 (0)         ; 0           ; 0    ; 0          ; 0            ; 0       ; 0         ; 0    ; 0            ; 15 (15)      ; 0 (0)             ; 11 (11)          ; 0          ; |DLX|execute:EXECUTE|Zeros:ZEROS                                                                                                                                                                                                                                                                                                                                                       ; Zeros                                    ; work         ;
;       |imm_mux:MUX2|                                                                                                                    ; 88 (88)     ; 0 (0)                     ; 0 (0)         ; 0           ; 0    ; 0          ; 0            ; 0       ; 0         ; 0    ; 0            ; 77 (77)      ; 0 (0)             ; 11 (11)          ; 0          ; |DLX|execute:EXECUTE|imm_mux:MUX2                                                                                                                                                                                                                                                                                                                                                      ; imm_mux                                  ; work         ;
;    |fetch:FETCH|                                                                                                                        ; 30 (30)     ; 11 (11)                   ; 0 (0)         ; 32768       ; 4    ; 0          ; 0            ; 0       ; 0         ; 0    ; 0            ; 19 (19)      ; 0 (0)             ; 11 (11)          ; 0          ; |DLX|fetch:FETCH                                                                                                                                                                                                                                                                                                                                                                       ; fetch                                    ; work         ;
;       |my_ROM:U1|                                                                                                                       ; 0 (0)       ; 0 (0)                     ; 0 (0)         ; 32768       ; 4    ; 0          ; 0            ; 0       ; 0         ; 0    ; 0            ; 0 (0)        ; 0 (0)             ; 0 (0)            ; 0          ; |DLX|fetch:FETCH|my_ROM:U1                                                                                                                                                                                                                                                                                                                                                             ; my_ROM                                   ; work         ;
;          |altsyncram:altsyncram_component|                                                                                              ; 0 (0)       ; 0 (0)                     ; 0 (0)         ; 32768       ; 4    ; 0          ; 0            ; 0       ; 0         ; 0    ; 0            ; 0 (0)        ; 0 (0)             ; 0 (0)            ; 0          ; |DLX|fetch:FETCH|my_ROM:U1|altsyncram:altsyncram_component                                                                                                                                                                                                                                                                                                                             ; altsyncram                               ; work         ;
;             |altsyncram_8jt3:auto_generated|                                                                                            ; 0 (0)       ; 0 (0)                     ; 0 (0)         ; 32768       ; 4    ; 0          ; 0            ; 0       ; 0         ; 0    ; 0            ; 0 (0)        ; 0 (0)             ; 0 (0)            ; 0          ; |DLX|fetch:FETCH|my_ROM:U1|altsyncram:altsyncram_component|altsyncram_8jt3:auto_generated                                                                                                                                                                                                                                                                                              ; altsyncram_8jt3                          ; work         ;
;    |memory:MEMORY|                                                                                                                      ; 43 (43)     ; 43 (43)                   ; 0 (0)         ; 32768       ; 4    ; 0          ; 0            ; 0       ; 0         ; 0    ; 0            ; 0 (0)        ; 5 (5)             ; 38 (38)          ; 0          ; |DLX|memory:MEMORY                                                                                                                                                                                                                                                                                                                                                                     ; memory                                   ; work         ;
;       |my_ram:RAM|                                                                                                                      ; 0 (0)       ; 0 (0)                     ; 0 (0)         ; 32768       ; 4    ; 0          ; 0            ; 0       ; 0         ; 0    ; 0            ; 0 (0)        ; 0 (0)             ; 0 (0)            ; 0          ; |DLX|memory:MEMORY|my_ram:RAM                                                                                                                                                                                                                                                                                                                                                          ; my_ram                                   ; work         ;
;          |altsyncram:altsyncram_component|                                                                                              ; 0 (0)       ; 0 (0)                     ; 0 (0)         ; 32768       ; 4    ; 0          ; 0            ; 0       ; 0         ; 0    ; 0            ; 0 (0)        ; 0 (0)             ; 0 (0)            ; 0          ; |DLX|memory:MEMORY|my_ram:RAM|altsyncram:altsyncram_component                                                                                                                                                                                                                                                                                                                          ; altsyncram                               ; work         ;
;             |altsyncram_29s3:auto_generated|                                                                                            ; 0 (0)       ; 0 (0)                     ; 0 (0)         ; 32768       ; 4    ; 0          ; 0            ; 0       ; 0         ; 0    ; 0            ; 0 (0)        ; 0 (0)             ; 0 (0)            ; 0          ; |DLX|memory:MEMORY|my_ram:RAM|altsyncram:altsyncram_component|altsyncram_29s3:auto_generated                                                                                                                                                                                                                                                                                           ; altsyncram_29s3                          ; work         ;
;    |pll:PLLTX|                                                                                                                          ; 1 (0)       ; 1 (0)                     ; 0 (0)         ; 0           ; 0    ; 0          ; 0            ; 0       ; 0         ; 0    ; 0            ; 0 (0)        ; 0 (0)             ; 1 (0)            ; 0          ; |DLX|pll:PLLTX                                                                                                                                                                                                                                                                                                                                                                         ; pll                                      ; work         ;
;       |altpll:altpll_component|                                                                                                         ; 1 (0)       ; 1 (0)                     ; 0 (0)         ; 0           ; 0    ; 0          ; 0            ; 0       ; 0         ; 0    ; 0            ; 0 (0)        ; 0 (0)             ; 1 (0)            ; 0          ; |DLX|pll:PLLTX|altpll:altpll_component                                                                                                                                                                                                                                                                                                                                                 ; altpll                                   ; work         ;
;          |pll_altpll:auto_generated|                                                                                                    ; 1 (1)       ; 1 (1)                     ; 0 (0)         ; 0           ; 0    ; 0          ; 0            ; 0       ; 0         ; 0    ; 0            ; 0 (0)        ; 0 (0)             ; 1 (1)            ; 0          ; |DLX|pll:PLLTX|altpll:altpll_component|pll_altpll:auto_generated                                                                                                                                                                                                                                                                                                                       ; pll_altpll                               ; work         ;
;    |print_FSM:FSM|                                                                                                                      ; 1561 (268)  ; 488 (181)                 ; 0 (0)         ; 11824       ; 4    ; 0          ; 0            ; 0       ; 0         ; 0    ; 0            ; 1073 (87)    ; 149 (35)          ; 339 (147)        ; 0          ; |DLX|print_FSM:FSM                                                                                                                                                                                                                                                                                                                                                                     ; print_FSM                                ; work         ;
;       |UART_trans:U|                                                                                                                    ; 52 (52)     ; 35 (35)                   ; 0 (0)         ; 0           ; 0    ; 0          ; 0            ; 0       ; 0         ; 0    ; 0            ; 15 (15)      ; 0 (0)             ; 37 (37)          ; 0          ; |DLX|print_FSM:FSM|UART_trans:U                                                                                                                                                                                                                                                                                                                                                        ; UART_trans                               ; work         ;
;       |diva:DIVIDER|                                                                                                                    ; 1087 (0)    ; 140 (0)                   ; 0 (0)         ; 48          ; 1    ; 0          ; 0            ; 0       ; 0         ; 0    ; 0            ; 942 (0)      ; 66 (0)            ; 79 (0)           ; 0          ; |DLX|print_FSM:FSM|diva:DIVIDER                                                                                                                                                                                                                                                                                                                                                        ; diva                                     ; work         ;
;          |lpm_divide:LPM_DIVIDE_component|                                                                                              ; 1087 (0)    ; 140 (0)                   ; 0 (0)         ; 48          ; 1    ; 0          ; 0            ; 0       ; 0         ; 0    ; 0            ; 942 (0)      ; 66 (0)            ; 79 (0)           ; 0          ; |DLX|print_FSM:FSM|diva:DIVIDER|lpm_divide:LPM_DIVIDE_component                                                                                                                                                                                                                                                                                                                        ; lpm_divide                               ; work         ;
;             |lpm_divide_ous:auto_generated|                                                                                             ; 1087 (0)    ; 140 (0)                   ; 0 (0)         ; 48          ; 1    ; 0          ; 0            ; 0       ; 0         ; 0    ; 0            ; 942 (0)      ; 66 (0)            ; 79 (0)           ; 0          ; |DLX|print_FSM:FSM|diva:DIVIDER|lpm_divide:LPM_DIVIDE_component|lpm_divide_ous:auto_generated                                                                                                                                                                                                                                                                                          ; lpm_divide_ous                           ; work         ;
;                |sign_div_unsign_q8i:divider|                                                                                            ; 1087 (0)    ; 140 (0)                   ; 0 (0)         ; 48          ; 1    ; 0          ; 0            ; 0       ; 0         ; 0    ; 0            ; 942 (0)      ; 66 (0)            ; 79 (0)           ; 0          ; |DLX|print_FSM:FSM|diva:DIVIDER|lpm_divide:LPM_DIVIDE_component|lpm_divide_ous:auto_generated|sign_div_unsign_q8i:divider                                                                                                                                                                                                                                                              ; sign_div_unsign_q8i                      ; work         ;
;                   |alt_u_div_d6f:divider|                                                                                               ; 1087 (1080) ; 140 (136)                 ; 0 (0)         ; 48          ; 1    ; 0          ; 0            ; 0       ; 0         ; 0    ; 0            ; 942 (938)    ; 66 (66)           ; 79 (76)          ; 0          ; |DLX|print_FSM:FSM|diva:DIVIDER|lpm_divide:LPM_DIVIDE_component|lpm_divide_ous:auto_generated|sign_div_unsign_q8i:divider|alt_u_div_d6f:divider                                                                                                                                                                                                                                        ; alt_u_div_d6f                            ; work         ;
;                      |altshift_taps:DFFQuotient_rtl_0|                                                                                  ; 8 (0)       ; 4 (0)                     ; 0 (0)         ; 48          ; 1    ; 0          ; 0            ; 0       ; 0         ; 0    ; 0            ; 4 (0)        ; 0 (0)             ; 4 (0)            ; 0          ; |DLX|print_FSM:FSM|diva:DIVIDER|lpm_divide:LPM_DIVIDE_component|lpm_divide_ous:auto_generated|sign_div_unsign_q8i:divider|alt_u_div_d6f:divider|altshift_taps:DFFQuotient_rtl_0                                                                                                                                                                                                        ; altshift_taps                            ; work         ;
;                         |shift_taps_53o:auto_generated|                                                                                 ; 8 (3)       ; 4 (2)                     ; 0 (0)         ; 48          ; 1    ; 0          ; 0            ; 0       ; 0         ; 0    ; 0            ; 4 (1)        ; 0 (0)             ; 4 (2)            ; 0          ; |DLX|print_FSM:FSM|diva:DIVIDER|lpm_divide:LPM_DIVIDE_component|lpm_divide_ous:auto_generated|sign_div_unsign_q8i:divider|alt_u_div_d6f:divider|altshift_taps:DFFQuotient_rtl_0|shift_taps_53o:auto_generated                                                                                                                                                                          ; shift_taps_53o                           ; work         ;
;                            |altsyncram_pv21:altsyncram4|                                                                                ; 0 (0)       ; 0 (0)                     ; 0 (0)         ; 48          ; 1    ; 0          ; 0            ; 0       ; 0         ; 0    ; 0            ; 0 (0)        ; 0 (0)             ; 0 (0)            ; 0          ; |DLX|print_FSM:FSM|diva:DIVIDER|lpm_divide:LPM_DIVIDE_component|lpm_divide_ous:auto_generated|sign_div_unsign_q8i:divider|alt_u_div_d6f:divider|altshift_taps:DFFQuotient_rtl_0|shift_taps_53o:auto_generated|altsyncram_pv21:altsyncram4                                                                                                                                              ; altsyncram_pv21                          ; work         ;
;                            |cntr_s3f:cntr1|                                                                                             ; 5 (5)       ; 2 (2)                     ; 0 (0)         ; 0           ; 0    ; 0          ; 0            ; 0       ; 0         ; 0    ; 0            ; 3 (3)        ; 0 (0)             ; 2 (2)            ; 0          ; |DLX|print_FSM:FSM|diva:DIVIDER|lpm_divide:LPM_DIVIDE_component|lpm_divide_ous:auto_generated|sign_div_unsign_q8i:divider|alt_u_div_d6f:divider|altshift_taps:DFFQuotient_rtl_0|shift_taps_53o:auto_generated|cntr_s3f:cntr1                                                                                                                                                           ; cntr_s3f                                 ; work         ;
;       |fifo_char:FIFO2|                                                                                                                 ; 124 (0)     ; 105 (0)                   ; 0 (0)         ; 2048        ; 1    ; 0          ; 0            ; 0       ; 0         ; 0    ; 0            ; 19 (0)       ; 48 (0)            ; 57 (0)           ; 0          ; |DLX|print_FSM:FSM|fifo_char:FIFO2                                                                                                                                                                                                                                                                                                                                                     ; fifo_char                                ; work         ;
;          |dcfifo:dcfifo_component|                                                                                                      ; 124 (0)     ; 105 (0)                   ; 0 (0)         ; 2048        ; 1    ; 0          ; 0            ; 0       ; 0         ; 0    ; 0            ; 19 (0)       ; 48 (0)            ; 57 (0)           ; 0          ; |DLX|print_FSM:FSM|fifo_char:FIFO2|dcfifo:dcfifo_component                                                                                                                                                                                                                                                                                                                             ; dcfifo                                   ; work         ;
;             |dcfifo_f1f1:auto_generated|                                                                                                ; 124 (37)    ; 105 (27)                  ; 0 (0)         ; 2048        ; 1    ; 0          ; 0            ; 0       ; 0         ; 0    ; 0            ; 19 (5)       ; 48 (23)           ; 57 (7)           ; 0          ; |DLX|print_FSM:FSM|fifo_char:FIFO2|dcfifo:dcfifo_component|dcfifo_f1f1:auto_generated                                                                                                                                                                                                                                                                                                  ; dcfifo_f1f1                              ; work         ;
;                |a_gray2bin_kra:wrptr_g_gray2bin|                                                                                        ; 8 (8)       ; 0 (0)                     ; 0 (0)         ; 0           ; 0    ; 0          ; 0            ; 0       ; 0         ; 0    ; 0            ; 1 (1)        ; 0 (0)             ; 7 (7)            ; 0          ; |DLX|print_FSM:FSM|fifo_char:FIFO2|dcfifo:dcfifo_component|dcfifo_f1f1:auto_generated|a_gray2bin_kra:wrptr_g_gray2bin                                                                                                                                                                                                                                                                  ; a_gray2bin_kra                           ; work         ;
;                |a_gray2bin_kra:ws_dgrp_gray2bin|                                                                                        ; 8 (8)       ; 0 (0)                     ; 0 (0)         ; 0           ; 0    ; 0          ; 0            ; 0       ; 0         ; 0    ; 0            ; 1 (1)        ; 0 (0)             ; 7 (7)            ; 0          ; |DLX|print_FSM:FSM|fifo_char:FIFO2|dcfifo:dcfifo_component|dcfifo_f1f1:auto_generated|a_gray2bin_kra:ws_dgrp_gray2bin                                                                                                                                                                                                                                                                  ; a_gray2bin_kra                           ; work         ;
;                |a_graycounter_dgb:wrptr_g1p|                                                                                            ; 17 (17)     ; 13 (13)                   ; 0 (0)         ; 0           ; 0    ; 0          ; 0            ; 0       ; 0         ; 0    ; 0            ; 4 (4)        ; 1 (1)             ; 12 (12)          ; 0          ; |DLX|print_FSM:FSM|fifo_char:FIFO2|dcfifo:dcfifo_component|dcfifo_f1f1:auto_generated|a_graycounter_dgb:wrptr_g1p                                                                                                                                                                                                                                                                      ; a_graycounter_dgb                        ; work         ;
;                |a_graycounter_h26:rdptr_g1p|                                                                                            ; 18 (18)     ; 13 (13)                   ; 0 (0)         ; 0           ; 0    ; 0          ; 0            ; 0       ; 0         ; 0    ; 0            ; 4 (4)        ; 0 (0)             ; 14 (14)          ; 0          ; |DLX|print_FSM:FSM|fifo_char:FIFO2|dcfifo:dcfifo_component|dcfifo_f1f1:auto_generated|a_graycounter_h26:rdptr_g1p                                                                                                                                                                                                                                                                      ; a_graycounter_h26                        ; work         ;
;                |alt_synch_pipe_h9l:rs_dgwp|                                                                                             ; 18 (0)      ; 18 (0)                    ; 0 (0)         ; 0           ; 0    ; 0          ; 0            ; 0       ; 0         ; 0    ; 0            ; 0 (0)        ; 11 (0)            ; 7 (0)            ; 0          ; |DLX|print_FSM:FSM|fifo_char:FIFO2|dcfifo:dcfifo_component|dcfifo_f1f1:auto_generated|alt_synch_pipe_h9l:rs_dgwp                                                                                                                                                                                                                                                                       ; alt_synch_pipe_h9l                       ; work         ;
;                   |dffpipe_2v8:dffpipe12|                                                                                               ; 18 (18)     ; 18 (18)                   ; 0 (0)         ; 0           ; 0    ; 0          ; 0            ; 0       ; 0         ; 0    ; 0            ; 0 (0)        ; 11 (11)           ; 7 (7)            ; 0          ; |DLX|print_FSM:FSM|fifo_char:FIFO2|dcfifo:dcfifo_component|dcfifo_f1f1:auto_generated|alt_synch_pipe_h9l:rs_dgwp|dffpipe_2v8:dffpipe12                                                                                                                                                                                                                                                 ; dffpipe_2v8                              ; work         ;
;                |alt_synch_pipe_i9l:ws_dgrp|                                                                                             ; 18 (0)      ; 18 (0)                    ; 0 (0)         ; 0           ; 0    ; 0          ; 0            ; 0       ; 0         ; 0    ; 0            ; 0 (0)        ; 13 (0)            ; 5 (0)            ; 0          ; |DLX|print_FSM:FSM|fifo_char:FIFO2|dcfifo:dcfifo_component|dcfifo_f1f1:auto_generated|alt_synch_pipe_i9l:ws_dgrp                                                                                                                                                                                                                                                                       ; alt_synch_pipe_i9l                       ; work         ;
;                   |dffpipe_3v8:dffpipe16|                                                                                               ; 18 (18)     ; 18 (18)                   ; 0 (0)         ; 0           ; 0    ; 0          ; 0            ; 0       ; 0         ; 0    ; 0            ; 0 (0)        ; 13 (13)           ; 5 (5)            ; 0          ; |DLX|print_FSM:FSM|fifo_char:FIFO2|dcfifo:dcfifo_component|dcfifo_f1f1:auto_generated|alt_synch_pipe_i9l:ws_dgrp|dffpipe_3v8:dffpipe16                                                                                                                                                                                                                                                 ; dffpipe_3v8                              ; work         ;
;                |altsyncram_qj31:fifo_ram|                                                                                               ; 0 (0)       ; 0 (0)                     ; 0 (0)         ; 2048        ; 1    ; 0          ; 0            ; 0       ; 0         ; 0    ; 0            ; 0 (0)        ; 0 (0)             ; 0 (0)            ; 0          ; |DLX|print_FSM:FSM|fifo_char:FIFO2|dcfifo:dcfifo_component|dcfifo_f1f1:auto_generated|altsyncram_qj31:fifo_ram                                                                                                                                                                                                                                                                         ; altsyncram_qj31                          ; work         ;
;                |cmpr_5h5:rdempty_eq_comp|                                                                                               ; 5 (5)       ; 0 (0)                     ; 0 (0)         ; 0           ; 0    ; 0          ; 0            ; 0       ; 0         ; 0    ; 0            ; 1 (1)        ; 0 (0)             ; 4 (4)            ; 0          ; |DLX|print_FSM:FSM|fifo_char:FIFO2|dcfifo:dcfifo_component|dcfifo_f1f1:auto_generated|cmpr_5h5:rdempty_eq_comp                                                                                                                                                                                                                                                                         ; cmpr_5h5                                 ; work         ;
;                |cmpr_5h5:wrfull_eq_comp|                                                                                                ; 5 (5)       ; 0 (0)                     ; 0 (0)         ; 0           ; 0    ; 0          ; 0            ; 0       ; 0         ; 0    ; 0            ; 3 (3)        ; 0 (0)             ; 2 (2)            ; 0          ; |DLX|print_FSM:FSM|fifo_char:FIFO2|dcfifo:dcfifo_component|dcfifo_f1f1:auto_generated|cmpr_5h5:wrfull_eq_comp                                                                                                                                                                                                                                                                          ; cmpr_5h5                                 ; work         ;
;                |dffpipe_1v8:ws_brp|                                                                                                     ; 8 (8)       ; 8 (8)                     ; 0 (0)         ; 0           ; 0    ; 0          ; 0            ; 0       ; 0         ; 0    ; 0            ; 0 (0)        ; 0 (0)             ; 8 (8)            ; 0          ; |DLX|print_FSM:FSM|fifo_char:FIFO2|dcfifo:dcfifo_component|dcfifo_f1f1:auto_generated|dffpipe_1v8:ws_brp                                                                                                                                                                                                                                                                               ; dffpipe_1v8                              ; work         ;
;                |dffpipe_1v8:ws_bwp|                                                                                                     ; 8 (8)       ; 8 (8)                     ; 0 (0)         ; 0           ; 0    ; 0          ; 0            ; 0       ; 0         ; 0    ; 0            ; 0 (0)        ; 0 (0)             ; 8 (8)            ; 0          ; |DLX|print_FSM:FSM|fifo_char:FIFO2|dcfifo:dcfifo_component|dcfifo_f1f1:auto_generated|dffpipe_1v8:ws_bwp                                                                                                                                                                                                                                                                               ; dffpipe_1v8                              ; work         ;
;       |fifo_word:FIFO1|                                                                                                                 ; 37 (0)      ; 27 (0)                    ; 0 (0)         ; 9728        ; 2    ; 0          ; 0            ; 0       ; 0         ; 0    ; 0            ; 10 (0)       ; 0 (0)             ; 27 (0)           ; 0          ; |DLX|print_FSM:FSM|fifo_word:FIFO1                                                                                                                                                                                                                                                                                                                                                     ; fifo_word                                ; work         ;
;          |scfifo:scfifo_component|                                                                                                      ; 37 (0)      ; 27 (0)                    ; 0 (0)         ; 9728        ; 2    ; 0          ; 0            ; 0       ; 0         ; 0    ; 0            ; 10 (0)       ; 0 (0)             ; 27 (0)           ; 0          ; |DLX|print_FSM:FSM|fifo_word:FIFO1|scfifo:scfifo_component                                                                                                                                                                                                                                                                                                                             ; scfifo                                   ; work         ;
;             |scfifo_4k51:auto_generated|                                                                                                ; 37 (4)      ; 27 (1)                    ; 0 (0)         ; 9728        ; 2    ; 0          ; 0            ; 0       ; 0         ; 0    ; 0            ; 10 (3)       ; 0 (0)             ; 27 (1)           ; 0          ; |DLX|print_FSM:FSM|fifo_word:FIFO1|scfifo:scfifo_component|scfifo_4k51:auto_generated                                                                                                                                                                                                                                                                                                  ; scfifo_4k51                              ; work         ;
;                |a_dpfifo_jj21:dpfifo|                                                                                                   ; 33 (1)      ; 26 (0)                    ; 0 (0)         ; 9728        ; 2    ; 0          ; 0            ; 0       ; 0         ; 0    ; 0            ; 7 (1)        ; 0 (0)             ; 26 (0)           ; 0          ; |DLX|print_FSM:FSM|fifo_word:FIFO1|scfifo:scfifo_component|scfifo_4k51:auto_generated|a_dpfifo_jj21:dpfifo                                                                                                                                                                                                                                                                             ; a_dpfifo_jj21                            ; work         ;
;                   |a_fefifo_08f:fifo_state|                                                                                             ; 16 (8)      ; 10 (2)                    ; 0 (0)         ; 0           ; 0    ; 0          ; 0            ; 0       ; 0         ; 0    ; 0            ; 6 (6)        ; 0 (0)             ; 10 (2)           ; 0          ; |DLX|print_FSM:FSM|fifo_word:FIFO1|scfifo:scfifo_component|scfifo_4k51:auto_generated|a_dpfifo_jj21:dpfifo|a_fefifo_08f:fifo_state                                                                                                                                                                                                                                                     ; a_fefifo_08f                             ; work         ;
;                      |cntr_537:count_usedw|                                                                                             ; 8 (8)       ; 8 (8)                     ; 0 (0)         ; 0           ; 0    ; 0          ; 0            ; 0       ; 0         ; 0    ; 0            ; 0 (0)        ; 0 (0)             ; 8 (8)            ; 0          ; |DLX|print_FSM:FSM|fifo_word:FIFO1|scfifo:scfifo_component|scfifo_4k51:auto_generated|a_dpfifo_jj21:dpfifo|a_fefifo_08f:fifo_state|cntr_537:count_usedw                                                                                                                                                                                                                                ; cntr_537                                 ; work         ;
;                   |altsyncram_o2m1:FIFOram|                                                                                             ; 0 (0)       ; 0 (0)                     ; 0 (0)         ; 9728        ; 2    ; 0          ; 0            ; 0       ; 0         ; 0    ; 0            ; 0 (0)        ; 0 (0)             ; 0 (0)            ; 0          ; |DLX|print_FSM:FSM|fifo_word:FIFO1|scfifo:scfifo_component|scfifo_4k51:auto_generated|a_dpfifo_jj21:dpfifo|altsyncram_o2m1:FIFOram                                                                                                                                                                                                                                                     ; altsyncram_o2m1                          ; work         ;
;                   |cntr_p2b:rd_ptr_count|                                                                                               ; 8 (8)       ; 8 (8)                     ; 0 (0)         ; 0           ; 0    ; 0          ; 0            ; 0       ; 0         ; 0    ; 0            ; 0 (0)        ; 0 (0)             ; 8 (8)            ; 0          ; |DLX|print_FSM:FSM|fifo_word:FIFO1|scfifo:scfifo_component|scfifo_4k51:auto_generated|a_dpfifo_jj21:dpfifo|cntr_p2b:rd_ptr_count                                                                                                                                                                                                                                                       ; cntr_p2b                                 ; work         ;
;                   |cntr_p2b:wr_ptr|                                                                                                     ; 8 (8)       ; 8 (8)                     ; 0 (0)         ; 0           ; 0    ; 0          ; 0            ; 0       ; 0         ; 0    ; 0            ; 0 (0)        ; 0 (0)             ; 8 (8)            ; 0          ; |DLX|print_FSM:FSM|fifo_word:FIFO1|scfifo:scfifo_component|scfifo_4k51:auto_generated|a_dpfifo_jj21:dpfifo|cntr_p2b:wr_ptr                                                                                                                                                                                                                                                             ; cntr_p2b                                 ; work         ;
;    |scan_FSM:SCAN|                                                                                                                      ; 535 (153)   ; 330 (35)                  ; 0 (0)         ; 10248       ; 3    ; 0          ; 0            ; 0       ; 0         ; 0    ; 0            ; 205 (118)    ; 68 (0)            ; 262 (35)         ; 0          ; |DLX|scan_FSM:SCAN                                                                                                                                                                                                                                                                                                                                                                     ; scan_FSM                                 ; work         ;
;       |FIFO_UART_RF:UART_RF|                                                                                                            ; 101 (0)     ; 89 (0)                    ; 0 (0)         ; 2048        ; 1    ; 0          ; 0            ; 0       ; 0         ; 0    ; 0            ; 12 (0)       ; 51 (0)            ; 38 (0)           ; 0          ; |DLX|scan_FSM:SCAN|FIFO_UART_RF:UART_RF                                                                                                                                                                                                                                                                                                                                                ; FIFO_UART_RF                             ; work         ;
;          |dcfifo:dcfifo_component|                                                                                                      ; 101 (0)     ; 89 (0)                    ; 0 (0)         ; 2048        ; 1    ; 0          ; 0            ; 0       ; 0         ; 0    ; 0            ; 12 (0)       ; 51 (0)            ; 38 (0)           ; 0          ; |DLX|scan_FSM:SCAN|FIFO_UART_RF:UART_RF|dcfifo:dcfifo_component                                                                                                                                                                                                                                                                                                                        ; dcfifo                                   ; work         ;
;             |dcfifo_u7e1:auto_generated|                                                                                                ; 101 (28)    ; 89 (27)                   ; 0 (0)         ; 2048        ; 1    ; 0          ; 0            ; 0       ; 0         ; 0    ; 0            ; 12 (1)       ; 51 (23)           ; 38 (4)           ; 0          ; |DLX|scan_FSM:SCAN|FIFO_UART_RF:UART_RF|dcfifo:dcfifo_component|dcfifo_u7e1:auto_generated                                                                                                                                                                                                                                                                                             ; dcfifo_u7e1                              ; work         ;
;                |a_graycounter_dgb:wrptr_g1p|                                                                                            ; 17 (17)     ; 13 (13)                   ; 0 (0)         ; 0           ; 0    ; 0          ; 0            ; 0       ; 0         ; 0    ; 0            ; 3 (3)        ; 1 (1)             ; 13 (13)          ; 0          ; |DLX|scan_FSM:SCAN|FIFO_UART_RF:UART_RF|dcfifo:dcfifo_component|dcfifo_u7e1:auto_generated|a_graycounter_dgb:wrptr_g1p                                                                                                                                                                                                                                                                 ; a_graycounter_dgb                        ; work         ;
;                |a_graycounter_h26:rdptr_g1p|                                                                                            ; 18 (18)     ; 13 (13)                   ; 0 (0)         ; 0           ; 0    ; 0          ; 0            ; 0       ; 0         ; 0    ; 0            ; 5 (5)        ; 1 (1)             ; 12 (12)          ; 0          ; |DLX|scan_FSM:SCAN|FIFO_UART_RF:UART_RF|dcfifo:dcfifo_component|dcfifo_u7e1:auto_generated|a_graycounter_h26:rdptr_g1p                                                                                                                                                                                                                                                                 ; a_graycounter_h26                        ; work         ;
;                |alt_synch_pipe_j9l:rs_dgwp|                                                                                             ; 18 (0)      ; 18 (0)                    ; 0 (0)         ; 0           ; 0    ; 0          ; 0            ; 0       ; 0         ; 0    ; 0            ; 0 (0)        ; 13 (0)            ; 5 (0)            ; 0          ; |DLX|scan_FSM:SCAN|FIFO_UART_RF:UART_RF|dcfifo:dcfifo_component|dcfifo_u7e1:auto_generated|alt_synch_pipe_j9l:rs_dgwp                                                                                                                                                                                                                                                                  ; alt_synch_pipe_j9l                       ; work         ;
;                   |dffpipe_4v8:dffpipe5|                                                                                                ; 18 (18)     ; 18 (18)                   ; 0 (0)         ; 0           ; 0    ; 0          ; 0            ; 0       ; 0         ; 0    ; 0            ; 0 (0)        ; 13 (13)           ; 5 (5)            ; 0          ; |DLX|scan_FSM:SCAN|FIFO_UART_RF:UART_RF|dcfifo:dcfifo_component|dcfifo_u7e1:auto_generated|alt_synch_pipe_j9l:rs_dgwp|dffpipe_4v8:dffpipe5                                                                                                                                                                                                                                             ; dffpipe_4v8                              ; work         ;
;                |alt_synch_pipe_k9l:ws_dgrp|                                                                                             ; 18 (0)      ; 18 (0)                    ; 0 (0)         ; 0           ; 0    ; 0          ; 0            ; 0       ; 0         ; 0    ; 0            ; 0 (0)        ; 13 (0)            ; 5 (0)            ; 0          ; |DLX|scan_FSM:SCAN|FIFO_UART_RF:UART_RF|dcfifo:dcfifo_component|dcfifo_u7e1:auto_generated|alt_synch_pipe_k9l:ws_dgrp                                                                                                                                                                                                                                                                  ; alt_synch_pipe_k9l                       ; work         ;
;                   |dffpipe_5v8:dffpipe8|                                                                                                ; 18 (18)     ; 18 (18)                   ; 0 (0)         ; 0           ; 0    ; 0          ; 0            ; 0       ; 0         ; 0    ; 0            ; 0 (0)        ; 13 (13)           ; 5 (5)            ; 0          ; |DLX|scan_FSM:SCAN|FIFO_UART_RF:UART_RF|dcfifo:dcfifo_component|dcfifo_u7e1:auto_generated|alt_synch_pipe_k9l:ws_dgrp|dffpipe_5v8:dffpipe8                                                                                                                                                                                                                                             ; dffpipe_5v8                              ; work         ;
;                |altsyncram_qj31:fifo_ram|                                                                                               ; 0 (0)       ; 0 (0)                     ; 0 (0)         ; 2048        ; 1    ; 0          ; 0            ; 0       ; 0         ; 0    ; 0            ; 0 (0)        ; 0 (0)             ; 0 (0)            ; 0          ; |DLX|scan_FSM:SCAN|FIFO_UART_RF:UART_RF|dcfifo:dcfifo_component|dcfifo_u7e1:auto_generated|altsyncram_qj31:fifo_ram                                                                                                                                                                                                                                                                    ; altsyncram_qj31                          ; work         ;
;                |cmpr_5h5:rdempty_eq_comp|                                                                                               ; 7 (7)       ; 0 (0)                     ; 0 (0)         ; 0           ; 0    ; 0          ; 0            ; 0       ; 0         ; 0    ; 0            ; 2 (2)        ; 0 (0)             ; 5 (5)            ; 0          ; |DLX|scan_FSM:SCAN|FIFO_UART_RF:UART_RF|dcfifo:dcfifo_component|dcfifo_u7e1:auto_generated|cmpr_5h5:rdempty_eq_comp                                                                                                                                                                                                                                                                    ; cmpr_5h5                                 ; work         ;
;                |cmpr_5h5:wrfull_eq_comp|                                                                                                ; 5 (5)       ; 0 (0)                     ; 0 (0)         ; 0           ; 0    ; 0          ; 0            ; 0       ; 0         ; 0    ; 0            ; 1 (1)        ; 0 (0)             ; 4 (4)            ; 0          ; |DLX|scan_FSM:SCAN|FIFO_UART_RF:UART_RF|dcfifo:dcfifo_component|dcfifo_u7e1:auto_generated|cmpr_5h5:wrfull_eq_comp                                                                                                                                                                                                                                                                     ; cmpr_5h5                                 ; work         ;
;       |UARTSampler:DA_SAMPLER|                                                                                                          ; 185 (146)   ; 138 (100)                 ; 0 (0)         ; 8           ; 1    ; 0          ; 0            ; 0       ; 0         ; 0    ; 0            ; 47 (46)      ; 16 (0)            ; 122 (99)         ; 0          ; |DLX|scan_FSM:SCAN|UARTSampler:DA_SAMPLER                                                                                                                                                                                                                                                                                                                                              ; UARTSampler                              ; work         ;
;          |my_fifo:U2|                                                                                                                   ; 40 (0)      ; 38 (0)                    ; 0 (0)         ; 8           ; 1    ; 0          ; 0            ; 0       ; 0         ; 0    ; 0            ; 1 (0)        ; 16 (0)            ; 23 (0)           ; 0          ; |DLX|scan_FSM:SCAN|UARTSampler:DA_SAMPLER|my_fifo:U2                                                                                                                                                                                                                                                                                                                                   ; my_fifo                                  ; work         ;
;             |dcfifo:dcfifo_component|                                                                                                   ; 40 (0)      ; 38 (0)                    ; 0 (0)         ; 8           ; 1    ; 0          ; 0            ; 0       ; 0         ; 0    ; 0            ; 1 (0)        ; 16 (0)            ; 23 (0)           ; 0          ; |DLX|scan_FSM:SCAN|UARTSampler:DA_SAMPLER|my_fifo:U2|dcfifo:dcfifo_component                                                                                                                                                                                                                                                                                                           ; dcfifo                                   ; work         ;
;                |dcfifo_14e1:auto_generated|                                                                                             ; 40 (13)     ; 38 (12)                   ; 0 (0)         ; 8           ; 1    ; 0          ; 0            ; 0       ; 0         ; 0    ; 0            ; 1 (0)        ; 16 (6)            ; 23 (5)           ; 0          ; |DLX|scan_FSM:SCAN|UARTSampler:DA_SAMPLER|my_fifo:U2|dcfifo:dcfifo_component|dcfifo_14e1:auto_generated                                                                                                                                                                                                                                                                                ; dcfifo_14e1                              ; work         ;
;                   |a_graycounter_8gb:wrptr_g1p|                                                                                         ; 6 (6)       ; 5 (5)                     ; 0 (0)         ; 0           ; 0    ; 0          ; 0            ; 0       ; 0         ; 0    ; 0            ; 0 (0)        ; 0 (0)             ; 6 (6)            ; 0          ; |DLX|scan_FSM:SCAN|UARTSampler:DA_SAMPLER|my_fifo:U2|dcfifo:dcfifo_component|dcfifo_14e1:auto_generated|a_graycounter_8gb:wrptr_g1p                                                                                                                                                                                                                                                    ; a_graycounter_8gb                        ; work         ;
;                   |a_graycounter_c26:rdptr_g1p|                                                                                         ; 8 (8)       ; 5 (5)                     ; 0 (0)         ; 0           ; 0    ; 0          ; 0            ; 0       ; 0         ; 0    ; 0            ; 1 (1)        ; 0 (0)             ; 7 (7)            ; 0          ; |DLX|scan_FSM:SCAN|UARTSampler:DA_SAMPLER|my_fifo:U2|dcfifo:dcfifo_component|dcfifo_14e1:auto_generated|a_graycounter_c26:rdptr_g1p                                                                                                                                                                                                                                                    ; a_graycounter_c26                        ; work         ;
;                   |alt_synch_pipe_c9l:rs_dgwp|                                                                                          ; 8 (0)       ; 8 (0)                     ; 0 (0)         ; 0           ; 0    ; 0          ; 0            ; 0       ; 0         ; 0    ; 0            ; 0 (0)        ; 6 (0)             ; 2 (0)            ; 0          ; |DLX|scan_FSM:SCAN|UARTSampler:DA_SAMPLER|my_fifo:U2|dcfifo:dcfifo_component|dcfifo_14e1:auto_generated|alt_synch_pipe_c9l:rs_dgwp                                                                                                                                                                                                                                                     ; alt_synch_pipe_c9l                       ; work         ;
;                      |dffpipe_tu8:dffpipe10|                                                                                            ; 8 (8)       ; 8 (8)                     ; 0 (0)         ; 0           ; 0    ; 0          ; 0            ; 0       ; 0         ; 0    ; 0            ; 0 (0)        ; 6 (6)             ; 2 (2)            ; 0          ; |DLX|scan_FSM:SCAN|UARTSampler:DA_SAMPLER|my_fifo:U2|dcfifo:dcfifo_component|dcfifo_14e1:auto_generated|alt_synch_pipe_c9l:rs_dgwp|dffpipe_tu8:dffpipe10                                                                                                                                                                                                                               ; dffpipe_tu8                              ; work         ;
;                   |alt_synch_pipe_d9l:ws_dgrp|                                                                                          ; 8 (0)       ; 8 (0)                     ; 0 (0)         ; 0           ; 0    ; 0          ; 0            ; 0       ; 0         ; 0    ; 0            ; 0 (0)        ; 4 (0)             ; 4 (0)            ; 0          ; |DLX|scan_FSM:SCAN|UARTSampler:DA_SAMPLER|my_fifo:U2|dcfifo:dcfifo_component|dcfifo_14e1:auto_generated|alt_synch_pipe_d9l:ws_dgrp                                                                                                                                                                                                                                                     ; alt_synch_pipe_d9l                       ; work         ;
;                      |dffpipe_uu8:dffpipe13|                                                                                            ; 8 (8)       ; 8 (8)                     ; 0 (0)         ; 0           ; 0    ; 0          ; 0            ; 0       ; 0         ; 0    ; 0            ; 0 (0)        ; 4 (4)             ; 4 (4)            ; 0          ; |DLX|scan_FSM:SCAN|UARTSampler:DA_SAMPLER|my_fifo:U2|dcfifo:dcfifo_component|dcfifo_14e1:auto_generated|alt_synch_pipe_d9l:ws_dgrp|dffpipe_uu8:dffpipe13                                                                                                                                                                                                                               ; dffpipe_uu8                              ; work         ;
;                   |altsyncram_2j31:fifo_ram|                                                                                            ; 0 (0)       ; 0 (0)                     ; 0 (0)         ; 8           ; 1    ; 0          ; 0            ; 0       ; 0         ; 0    ; 0            ; 0 (0)        ; 0 (0)             ; 0 (0)            ; 0          ; |DLX|scan_FSM:SCAN|UARTSampler:DA_SAMPLER|my_fifo:U2|dcfifo:dcfifo_component|dcfifo_14e1:auto_generated|altsyncram_2j31:fifo_ram                                                                                                                                                                                                                                                       ; altsyncram_2j31                          ; work         ;
;                   |cmpr_0h5:rdempty_eq_comp|                                                                                            ; 3 (3)       ; 0 (0)                     ; 0 (0)         ; 0           ; 0    ; 0          ; 0            ; 0       ; 0         ; 0    ; 0            ; 0 (0)        ; 0 (0)             ; 3 (3)            ; 0          ; |DLX|scan_FSM:SCAN|UARTSampler:DA_SAMPLER|my_fifo:U2|dcfifo:dcfifo_component|dcfifo_14e1:auto_generated|cmpr_0h5:rdempty_eq_comp                                                                                                                                                                                                                                                       ; cmpr_0h5                                 ; work         ;
;                   |cmpr_0h5:wrfull_eq_comp|                                                                                             ; 2 (2)       ; 0 (0)                     ; 0 (0)         ; 0           ; 0    ; 0          ; 0            ; 0       ; 0         ; 0    ; 0            ; 0 (0)        ; 0 (0)             ; 2 (2)            ; 0          ; |DLX|scan_FSM:SCAN|UARTSampler:DA_SAMPLER|my_fifo:U2|dcfifo:dcfifo_component|dcfifo_14e1:auto_generated|cmpr_0h5:wrfull_eq_comp                                                                                                                                                                                                                                                        ; cmpr_0h5                                 ; work         ;
;       |fifo_in_buf:IN_BUF|                                                                                                              ; 34 (0)      ; 26 (0)                    ; 0 (0)         ; 8192        ; 1    ; 0          ; 0            ; 0       ; 0         ; 0    ; 0            ; 8 (0)        ; 0 (0)             ; 26 (0)           ; 0          ; |DLX|scan_FSM:SCAN|fifo_in_buf:IN_BUF                                                                                                                                                                                                                                                                                                                                                  ; fifo_in_buf                              ; work         ;
;          |scfifo:scfifo_component|                                                                                                      ; 34 (0)      ; 26 (0)                    ; 0 (0)         ; 8192        ; 1    ; 0          ; 0            ; 0       ; 0         ; 0    ; 0            ; 8 (0)        ; 0 (0)             ; 26 (0)           ; 0          ; |DLX|scan_FSM:SCAN|fifo_in_buf:IN_BUF|scfifo:scfifo_component                                                                                                                                                                                                                                                                                                                          ; scfifo                                   ; work         ;
;             |scfifo_6d21:auto_generated|                                                                                                ; 34 (0)      ; 26 (0)                    ; 0 (0)         ; 8192        ; 1    ; 0          ; 0            ; 0       ; 0         ; 0    ; 0            ; 8 (0)        ; 0 (0)             ; 26 (0)           ; 0          ; |DLX|scan_FSM:SCAN|fifo_in_buf:IN_BUF|scfifo:scfifo_component|scfifo_6d21:auto_generated                                                                                                                                                                                                                                                                                               ; scfifo_6d21                              ; work         ;
;                |a_dpfifo_dj21:dpfifo|                                                                                                   ; 34 (0)      ; 26 (0)                    ; 0 (0)         ; 8192        ; 1    ; 0          ; 0            ; 0       ; 0         ; 0    ; 0            ; 8 (0)        ; 0 (0)             ; 26 (0)           ; 0          ; |DLX|scan_FSM:SCAN|fifo_in_buf:IN_BUF|scfifo:scfifo_component|scfifo_6d21:auto_generated|a_dpfifo_dj21:dpfifo                                                                                                                                                                                                                                                                          ; a_dpfifo_dj21                            ; work         ;
;                   |a_fefifo_08f:fifo_state|                                                                                             ; 18 (10)     ; 10 (2)                    ; 0 (0)         ; 0           ; 0    ; 0          ; 0            ; 0       ; 0         ; 0    ; 0            ; 8 (8)        ; 0 (0)             ; 10 (2)           ; 0          ; |DLX|scan_FSM:SCAN|fifo_in_buf:IN_BUF|scfifo:scfifo_component|scfifo_6d21:auto_generated|a_dpfifo_dj21:dpfifo|a_fefifo_08f:fifo_state                                                                                                                                                                                                                                                  ; a_fefifo_08f                             ; work         ;
;                      |cntr_537:count_usedw|                                                                                             ; 8 (8)       ; 8 (8)                     ; 0 (0)         ; 0           ; 0    ; 0          ; 0            ; 0       ; 0         ; 0    ; 0            ; 0 (0)        ; 0 (0)             ; 8 (8)            ; 0          ; |DLX|scan_FSM:SCAN|fifo_in_buf:IN_BUF|scfifo:scfifo_component|scfifo_6d21:auto_generated|a_dpfifo_dj21:dpfifo|a_fefifo_08f:fifo_state|cntr_537:count_usedw                                                                                                                                                                                                                             ; cntr_537                                 ; work         ;
;                   |altsyncram_c2m1:FIFOram|                                                                                             ; 0 (0)       ; 0 (0)                     ; 0 (0)         ; 8192        ; 1    ; 0          ; 0            ; 0       ; 0         ; 0    ; 0            ; 0 (0)        ; 0 (0)             ; 0 (0)            ; 0          ; |DLX|scan_FSM:SCAN|fifo_in_buf:IN_BUF|scfifo:scfifo_component|scfifo_6d21:auto_generated|a_dpfifo_dj21:dpfifo|altsyncram_c2m1:FIFOram                                                                                                                                                                                                                                                  ; altsyncram_c2m1                          ; work         ;
;                   |cntr_p2b:rd_ptr_count|                                                                                               ; 8 (8)       ; 8 (8)                     ; 0 (0)         ; 0           ; 0    ; 0          ; 0            ; 0       ; 0         ; 0    ; 0            ; 0 (0)        ; 0 (0)             ; 8 (8)            ; 0          ; |DLX|scan_FSM:SCAN|fifo_in_buf:IN_BUF|scfifo:scfifo_component|scfifo_6d21:auto_generated|a_dpfifo_dj21:dpfifo|cntr_p2b:rd_ptr_count                                                                                                                                                                                                                                                    ; cntr_p2b                                 ; work         ;
;                   |cntr_p2b:wr_ptr|                                                                                                     ; 8 (8)       ; 8 (8)                     ; 0 (0)         ; 0           ; 0    ; 0          ; 0            ; 0       ; 0         ; 0    ; 0            ; 0 (0)        ; 0 (0)             ; 8 (8)            ; 0          ; |DLX|scan_FSM:SCAN|fifo_in_buf:IN_BUF|scfifo:scfifo_component|scfifo_6d21:auto_generated|a_dpfifo_dj21:dpfifo|cntr_p2b:wr_ptr                                                                                                                                                                                                                                                          ; cntr_p2b                                 ; work         ;
;       |uart_recv:UART_RX|                                                                                                               ; 62 (62)     ; 42 (42)                   ; 0 (0)         ; 0           ; 0    ; 0          ; 0            ; 0       ; 0         ; 0    ; 0            ; 20 (20)      ; 1 (1)             ; 41 (41)          ; 0          ; |DLX|scan_FSM:SCAN|uart_recv:UART_RX                                                                                                                                                                                                                                                                                                                                                   ; uart_recv                                ; work         ;
;    |sld_hub:auto_hub|                                                                                                                   ; 151 (1)     ; 90 (0)                    ; 0 (0)         ; 0           ; 0    ; 0          ; 0            ; 0       ; 0         ; 0    ; 0            ; 61 (1)       ; 25 (0)            ; 65 (0)           ; 0          ; |DLX|sld_hub:auto_hub                                                                                                                                                                                                                                                                                                                                                                  ; sld_hub                                  ; altera_sld   ;
;       |alt_sld_fab_with_jtag_input:\instrumentation_fabric_with_node_gen:fabric_gen_new_way:with_jtag_input_gen:instrumentation_fabric| ; 150 (0)     ; 90 (0)                    ; 0 (0)         ; 0           ; 0    ; 0          ; 0            ; 0       ; 0         ; 0    ; 0            ; 60 (0)       ; 25 (0)            ; 65 (0)           ; 0          ; |DLX|sld_hub:auto_hub|alt_sld_fab_with_jtag_input:\instrumentation_fabric_with_node_gen:fabric_gen_new_way:with_jtag_input_gen:instrumentation_fabric                                                                                                                                                                                                                                  ; alt_sld_fab_with_jtag_input              ; altera_sld   ;
;          |alt_sld_fab:instrumentation_fabric|                                                                                           ; 150 (0)     ; 90 (0)                    ; 0 (0)         ; 0           ; 0    ; 0          ; 0            ; 0       ; 0         ; 0    ; 0            ; 60 (0)       ; 25 (0)            ; 65 (0)           ; 0          ; |DLX|sld_hub:auto_hub|alt_sld_fab_with_jtag_input:\instrumentation_fabric_with_node_gen:fabric_gen_new_way:with_jtag_input_gen:instrumentation_fabric|alt_sld_fab:instrumentation_fabric                                                                                                                                                                                               ; alt_sld_fab                              ; alt_sld_fab  ;
;             |alt_sld_fab_alt_sld_fab:alt_sld_fab|                                                                                       ; 150 (6)     ; 90 (5)                    ; 0 (0)         ; 0           ; 0    ; 0          ; 0            ; 0       ; 0         ; 0    ; 0            ; 60 (1)       ; 25 (4)            ; 65 (0)           ; 0          ; |DLX|sld_hub:auto_hub|alt_sld_fab_with_jtag_input:\instrumentation_fabric_with_node_gen:fabric_gen_new_way:with_jtag_input_gen:instrumentation_fabric|alt_sld_fab:instrumentation_fabric|alt_sld_fab_alt_sld_fab:alt_sld_fab                                                                                                                                                           ; alt_sld_fab_alt_sld_fab                  ; alt_sld_fab  ;
;                |alt_sld_fab_alt_sld_fab_sldfabric:sldfabric|                                                                            ; 145 (0)     ; 85 (0)                    ; 0 (0)         ; 0           ; 0    ; 0          ; 0            ; 0       ; 0         ; 0    ; 0            ; 59 (0)       ; 21 (0)            ; 65 (0)           ; 0          ; |DLX|sld_hub:auto_hub|alt_sld_fab_with_jtag_input:\instrumentation_fabric_with_node_gen:fabric_gen_new_way:with_jtag_input_gen:instrumentation_fabric|alt_sld_fab:instrumentation_fabric|alt_sld_fab_alt_sld_fab:alt_sld_fab|alt_sld_fab_alt_sld_fab_sldfabric:sldfabric                                                                                                               ; alt_sld_fab_alt_sld_fab_sldfabric        ; alt_sld_fab  ;
;                   |sld_jtag_hub:\jtag_hub_gen:real_sld_jtag_hub|                                                                        ; 145 (104)   ; 85 (57)                   ; 0 (0)         ; 0           ; 0    ; 0          ; 0            ; 0       ; 0         ; 0    ; 0            ; 59 (46)      ; 21 (20)           ; 65 (39)          ; 0          ; |DLX|sld_hub:auto_hub|alt_sld_fab_with_jtag_input:\instrumentation_fabric_with_node_gen:fabric_gen_new_way:with_jtag_input_gen:instrumentation_fabric|alt_sld_fab:instrumentation_fabric|alt_sld_fab_alt_sld_fab:alt_sld_fab|alt_sld_fab_alt_sld_fab_sldfabric:sldfabric|sld_jtag_hub:\jtag_hub_gen:real_sld_jtag_hub                                                                  ; sld_jtag_hub                             ; work         ;
;                      |sld_rom_sr:hub_info_reg|                                                                                          ; 21 (21)     ; 9 (9)                     ; 0 (0)         ; 0           ; 0    ; 0          ; 0            ; 0       ; 0         ; 0    ; 0            ; 12 (12)      ; 0 (0)             ; 9 (9)            ; 0          ; |DLX|sld_hub:auto_hub|alt_sld_fab_with_jtag_input:\instrumentation_fabric_with_node_gen:fabric_gen_new_way:with_jtag_input_gen:instrumentation_fabric|alt_sld_fab:instrumentation_fabric|alt_sld_fab_alt_sld_fab:alt_sld_fab|alt_sld_fab_alt_sld_fab_sldfabric:sldfabric|sld_jtag_hub:\jtag_hub_gen:real_sld_jtag_hub|sld_rom_sr:hub_info_reg                                          ; sld_rom_sr                               ; work         ;
;                      |sld_shadow_jsm:shadow_jsm|                                                                                        ; 20 (20)     ; 19 (19)                   ; 0 (0)         ; 0           ; 0    ; 0          ; 0            ; 0       ; 0         ; 0    ; 0            ; 1 (1)        ; 1 (1)             ; 18 (18)          ; 0          ; |DLX|sld_hub:auto_hub|alt_sld_fab_with_jtag_input:\instrumentation_fabric_with_node_gen:fabric_gen_new_way:with_jtag_input_gen:instrumentation_fabric|alt_sld_fab:instrumentation_fabric|alt_sld_fab_alt_sld_fab:alt_sld_fab|alt_sld_fab_alt_sld_fab_sldfabric:sldfabric|sld_jtag_hub:\jtag_hub_gen:real_sld_jtag_hub|sld_shadow_jsm:shadow_jsm                                        ; sld_shadow_jsm                           ; altera_sld   ;
;    |sld_signaltap:auto_signaltap_0|                                                                                                     ; 1255 (111)  ; 1081 (110)                ; 0 (0)         ; 901120      ; 110  ; 0          ; 0            ; 0       ; 0         ; 0    ; 0            ; 174 (1)      ; 576 (110)         ; 505 (1)          ; 0          ; |DLX|sld_signaltap:auto_signaltap_0                                                                                                                                                                                                                                                                                                                                                    ; sld_signaltap                            ; work         ;
;       |sld_signaltap_impl:sld_signaltap_body|                                                                                           ; 1144 (0)    ; 971 (0)                   ; 0 (0)         ; 901120      ; 110  ; 0          ; 0            ; 0       ; 0         ; 0    ; 0            ; 173 (0)      ; 466 (0)           ; 505 (0)          ; 0          ; |DLX|sld_signaltap:auto_signaltap_0|sld_signaltap_impl:sld_signaltap_body                                                                                                                                                                                                                                                                                                              ; sld_signaltap_impl                       ; work         ;
;          |sld_signaltap_implb:sld_signaltap_body|                                                                                       ; 1144 (338)  ; 971 (308)                 ; 0 (0)         ; 901120      ; 110  ; 0          ; 0            ; 0       ; 0         ; 0    ; 0            ; 173 (32)     ; 466 (248)         ; 505 (55)         ; 0          ; |DLX|sld_signaltap:auto_signaltap_0|sld_signaltap_impl:sld_signaltap_body|sld_signaltap_implb:sld_signaltap_body                                                                                                                                                                                                                                                                       ; sld_signaltap_implb                      ; work         ;
;             |altdpram:\stp_non_zero_ram_gen:attribute_mem_gen:attribute_mem|                                                            ; 90 (88)     ; 88 (88)                   ; 0 (0)         ; 0           ; 0    ; 0          ; 0            ; 0       ; 0         ; 0    ; 0            ; 0 (0)        ; 58 (58)           ; 32 (1)           ; 0          ; |DLX|sld_signaltap:auto_signaltap_0|sld_signaltap_impl:sld_signaltap_body|sld_signaltap_implb:sld_signaltap_body|altdpram:\stp_non_zero_ram_gen:attribute_mem_gen:attribute_mem                                                                                                                                                                                                        ; altdpram                                 ; work         ;
;                |lpm_decode:wdecoder|                                                                                                    ; 2 (0)       ; 0 (0)                     ; 0 (0)         ; 0           ; 0    ; 0          ; 0            ; 0       ; 0         ; 0    ; 0            ; 0 (0)        ; 0 (0)             ; 2 (0)            ; 0          ; |DLX|sld_signaltap:auto_signaltap_0|sld_signaltap_impl:sld_signaltap_body|sld_signaltap_implb:sld_signaltap_body|altdpram:\stp_non_zero_ram_gen:attribute_mem_gen:attribute_mem|lpm_decode:wdecoder                                                                                                                                                                                    ; lpm_decode                               ; work         ;
;                   |decode_3af:auto_generated|                                                                                           ; 2 (2)       ; 0 (0)                     ; 0 (0)         ; 0           ; 0    ; 0          ; 0            ; 0       ; 0         ; 0    ; 0            ; 0 (0)        ; 0 (0)             ; 2 (2)            ; 0          ; |DLX|sld_signaltap:auto_signaltap_0|sld_signaltap_impl:sld_signaltap_body|sld_signaltap_implb:sld_signaltap_body|altdpram:\stp_non_zero_ram_gen:attribute_mem_gen:attribute_mem|lpm_decode:wdecoder|decode_3af:auto_generated                                                                                                                                                          ; decode_3af                               ; work         ;
;                |lpm_mux:mux|                                                                                                            ; 29 (0)      ; 0 (0)                     ; 0 (0)         ; 0           ; 0    ; 0          ; 0            ; 0       ; 0         ; 0    ; 0            ; 0 (0)        ; 0 (0)             ; 29 (0)           ; 0          ; |DLX|sld_signaltap:auto_signaltap_0|sld_signaltap_impl:sld_signaltap_body|sld_signaltap_implb:sld_signaltap_body|altdpram:\stp_non_zero_ram_gen:attribute_mem_gen:attribute_mem|lpm_mux:mux                                                                                                                                                                                            ; lpm_mux                                  ; work         ;
;                   |mux_n7c:auto_generated|                                                                                              ; 29 (29)     ; 0 (0)                     ; 0 (0)         ; 0           ; 0    ; 0          ; 0            ; 0       ; 0         ; 0    ; 0            ; 0 (0)        ; 0 (0)             ; 29 (29)          ; 0          ; |DLX|sld_signaltap:auto_signaltap_0|sld_signaltap_impl:sld_signaltap_body|sld_signaltap_implb:sld_signaltap_body|altdpram:\stp_non_zero_ram_gen:attribute_mem_gen:attribute_mem|lpm_mux:mux|mux_n7c:auto_generated                                                                                                                                                                     ; mux_n7c                                  ; work         ;
;             |altsyncram:\stp_non_zero_ram_gen:stp_buffer_ram|                                                                           ; 3 (0)       ; 1 (0)                     ; 0 (0)         ; 901120      ; 110  ; 0          ; 0            ; 0       ; 0         ; 0    ; 0            ; 1 (0)        ; 1 (0)             ; 1 (0)            ; 0          ; |DLX|sld_signaltap:auto_signaltap_0|sld_signaltap_impl:sld_signaltap_body|sld_signaltap_implb:sld_signaltap_body|altsyncram:\stp_non_zero_ram_gen:stp_buffer_ram                                                                                                                                                                                                                       ; altsyncram                               ; work         ;
;                |altsyncram_jp14:auto_generated|                                                                                         ; 3 (1)       ; 1 (1)                     ; 0 (0)         ; 901120      ; 110  ; 0          ; 0            ; 0       ; 0         ; 0    ; 0            ; 1 (0)        ; 1 (1)             ; 1 (0)            ; 0          ; |DLX|sld_signaltap:auto_signaltap_0|sld_signaltap_impl:sld_signaltap_body|sld_signaltap_implb:sld_signaltap_body|altsyncram:\stp_non_zero_ram_gen:stp_buffer_ram|altsyncram_jp14:auto_generated                                                                                                                                                                                        ; altsyncram_jp14                          ; work         ;
;                   |decode_97a:decode2|                                                                                                  ; 2 (2)       ; 0 (0)                     ; 0 (0)         ; 0           ; 0    ; 0          ; 0            ; 0       ; 0         ; 0    ; 0            ; 1 (1)        ; 0 (0)             ; 1 (1)            ; 0          ; |DLX|sld_signaltap:auto_signaltap_0|sld_signaltap_impl:sld_signaltap_body|sld_signaltap_implb:sld_signaltap_body|altsyncram:\stp_non_zero_ram_gen:stp_buffer_ram|altsyncram_jp14:auto_generated|decode_97a:decode2                                                                                                                                                                     ; decode_97a                               ; work         ;
;             |lpm_shiftreg:segment_offset_config_deserialize|                                                                            ; 14 (14)     ; 14 (14)                   ; 0 (0)         ; 0           ; 0    ; 0          ; 0            ; 0       ; 0         ; 0    ; 0            ; 0 (0)        ; 13 (13)           ; 1 (1)            ; 0          ; |DLX|sld_signaltap:auto_signaltap_0|sld_signaltap_impl:sld_signaltap_body|sld_signaltap_implb:sld_signaltap_body|lpm_shiftreg:segment_offset_config_deserialize                                                                                                                                                                                                                        ; lpm_shiftreg                             ; work         ;
;             |lpm_shiftreg:status_register|                                                                                              ; 17 (17)     ; 17 (17)                   ; 0 (0)         ; 0           ; 0    ; 0          ; 0            ; 0       ; 0         ; 0    ; 0            ; 0 (0)        ; 0 (0)             ; 17 (17)          ; 0          ; |DLX|sld_signaltap:auto_signaltap_0|sld_signaltap_impl:sld_signaltap_body|sld_signaltap_implb:sld_signaltap_body|lpm_shiftreg:status_register                                                                                                                                                                                                                                          ; lpm_shiftreg                             ; work         ;
;             |serial_crc_16:\tdo_crc_gen:tdo_crc_calc|                                                                                   ; 14 (14)     ; 13 (13)                   ; 0 (0)         ; 0           ; 0    ; 0          ; 0            ; 0       ; 0         ; 0    ; 0            ; 1 (1)        ; 0 (0)             ; 13 (13)          ; 0          ; |DLX|sld_signaltap:auto_signaltap_0|sld_signaltap_impl:sld_signaltap_body|sld_signaltap_implb:sld_signaltap_body|serial_crc_16:\tdo_crc_gen:tdo_crc_calc                                                                                                                                                                                                                               ; serial_crc_16                            ; work         ;
;             |sld_buffer_manager:sld_buffer_manager_inst|                                                                                ; 121 (121)   ; 79 (79)                   ; 0 (0)         ; 0           ; 0    ; 0          ; 0            ; 0       ; 0         ; 0    ; 0            ; 37 (37)      ; 16 (16)           ; 68 (68)          ; 0          ; |DLX|sld_signaltap:auto_signaltap_0|sld_signaltap_impl:sld_signaltap_body|sld_signaltap_implb:sld_signaltap_body|sld_buffer_manager:sld_buffer_manager_inst                                                                                                                                                                                                                            ; sld_buffer_manager                       ; work         ;
;             |sld_ela_control:ela_control|                                                                                               ; 368 (1)     ; 304 (1)                   ; 0 (0)         ; 0           ; 0    ; 0          ; 0            ; 0       ; 0         ; 0    ; 0            ; 64 (0)       ; 130 (0)           ; 174 (1)          ; 0          ; |DLX|sld_signaltap:auto_signaltap_0|sld_signaltap_impl:sld_signaltap_body|sld_signaltap_implb:sld_signaltap_body|sld_ela_control:ela_control                                                                                                                                                                                                                                           ; sld_ela_control                          ; work         ;
;                |lpm_shiftreg:trigger_config_deserialize|                                                                                ; 4 (4)       ; 4 (4)                     ; 0 (0)         ; 0           ; 0    ; 0          ; 0            ; 0       ; 0         ; 0    ; 0            ; 0 (0)        ; 3 (3)             ; 1 (1)            ; 0          ; |DLX|sld_signaltap:auto_signaltap_0|sld_signaltap_impl:sld_signaltap_body|sld_signaltap_implb:sld_signaltap_body|sld_ela_control:ela_control|lpm_shiftreg:trigger_config_deserialize                                                                                                                                                                                                   ; lpm_shiftreg                             ; work         ;
;                |sld_ela_trigger:\multi_level_advanced_trigger_gen:advanced_trigger_wrapper|                                             ; 352 (0)     ; 288 (0)                   ; 0 (0)         ; 0           ; 0    ; 0          ; 0            ; 0       ; 0         ; 0    ; 0            ; 64 (0)       ; 117 (0)           ; 171 (0)          ; 0          ; |DLX|sld_signaltap:auto_signaltap_0|sld_signaltap_impl:sld_signaltap_body|sld_signaltap_implb:sld_signaltap_body|sld_ela_control:ela_control|sld_ela_trigger:\multi_level_advanced_trigger_gen:advanced_trigger_wrapper                                                                                                                                                                ; sld_ela_trigger                          ; work         ;
;                   |sld_ela_trigger_b9o:auto_generated|                                                                                  ; 352 (0)     ; 288 (0)                   ; 0 (0)         ; 0           ; 0    ; 0          ; 0            ; 0       ; 0         ; 0    ; 0            ; 64 (0)       ; 117 (0)           ; 171 (0)          ; 0          ; |DLX|sld_signaltap:auto_signaltap_0|sld_signaltap_impl:sld_signaltap_body|sld_signaltap_implb:sld_signaltap_body|sld_ela_control:ela_control|sld_ela_trigger:\multi_level_advanced_trigger_gen:advanced_trigger_wrapper|sld_ela_trigger_b9o:auto_generated                                                                                                                             ; sld_ela_trigger_b9o                      ; work         ;
;                      |sld_reserved_DLX_auto_signaltap_0_1_1d51:mgl_prim1|                                                               ; 352 (1)     ; 288 (1)                   ; 0 (0)         ; 0           ; 0    ; 0          ; 0            ; 0       ; 0         ; 0    ; 0            ; 64 (0)       ; 117 (0)           ; 171 (165)        ; 0          ; |DLX|sld_signaltap:auto_signaltap_0|sld_signaltap_impl:sld_signaltap_body|sld_signaltap_implb:sld_signaltap_body|sld_ela_control:ela_control|sld_ela_trigger:\multi_level_advanced_trigger_gen:advanced_trigger_wrapper|sld_ela_trigger_b9o:auto_generated|sld_reserved_DLX_auto_signaltap_0_1_1d51:mgl_prim1                                                                          ; sld_reserved_DLX_auto_signaltap_0_1_1d51 ; work         ;
;                         |lpm_shiftreg:config_shiftreg_100|                                                                              ; 1 (1)       ; 1 (1)                     ; 0 (0)         ; 0           ; 0    ; 0          ; 0            ; 0       ; 0         ; 0    ; 0            ; 0 (0)        ; 0 (0)             ; 1 (1)            ; 0          ; |DLX|sld_signaltap:auto_signaltap_0|sld_signaltap_impl:sld_signaltap_body|sld_signaltap_implb:sld_signaltap_body|sld_ela_control:ela_control|sld_ela_trigger:\multi_level_advanced_trigger_gen:advanced_trigger_wrapper|sld_ela_trigger_b9o:auto_generated|sld_reserved_DLX_auto_signaltap_0_1_1d51:mgl_prim1|lpm_shiftreg:config_shiftreg_100                                         ; lpm_shiftreg                             ; work         ;
;                         |lpm_shiftreg:config_shiftreg_102|                                                                              ; 3 (3)       ; 3 (3)                     ; 0 (0)         ; 0           ; 0    ; 0          ; 0            ; 0       ; 0         ; 0    ; 0            ; 0 (0)        ; 2 (2)             ; 1 (1)            ; 0          ; |DLX|sld_signaltap:auto_signaltap_0|sld_signaltap_impl:sld_signaltap_body|sld_signaltap_implb:sld_signaltap_body|sld_ela_control:ela_control|sld_ela_trigger:\multi_level_advanced_trigger_gen:advanced_trigger_wrapper|sld_ela_trigger_b9o:auto_generated|sld_reserved_DLX_auto_signaltap_0_1_1d51:mgl_prim1|lpm_shiftreg:config_shiftreg_102                                         ; lpm_shiftreg                             ; work         ;
;                         |lpm_shiftreg:config_shiftreg_103|                                                                              ; 1 (1)       ; 1 (1)                     ; 0 (0)         ; 0           ; 0    ; 0          ; 0            ; 0       ; 0         ; 0    ; 0            ; 0 (0)        ; 0 (0)             ; 1 (1)            ; 0          ; |DLX|sld_signaltap:auto_signaltap_0|sld_signaltap_impl:sld_signaltap_body|sld_signaltap_implb:sld_signaltap_body|sld_ela_control:ela_control|sld_ela_trigger:\multi_level_advanced_trigger_gen:advanced_trigger_wrapper|sld_ela_trigger_b9o:auto_generated|sld_reserved_DLX_auto_signaltap_0_1_1d51:mgl_prim1|lpm_shiftreg:config_shiftreg_103                                         ; lpm_shiftreg                             ; work         ;
;                         |lpm_shiftreg:config_shiftreg_105|                                                                              ; 3 (3)       ; 3 (3)                     ; 0 (0)         ; 0           ; 0    ; 0          ; 0            ; 0       ; 0         ; 0    ; 0            ; 0 (0)        ; 2 (2)             ; 1 (1)            ; 0          ; |DLX|sld_signaltap:auto_signaltap_0|sld_signaltap_impl:sld_signaltap_body|sld_signaltap_implb:sld_signaltap_body|sld_ela_control:ela_control|sld_ela_trigger:\multi_level_advanced_trigger_gen:advanced_trigger_wrapper|sld_ela_trigger_b9o:auto_generated|sld_reserved_DLX_auto_signaltap_0_1_1d51:mgl_prim1|lpm_shiftreg:config_shiftreg_105                                         ; lpm_shiftreg                             ; work         ;
;                         |lpm_shiftreg:config_shiftreg_106|                                                                              ; 1 (1)       ; 1 (1)                     ; 0 (0)         ; 0           ; 0    ; 0          ; 0            ; 0       ; 0         ; 0    ; 0            ; 0 (0)        ; 0 (0)             ; 1 (1)            ; 0          ; |DLX|sld_signaltap:auto_signaltap_0|sld_signaltap_impl:sld_signaltap_body|sld_signaltap_implb:sld_signaltap_body|sld_ela_control:ela_control|sld_ela_trigger:\multi_level_advanced_trigger_gen:advanced_trigger_wrapper|sld_ela_trigger_b9o:auto_generated|sld_reserved_DLX_auto_signaltap_0_1_1d51:mgl_prim1|lpm_shiftreg:config_shiftreg_106                                         ; lpm_shiftreg                             ; work         ;
;                         |lpm_shiftreg:config_shiftreg_108|                                                                              ; 3 (3)       ; 3 (3)                     ; 0 (0)         ; 0           ; 0    ; 0          ; 0            ; 0       ; 0         ; 0    ; 0            ; 0 (0)        ; 2 (2)             ; 1 (1)            ; 0          ; |DLX|sld_signaltap:auto_signaltap_0|sld_signaltap_impl:sld_signaltap_body|sld_signaltap_implb:sld_signaltap_body|sld_ela_control:ela_control|sld_ela_trigger:\multi_level_advanced_trigger_gen:advanced_trigger_wrapper|sld_ela_trigger_b9o:auto_generated|sld_reserved_DLX_auto_signaltap_0_1_1d51:mgl_prim1|lpm_shiftreg:config_shiftreg_108                                         ; lpm_shiftreg                             ; work         ;
;                         |lpm_shiftreg:config_shiftreg_109|                                                                              ; 1 (1)       ; 1 (1)                     ; 0 (0)         ; 0           ; 0    ; 0          ; 0            ; 0       ; 0         ; 0    ; 0            ; 0 (0)        ; 0 (0)             ; 1 (1)            ; 0          ; |DLX|sld_signaltap:auto_signaltap_0|sld_signaltap_impl:sld_signaltap_body|sld_signaltap_implb:sld_signaltap_body|sld_ela_control:ela_control|sld_ela_trigger:\multi_level_advanced_trigger_gen:advanced_trigger_wrapper|sld_ela_trigger_b9o:auto_generated|sld_reserved_DLX_auto_signaltap_0_1_1d51:mgl_prim1|lpm_shiftreg:config_shiftreg_109                                         ; lpm_shiftreg                             ; work         ;
;                         |lpm_shiftreg:config_shiftreg_10|                                                                               ; 3 (3)       ; 3 (3)                     ; 0 (0)         ; 0           ; 0    ; 0          ; 0            ; 0       ; 0         ; 0    ; 0            ; 0 (0)        ; 2 (2)             ; 1 (1)            ; 0          ; |DLX|sld_signaltap:auto_signaltap_0|sld_signaltap_impl:sld_signaltap_body|sld_signaltap_implb:sld_signaltap_body|sld_ela_control:ela_control|sld_ela_trigger:\multi_level_advanced_trigger_gen:advanced_trigger_wrapper|sld_ela_trigger_b9o:auto_generated|sld_reserved_DLX_auto_signaltap_0_1_1d51:mgl_prim1|lpm_shiftreg:config_shiftreg_10                                          ; lpm_shiftreg                             ; work         ;
;                         |lpm_shiftreg:config_shiftreg_111|                                                                              ; 3 (3)       ; 3 (3)                     ; 0 (0)         ; 0           ; 0    ; 0          ; 0            ; 0       ; 0         ; 0    ; 0            ; 0 (0)        ; 2 (2)             ; 1 (1)            ; 0          ; |DLX|sld_signaltap:auto_signaltap_0|sld_signaltap_impl:sld_signaltap_body|sld_signaltap_implb:sld_signaltap_body|sld_ela_control:ela_control|sld_ela_trigger:\multi_level_advanced_trigger_gen:advanced_trigger_wrapper|sld_ela_trigger_b9o:auto_generated|sld_reserved_DLX_auto_signaltap_0_1_1d51:mgl_prim1|lpm_shiftreg:config_shiftreg_111                                         ; lpm_shiftreg                             ; work         ;
;                         |lpm_shiftreg:config_shiftreg_112|                                                                              ; 1 (1)       ; 1 (1)                     ; 0 (0)         ; 0           ; 0    ; 0          ; 0            ; 0       ; 0         ; 0    ; 0            ; 0 (0)        ; 0 (0)             ; 1 (1)            ; 0          ; |DLX|sld_signaltap:auto_signaltap_0|sld_signaltap_impl:sld_signaltap_body|sld_signaltap_implb:sld_signaltap_body|sld_ela_control:ela_control|sld_ela_trigger:\multi_level_advanced_trigger_gen:advanced_trigger_wrapper|sld_ela_trigger_b9o:auto_generated|sld_reserved_DLX_auto_signaltap_0_1_1d51:mgl_prim1|lpm_shiftreg:config_shiftreg_112                                         ; lpm_shiftreg                             ; work         ;
;                         |lpm_shiftreg:config_shiftreg_114|                                                                              ; 3 (3)       ; 3 (3)                     ; 0 (0)         ; 0           ; 0    ; 0          ; 0            ; 0       ; 0         ; 0    ; 0            ; 0 (0)        ; 2 (2)             ; 1 (1)            ; 0          ; |DLX|sld_signaltap:auto_signaltap_0|sld_signaltap_impl:sld_signaltap_body|sld_signaltap_implb:sld_signaltap_body|sld_ela_control:ela_control|sld_ela_trigger:\multi_level_advanced_trigger_gen:advanced_trigger_wrapper|sld_ela_trigger_b9o:auto_generated|sld_reserved_DLX_auto_signaltap_0_1_1d51:mgl_prim1|lpm_shiftreg:config_shiftreg_114                                         ; lpm_shiftreg                             ; work         ;
;                         |lpm_shiftreg:config_shiftreg_115|                                                                              ; 1 (1)       ; 1 (1)                     ; 0 (0)         ; 0           ; 0    ; 0          ; 0            ; 0       ; 0         ; 0    ; 0            ; 0 (0)        ; 0 (0)             ; 1 (1)            ; 0          ; |DLX|sld_signaltap:auto_signaltap_0|sld_signaltap_impl:sld_signaltap_body|sld_signaltap_implb:sld_signaltap_body|sld_ela_control:ela_control|sld_ela_trigger:\multi_level_advanced_trigger_gen:advanced_trigger_wrapper|sld_ela_trigger_b9o:auto_generated|sld_reserved_DLX_auto_signaltap_0_1_1d51:mgl_prim1|lpm_shiftreg:config_shiftreg_115                                         ; lpm_shiftreg                             ; work         ;
;                         |lpm_shiftreg:config_shiftreg_117|                                                                              ; 3 (3)       ; 3 (3)                     ; 0 (0)         ; 0           ; 0    ; 0          ; 0            ; 0       ; 0         ; 0    ; 0            ; 0 (0)        ; 2 (2)             ; 1 (1)            ; 0          ; |DLX|sld_signaltap:auto_signaltap_0|sld_signaltap_impl:sld_signaltap_body|sld_signaltap_implb:sld_signaltap_body|sld_ela_control:ela_control|sld_ela_trigger:\multi_level_advanced_trigger_gen:advanced_trigger_wrapper|sld_ela_trigger_b9o:auto_generated|sld_reserved_DLX_auto_signaltap_0_1_1d51:mgl_prim1|lpm_shiftreg:config_shiftreg_117                                         ; lpm_shiftreg                             ; work         ;
;                         |lpm_shiftreg:config_shiftreg_118|                                                                              ; 1 (1)       ; 1 (1)                     ; 0 (0)         ; 0           ; 0    ; 0          ; 0            ; 0       ; 0         ; 0    ; 0            ; 0 (0)        ; 0 (0)             ; 1 (1)            ; 0          ; |DLX|sld_signaltap:auto_signaltap_0|sld_signaltap_impl:sld_signaltap_body|sld_signaltap_implb:sld_signaltap_body|sld_ela_control:ela_control|sld_ela_trigger:\multi_level_advanced_trigger_gen:advanced_trigger_wrapper|sld_ela_trigger_b9o:auto_generated|sld_reserved_DLX_auto_signaltap_0_1_1d51:mgl_prim1|lpm_shiftreg:config_shiftreg_118                                         ; lpm_shiftreg                             ; work         ;
;                         |lpm_shiftreg:config_shiftreg_11|                                                                               ; 1 (1)       ; 1 (1)                     ; 0 (0)         ; 0           ; 0    ; 0          ; 0            ; 0       ; 0         ; 0    ; 0            ; 0 (0)        ; 0 (0)             ; 1 (1)            ; 0          ; |DLX|sld_signaltap:auto_signaltap_0|sld_signaltap_impl:sld_signaltap_body|sld_signaltap_implb:sld_signaltap_body|sld_ela_control:ela_control|sld_ela_trigger:\multi_level_advanced_trigger_gen:advanced_trigger_wrapper|sld_ela_trigger_b9o:auto_generated|sld_reserved_DLX_auto_signaltap_0_1_1d51:mgl_prim1|lpm_shiftreg:config_shiftreg_11                                          ; lpm_shiftreg                             ; work         ;
;                         |lpm_shiftreg:config_shiftreg_120|                                                                              ; 3 (3)       ; 3 (3)                     ; 0 (0)         ; 0           ; 0    ; 0          ; 0            ; 0       ; 0         ; 0    ; 0            ; 0 (0)        ; 2 (2)             ; 1 (1)            ; 0          ; |DLX|sld_signaltap:auto_signaltap_0|sld_signaltap_impl:sld_signaltap_body|sld_signaltap_implb:sld_signaltap_body|sld_ela_control:ela_control|sld_ela_trigger:\multi_level_advanced_trigger_gen:advanced_trigger_wrapper|sld_ela_trigger_b9o:auto_generated|sld_reserved_DLX_auto_signaltap_0_1_1d51:mgl_prim1|lpm_shiftreg:config_shiftreg_120                                         ; lpm_shiftreg                             ; work         ;
;                         |lpm_shiftreg:config_shiftreg_121|                                                                              ; 1 (1)       ; 1 (1)                     ; 0 (0)         ; 0           ; 0    ; 0          ; 0            ; 0       ; 0         ; 0    ; 0            ; 0 (0)        ; 0 (0)             ; 1 (1)            ; 0          ; |DLX|sld_signaltap:auto_signaltap_0|sld_signaltap_impl:sld_signaltap_body|sld_signaltap_implb:sld_signaltap_body|sld_ela_control:ela_control|sld_ela_trigger:\multi_level_advanced_trigger_gen:advanced_trigger_wrapper|sld_ela_trigger_b9o:auto_generated|sld_reserved_DLX_auto_signaltap_0_1_1d51:mgl_prim1|lpm_shiftreg:config_shiftreg_121                                         ; lpm_shiftreg                             ; work         ;
;                         |lpm_shiftreg:config_shiftreg_123|                                                                              ; 3 (3)       ; 3 (3)                     ; 0 (0)         ; 0           ; 0    ; 0          ; 0            ; 0       ; 0         ; 0    ; 0            ; 0 (0)        ; 1 (1)             ; 2 (2)            ; 0          ; |DLX|sld_signaltap:auto_signaltap_0|sld_signaltap_impl:sld_signaltap_body|sld_signaltap_implb:sld_signaltap_body|sld_ela_control:ela_control|sld_ela_trigger:\multi_level_advanced_trigger_gen:advanced_trigger_wrapper|sld_ela_trigger_b9o:auto_generated|sld_reserved_DLX_auto_signaltap_0_1_1d51:mgl_prim1|lpm_shiftreg:config_shiftreg_123                                         ; lpm_shiftreg                             ; work         ;
;                         |lpm_shiftreg:config_shiftreg_124|                                                                              ; 1 (1)       ; 1 (1)                     ; 0 (0)         ; 0           ; 0    ; 0          ; 0            ; 0       ; 0         ; 0    ; 0            ; 0 (0)        ; 0 (0)             ; 1 (1)            ; 0          ; |DLX|sld_signaltap:auto_signaltap_0|sld_signaltap_impl:sld_signaltap_body|sld_signaltap_implb:sld_signaltap_body|sld_ela_control:ela_control|sld_ela_trigger:\multi_level_advanced_trigger_gen:advanced_trigger_wrapper|sld_ela_trigger_b9o:auto_generated|sld_reserved_DLX_auto_signaltap_0_1_1d51:mgl_prim1|lpm_shiftreg:config_shiftreg_124                                         ; lpm_shiftreg                             ; work         ;
;                         |lpm_shiftreg:config_shiftreg_125|                                                                              ; 3 (3)       ; 3 (3)                     ; 0 (0)         ; 0           ; 0    ; 0          ; 0            ; 0       ; 0         ; 0    ; 0            ; 0 (0)        ; 0 (0)             ; 3 (3)            ; 0          ; |DLX|sld_signaltap:auto_signaltap_0|sld_signaltap_impl:sld_signaltap_body|sld_signaltap_implb:sld_signaltap_body|sld_ela_control:ela_control|sld_ela_trigger:\multi_level_advanced_trigger_gen:advanced_trigger_wrapper|sld_ela_trigger_b9o:auto_generated|sld_reserved_DLX_auto_signaltap_0_1_1d51:mgl_prim1|lpm_shiftreg:config_shiftreg_125                                         ; lpm_shiftreg                             ; work         ;
;                         |lpm_shiftreg:config_shiftreg_128|                                                                              ; 3 (3)       ; 3 (3)                     ; 0 (0)         ; 0           ; 0    ; 0          ; 0            ; 0       ; 0         ; 0    ; 0            ; 0 (0)        ; 2 (2)             ; 1 (1)            ; 0          ; |DLX|sld_signaltap:auto_signaltap_0|sld_signaltap_impl:sld_signaltap_body|sld_signaltap_implb:sld_signaltap_body|sld_ela_control:ela_control|sld_ela_trigger:\multi_level_advanced_trigger_gen:advanced_trigger_wrapper|sld_ela_trigger_b9o:auto_generated|sld_reserved_DLX_auto_signaltap_0_1_1d51:mgl_prim1|lpm_shiftreg:config_shiftreg_128                                         ; lpm_shiftreg                             ; work         ;
;                         |lpm_shiftreg:config_shiftreg_129|                                                                              ; 1 (1)       ; 1 (1)                     ; 0 (0)         ; 0           ; 0    ; 0          ; 0            ; 0       ; 0         ; 0    ; 0            ; 0 (0)        ; 0 (0)             ; 1 (1)            ; 0          ; |DLX|sld_signaltap:auto_signaltap_0|sld_signaltap_impl:sld_signaltap_body|sld_signaltap_implb:sld_signaltap_body|sld_ela_control:ela_control|sld_ela_trigger:\multi_level_advanced_trigger_gen:advanced_trigger_wrapper|sld_ela_trigger_b9o:auto_generated|sld_reserved_DLX_auto_signaltap_0_1_1d51:mgl_prim1|lpm_shiftreg:config_shiftreg_129                                         ; lpm_shiftreg                             ; work         ;
;                         |lpm_shiftreg:config_shiftreg_131|                                                                              ; 3 (3)       ; 3 (3)                     ; 0 (0)         ; 0           ; 0    ; 0          ; 0            ; 0       ; 0         ; 0    ; 0            ; 0 (0)        ; 2 (2)             ; 1 (1)            ; 0          ; |DLX|sld_signaltap:auto_signaltap_0|sld_signaltap_impl:sld_signaltap_body|sld_signaltap_implb:sld_signaltap_body|sld_ela_control:ela_control|sld_ela_trigger:\multi_level_advanced_trigger_gen:advanced_trigger_wrapper|sld_ela_trigger_b9o:auto_generated|sld_reserved_DLX_auto_signaltap_0_1_1d51:mgl_prim1|lpm_shiftreg:config_shiftreg_131                                         ; lpm_shiftreg                             ; work         ;
;                         |lpm_shiftreg:config_shiftreg_132|                                                                              ; 1 (1)       ; 1 (1)                     ; 0 (0)         ; 0           ; 0    ; 0          ; 0            ; 0       ; 0         ; 0    ; 0            ; 0 (0)        ; 0 (0)             ; 1 (1)            ; 0          ; |DLX|sld_signaltap:auto_signaltap_0|sld_signaltap_impl:sld_signaltap_body|sld_signaltap_implb:sld_signaltap_body|sld_ela_control:ela_control|sld_ela_trigger:\multi_level_advanced_trigger_gen:advanced_trigger_wrapper|sld_ela_trigger_b9o:auto_generated|sld_reserved_DLX_auto_signaltap_0_1_1d51:mgl_prim1|lpm_shiftreg:config_shiftreg_132                                         ; lpm_shiftreg                             ; work         ;
;                         |lpm_shiftreg:config_shiftreg_134|                                                                              ; 3 (3)       ; 3 (3)                     ; 0 (0)         ; 0           ; 0    ; 0          ; 0            ; 0       ; 0         ; 0    ; 0            ; 0 (0)        ; 2 (2)             ; 1 (1)            ; 0          ; |DLX|sld_signaltap:auto_signaltap_0|sld_signaltap_impl:sld_signaltap_body|sld_signaltap_implb:sld_signaltap_body|sld_ela_control:ela_control|sld_ela_trigger:\multi_level_advanced_trigger_gen:advanced_trigger_wrapper|sld_ela_trigger_b9o:auto_generated|sld_reserved_DLX_auto_signaltap_0_1_1d51:mgl_prim1|lpm_shiftreg:config_shiftreg_134                                         ; lpm_shiftreg                             ; work         ;
;                         |lpm_shiftreg:config_shiftreg_135|                                                                              ; 1 (1)       ; 1 (1)                     ; 0 (0)         ; 0           ; 0    ; 0          ; 0            ; 0       ; 0         ; 0    ; 0            ; 0 (0)        ; 0 (0)             ; 1 (1)            ; 0          ; |DLX|sld_signaltap:auto_signaltap_0|sld_signaltap_impl:sld_signaltap_body|sld_signaltap_implb:sld_signaltap_body|sld_ela_control:ela_control|sld_ela_trigger:\multi_level_advanced_trigger_gen:advanced_trigger_wrapper|sld_ela_trigger_b9o:auto_generated|sld_reserved_DLX_auto_signaltap_0_1_1d51:mgl_prim1|lpm_shiftreg:config_shiftreg_135                                         ; lpm_shiftreg                             ; work         ;
;                         |lpm_shiftreg:config_shiftreg_137|                                                                              ; 3 (3)       ; 3 (3)                     ; 0 (0)         ; 0           ; 0    ; 0          ; 0            ; 0       ; 0         ; 0    ; 0            ; 0 (0)        ; 2 (2)             ; 1 (1)            ; 0          ; |DLX|sld_signaltap:auto_signaltap_0|sld_signaltap_impl:sld_signaltap_body|sld_signaltap_implb:sld_signaltap_body|sld_ela_control:ela_control|sld_ela_trigger:\multi_level_advanced_trigger_gen:advanced_trigger_wrapper|sld_ela_trigger_b9o:auto_generated|sld_reserved_DLX_auto_signaltap_0_1_1d51:mgl_prim1|lpm_shiftreg:config_shiftreg_137                                         ; lpm_shiftreg                             ; work         ;
;                         |lpm_shiftreg:config_shiftreg_138|                                                                              ; 1 (1)       ; 1 (1)                     ; 0 (0)         ; 0           ; 0    ; 0          ; 0            ; 0       ; 0         ; 0    ; 0            ; 0 (0)        ; 0 (0)             ; 1 (1)            ; 0          ; |DLX|sld_signaltap:auto_signaltap_0|sld_signaltap_impl:sld_signaltap_body|sld_signaltap_implb:sld_signaltap_body|sld_ela_control:ela_control|sld_ela_trigger:\multi_level_advanced_trigger_gen:advanced_trigger_wrapper|sld_ela_trigger_b9o:auto_generated|sld_reserved_DLX_auto_signaltap_0_1_1d51:mgl_prim1|lpm_shiftreg:config_shiftreg_138                                         ; lpm_shiftreg                             ; work         ;
;                         |lpm_shiftreg:config_shiftreg_13|                                                                               ; 3 (3)       ; 3 (3)                     ; 0 (0)         ; 0           ; 0    ; 0          ; 0            ; 0       ; 0         ; 0    ; 0            ; 0 (0)        ; 2 (2)             ; 1 (1)            ; 0          ; |DLX|sld_signaltap:auto_signaltap_0|sld_signaltap_impl:sld_signaltap_body|sld_signaltap_implb:sld_signaltap_body|sld_ela_control:ela_control|sld_ela_trigger:\multi_level_advanced_trigger_gen:advanced_trigger_wrapper|sld_ela_trigger_b9o:auto_generated|sld_reserved_DLX_auto_signaltap_0_1_1d51:mgl_prim1|lpm_shiftreg:config_shiftreg_13                                          ; lpm_shiftreg                             ; work         ;
;                         |lpm_shiftreg:config_shiftreg_140|                                                                              ; 3 (3)       ; 3 (3)                     ; 0 (0)         ; 0           ; 0    ; 0          ; 0            ; 0       ; 0         ; 0    ; 0            ; 0 (0)        ; 2 (2)             ; 1 (1)            ; 0          ; |DLX|sld_signaltap:auto_signaltap_0|sld_signaltap_impl:sld_signaltap_body|sld_signaltap_implb:sld_signaltap_body|sld_ela_control:ela_control|sld_ela_trigger:\multi_level_advanced_trigger_gen:advanced_trigger_wrapper|sld_ela_trigger_b9o:auto_generated|sld_reserved_DLX_auto_signaltap_0_1_1d51:mgl_prim1|lpm_shiftreg:config_shiftreg_140                                         ; lpm_shiftreg                             ; work         ;
;                         |lpm_shiftreg:config_shiftreg_141|                                                                              ; 1 (1)       ; 1 (1)                     ; 0 (0)         ; 0           ; 0    ; 0          ; 0            ; 0       ; 0         ; 0    ; 0            ; 0 (0)        ; 0 (0)             ; 1 (1)            ; 0          ; |DLX|sld_signaltap:auto_signaltap_0|sld_signaltap_impl:sld_signaltap_body|sld_signaltap_implb:sld_signaltap_body|sld_ela_control:ela_control|sld_ela_trigger:\multi_level_advanced_trigger_gen:advanced_trigger_wrapper|sld_ela_trigger_b9o:auto_generated|sld_reserved_DLX_auto_signaltap_0_1_1d51:mgl_prim1|lpm_shiftreg:config_shiftreg_141                                         ; lpm_shiftreg                             ; work         ;
;                         |lpm_shiftreg:config_shiftreg_143|                                                                              ; 3 (3)       ; 3 (3)                     ; 0 (0)         ; 0           ; 0    ; 0          ; 0            ; 0       ; 0         ; 0    ; 0            ; 0 (0)        ; 2 (2)             ; 1 (1)            ; 0          ; |DLX|sld_signaltap:auto_signaltap_0|sld_signaltap_impl:sld_signaltap_body|sld_signaltap_implb:sld_signaltap_body|sld_ela_control:ela_control|sld_ela_trigger:\multi_level_advanced_trigger_gen:advanced_trigger_wrapper|sld_ela_trigger_b9o:auto_generated|sld_reserved_DLX_auto_signaltap_0_1_1d51:mgl_prim1|lpm_shiftreg:config_shiftreg_143                                         ; lpm_shiftreg                             ; work         ;
;                         |lpm_shiftreg:config_shiftreg_144|                                                                              ; 1 (1)       ; 1 (1)                     ; 0 (0)         ; 0           ; 0    ; 0          ; 0            ; 0       ; 0         ; 0    ; 0            ; 0 (0)        ; 0 (0)             ; 1 (1)            ; 0          ; |DLX|sld_signaltap:auto_signaltap_0|sld_signaltap_impl:sld_signaltap_body|sld_signaltap_implb:sld_signaltap_body|sld_ela_control:ela_control|sld_ela_trigger:\multi_level_advanced_trigger_gen:advanced_trigger_wrapper|sld_ela_trigger_b9o:auto_generated|sld_reserved_DLX_auto_signaltap_0_1_1d51:mgl_prim1|lpm_shiftreg:config_shiftreg_144                                         ; lpm_shiftreg                             ; work         ;
;                         |lpm_shiftreg:config_shiftreg_146|                                                                              ; 3 (3)       ; 3 (3)                     ; 0 (0)         ; 0           ; 0    ; 0          ; 0            ; 0       ; 0         ; 0    ; 0            ; 0 (0)        ; 2 (2)             ; 1 (1)            ; 0          ; |DLX|sld_signaltap:auto_signaltap_0|sld_signaltap_impl:sld_signaltap_body|sld_signaltap_implb:sld_signaltap_body|sld_ela_control:ela_control|sld_ela_trigger:\multi_level_advanced_trigger_gen:advanced_trigger_wrapper|sld_ela_trigger_b9o:auto_generated|sld_reserved_DLX_auto_signaltap_0_1_1d51:mgl_prim1|lpm_shiftreg:config_shiftreg_146                                         ; lpm_shiftreg                             ; work         ;
;                         |lpm_shiftreg:config_shiftreg_147|                                                                              ; 1 (1)       ; 1 (1)                     ; 0 (0)         ; 0           ; 0    ; 0          ; 0            ; 0       ; 0         ; 0    ; 0            ; 0 (0)        ; 0 (0)             ; 1 (1)            ; 0          ; |DLX|sld_signaltap:auto_signaltap_0|sld_signaltap_impl:sld_signaltap_body|sld_signaltap_implb:sld_signaltap_body|sld_ela_control:ela_control|sld_ela_trigger:\multi_level_advanced_trigger_gen:advanced_trigger_wrapper|sld_ela_trigger_b9o:auto_generated|sld_reserved_DLX_auto_signaltap_0_1_1d51:mgl_prim1|lpm_shiftreg:config_shiftreg_147                                         ; lpm_shiftreg                             ; work         ;
;                         |lpm_shiftreg:config_shiftreg_149|                                                                              ; 3 (3)       ; 3 (3)                     ; 0 (0)         ; 0           ; 0    ; 0          ; 0            ; 0       ; 0         ; 0    ; 0            ; 0 (0)        ; 2 (2)             ; 1 (1)            ; 0          ; |DLX|sld_signaltap:auto_signaltap_0|sld_signaltap_impl:sld_signaltap_body|sld_signaltap_implb:sld_signaltap_body|sld_ela_control:ela_control|sld_ela_trigger:\multi_level_advanced_trigger_gen:advanced_trigger_wrapper|sld_ela_trigger_b9o:auto_generated|sld_reserved_DLX_auto_signaltap_0_1_1d51:mgl_prim1|lpm_shiftreg:config_shiftreg_149                                         ; lpm_shiftreg                             ; work         ;
;                         |lpm_shiftreg:config_shiftreg_14|                                                                               ; 1 (1)       ; 1 (1)                     ; 0 (0)         ; 0           ; 0    ; 0          ; 0            ; 0       ; 0         ; 0    ; 0            ; 0 (0)        ; 0 (0)             ; 1 (1)            ; 0          ; |DLX|sld_signaltap:auto_signaltap_0|sld_signaltap_impl:sld_signaltap_body|sld_signaltap_implb:sld_signaltap_body|sld_ela_control:ela_control|sld_ela_trigger:\multi_level_advanced_trigger_gen:advanced_trigger_wrapper|sld_ela_trigger_b9o:auto_generated|sld_reserved_DLX_auto_signaltap_0_1_1d51:mgl_prim1|lpm_shiftreg:config_shiftreg_14                                          ; lpm_shiftreg                             ; work         ;
;                         |lpm_shiftreg:config_shiftreg_150|                                                                              ; 1 (1)       ; 1 (1)                     ; 0 (0)         ; 0           ; 0    ; 0          ; 0            ; 0       ; 0         ; 0    ; 0            ; 0 (0)        ; 0 (0)             ; 1 (1)            ; 0          ; |DLX|sld_signaltap:auto_signaltap_0|sld_signaltap_impl:sld_signaltap_body|sld_signaltap_implb:sld_signaltap_body|sld_ela_control:ela_control|sld_ela_trigger:\multi_level_advanced_trigger_gen:advanced_trigger_wrapper|sld_ela_trigger_b9o:auto_generated|sld_reserved_DLX_auto_signaltap_0_1_1d51:mgl_prim1|lpm_shiftreg:config_shiftreg_150                                         ; lpm_shiftreg                             ; work         ;
;                         |lpm_shiftreg:config_shiftreg_151|                                                                              ; 3 (3)       ; 3 (3)                     ; 0 (0)         ; 0           ; 0    ; 0          ; 0            ; 0       ; 0         ; 0    ; 0            ; 0 (0)        ; 3 (3)             ; 0 (0)            ; 0          ; |DLX|sld_signaltap:auto_signaltap_0|sld_signaltap_impl:sld_signaltap_body|sld_signaltap_implb:sld_signaltap_body|sld_ela_control:ela_control|sld_ela_trigger:\multi_level_advanced_trigger_gen:advanced_trigger_wrapper|sld_ela_trigger_b9o:auto_generated|sld_reserved_DLX_auto_signaltap_0_1_1d51:mgl_prim1|lpm_shiftreg:config_shiftreg_151                                         ; lpm_shiftreg                             ; work         ;
;                         |lpm_shiftreg:config_shiftreg_153|                                                                              ; 3 (3)       ; 3 (3)                     ; 0 (0)         ; 0           ; 0    ; 0          ; 0            ; 0       ; 0         ; 0    ; 0            ; 0 (0)        ; 2 (2)             ; 1 (1)            ; 0          ; |DLX|sld_signaltap:auto_signaltap_0|sld_signaltap_impl:sld_signaltap_body|sld_signaltap_implb:sld_signaltap_body|sld_ela_control:ela_control|sld_ela_trigger:\multi_level_advanced_trigger_gen:advanced_trigger_wrapper|sld_ela_trigger_b9o:auto_generated|sld_reserved_DLX_auto_signaltap_0_1_1d51:mgl_prim1|lpm_shiftreg:config_shiftreg_153                                         ; lpm_shiftreg                             ; work         ;
;                         |lpm_shiftreg:config_shiftreg_154|                                                                              ; 1 (1)       ; 1 (1)                     ; 0 (0)         ; 0           ; 0    ; 0          ; 0            ; 0       ; 0         ; 0    ; 0            ; 0 (0)        ; 0 (0)             ; 1 (1)            ; 0          ; |DLX|sld_signaltap:auto_signaltap_0|sld_signaltap_impl:sld_signaltap_body|sld_signaltap_implb:sld_signaltap_body|sld_ela_control:ela_control|sld_ela_trigger:\multi_level_advanced_trigger_gen:advanced_trigger_wrapper|sld_ela_trigger_b9o:auto_generated|sld_reserved_DLX_auto_signaltap_0_1_1d51:mgl_prim1|lpm_shiftreg:config_shiftreg_154                                         ; lpm_shiftreg                             ; work         ;
;                         |lpm_shiftreg:config_shiftreg_156|                                                                              ; 3 (3)       ; 3 (3)                     ; 0 (0)         ; 0           ; 0    ; 0          ; 0            ; 0       ; 0         ; 0    ; 0            ; 0 (0)        ; 2 (2)             ; 1 (1)            ; 0          ; |DLX|sld_signaltap:auto_signaltap_0|sld_signaltap_impl:sld_signaltap_body|sld_signaltap_implb:sld_signaltap_body|sld_ela_control:ela_control|sld_ela_trigger:\multi_level_advanced_trigger_gen:advanced_trigger_wrapper|sld_ela_trigger_b9o:auto_generated|sld_reserved_DLX_auto_signaltap_0_1_1d51:mgl_prim1|lpm_shiftreg:config_shiftreg_156                                         ; lpm_shiftreg                             ; work         ;
;                         |lpm_shiftreg:config_shiftreg_157|                                                                              ; 1 (1)       ; 1 (1)                     ; 0 (0)         ; 0           ; 0    ; 0          ; 0            ; 0       ; 0         ; 0    ; 0            ; 0 (0)        ; 0 (0)             ; 1 (1)            ; 0          ; |DLX|sld_signaltap:auto_signaltap_0|sld_signaltap_impl:sld_signaltap_body|sld_signaltap_implb:sld_signaltap_body|sld_ela_control:ela_control|sld_ela_trigger:\multi_level_advanced_trigger_gen:advanced_trigger_wrapper|sld_ela_trigger_b9o:auto_generated|sld_reserved_DLX_auto_signaltap_0_1_1d51:mgl_prim1|lpm_shiftreg:config_shiftreg_157                                         ; lpm_shiftreg                             ; work         ;
;                         |lpm_shiftreg:config_shiftreg_159|                                                                              ; 3 (3)       ; 3 (3)                     ; 0 (0)         ; 0           ; 0    ; 0          ; 0            ; 0       ; 0         ; 0    ; 0            ; 0 (0)        ; 2 (2)             ; 1 (1)            ; 0          ; |DLX|sld_signaltap:auto_signaltap_0|sld_signaltap_impl:sld_signaltap_body|sld_signaltap_implb:sld_signaltap_body|sld_ela_control:ela_control|sld_ela_trigger:\multi_level_advanced_trigger_gen:advanced_trigger_wrapper|sld_ela_trigger_b9o:auto_generated|sld_reserved_DLX_auto_signaltap_0_1_1d51:mgl_prim1|lpm_shiftreg:config_shiftreg_159                                         ; lpm_shiftreg                             ; work         ;
;                         |lpm_shiftreg:config_shiftreg_160|                                                                              ; 1 (1)       ; 1 (1)                     ; 0 (0)         ; 0           ; 0    ; 0          ; 0            ; 0       ; 0         ; 0    ; 0            ; 0 (0)        ; 0 (0)             ; 1 (1)            ; 0          ; |DLX|sld_signaltap:auto_signaltap_0|sld_signaltap_impl:sld_signaltap_body|sld_signaltap_implb:sld_signaltap_body|sld_ela_control:ela_control|sld_ela_trigger:\multi_level_advanced_trigger_gen:advanced_trigger_wrapper|sld_ela_trigger_b9o:auto_generated|sld_reserved_DLX_auto_signaltap_0_1_1d51:mgl_prim1|lpm_shiftreg:config_shiftreg_160                                         ; lpm_shiftreg                             ; work         ;
;                         |lpm_shiftreg:config_shiftreg_162|                                                                              ; 3 (3)       ; 3 (3)                     ; 0 (0)         ; 0           ; 0    ; 0          ; 0            ; 0       ; 0         ; 0    ; 0            ; 0 (0)        ; 2 (2)             ; 1 (1)            ; 0          ; |DLX|sld_signaltap:auto_signaltap_0|sld_signaltap_impl:sld_signaltap_body|sld_signaltap_implb:sld_signaltap_body|sld_ela_control:ela_control|sld_ela_trigger:\multi_level_advanced_trigger_gen:advanced_trigger_wrapper|sld_ela_trigger_b9o:auto_generated|sld_reserved_DLX_auto_signaltap_0_1_1d51:mgl_prim1|lpm_shiftreg:config_shiftreg_162                                         ; lpm_shiftreg                             ; work         ;
;                         |lpm_shiftreg:config_shiftreg_163|                                                                              ; 1 (1)       ; 1 (1)                     ; 0 (0)         ; 0           ; 0    ; 0          ; 0            ; 0       ; 0         ; 0    ; 0            ; 0 (0)        ; 0 (0)             ; 1 (1)            ; 0          ; |DLX|sld_signaltap:auto_signaltap_0|sld_signaltap_impl:sld_signaltap_body|sld_signaltap_implb:sld_signaltap_body|sld_ela_control:ela_control|sld_ela_trigger:\multi_level_advanced_trigger_gen:advanced_trigger_wrapper|sld_ela_trigger_b9o:auto_generated|sld_reserved_DLX_auto_signaltap_0_1_1d51:mgl_prim1|lpm_shiftreg:config_shiftreg_163                                         ; lpm_shiftreg                             ; work         ;
;                         |lpm_shiftreg:config_shiftreg_165|                                                                              ; 3 (3)       ; 3 (3)                     ; 0 (0)         ; 0           ; 0    ; 0          ; 0            ; 0       ; 0         ; 0    ; 0            ; 0 (0)        ; 2 (2)             ; 1 (1)            ; 0          ; |DLX|sld_signaltap:auto_signaltap_0|sld_signaltap_impl:sld_signaltap_body|sld_signaltap_implb:sld_signaltap_body|sld_ela_control:ela_control|sld_ela_trigger:\multi_level_advanced_trigger_gen:advanced_trigger_wrapper|sld_ela_trigger_b9o:auto_generated|sld_reserved_DLX_auto_signaltap_0_1_1d51:mgl_prim1|lpm_shiftreg:config_shiftreg_165                                         ; lpm_shiftreg                             ; work         ;
;                         |lpm_shiftreg:config_shiftreg_166|                                                                              ; 1 (1)       ; 1 (1)                     ; 0 (0)         ; 0           ; 0    ; 0          ; 0            ; 0       ; 0         ; 0    ; 0            ; 0 (0)        ; 0 (0)             ; 1 (1)            ; 0          ; |DLX|sld_signaltap:auto_signaltap_0|sld_signaltap_impl:sld_signaltap_body|sld_signaltap_implb:sld_signaltap_body|sld_ela_control:ela_control|sld_ela_trigger:\multi_level_advanced_trigger_gen:advanced_trigger_wrapper|sld_ela_trigger_b9o:auto_generated|sld_reserved_DLX_auto_signaltap_0_1_1d51:mgl_prim1|lpm_shiftreg:config_shiftreg_166                                         ; lpm_shiftreg                             ; work         ;
;                         |lpm_shiftreg:config_shiftreg_168|                                                                              ; 3 (3)       ; 3 (3)                     ; 0 (0)         ; 0           ; 0    ; 0          ; 0            ; 0       ; 0         ; 0    ; 0            ; 0 (0)        ; 2 (2)             ; 1 (1)            ; 0          ; |DLX|sld_signaltap:auto_signaltap_0|sld_signaltap_impl:sld_signaltap_body|sld_signaltap_implb:sld_signaltap_body|sld_ela_control:ela_control|sld_ela_trigger:\multi_level_advanced_trigger_gen:advanced_trigger_wrapper|sld_ela_trigger_b9o:auto_generated|sld_reserved_DLX_auto_signaltap_0_1_1d51:mgl_prim1|lpm_shiftreg:config_shiftreg_168                                         ; lpm_shiftreg                             ; work         ;
;                         |lpm_shiftreg:config_shiftreg_169|                                                                              ; 1 (1)       ; 1 (1)                     ; 0 (0)         ; 0           ; 0    ; 0          ; 0            ; 0       ; 0         ; 0    ; 0            ; 0 (0)        ; 0 (0)             ; 1 (1)            ; 0          ; |DLX|sld_signaltap:auto_signaltap_0|sld_signaltap_impl:sld_signaltap_body|sld_signaltap_implb:sld_signaltap_body|sld_ela_control:ela_control|sld_ela_trigger:\multi_level_advanced_trigger_gen:advanced_trigger_wrapper|sld_ela_trigger_b9o:auto_generated|sld_reserved_DLX_auto_signaltap_0_1_1d51:mgl_prim1|lpm_shiftreg:config_shiftreg_169                                         ; lpm_shiftreg                             ; work         ;
;                         |lpm_shiftreg:config_shiftreg_16|                                                                               ; 3 (3)       ; 3 (3)                     ; 0 (0)         ; 0           ; 0    ; 0          ; 0            ; 0       ; 0         ; 0    ; 0            ; 0 (0)        ; 2 (2)             ; 1 (1)            ; 0          ; |DLX|sld_signaltap:auto_signaltap_0|sld_signaltap_impl:sld_signaltap_body|sld_signaltap_implb:sld_signaltap_body|sld_ela_control:ela_control|sld_ela_trigger:\multi_level_advanced_trigger_gen:advanced_trigger_wrapper|sld_ela_trigger_b9o:auto_generated|sld_reserved_DLX_auto_signaltap_0_1_1d51:mgl_prim1|lpm_shiftreg:config_shiftreg_16                                          ; lpm_shiftreg                             ; work         ;
;                         |lpm_shiftreg:config_shiftreg_171|                                                                              ; 3 (3)       ; 3 (3)                     ; 0 (0)         ; 0           ; 0    ; 0          ; 0            ; 0       ; 0         ; 0    ; 0            ; 0 (0)        ; 2 (2)             ; 1 (1)            ; 0          ; |DLX|sld_signaltap:auto_signaltap_0|sld_signaltap_impl:sld_signaltap_body|sld_signaltap_implb:sld_signaltap_body|sld_ela_control:ela_control|sld_ela_trigger:\multi_level_advanced_trigger_gen:advanced_trigger_wrapper|sld_ela_trigger_b9o:auto_generated|sld_reserved_DLX_auto_signaltap_0_1_1d51:mgl_prim1|lpm_shiftreg:config_shiftreg_171                                         ; lpm_shiftreg                             ; work         ;
;                         |lpm_shiftreg:config_shiftreg_172|                                                                              ; 1 (1)       ; 1 (1)                     ; 0 (0)         ; 0           ; 0    ; 0          ; 0            ; 0       ; 0         ; 0    ; 0            ; 0 (0)        ; 0 (0)             ; 1 (1)            ; 0          ; |DLX|sld_signaltap:auto_signaltap_0|sld_signaltap_impl:sld_signaltap_body|sld_signaltap_implb:sld_signaltap_body|sld_ela_control:ela_control|sld_ela_trigger:\multi_level_advanced_trigger_gen:advanced_trigger_wrapper|sld_ela_trigger_b9o:auto_generated|sld_reserved_DLX_auto_signaltap_0_1_1d51:mgl_prim1|lpm_shiftreg:config_shiftreg_172                                         ; lpm_shiftreg                             ; work         ;
;                         |lpm_shiftreg:config_shiftreg_173|                                                                              ; 3 (3)       ; 3 (3)                     ; 0 (0)         ; 0           ; 0    ; 0          ; 0            ; 0       ; 0         ; 0    ; 0            ; 0 (0)        ; 2 (2)             ; 1 (1)            ; 0          ; |DLX|sld_signaltap:auto_signaltap_0|sld_signaltap_impl:sld_signaltap_body|sld_signaltap_implb:sld_signaltap_body|sld_ela_control:ela_control|sld_ela_trigger:\multi_level_advanced_trigger_gen:advanced_trigger_wrapper|sld_ela_trigger_b9o:auto_generated|sld_reserved_DLX_auto_signaltap_0_1_1d51:mgl_prim1|lpm_shiftreg:config_shiftreg_173                                         ; lpm_shiftreg                             ; work         ;
;                         |lpm_shiftreg:config_shiftreg_17|                                                                               ; 1 (1)       ; 1 (1)                     ; 0 (0)         ; 0           ; 0    ; 0          ; 0            ; 0       ; 0         ; 0    ; 0            ; 0 (0)        ; 0 (0)             ; 1 (1)            ; 0          ; |DLX|sld_signaltap:auto_signaltap_0|sld_signaltap_impl:sld_signaltap_body|sld_signaltap_implb:sld_signaltap_body|sld_ela_control:ela_control|sld_ela_trigger:\multi_level_advanced_trigger_gen:advanced_trigger_wrapper|sld_ela_trigger_b9o:auto_generated|sld_reserved_DLX_auto_signaltap_0_1_1d51:mgl_prim1|lpm_shiftreg:config_shiftreg_17                                          ; lpm_shiftreg                             ; work         ;
;                         |lpm_shiftreg:config_shiftreg_19|                                                                               ; 3 (3)       ; 3 (3)                     ; 0 (0)         ; 0           ; 0    ; 0          ; 0            ; 0       ; 0         ; 0    ; 0            ; 0 (0)        ; 2 (2)             ; 1 (1)            ; 0          ; |DLX|sld_signaltap:auto_signaltap_0|sld_signaltap_impl:sld_signaltap_body|sld_signaltap_implb:sld_signaltap_body|sld_ela_control:ela_control|sld_ela_trigger:\multi_level_advanced_trigger_gen:advanced_trigger_wrapper|sld_ela_trigger_b9o:auto_generated|sld_reserved_DLX_auto_signaltap_0_1_1d51:mgl_prim1|lpm_shiftreg:config_shiftreg_19                                          ; lpm_shiftreg                             ; work         ;
;                         |lpm_shiftreg:config_shiftreg_20|                                                                               ; 1 (1)       ; 1 (1)                     ; 0 (0)         ; 0           ; 0    ; 0          ; 0            ; 0       ; 0         ; 0    ; 0            ; 0 (0)        ; 0 (0)             ; 1 (1)            ; 0          ; |DLX|sld_signaltap:auto_signaltap_0|sld_signaltap_impl:sld_signaltap_body|sld_signaltap_implb:sld_signaltap_body|sld_ela_control:ela_control|sld_ela_trigger:\multi_level_advanced_trigger_gen:advanced_trigger_wrapper|sld_ela_trigger_b9o:auto_generated|sld_reserved_DLX_auto_signaltap_0_1_1d51:mgl_prim1|lpm_shiftreg:config_shiftreg_20                                          ; lpm_shiftreg                             ; work         ;
;                         |lpm_shiftreg:config_shiftreg_22|                                                                               ; 3 (3)       ; 3 (3)                     ; 0 (0)         ; 0           ; 0    ; 0          ; 0            ; 0       ; 0         ; 0    ; 0            ; 0 (0)        ; 2 (2)             ; 1 (1)            ; 0          ; |DLX|sld_signaltap:auto_signaltap_0|sld_signaltap_impl:sld_signaltap_body|sld_signaltap_implb:sld_signaltap_body|sld_ela_control:ela_control|sld_ela_trigger:\multi_level_advanced_trigger_gen:advanced_trigger_wrapper|sld_ela_trigger_b9o:auto_generated|sld_reserved_DLX_auto_signaltap_0_1_1d51:mgl_prim1|lpm_shiftreg:config_shiftreg_22                                          ; lpm_shiftreg                             ; work         ;
;                         |lpm_shiftreg:config_shiftreg_23|                                                                               ; 1 (1)       ; 1 (1)                     ; 0 (0)         ; 0           ; 0    ; 0          ; 0            ; 0       ; 0         ; 0    ; 0            ; 0 (0)        ; 0 (0)             ; 1 (1)            ; 0          ; |DLX|sld_signaltap:auto_signaltap_0|sld_signaltap_impl:sld_signaltap_body|sld_signaltap_implb:sld_signaltap_body|sld_ela_control:ela_control|sld_ela_trigger:\multi_level_advanced_trigger_gen:advanced_trigger_wrapper|sld_ela_trigger_b9o:auto_generated|sld_reserved_DLX_auto_signaltap_0_1_1d51:mgl_prim1|lpm_shiftreg:config_shiftreg_23                                          ; lpm_shiftreg                             ; work         ;
;                         |lpm_shiftreg:config_shiftreg_25|                                                                               ; 3 (3)       ; 3 (3)                     ; 0 (0)         ; 0           ; 0    ; 0          ; 0            ; 0       ; 0         ; 0    ; 0            ; 0 (0)        ; 2 (2)             ; 1 (1)            ; 0          ; |DLX|sld_signaltap:auto_signaltap_0|sld_signaltap_impl:sld_signaltap_body|sld_signaltap_implb:sld_signaltap_body|sld_ela_control:ela_control|sld_ela_trigger:\multi_level_advanced_trigger_gen:advanced_trigger_wrapper|sld_ela_trigger_b9o:auto_generated|sld_reserved_DLX_auto_signaltap_0_1_1d51:mgl_prim1|lpm_shiftreg:config_shiftreg_25                                          ; lpm_shiftreg                             ; work         ;
;                         |lpm_shiftreg:config_shiftreg_26|                                                                               ; 1 (1)       ; 1 (1)                     ; 0 (0)         ; 0           ; 0    ; 0          ; 0            ; 0       ; 0         ; 0    ; 0            ; 0 (0)        ; 0 (0)             ; 1 (1)            ; 0          ; |DLX|sld_signaltap:auto_signaltap_0|sld_signaltap_impl:sld_signaltap_body|sld_signaltap_implb:sld_signaltap_body|sld_ela_control:ela_control|sld_ela_trigger:\multi_level_advanced_trigger_gen:advanced_trigger_wrapper|sld_ela_trigger_b9o:auto_generated|sld_reserved_DLX_auto_signaltap_0_1_1d51:mgl_prim1|lpm_shiftreg:config_shiftreg_26                                          ; lpm_shiftreg                             ; work         ;
;                         |lpm_shiftreg:config_shiftreg_27|                                                                               ; 3 (3)       ; 3 (3)                     ; 0 (0)         ; 0           ; 0    ; 0          ; 0            ; 0       ; 0         ; 0    ; 0            ; 0 (0)        ; 3 (3)             ; 0 (0)            ; 0          ; |DLX|sld_signaltap:auto_signaltap_0|sld_signaltap_impl:sld_signaltap_body|sld_signaltap_implb:sld_signaltap_body|sld_ela_control:ela_control|sld_ela_trigger:\multi_level_advanced_trigger_gen:advanced_trigger_wrapper|sld_ela_trigger_b9o:auto_generated|sld_reserved_DLX_auto_signaltap_0_1_1d51:mgl_prim1|lpm_shiftreg:config_shiftreg_27                                          ; lpm_shiftreg                             ; work         ;
;                         |lpm_shiftreg:config_shiftreg_30|                                                                               ; 3 (3)       ; 3 (3)                     ; 0 (0)         ; 0           ; 0    ; 0          ; 0            ; 0       ; 0         ; 0    ; 0            ; 0 (0)        ; 2 (2)             ; 1 (1)            ; 0          ; |DLX|sld_signaltap:auto_signaltap_0|sld_signaltap_impl:sld_signaltap_body|sld_signaltap_implb:sld_signaltap_body|sld_ela_control:ela_control|sld_ela_trigger:\multi_level_advanced_trigger_gen:advanced_trigger_wrapper|sld_ela_trigger_b9o:auto_generated|sld_reserved_DLX_auto_signaltap_0_1_1d51:mgl_prim1|lpm_shiftreg:config_shiftreg_30                                          ; lpm_shiftreg                             ; work         ;
;                         |lpm_shiftreg:config_shiftreg_31|                                                                               ; 1 (1)       ; 1 (1)                     ; 0 (0)         ; 0           ; 0    ; 0          ; 0            ; 0       ; 0         ; 0    ; 0            ; 0 (0)        ; 0 (0)             ; 1 (1)            ; 0          ; |DLX|sld_signaltap:auto_signaltap_0|sld_signaltap_impl:sld_signaltap_body|sld_signaltap_implb:sld_signaltap_body|sld_ela_control:ela_control|sld_ela_trigger:\multi_level_advanced_trigger_gen:advanced_trigger_wrapper|sld_ela_trigger_b9o:auto_generated|sld_reserved_DLX_auto_signaltap_0_1_1d51:mgl_prim1|lpm_shiftreg:config_shiftreg_31                                          ; lpm_shiftreg                             ; work         ;
;                         |lpm_shiftreg:config_shiftreg_33|                                                                               ; 3 (3)       ; 3 (3)                     ; 0 (0)         ; 0           ; 0    ; 0          ; 0            ; 0       ; 0         ; 0    ; 0            ; 0 (0)        ; 2 (2)             ; 1 (1)            ; 0          ; |DLX|sld_signaltap:auto_signaltap_0|sld_signaltap_impl:sld_signaltap_body|sld_signaltap_implb:sld_signaltap_body|sld_ela_control:ela_control|sld_ela_trigger:\multi_level_advanced_trigger_gen:advanced_trigger_wrapper|sld_ela_trigger_b9o:auto_generated|sld_reserved_DLX_auto_signaltap_0_1_1d51:mgl_prim1|lpm_shiftreg:config_shiftreg_33                                          ; lpm_shiftreg                             ; work         ;
;                         |lpm_shiftreg:config_shiftreg_34|                                                                               ; 1 (1)       ; 1 (1)                     ; 0 (0)         ; 0           ; 0    ; 0          ; 0            ; 0       ; 0         ; 0    ; 0            ; 0 (0)        ; 0 (0)             ; 1 (1)            ; 0          ; |DLX|sld_signaltap:auto_signaltap_0|sld_signaltap_impl:sld_signaltap_body|sld_signaltap_implb:sld_signaltap_body|sld_ela_control:ela_control|sld_ela_trigger:\multi_level_advanced_trigger_gen:advanced_trigger_wrapper|sld_ela_trigger_b9o:auto_generated|sld_reserved_DLX_auto_signaltap_0_1_1d51:mgl_prim1|lpm_shiftreg:config_shiftreg_34                                          ; lpm_shiftreg                             ; work         ;
;                         |lpm_shiftreg:config_shiftreg_36|                                                                               ; 3 (3)       ; 3 (3)                     ; 0 (0)         ; 0           ; 0    ; 0          ; 0            ; 0       ; 0         ; 0    ; 0            ; 0 (0)        ; 2 (2)             ; 1 (1)            ; 0          ; |DLX|sld_signaltap:auto_signaltap_0|sld_signaltap_impl:sld_signaltap_body|sld_signaltap_implb:sld_signaltap_body|sld_ela_control:ela_control|sld_ela_trigger:\multi_level_advanced_trigger_gen:advanced_trigger_wrapper|sld_ela_trigger_b9o:auto_generated|sld_reserved_DLX_auto_signaltap_0_1_1d51:mgl_prim1|lpm_shiftreg:config_shiftreg_36                                          ; lpm_shiftreg                             ; work         ;
;                         |lpm_shiftreg:config_shiftreg_37|                                                                               ; 1 (1)       ; 1 (1)                     ; 0 (0)         ; 0           ; 0    ; 0          ; 0            ; 0       ; 0         ; 0    ; 0            ; 0 (0)        ; 0 (0)             ; 1 (1)            ; 0          ; |DLX|sld_signaltap:auto_signaltap_0|sld_signaltap_impl:sld_signaltap_body|sld_signaltap_implb:sld_signaltap_body|sld_ela_control:ela_control|sld_ela_trigger:\multi_level_advanced_trigger_gen:advanced_trigger_wrapper|sld_ela_trigger_b9o:auto_generated|sld_reserved_DLX_auto_signaltap_0_1_1d51:mgl_prim1|lpm_shiftreg:config_shiftreg_37                                          ; lpm_shiftreg                             ; work         ;
;                         |lpm_shiftreg:config_shiftreg_39|                                                                               ; 3 (3)       ; 3 (3)                     ; 0 (0)         ; 0           ; 0    ; 0          ; 0            ; 0       ; 0         ; 0    ; 0            ; 0 (0)        ; 2 (2)             ; 1 (1)            ; 0          ; |DLX|sld_signaltap:auto_signaltap_0|sld_signaltap_impl:sld_signaltap_body|sld_signaltap_implb:sld_signaltap_body|sld_ela_control:ela_control|sld_ela_trigger:\multi_level_advanced_trigger_gen:advanced_trigger_wrapper|sld_ela_trigger_b9o:auto_generated|sld_reserved_DLX_auto_signaltap_0_1_1d51:mgl_prim1|lpm_shiftreg:config_shiftreg_39                                          ; lpm_shiftreg                             ; work         ;
;                         |lpm_shiftreg:config_shiftreg_40|                                                                               ; 1 (1)       ; 1 (1)                     ; 0 (0)         ; 0           ; 0    ; 0          ; 0            ; 0       ; 0         ; 0    ; 0            ; 0 (0)        ; 0 (0)             ; 1 (1)            ; 0          ; |DLX|sld_signaltap:auto_signaltap_0|sld_signaltap_impl:sld_signaltap_body|sld_signaltap_implb:sld_signaltap_body|sld_ela_control:ela_control|sld_ela_trigger:\multi_level_advanced_trigger_gen:advanced_trigger_wrapper|sld_ela_trigger_b9o:auto_generated|sld_reserved_DLX_auto_signaltap_0_1_1d51:mgl_prim1|lpm_shiftreg:config_shiftreg_40                                          ; lpm_shiftreg                             ; work         ;
;                         |lpm_shiftreg:config_shiftreg_42|                                                                               ; 3 (3)       ; 3 (3)                     ; 0 (0)         ; 0           ; 0    ; 0          ; 0            ; 0       ; 0         ; 0    ; 0            ; 0 (0)        ; 2 (2)             ; 1 (1)            ; 0          ; |DLX|sld_signaltap:auto_signaltap_0|sld_signaltap_impl:sld_signaltap_body|sld_signaltap_implb:sld_signaltap_body|sld_ela_control:ela_control|sld_ela_trigger:\multi_level_advanced_trigger_gen:advanced_trigger_wrapper|sld_ela_trigger_b9o:auto_generated|sld_reserved_DLX_auto_signaltap_0_1_1d51:mgl_prim1|lpm_shiftreg:config_shiftreg_42                                          ; lpm_shiftreg                             ; work         ;
;                         |lpm_shiftreg:config_shiftreg_43|                                                                               ; 1 (1)       ; 1 (1)                     ; 0 (0)         ; 0           ; 0    ; 0          ; 0            ; 0       ; 0         ; 0    ; 0            ; 0 (0)        ; 0 (0)             ; 1 (1)            ; 0          ; |DLX|sld_signaltap:auto_signaltap_0|sld_signaltap_impl:sld_signaltap_body|sld_signaltap_implb:sld_signaltap_body|sld_ela_control:ela_control|sld_ela_trigger:\multi_level_advanced_trigger_gen:advanced_trigger_wrapper|sld_ela_trigger_b9o:auto_generated|sld_reserved_DLX_auto_signaltap_0_1_1d51:mgl_prim1|lpm_shiftreg:config_shiftreg_43                                          ; lpm_shiftreg                             ; work         ;
;                         |lpm_shiftreg:config_shiftreg_45|                                                                               ; 3 (3)       ; 3 (3)                     ; 0 (0)         ; 0           ; 0    ; 0          ; 0            ; 0       ; 0         ; 0    ; 0            ; 0 (0)        ; 2 (2)             ; 1 (1)            ; 0          ; |DLX|sld_signaltap:auto_signaltap_0|sld_signaltap_impl:sld_signaltap_body|sld_signaltap_implb:sld_signaltap_body|sld_ela_control:ela_control|sld_ela_trigger:\multi_level_advanced_trigger_gen:advanced_trigger_wrapper|sld_ela_trigger_b9o:auto_generated|sld_reserved_DLX_auto_signaltap_0_1_1d51:mgl_prim1|lpm_shiftreg:config_shiftreg_45                                          ; lpm_shiftreg                             ; work         ;
;                         |lpm_shiftreg:config_shiftreg_46|                                                                               ; 1 (1)       ; 1 (1)                     ; 0 (0)         ; 0           ; 0    ; 0          ; 0            ; 0       ; 0         ; 0    ; 0            ; 0 (0)        ; 0 (0)             ; 1 (1)            ; 0          ; |DLX|sld_signaltap:auto_signaltap_0|sld_signaltap_impl:sld_signaltap_body|sld_signaltap_implb:sld_signaltap_body|sld_ela_control:ela_control|sld_ela_trigger:\multi_level_advanced_trigger_gen:advanced_trigger_wrapper|sld_ela_trigger_b9o:auto_generated|sld_reserved_DLX_auto_signaltap_0_1_1d51:mgl_prim1|lpm_shiftreg:config_shiftreg_46                                          ; lpm_shiftreg                             ; work         ;
;                         |lpm_shiftreg:config_shiftreg_48|                                                                               ; 3 (3)       ; 3 (3)                     ; 0 (0)         ; 0           ; 0    ; 0          ; 0            ; 0       ; 0         ; 0    ; 0            ; 0 (0)        ; 2 (2)             ; 1 (1)            ; 0          ; |DLX|sld_signaltap:auto_signaltap_0|sld_signaltap_impl:sld_signaltap_body|sld_signaltap_implb:sld_signaltap_body|sld_ela_control:ela_control|sld_ela_trigger:\multi_level_advanced_trigger_gen:advanced_trigger_wrapper|sld_ela_trigger_b9o:auto_generated|sld_reserved_DLX_auto_signaltap_0_1_1d51:mgl_prim1|lpm_shiftreg:config_shiftreg_48                                          ; lpm_shiftreg                             ; work         ;
;                         |lpm_shiftreg:config_shiftreg_49|                                                                               ; 1 (1)       ; 1 (1)                     ; 0 (0)         ; 0           ; 0    ; 0          ; 0            ; 0       ; 0         ; 0    ; 0            ; 0 (0)        ; 0 (0)             ; 1 (1)            ; 0          ; |DLX|sld_signaltap:auto_signaltap_0|sld_signaltap_impl:sld_signaltap_body|sld_signaltap_implb:sld_signaltap_body|sld_ela_control:ela_control|sld_ela_trigger:\multi_level_advanced_trigger_gen:advanced_trigger_wrapper|sld_ela_trigger_b9o:auto_generated|sld_reserved_DLX_auto_signaltap_0_1_1d51:mgl_prim1|lpm_shiftreg:config_shiftreg_49                                          ; lpm_shiftreg                             ; work         ;
;                         |lpm_shiftreg:config_shiftreg_4|                                                                                ; 3 (3)       ; 3 (3)                     ; 0 (0)         ; 0           ; 0    ; 0          ; 0            ; 0       ; 0         ; 0    ; 0            ; 0 (0)        ; 2 (2)             ; 1 (1)            ; 0          ; |DLX|sld_signaltap:auto_signaltap_0|sld_signaltap_impl:sld_signaltap_body|sld_signaltap_implb:sld_signaltap_body|sld_ela_control:ela_control|sld_ela_trigger:\multi_level_advanced_trigger_gen:advanced_trigger_wrapper|sld_ela_trigger_b9o:auto_generated|sld_reserved_DLX_auto_signaltap_0_1_1d51:mgl_prim1|lpm_shiftreg:config_shiftreg_4                                           ; lpm_shiftreg                             ; work         ;
;                         |lpm_shiftreg:config_shiftreg_51|                                                                               ; 3 (3)       ; 3 (3)                     ; 0 (0)         ; 0           ; 0    ; 0          ; 0            ; 0       ; 0         ; 0    ; 0            ; 0 (0)        ; 2 (2)             ; 1 (1)            ; 0          ; |DLX|sld_signaltap:auto_signaltap_0|sld_signaltap_impl:sld_signaltap_body|sld_signaltap_implb:sld_signaltap_body|sld_ela_control:ela_control|sld_ela_trigger:\multi_level_advanced_trigger_gen:advanced_trigger_wrapper|sld_ela_trigger_b9o:auto_generated|sld_reserved_DLX_auto_signaltap_0_1_1d51:mgl_prim1|lpm_shiftreg:config_shiftreg_51                                          ; lpm_shiftreg                             ; work         ;
;                         |lpm_shiftreg:config_shiftreg_52|                                                                               ; 1 (1)       ; 1 (1)                     ; 0 (0)         ; 0           ; 0    ; 0          ; 0            ; 0       ; 0         ; 0    ; 0            ; 0 (0)        ; 0 (0)             ; 1 (1)            ; 0          ; |DLX|sld_signaltap:auto_signaltap_0|sld_signaltap_impl:sld_signaltap_body|sld_signaltap_implb:sld_signaltap_body|sld_ela_control:ela_control|sld_ela_trigger:\multi_level_advanced_trigger_gen:advanced_trigger_wrapper|sld_ela_trigger_b9o:auto_generated|sld_reserved_DLX_auto_signaltap_0_1_1d51:mgl_prim1|lpm_shiftreg:config_shiftreg_52                                          ; lpm_shiftreg                             ; work         ;
;                         |lpm_shiftreg:config_shiftreg_54|                                                                               ; 3 (3)       ; 3 (3)                     ; 0 (0)         ; 0           ; 0    ; 0          ; 0            ; 0       ; 0         ; 0    ; 0            ; 0 (0)        ; 2 (2)             ; 1 (1)            ; 0          ; |DLX|sld_signaltap:auto_signaltap_0|sld_signaltap_impl:sld_signaltap_body|sld_signaltap_implb:sld_signaltap_body|sld_ela_control:ela_control|sld_ela_trigger:\multi_level_advanced_trigger_gen:advanced_trigger_wrapper|sld_ela_trigger_b9o:auto_generated|sld_reserved_DLX_auto_signaltap_0_1_1d51:mgl_prim1|lpm_shiftreg:config_shiftreg_54                                          ; lpm_shiftreg                             ; work         ;
;                         |lpm_shiftreg:config_shiftreg_55|                                                                               ; 1 (1)       ; 1 (1)                     ; 0 (0)         ; 0           ; 0    ; 0          ; 0            ; 0       ; 0         ; 0    ; 0            ; 0 (0)        ; 0 (0)             ; 1 (1)            ; 0          ; |DLX|sld_signaltap:auto_signaltap_0|sld_signaltap_impl:sld_signaltap_body|sld_signaltap_implb:sld_signaltap_body|sld_ela_control:ela_control|sld_ela_trigger:\multi_level_advanced_trigger_gen:advanced_trigger_wrapper|sld_ela_trigger_b9o:auto_generated|sld_reserved_DLX_auto_signaltap_0_1_1d51:mgl_prim1|lpm_shiftreg:config_shiftreg_55                                          ; lpm_shiftreg                             ; work         ;
;                         |lpm_shiftreg:config_shiftreg_57|                                                                               ; 3 (3)       ; 3 (3)                     ; 0 (0)         ; 0           ; 0    ; 0          ; 0            ; 0       ; 0         ; 0    ; 0            ; 0 (0)        ; 2 (2)             ; 1 (1)            ; 0          ; |DLX|sld_signaltap:auto_signaltap_0|sld_signaltap_impl:sld_signaltap_body|sld_signaltap_implb:sld_signaltap_body|sld_ela_control:ela_control|sld_ela_trigger:\multi_level_advanced_trigger_gen:advanced_trigger_wrapper|sld_ela_trigger_b9o:auto_generated|sld_reserved_DLX_auto_signaltap_0_1_1d51:mgl_prim1|lpm_shiftreg:config_shiftreg_57                                          ; lpm_shiftreg                             ; work         ;
;                         |lpm_shiftreg:config_shiftreg_58|                                                                               ; 1 (1)       ; 1 (1)                     ; 0 (0)         ; 0           ; 0    ; 0          ; 0            ; 0       ; 0         ; 0    ; 0            ; 0 (0)        ; 0 (0)             ; 1 (1)            ; 0          ; |DLX|sld_signaltap:auto_signaltap_0|sld_signaltap_impl:sld_signaltap_body|sld_signaltap_implb:sld_signaltap_body|sld_ela_control:ela_control|sld_ela_trigger:\multi_level_advanced_trigger_gen:advanced_trigger_wrapper|sld_ela_trigger_b9o:auto_generated|sld_reserved_DLX_auto_signaltap_0_1_1d51:mgl_prim1|lpm_shiftreg:config_shiftreg_58                                          ; lpm_shiftreg                             ; work         ;
;                         |lpm_shiftreg:config_shiftreg_5|                                                                                ; 1 (1)       ; 1 (1)                     ; 0 (0)         ; 0           ; 0    ; 0          ; 0            ; 0       ; 0         ; 0    ; 0            ; 0 (0)        ; 0 (0)             ; 1 (1)            ; 0          ; |DLX|sld_signaltap:auto_signaltap_0|sld_signaltap_impl:sld_signaltap_body|sld_signaltap_implb:sld_signaltap_body|sld_ela_control:ela_control|sld_ela_trigger:\multi_level_advanced_trigger_gen:advanced_trigger_wrapper|sld_ela_trigger_b9o:auto_generated|sld_reserved_DLX_auto_signaltap_0_1_1d51:mgl_prim1|lpm_shiftreg:config_shiftreg_5                                           ; lpm_shiftreg                             ; work         ;
;                         |lpm_shiftreg:config_shiftreg_60|                                                                               ; 3 (3)       ; 3 (3)                     ; 0 (0)         ; 0           ; 0    ; 0          ; 0            ; 0       ; 0         ; 0    ; 0            ; 0 (0)        ; 2 (2)             ; 1 (1)            ; 0          ; |DLX|sld_signaltap:auto_signaltap_0|sld_signaltap_impl:sld_signaltap_body|sld_signaltap_implb:sld_signaltap_body|sld_ela_control:ela_control|sld_ela_trigger:\multi_level_advanced_trigger_gen:advanced_trigger_wrapper|sld_ela_trigger_b9o:auto_generated|sld_reserved_DLX_auto_signaltap_0_1_1d51:mgl_prim1|lpm_shiftreg:config_shiftreg_60                                          ; lpm_shiftreg                             ; work         ;
;                         |lpm_shiftreg:config_shiftreg_61|                                                                               ; 1 (1)       ; 1 (1)                     ; 0 (0)         ; 0           ; 0    ; 0          ; 0            ; 0       ; 0         ; 0    ; 0            ; 0 (0)        ; 0 (0)             ; 1 (1)            ; 0          ; |DLX|sld_signaltap:auto_signaltap_0|sld_signaltap_impl:sld_signaltap_body|sld_signaltap_implb:sld_signaltap_body|sld_ela_control:ela_control|sld_ela_trigger:\multi_level_advanced_trigger_gen:advanced_trigger_wrapper|sld_ela_trigger_b9o:auto_generated|sld_reserved_DLX_auto_signaltap_0_1_1d51:mgl_prim1|lpm_shiftreg:config_shiftreg_61                                          ; lpm_shiftreg                             ; work         ;
;                         |lpm_shiftreg:config_shiftreg_63|                                                                               ; 3 (3)       ; 3 (3)                     ; 0 (0)         ; 0           ; 0    ; 0          ; 0            ; 0       ; 0         ; 0    ; 0            ; 0 (0)        ; 2 (2)             ; 1 (1)            ; 0          ; |DLX|sld_signaltap:auto_signaltap_0|sld_signaltap_impl:sld_signaltap_body|sld_signaltap_implb:sld_signaltap_body|sld_ela_control:ela_control|sld_ela_trigger:\multi_level_advanced_trigger_gen:advanced_trigger_wrapper|sld_ela_trigger_b9o:auto_generated|sld_reserved_DLX_auto_signaltap_0_1_1d51:mgl_prim1|lpm_shiftreg:config_shiftreg_63                                          ; lpm_shiftreg                             ; work         ;
;                         |lpm_shiftreg:config_shiftreg_64|                                                                               ; 1 (1)       ; 1 (1)                     ; 0 (0)         ; 0           ; 0    ; 0          ; 0            ; 0       ; 0         ; 0    ; 0            ; 0 (0)        ; 0 (0)             ; 1 (1)            ; 0          ; |DLX|sld_signaltap:auto_signaltap_0|sld_signaltap_impl:sld_signaltap_body|sld_signaltap_implb:sld_signaltap_body|sld_ela_control:ela_control|sld_ela_trigger:\multi_level_advanced_trigger_gen:advanced_trigger_wrapper|sld_ela_trigger_b9o:auto_generated|sld_reserved_DLX_auto_signaltap_0_1_1d51:mgl_prim1|lpm_shiftreg:config_shiftreg_64                                          ; lpm_shiftreg                             ; work         ;
;                         |lpm_shiftreg:config_shiftreg_66|                                                                               ; 3 (3)       ; 3 (3)                     ; 0 (0)         ; 0           ; 0    ; 0          ; 0            ; 0       ; 0         ; 0    ; 0            ; 0 (0)        ; 2 (2)             ; 1 (1)            ; 0          ; |DLX|sld_signaltap:auto_signaltap_0|sld_signaltap_impl:sld_signaltap_body|sld_signaltap_implb:sld_signaltap_body|sld_ela_control:ela_control|sld_ela_trigger:\multi_level_advanced_trigger_gen:advanced_trigger_wrapper|sld_ela_trigger_b9o:auto_generated|sld_reserved_DLX_auto_signaltap_0_1_1d51:mgl_prim1|lpm_shiftreg:config_shiftreg_66                                          ; lpm_shiftreg                             ; work         ;
;                         |lpm_shiftreg:config_shiftreg_67|                                                                               ; 1 (1)       ; 1 (1)                     ; 0 (0)         ; 0           ; 0    ; 0          ; 0            ; 0       ; 0         ; 0    ; 0            ; 0 (0)        ; 0 (0)             ; 1 (1)            ; 0          ; |DLX|sld_signaltap:auto_signaltap_0|sld_signaltap_impl:sld_signaltap_body|sld_signaltap_implb:sld_signaltap_body|sld_ela_control:ela_control|sld_ela_trigger:\multi_level_advanced_trigger_gen:advanced_trigger_wrapper|sld_ela_trigger_b9o:auto_generated|sld_reserved_DLX_auto_signaltap_0_1_1d51:mgl_prim1|lpm_shiftreg:config_shiftreg_67                                          ; lpm_shiftreg                             ; work         ;
;                         |lpm_shiftreg:config_shiftreg_69|                                                                               ; 3 (3)       ; 3 (3)                     ; 0 (0)         ; 0           ; 0    ; 0          ; 0            ; 0       ; 0         ; 0    ; 0            ; 0 (0)        ; 2 (2)             ; 1 (1)            ; 0          ; |DLX|sld_signaltap:auto_signaltap_0|sld_signaltap_impl:sld_signaltap_body|sld_signaltap_implb:sld_signaltap_body|sld_ela_control:ela_control|sld_ela_trigger:\multi_level_advanced_trigger_gen:advanced_trigger_wrapper|sld_ela_trigger_b9o:auto_generated|sld_reserved_DLX_auto_signaltap_0_1_1d51:mgl_prim1|lpm_shiftreg:config_shiftreg_69                                          ; lpm_shiftreg                             ; work         ;
;                         |lpm_shiftreg:config_shiftreg_70|                                                                               ; 1 (1)       ; 1 (1)                     ; 0 (0)         ; 0           ; 0    ; 0          ; 0            ; 0       ; 0         ; 0    ; 0            ; 0 (0)        ; 0 (0)             ; 1 (1)            ; 0          ; |DLX|sld_signaltap:auto_signaltap_0|sld_signaltap_impl:sld_signaltap_body|sld_signaltap_implb:sld_signaltap_body|sld_ela_control:ela_control|sld_ela_trigger:\multi_level_advanced_trigger_gen:advanced_trigger_wrapper|sld_ela_trigger_b9o:auto_generated|sld_reserved_DLX_auto_signaltap_0_1_1d51:mgl_prim1|lpm_shiftreg:config_shiftreg_70                                          ; lpm_shiftreg                             ; work         ;
;                         |lpm_shiftreg:config_shiftreg_72|                                                                               ; 3 (3)       ; 3 (3)                     ; 0 (0)         ; 0           ; 0    ; 0          ; 0            ; 0       ; 0         ; 0    ; 0            ; 0 (0)        ; 2 (2)             ; 1 (1)            ; 0          ; |DLX|sld_signaltap:auto_signaltap_0|sld_signaltap_impl:sld_signaltap_body|sld_signaltap_implb:sld_signaltap_body|sld_ela_control:ela_control|sld_ela_trigger:\multi_level_advanced_trigger_gen:advanced_trigger_wrapper|sld_ela_trigger_b9o:auto_generated|sld_reserved_DLX_auto_signaltap_0_1_1d51:mgl_prim1|lpm_shiftreg:config_shiftreg_72                                          ; lpm_shiftreg                             ; work         ;
;                         |lpm_shiftreg:config_shiftreg_73|                                                                               ; 1 (1)       ; 1 (1)                     ; 0 (0)         ; 0           ; 0    ; 0          ; 0            ; 0       ; 0         ; 0    ; 0            ; 0 (0)        ; 0 (0)             ; 1 (1)            ; 0          ; |DLX|sld_signaltap:auto_signaltap_0|sld_signaltap_impl:sld_signaltap_body|sld_signaltap_implb:sld_signaltap_body|sld_ela_control:ela_control|sld_ela_trigger:\multi_level_advanced_trigger_gen:advanced_trigger_wrapper|sld_ela_trigger_b9o:auto_generated|sld_reserved_DLX_auto_signaltap_0_1_1d51:mgl_prim1|lpm_shiftreg:config_shiftreg_73                                          ; lpm_shiftreg                             ; work         ;
;                         |lpm_shiftreg:config_shiftreg_75|                                                                               ; 3 (3)       ; 3 (3)                     ; 0 (0)         ; 0           ; 0    ; 0          ; 0            ; 0       ; 0         ; 0    ; 0            ; 0 (0)        ; 2 (2)             ; 1 (1)            ; 0          ; |DLX|sld_signaltap:auto_signaltap_0|sld_signaltap_impl:sld_signaltap_body|sld_signaltap_implb:sld_signaltap_body|sld_ela_control:ela_control|sld_ela_trigger:\multi_level_advanced_trigger_gen:advanced_trigger_wrapper|sld_ela_trigger_b9o:auto_generated|sld_reserved_DLX_auto_signaltap_0_1_1d51:mgl_prim1|lpm_shiftreg:config_shiftreg_75                                          ; lpm_shiftreg                             ; work         ;
;                         |lpm_shiftreg:config_shiftreg_76|                                                                               ; 1 (1)       ; 1 (1)                     ; 0 (0)         ; 0           ; 0    ; 0          ; 0            ; 0       ; 0         ; 0    ; 0            ; 0 (0)        ; 0 (0)             ; 1 (1)            ; 0          ; |DLX|sld_signaltap:auto_signaltap_0|sld_signaltap_impl:sld_signaltap_body|sld_signaltap_implb:sld_signaltap_body|sld_ela_control:ela_control|sld_ela_trigger:\multi_level_advanced_trigger_gen:advanced_trigger_wrapper|sld_ela_trigger_b9o:auto_generated|sld_reserved_DLX_auto_signaltap_0_1_1d51:mgl_prim1|lpm_shiftreg:config_shiftreg_76                                          ; lpm_shiftreg                             ; work         ;
;                         |lpm_shiftreg:config_shiftreg_78|                                                                               ; 3 (3)       ; 3 (3)                     ; 0 (0)         ; 0           ; 0    ; 0          ; 0            ; 0       ; 0         ; 0    ; 0            ; 0 (0)        ; 2 (2)             ; 1 (1)            ; 0          ; |DLX|sld_signaltap:auto_signaltap_0|sld_signaltap_impl:sld_signaltap_body|sld_signaltap_implb:sld_signaltap_body|sld_ela_control:ela_control|sld_ela_trigger:\multi_level_advanced_trigger_gen:advanced_trigger_wrapper|sld_ela_trigger_b9o:auto_generated|sld_reserved_DLX_auto_signaltap_0_1_1d51:mgl_prim1|lpm_shiftreg:config_shiftreg_78                                          ; lpm_shiftreg                             ; work         ;
;                         |lpm_shiftreg:config_shiftreg_79|                                                                               ; 1 (1)       ; 1 (1)                     ; 0 (0)         ; 0           ; 0    ; 0          ; 0            ; 0       ; 0         ; 0    ; 0            ; 0 (0)        ; 0 (0)             ; 1 (1)            ; 0          ; |DLX|sld_signaltap:auto_signaltap_0|sld_signaltap_impl:sld_signaltap_body|sld_signaltap_implb:sld_signaltap_body|sld_ela_control:ela_control|sld_ela_trigger:\multi_level_advanced_trigger_gen:advanced_trigger_wrapper|sld_ela_trigger_b9o:auto_generated|sld_reserved_DLX_auto_signaltap_0_1_1d51:mgl_prim1|lpm_shiftreg:config_shiftreg_79                                          ; lpm_shiftreg                             ; work         ;
;                         |lpm_shiftreg:config_shiftreg_7|                                                                                ; 3 (3)       ; 3 (3)                     ; 0 (0)         ; 0           ; 0    ; 0          ; 0            ; 0       ; 0         ; 0    ; 0            ; 0 (0)        ; 2 (2)             ; 1 (1)            ; 0          ; |DLX|sld_signaltap:auto_signaltap_0|sld_signaltap_impl:sld_signaltap_body|sld_signaltap_implb:sld_signaltap_body|sld_ela_control:ela_control|sld_ela_trigger:\multi_level_advanced_trigger_gen:advanced_trigger_wrapper|sld_ela_trigger_b9o:auto_generated|sld_reserved_DLX_auto_signaltap_0_1_1d51:mgl_prim1|lpm_shiftreg:config_shiftreg_7                                           ; lpm_shiftreg                             ; work         ;
;                         |lpm_shiftreg:config_shiftreg_81|                                                                               ; 3 (3)       ; 3 (3)                     ; 0 (0)         ; 0           ; 0    ; 0          ; 0            ; 0       ; 0         ; 0    ; 0            ; 0 (0)        ; 2 (2)             ; 1 (1)            ; 0          ; |DLX|sld_signaltap:auto_signaltap_0|sld_signaltap_impl:sld_signaltap_body|sld_signaltap_implb:sld_signaltap_body|sld_ela_control:ela_control|sld_ela_trigger:\multi_level_advanced_trigger_gen:advanced_trigger_wrapper|sld_ela_trigger_b9o:auto_generated|sld_reserved_DLX_auto_signaltap_0_1_1d51:mgl_prim1|lpm_shiftreg:config_shiftreg_81                                          ; lpm_shiftreg                             ; work         ;
;                         |lpm_shiftreg:config_shiftreg_82|                                                                               ; 1 (1)       ; 1 (1)                     ; 0 (0)         ; 0           ; 0    ; 0          ; 0            ; 0       ; 0         ; 0    ; 0            ; 0 (0)        ; 0 (0)             ; 1 (1)            ; 0          ; |DLX|sld_signaltap:auto_signaltap_0|sld_signaltap_impl:sld_signaltap_body|sld_signaltap_implb:sld_signaltap_body|sld_ela_control:ela_control|sld_ela_trigger:\multi_level_advanced_trigger_gen:advanced_trigger_wrapper|sld_ela_trigger_b9o:auto_generated|sld_reserved_DLX_auto_signaltap_0_1_1d51:mgl_prim1|lpm_shiftreg:config_shiftreg_82                                          ; lpm_shiftreg                             ; work         ;
;                         |lpm_shiftreg:config_shiftreg_84|                                                                               ; 3 (3)       ; 3 (3)                     ; 0 (0)         ; 0           ; 0    ; 0          ; 0            ; 0       ; 0         ; 0    ; 0            ; 0 (0)        ; 2 (2)             ; 1 (1)            ; 0          ; |DLX|sld_signaltap:auto_signaltap_0|sld_signaltap_impl:sld_signaltap_body|sld_signaltap_implb:sld_signaltap_body|sld_ela_control:ela_control|sld_ela_trigger:\multi_level_advanced_trigger_gen:advanced_trigger_wrapper|sld_ela_trigger_b9o:auto_generated|sld_reserved_DLX_auto_signaltap_0_1_1d51:mgl_prim1|lpm_shiftreg:config_shiftreg_84                                          ; lpm_shiftreg                             ; work         ;
;                         |lpm_shiftreg:config_shiftreg_85|                                                                               ; 1 (1)       ; 1 (1)                     ; 0 (0)         ; 0           ; 0    ; 0          ; 0            ; 0       ; 0         ; 0    ; 0            ; 0 (0)        ; 0 (0)             ; 1 (1)            ; 0          ; |DLX|sld_signaltap:auto_signaltap_0|sld_signaltap_impl:sld_signaltap_body|sld_signaltap_implb:sld_signaltap_body|sld_ela_control:ela_control|sld_ela_trigger:\multi_level_advanced_trigger_gen:advanced_trigger_wrapper|sld_ela_trigger_b9o:auto_generated|sld_reserved_DLX_auto_signaltap_0_1_1d51:mgl_prim1|lpm_shiftreg:config_shiftreg_85                                          ; lpm_shiftreg                             ; work         ;
;                         |lpm_shiftreg:config_shiftreg_87|                                                                               ; 3 (3)       ; 3 (3)                     ; 0 (0)         ; 0           ; 0    ; 0          ; 0            ; 0       ; 0         ; 0    ; 0            ; 0 (0)        ; 2 (2)             ; 1 (1)            ; 0          ; |DLX|sld_signaltap:auto_signaltap_0|sld_signaltap_impl:sld_signaltap_body|sld_signaltap_implb:sld_signaltap_body|sld_ela_control:ela_control|sld_ela_trigger:\multi_level_advanced_trigger_gen:advanced_trigger_wrapper|sld_ela_trigger_b9o:auto_generated|sld_reserved_DLX_auto_signaltap_0_1_1d51:mgl_prim1|lpm_shiftreg:config_shiftreg_87                                          ; lpm_shiftreg                             ; work         ;
;                         |lpm_shiftreg:config_shiftreg_88|                                                                               ; 1 (1)       ; 1 (1)                     ; 0 (0)         ; 0           ; 0    ; 0          ; 0            ; 0       ; 0         ; 0    ; 0            ; 0 (0)        ; 0 (0)             ; 1 (1)            ; 0          ; |DLX|sld_signaltap:auto_signaltap_0|sld_signaltap_impl:sld_signaltap_body|sld_signaltap_implb:sld_signaltap_body|sld_ela_control:ela_control|sld_ela_trigger:\multi_level_advanced_trigger_gen:advanced_trigger_wrapper|sld_ela_trigger_b9o:auto_generated|sld_reserved_DLX_auto_signaltap_0_1_1d51:mgl_prim1|lpm_shiftreg:config_shiftreg_88                                          ; lpm_shiftreg                             ; work         ;
;                         |lpm_shiftreg:config_shiftreg_8|                                                                                ; 1 (1)       ; 1 (1)                     ; 0 (0)         ; 0           ; 0    ; 0          ; 0            ; 0       ; 0         ; 0    ; 0            ; 0 (0)        ; 0 (0)             ; 1 (1)            ; 0          ; |DLX|sld_signaltap:auto_signaltap_0|sld_signaltap_impl:sld_signaltap_body|sld_signaltap_implb:sld_signaltap_body|sld_ela_control:ela_control|sld_ela_trigger:\multi_level_advanced_trigger_gen:advanced_trigger_wrapper|sld_ela_trigger_b9o:auto_generated|sld_reserved_DLX_auto_signaltap_0_1_1d51:mgl_prim1|lpm_shiftreg:config_shiftreg_8                                           ; lpm_shiftreg                             ; work         ;
;                         |lpm_shiftreg:config_shiftreg_90|                                                                               ; 3 (3)       ; 3 (3)                     ; 0 (0)         ; 0           ; 0    ; 0          ; 0            ; 0       ; 0         ; 0    ; 0            ; 0 (0)        ; 2 (2)             ; 1 (1)            ; 0          ; |DLX|sld_signaltap:auto_signaltap_0|sld_signaltap_impl:sld_signaltap_body|sld_signaltap_implb:sld_signaltap_body|sld_ela_control:ela_control|sld_ela_trigger:\multi_level_advanced_trigger_gen:advanced_trigger_wrapper|sld_ela_trigger_b9o:auto_generated|sld_reserved_DLX_auto_signaltap_0_1_1d51:mgl_prim1|lpm_shiftreg:config_shiftreg_90                                          ; lpm_shiftreg                             ; work         ;
;                         |lpm_shiftreg:config_shiftreg_91|                                                                               ; 1 (1)       ; 1 (1)                     ; 0 (0)         ; 0           ; 0    ; 0          ; 0            ; 0       ; 0         ; 0    ; 0            ; 0 (0)        ; 0 (0)             ; 1 (1)            ; 0          ; |DLX|sld_signaltap:auto_signaltap_0|sld_signaltap_impl:sld_signaltap_body|sld_signaltap_implb:sld_signaltap_body|sld_ela_control:ela_control|sld_ela_trigger:\multi_level_advanced_trigger_gen:advanced_trigger_wrapper|sld_ela_trigger_b9o:auto_generated|sld_reserved_DLX_auto_signaltap_0_1_1d51:mgl_prim1|lpm_shiftreg:config_shiftreg_91                                          ; lpm_shiftreg                             ; work         ;
;                         |lpm_shiftreg:config_shiftreg_93|                                                                               ; 3 (3)       ; 3 (3)                     ; 0 (0)         ; 0           ; 0    ; 0          ; 0            ; 0       ; 0         ; 0    ; 0            ; 0 (0)        ; 2 (2)             ; 1 (1)            ; 0          ; |DLX|sld_signaltap:auto_signaltap_0|sld_signaltap_impl:sld_signaltap_body|sld_signaltap_implb:sld_signaltap_body|sld_ela_control:ela_control|sld_ela_trigger:\multi_level_advanced_trigger_gen:advanced_trigger_wrapper|sld_ela_trigger_b9o:auto_generated|sld_reserved_DLX_auto_signaltap_0_1_1d51:mgl_prim1|lpm_shiftreg:config_shiftreg_93                                          ; lpm_shiftreg                             ; work         ;
;                         |lpm_shiftreg:config_shiftreg_94|                                                                               ; 1 (1)       ; 1 (1)                     ; 0 (0)         ; 0           ; 0    ; 0          ; 0            ; 0       ; 0         ; 0    ; 0            ; 0 (0)        ; 0 (0)             ; 1 (1)            ; 0          ; |DLX|sld_signaltap:auto_signaltap_0|sld_signaltap_impl:sld_signaltap_body|sld_signaltap_implb:sld_signaltap_body|sld_ela_control:ela_control|sld_ela_trigger:\multi_level_advanced_trigger_gen:advanced_trigger_wrapper|sld_ela_trigger_b9o:auto_generated|sld_reserved_DLX_auto_signaltap_0_1_1d51:mgl_prim1|lpm_shiftreg:config_shiftreg_94                                          ; lpm_shiftreg                             ; work         ;
;                         |lpm_shiftreg:config_shiftreg_96|                                                                               ; 3 (3)       ; 3 (3)                     ; 0 (0)         ; 0           ; 0    ; 0          ; 0            ; 0       ; 0         ; 0    ; 0            ; 0 (0)        ; 2 (2)             ; 1 (1)            ; 0          ; |DLX|sld_signaltap:auto_signaltap_0|sld_signaltap_impl:sld_signaltap_body|sld_signaltap_implb:sld_signaltap_body|sld_ela_control:ela_control|sld_ela_trigger:\multi_level_advanced_trigger_gen:advanced_trigger_wrapper|sld_ela_trigger_b9o:auto_generated|sld_reserved_DLX_auto_signaltap_0_1_1d51:mgl_prim1|lpm_shiftreg:config_shiftreg_96                                          ; lpm_shiftreg                             ; work         ;
;                         |lpm_shiftreg:config_shiftreg_97|                                                                               ; 1 (1)       ; 1 (1)                     ; 0 (0)         ; 0           ; 0    ; 0          ; 0            ; 0       ; 0         ; 0    ; 0            ; 0 (0)        ; 0 (0)             ; 1 (1)            ; 0          ; |DLX|sld_signaltap:auto_signaltap_0|sld_signaltap_impl:sld_signaltap_body|sld_signaltap_implb:sld_signaltap_body|sld_ela_control:ela_control|sld_ela_trigger:\multi_level_advanced_trigger_gen:advanced_trigger_wrapper|sld_ela_trigger_b9o:auto_generated|sld_reserved_DLX_auto_signaltap_0_1_1d51:mgl_prim1|lpm_shiftreg:config_shiftreg_97                                          ; lpm_shiftreg                             ; work         ;
;                         |lpm_shiftreg:config_shiftreg_99|                                                                               ; 3 (3)       ; 3 (3)                     ; 0 (0)         ; 0           ; 0    ; 0          ; 0            ; 0       ; 0         ; 0    ; 0            ; 0 (0)        ; 2 (2)             ; 1 (1)            ; 0          ; |DLX|sld_signaltap:auto_signaltap_0|sld_signaltap_impl:sld_signaltap_body|sld_signaltap_implb:sld_signaltap_body|sld_ela_control:ela_control|sld_ela_trigger:\multi_level_advanced_trigger_gen:advanced_trigger_wrapper|sld_ela_trigger_b9o:auto_generated|sld_reserved_DLX_auto_signaltap_0_1_1d51:mgl_prim1|lpm_shiftreg:config_shiftreg_99                                          ; lpm_shiftreg                             ; work         ;
;                         |sld_alt_reduction:unary_126|                                                                                   ; 12 (12)     ; 0 (0)                     ; 0 (0)         ; 0           ; 0    ; 0          ; 0            ; 0       ; 0         ; 0    ; 0            ; 12 (12)      ; 0 (0)             ; 0 (0)            ; 0          ; |DLX|sld_signaltap:auto_signaltap_0|sld_signaltap_impl:sld_signaltap_body|sld_signaltap_implb:sld_signaltap_body|sld_ela_control:ela_control|sld_ela_trigger:\multi_level_advanced_trigger_gen:advanced_trigger_wrapper|sld_ela_trigger_b9o:auto_generated|sld_reserved_DLX_auto_signaltap_0_1_1d51:mgl_prim1|sld_alt_reduction:unary_126                                              ; sld_alt_reduction                        ; work         ;
;                         |sld_alt_reduction:unary_1|                                                                                     ; 11 (11)     ; 0 (0)                     ; 0 (0)         ; 0           ; 0    ; 0          ; 0            ; 0       ; 0         ; 0    ; 0            ; 9 (9)        ; 0 (0)             ; 2 (2)            ; 0          ; |DLX|sld_signaltap:auto_signaltap_0|sld_signaltap_impl:sld_signaltap_body|sld_signaltap_implb:sld_signaltap_body|sld_ela_control:ela_control|sld_ela_trigger:\multi_level_advanced_trigger_gen:advanced_trigger_wrapper|sld_ela_trigger_b9o:auto_generated|sld_reserved_DLX_auto_signaltap_0_1_1d51:mgl_prim1|sld_alt_reduction:unary_1                                                ; sld_alt_reduction                        ; work         ;
;                         |sld_alt_reduction:unary_28|                                                                                    ; 36 (36)     ; 0 (0)                     ; 0 (0)         ; 0           ; 0    ; 0          ; 0            ; 0       ; 0         ; 0    ; 0            ; 32 (32)      ; 0 (0)             ; 4 (4)            ; 0          ; |DLX|sld_signaltap:auto_signaltap_0|sld_signaltap_impl:sld_signaltap_body|sld_signaltap_implb:sld_signaltap_body|sld_ela_control:ela_control|sld_ela_trigger:\multi_level_advanced_trigger_gen:advanced_trigger_wrapper|sld_ela_trigger_b9o:auto_generated|sld_reserved_DLX_auto_signaltap_0_1_1d51:mgl_prim1|sld_alt_reduction:unary_28                                               ; sld_alt_reduction                        ; work         ;
;                         |sld_alt_reduction:unary_2|                                                                                     ; 11 (11)     ; 0 (0)                     ; 0 (0)         ; 0           ; 0    ; 0          ; 0            ; 0       ; 0         ; 0    ; 0            ; 11 (11)      ; 0 (0)             ; 0 (0)            ; 0          ; |DLX|sld_signaltap:auto_signaltap_0|sld_signaltap_impl:sld_signaltap_body|sld_signaltap_implb:sld_signaltap_body|sld_ela_control:ela_control|sld_ela_trigger:\multi_level_advanced_trigger_gen:advanced_trigger_wrapper|sld_ela_trigger_b9o:auto_generated|sld_reserved_DLX_auto_signaltap_0_1_1d51:mgl_prim1|sld_alt_reduction:unary_2                                                ; sld_alt_reduction                        ; work         ;
;                         |sld_mbpmg:mbpm_101|                                                                                            ; 1 (0)       ; 1 (0)                     ; 0 (0)         ; 0           ; 0    ; 0          ; 0            ; 0       ; 0         ; 0    ; 0            ; 0 (0)        ; 0 (0)             ; 1 (0)            ; 0          ; |DLX|sld_signaltap:auto_signaltap_0|sld_signaltap_impl:sld_signaltap_body|sld_signaltap_implb:sld_signaltap_body|sld_ela_control:ela_control|sld_ela_trigger:\multi_level_advanced_trigger_gen:advanced_trigger_wrapper|sld_ela_trigger_b9o:auto_generated|sld_reserved_DLX_auto_signaltap_0_1_1d51:mgl_prim1|sld_mbpmg:mbpm_101                                                       ; sld_mbpmg                                ; work         ;
;                            |sld_sbpmg:\gen_sbpmg_pipeline_less_than_two:sm0:0:sm1|                                                      ; 1 (1)       ; 1 (1)                     ; 0 (0)         ; 0           ; 0    ; 0          ; 0            ; 0       ; 0         ; 0    ; 0            ; 0 (0)        ; 0 (0)             ; 1 (1)            ; 0          ; |DLX|sld_signaltap:auto_signaltap_0|sld_signaltap_impl:sld_signaltap_body|sld_signaltap_implb:sld_signaltap_body|sld_ela_control:ela_control|sld_ela_trigger:\multi_level_advanced_trigger_gen:advanced_trigger_wrapper|sld_ela_trigger_b9o:auto_generated|sld_reserved_DLX_auto_signaltap_0_1_1d51:mgl_prim1|sld_mbpmg:mbpm_101|sld_sbpmg:\gen_sbpmg_pipeline_less_than_two:sm0:0:sm1 ; sld_sbpmg                                ; work         ;
;                         |sld_mbpmg:mbpm_104|                                                                                            ; 1 (0)       ; 1 (0)                     ; 0 (0)         ; 0           ; 0    ; 0          ; 0            ; 0       ; 0         ; 0    ; 0            ; 0 (0)        ; 0 (0)             ; 1 (0)            ; 0          ; |DLX|sld_signaltap:auto_signaltap_0|sld_signaltap_impl:sld_signaltap_body|sld_signaltap_implb:sld_signaltap_body|sld_ela_control:ela_control|sld_ela_trigger:\multi_level_advanced_trigger_gen:advanced_trigger_wrapper|sld_ela_trigger_b9o:auto_generated|sld_reserved_DLX_auto_signaltap_0_1_1d51:mgl_prim1|sld_mbpmg:mbpm_104                                                       ; sld_mbpmg                                ; work         ;
;                            |sld_sbpmg:\gen_sbpmg_pipeline_less_than_two:sm0:0:sm1|                                                      ; 1 (1)       ; 1 (1)                     ; 0 (0)         ; 0           ; 0    ; 0          ; 0            ; 0       ; 0         ; 0    ; 0            ; 0 (0)        ; 0 (0)             ; 1 (1)            ; 0          ; |DLX|sld_signaltap:auto_signaltap_0|sld_signaltap_impl:sld_signaltap_body|sld_signaltap_implb:sld_signaltap_body|sld_ela_control:ela_control|sld_ela_trigger:\multi_level_advanced_trigger_gen:advanced_trigger_wrapper|sld_ela_trigger_b9o:auto_generated|sld_reserved_DLX_auto_signaltap_0_1_1d51:mgl_prim1|sld_mbpmg:mbpm_104|sld_sbpmg:\gen_sbpmg_pipeline_less_than_two:sm0:0:sm1 ; sld_sbpmg                                ; work         ;
;                         |sld_mbpmg:mbpm_107|                                                                                            ; 1 (0)       ; 1 (0)                     ; 0 (0)         ; 0           ; 0    ; 0          ; 0            ; 0       ; 0         ; 0    ; 0            ; 0 (0)        ; 0 (0)             ; 1 (0)            ; 0          ; |DLX|sld_signaltap:auto_signaltap_0|sld_signaltap_impl:sld_signaltap_body|sld_signaltap_implb:sld_signaltap_body|sld_ela_control:ela_control|sld_ela_trigger:\multi_level_advanced_trigger_gen:advanced_trigger_wrapper|sld_ela_trigger_b9o:auto_generated|sld_reserved_DLX_auto_signaltap_0_1_1d51:mgl_prim1|sld_mbpmg:mbpm_107                                                       ; sld_mbpmg                                ; work         ;
;                            |sld_sbpmg:\gen_sbpmg_pipeline_less_than_two:sm0:0:sm1|                                                      ; 1 (1)       ; 1 (1)                     ; 0 (0)         ; 0           ; 0    ; 0          ; 0            ; 0       ; 0         ; 0    ; 0            ; 0 (0)        ; 0 (0)             ; 1 (1)            ; 0          ; |DLX|sld_signaltap:auto_signaltap_0|sld_signaltap_impl:sld_signaltap_body|sld_signaltap_implb:sld_signaltap_body|sld_ela_control:ela_control|sld_ela_trigger:\multi_level_advanced_trigger_gen:advanced_trigger_wrapper|sld_ela_trigger_b9o:auto_generated|sld_reserved_DLX_auto_signaltap_0_1_1d51:mgl_prim1|sld_mbpmg:mbpm_107|sld_sbpmg:\gen_sbpmg_pipeline_less_than_two:sm0:0:sm1 ; sld_sbpmg                                ; work         ;
;                         |sld_mbpmg:mbpm_110|                                                                                            ; 1 (0)       ; 1 (0)                     ; 0 (0)         ; 0           ; 0    ; 0          ; 0            ; 0       ; 0         ; 0    ; 0            ; 0 (0)        ; 0 (0)             ; 1 (0)            ; 0          ; |DLX|sld_signaltap:auto_signaltap_0|sld_signaltap_impl:sld_signaltap_body|sld_signaltap_implb:sld_signaltap_body|sld_ela_control:ela_control|sld_ela_trigger:\multi_level_advanced_trigger_gen:advanced_trigger_wrapper|sld_ela_trigger_b9o:auto_generated|sld_reserved_DLX_auto_signaltap_0_1_1d51:mgl_prim1|sld_mbpmg:mbpm_110                                                       ; sld_mbpmg                                ; work         ;
;                            |sld_sbpmg:\gen_sbpmg_pipeline_less_than_two:sm0:0:sm1|                                                      ; 1 (1)       ; 1 (1)                     ; 0 (0)         ; 0           ; 0    ; 0          ; 0            ; 0       ; 0         ; 0    ; 0            ; 0 (0)        ; 0 (0)             ; 1 (1)            ; 0          ; |DLX|sld_signaltap:auto_signaltap_0|sld_signaltap_impl:sld_signaltap_body|sld_signaltap_implb:sld_signaltap_body|sld_ela_control:ela_control|sld_ela_trigger:\multi_level_advanced_trigger_gen:advanced_trigger_wrapper|sld_ela_trigger_b9o:auto_generated|sld_reserved_DLX_auto_signaltap_0_1_1d51:mgl_prim1|sld_mbpmg:mbpm_110|sld_sbpmg:\gen_sbpmg_pipeline_less_than_two:sm0:0:sm1 ; sld_sbpmg                                ; work         ;
;                         |sld_mbpmg:mbpm_113|                                                                                            ; 1 (0)       ; 1 (0)                     ; 0 (0)         ; 0           ; 0    ; 0          ; 0            ; 0       ; 0         ; 0    ; 0            ; 0 (0)        ; 0 (0)             ; 1 (0)            ; 0          ; |DLX|sld_signaltap:auto_signaltap_0|sld_signaltap_impl:sld_signaltap_body|sld_signaltap_implb:sld_signaltap_body|sld_ela_control:ela_control|sld_ela_trigger:\multi_level_advanced_trigger_gen:advanced_trigger_wrapper|sld_ela_trigger_b9o:auto_generated|sld_reserved_DLX_auto_signaltap_0_1_1d51:mgl_prim1|sld_mbpmg:mbpm_113                                                       ; sld_mbpmg                                ; work         ;
;                            |sld_sbpmg:\gen_sbpmg_pipeline_less_than_two:sm0:0:sm1|                                                      ; 1 (1)       ; 1 (1)                     ; 0 (0)         ; 0           ; 0    ; 0          ; 0            ; 0       ; 0         ; 0    ; 0            ; 0 (0)        ; 0 (0)             ; 1 (1)            ; 0          ; |DLX|sld_signaltap:auto_signaltap_0|sld_signaltap_impl:sld_signaltap_body|sld_signaltap_implb:sld_signaltap_body|sld_ela_control:ela_control|sld_ela_trigger:\multi_level_advanced_trigger_gen:advanced_trigger_wrapper|sld_ela_trigger_b9o:auto_generated|sld_reserved_DLX_auto_signaltap_0_1_1d51:mgl_prim1|sld_mbpmg:mbpm_113|sld_sbpmg:\gen_sbpmg_pipeline_less_than_two:sm0:0:sm1 ; sld_sbpmg                                ; work         ;
;                         |sld_mbpmg:mbpm_116|                                                                                            ; 1 (0)       ; 1 (0)                     ; 0 (0)         ; 0           ; 0    ; 0          ; 0            ; 0       ; 0         ; 0    ; 0            ; 0 (0)        ; 0 (0)             ; 1 (0)            ; 0          ; |DLX|sld_signaltap:auto_signaltap_0|sld_signaltap_impl:sld_signaltap_body|sld_signaltap_implb:sld_signaltap_body|sld_ela_control:ela_control|sld_ela_trigger:\multi_level_advanced_trigger_gen:advanced_trigger_wrapper|sld_ela_trigger_b9o:auto_generated|sld_reserved_DLX_auto_signaltap_0_1_1d51:mgl_prim1|sld_mbpmg:mbpm_116                                                       ; sld_mbpmg                                ; work         ;
;                            |sld_sbpmg:\gen_sbpmg_pipeline_less_than_two:sm0:0:sm1|                                                      ; 1 (1)       ; 1 (1)                     ; 0 (0)         ; 0           ; 0    ; 0          ; 0            ; 0       ; 0         ; 0    ; 0            ; 0 (0)        ; 0 (0)             ; 1 (1)            ; 0          ; |DLX|sld_signaltap:auto_signaltap_0|sld_signaltap_impl:sld_signaltap_body|sld_signaltap_implb:sld_signaltap_body|sld_ela_control:ela_control|sld_ela_trigger:\multi_level_advanced_trigger_gen:advanced_trigger_wrapper|sld_ela_trigger_b9o:auto_generated|sld_reserved_DLX_auto_signaltap_0_1_1d51:mgl_prim1|sld_mbpmg:mbpm_116|sld_sbpmg:\gen_sbpmg_pipeline_less_than_two:sm0:0:sm1 ; sld_sbpmg                                ; work         ;
;                         |sld_mbpmg:mbpm_119|                                                                                            ; 1 (0)       ; 1 (0)                     ; 0 (0)         ; 0           ; 0    ; 0          ; 0            ; 0       ; 0         ; 0    ; 0            ; 0 (0)        ; 0 (0)             ; 1 (0)            ; 0          ; |DLX|sld_signaltap:auto_signaltap_0|sld_signaltap_impl:sld_signaltap_body|sld_signaltap_implb:sld_signaltap_body|sld_ela_control:ela_control|sld_ela_trigger:\multi_level_advanced_trigger_gen:advanced_trigger_wrapper|sld_ela_trigger_b9o:auto_generated|sld_reserved_DLX_auto_signaltap_0_1_1d51:mgl_prim1|sld_mbpmg:mbpm_119                                                       ; sld_mbpmg                                ; work         ;
;                            |sld_sbpmg:\gen_sbpmg_pipeline_less_than_two:sm0:0:sm1|                                                      ; 1 (1)       ; 1 (1)                     ; 0 (0)         ; 0           ; 0    ; 0          ; 0            ; 0       ; 0         ; 0    ; 0            ; 0 (0)        ; 0 (0)             ; 1 (1)            ; 0          ; |DLX|sld_signaltap:auto_signaltap_0|sld_signaltap_impl:sld_signaltap_body|sld_signaltap_implb:sld_signaltap_body|sld_ela_control:ela_control|sld_ela_trigger:\multi_level_advanced_trigger_gen:advanced_trigger_wrapper|sld_ela_trigger_b9o:auto_generated|sld_reserved_DLX_auto_signaltap_0_1_1d51:mgl_prim1|sld_mbpmg:mbpm_119|sld_sbpmg:\gen_sbpmg_pipeline_less_than_two:sm0:0:sm1 ; sld_sbpmg                                ; work         ;
;                         |sld_mbpmg:mbpm_122|                                                                                            ; 1 (0)       ; 1 (0)                     ; 0 (0)         ; 0           ; 0    ; 0          ; 0            ; 0       ; 0         ; 0    ; 0            ; 0 (0)        ; 0 (0)             ; 1 (0)            ; 0          ; |DLX|sld_signaltap:auto_signaltap_0|sld_signaltap_impl:sld_signaltap_body|sld_signaltap_implb:sld_signaltap_body|sld_ela_control:ela_control|sld_ela_trigger:\multi_level_advanced_trigger_gen:advanced_trigger_wrapper|sld_ela_trigger_b9o:auto_generated|sld_reserved_DLX_auto_signaltap_0_1_1d51:mgl_prim1|sld_mbpmg:mbpm_122                                                       ; sld_mbpmg                                ; work         ;
;                            |sld_sbpmg:\gen_sbpmg_pipeline_less_than_two:sm0:0:sm1|                                                      ; 1 (1)       ; 1 (1)                     ; 0 (0)         ; 0           ; 0    ; 0          ; 0            ; 0       ; 0         ; 0    ; 0            ; 0 (0)        ; 0 (0)             ; 1 (1)            ; 0          ; |DLX|sld_signaltap:auto_signaltap_0|sld_signaltap_impl:sld_signaltap_body|sld_signaltap_implb:sld_signaltap_body|sld_ela_control:ela_control|sld_ela_trigger:\multi_level_advanced_trigger_gen:advanced_trigger_wrapper|sld_ela_trigger_b9o:auto_generated|sld_reserved_DLX_auto_signaltap_0_1_1d51:mgl_prim1|sld_mbpmg:mbpm_122|sld_sbpmg:\gen_sbpmg_pipeline_less_than_two:sm0:0:sm1 ; sld_sbpmg                                ; work         ;
;                         |sld_mbpmg:mbpm_127|                                                                                            ; 1 (0)       ; 1 (0)                     ; 0 (0)         ; 0           ; 0    ; 0          ; 0            ; 0       ; 0         ; 0    ; 0            ; 0 (0)        ; 0 (0)             ; 1 (0)            ; 0          ; |DLX|sld_signaltap:auto_signaltap_0|sld_signaltap_impl:sld_signaltap_body|sld_signaltap_implb:sld_signaltap_body|sld_ela_control:ela_control|sld_ela_trigger:\multi_level_advanced_trigger_gen:advanced_trigger_wrapper|sld_ela_trigger_b9o:auto_generated|sld_reserved_DLX_auto_signaltap_0_1_1d51:mgl_prim1|sld_mbpmg:mbpm_127                                                       ; sld_mbpmg                                ; work         ;
;                            |sld_sbpmg:\gen_sbpmg_pipeline_less_than_two:sm0:0:sm1|                                                      ; 1 (1)       ; 1 (1)                     ; 0 (0)         ; 0           ; 0    ; 0          ; 0            ; 0       ; 0         ; 0    ; 0            ; 0 (0)        ; 0 (0)             ; 1 (1)            ; 0          ; |DLX|sld_signaltap:auto_signaltap_0|sld_signaltap_impl:sld_signaltap_body|sld_signaltap_implb:sld_signaltap_body|sld_ela_control:ela_control|sld_ela_trigger:\multi_level_advanced_trigger_gen:advanced_trigger_wrapper|sld_ela_trigger_b9o:auto_generated|sld_reserved_DLX_auto_signaltap_0_1_1d51:mgl_prim1|sld_mbpmg:mbpm_127|sld_sbpmg:\gen_sbpmg_pipeline_less_than_two:sm0:0:sm1 ; sld_sbpmg                                ; work         ;
;                         |sld_mbpmg:mbpm_12|                                                                                             ; 1 (0)       ; 1 (0)                     ; 0 (0)         ; 0           ; 0    ; 0          ; 0            ; 0       ; 0         ; 0    ; 0            ; 0 (0)        ; 0 (0)             ; 1 (0)            ; 0          ; |DLX|sld_signaltap:auto_signaltap_0|sld_signaltap_impl:sld_signaltap_body|sld_signaltap_implb:sld_signaltap_body|sld_ela_control:ela_control|sld_ela_trigger:\multi_level_advanced_trigger_gen:advanced_trigger_wrapper|sld_ela_trigger_b9o:auto_generated|sld_reserved_DLX_auto_signaltap_0_1_1d51:mgl_prim1|sld_mbpmg:mbpm_12                                                        ; sld_mbpmg                                ; work         ;
;                            |sld_sbpmg:\gen_sbpmg_pipeline_less_than_two:sm0:0:sm1|                                                      ; 1 (1)       ; 1 (1)                     ; 0 (0)         ; 0           ; 0    ; 0          ; 0            ; 0       ; 0         ; 0    ; 0            ; 0 (0)        ; 0 (0)             ; 1 (1)            ; 0          ; |DLX|sld_signaltap:auto_signaltap_0|sld_signaltap_impl:sld_signaltap_body|sld_signaltap_implb:sld_signaltap_body|sld_ela_control:ela_control|sld_ela_trigger:\multi_level_advanced_trigger_gen:advanced_trigger_wrapper|sld_ela_trigger_b9o:auto_generated|sld_reserved_DLX_auto_signaltap_0_1_1d51:mgl_prim1|sld_mbpmg:mbpm_12|sld_sbpmg:\gen_sbpmg_pipeline_less_than_two:sm0:0:sm1  ; sld_sbpmg                                ; work         ;
;                         |sld_mbpmg:mbpm_130|                                                                                            ; 1 (0)       ; 1 (0)                     ; 0 (0)         ; 0           ; 0    ; 0          ; 0            ; 0       ; 0         ; 0    ; 0            ; 0 (0)        ; 0 (0)             ; 1 (0)            ; 0          ; |DLX|sld_signaltap:auto_signaltap_0|sld_signaltap_impl:sld_signaltap_body|sld_signaltap_implb:sld_signaltap_body|sld_ela_control:ela_control|sld_ela_trigger:\multi_level_advanced_trigger_gen:advanced_trigger_wrapper|sld_ela_trigger_b9o:auto_generated|sld_reserved_DLX_auto_signaltap_0_1_1d51:mgl_prim1|sld_mbpmg:mbpm_130                                                       ; sld_mbpmg                                ; work         ;
;                            |sld_sbpmg:\gen_sbpmg_pipeline_less_than_two:sm0:0:sm1|                                                      ; 1 (1)       ; 1 (1)                     ; 0 (0)         ; 0           ; 0    ; 0          ; 0            ; 0       ; 0         ; 0    ; 0            ; 0 (0)        ; 0 (0)             ; 1 (1)            ; 0          ; |DLX|sld_signaltap:auto_signaltap_0|sld_signaltap_impl:sld_signaltap_body|sld_signaltap_implb:sld_signaltap_body|sld_ela_control:ela_control|sld_ela_trigger:\multi_level_advanced_trigger_gen:advanced_trigger_wrapper|sld_ela_trigger_b9o:auto_generated|sld_reserved_DLX_auto_signaltap_0_1_1d51:mgl_prim1|sld_mbpmg:mbpm_130|sld_sbpmg:\gen_sbpmg_pipeline_less_than_two:sm0:0:sm1 ; sld_sbpmg                                ; work         ;
;                         |sld_mbpmg:mbpm_133|                                                                                            ; 1 (0)       ; 1 (0)                     ; 0 (0)         ; 0           ; 0    ; 0          ; 0            ; 0       ; 0         ; 0    ; 0            ; 0 (0)        ; 0 (0)             ; 1 (0)            ; 0          ; |DLX|sld_signaltap:auto_signaltap_0|sld_signaltap_impl:sld_signaltap_body|sld_signaltap_implb:sld_signaltap_body|sld_ela_control:ela_control|sld_ela_trigger:\multi_level_advanced_trigger_gen:advanced_trigger_wrapper|sld_ela_trigger_b9o:auto_generated|sld_reserved_DLX_auto_signaltap_0_1_1d51:mgl_prim1|sld_mbpmg:mbpm_133                                                       ; sld_mbpmg                                ; work         ;
;                            |sld_sbpmg:\gen_sbpmg_pipeline_less_than_two:sm0:0:sm1|                                                      ; 1 (1)       ; 1 (1)                     ; 0 (0)         ; 0           ; 0    ; 0          ; 0            ; 0       ; 0         ; 0    ; 0            ; 0 (0)        ; 0 (0)             ; 1 (1)            ; 0          ; |DLX|sld_signaltap:auto_signaltap_0|sld_signaltap_impl:sld_signaltap_body|sld_signaltap_implb:sld_signaltap_body|sld_ela_control:ela_control|sld_ela_trigger:\multi_level_advanced_trigger_gen:advanced_trigger_wrapper|sld_ela_trigger_b9o:auto_generated|sld_reserved_DLX_auto_signaltap_0_1_1d51:mgl_prim1|sld_mbpmg:mbpm_133|sld_sbpmg:\gen_sbpmg_pipeline_less_than_two:sm0:0:sm1 ; sld_sbpmg                                ; work         ;
;                         |sld_mbpmg:mbpm_136|                                                                                            ; 1 (0)       ; 1 (0)                     ; 0 (0)         ; 0           ; 0    ; 0          ; 0            ; 0       ; 0         ; 0    ; 0            ; 0 (0)        ; 0 (0)             ; 1 (0)            ; 0          ; |DLX|sld_signaltap:auto_signaltap_0|sld_signaltap_impl:sld_signaltap_body|sld_signaltap_implb:sld_signaltap_body|sld_ela_control:ela_control|sld_ela_trigger:\multi_level_advanced_trigger_gen:advanced_trigger_wrapper|sld_ela_trigger_b9o:auto_generated|sld_reserved_DLX_auto_signaltap_0_1_1d51:mgl_prim1|sld_mbpmg:mbpm_136                                                       ; sld_mbpmg                                ; work         ;
;                            |sld_sbpmg:\gen_sbpmg_pipeline_less_than_two:sm0:0:sm1|                                                      ; 1 (1)       ; 1 (1)                     ; 0 (0)         ; 0           ; 0    ; 0          ; 0            ; 0       ; 0         ; 0    ; 0            ; 0 (0)        ; 0 (0)             ; 1 (1)            ; 0          ; |DLX|sld_signaltap:auto_signaltap_0|sld_signaltap_impl:sld_signaltap_body|sld_signaltap_implb:sld_signaltap_body|sld_ela_control:ela_control|sld_ela_trigger:\multi_level_advanced_trigger_gen:advanced_trigger_wrapper|sld_ela_trigger_b9o:auto_generated|sld_reserved_DLX_auto_signaltap_0_1_1d51:mgl_prim1|sld_mbpmg:mbpm_136|sld_sbpmg:\gen_sbpmg_pipeline_less_than_two:sm0:0:sm1 ; sld_sbpmg                                ; work         ;
;                         |sld_mbpmg:mbpm_139|                                                                                            ; 1 (0)       ; 1 (0)                     ; 0 (0)         ; 0           ; 0    ; 0          ; 0            ; 0       ; 0         ; 0    ; 0            ; 0 (0)        ; 0 (0)             ; 1 (0)            ; 0          ; |DLX|sld_signaltap:auto_signaltap_0|sld_signaltap_impl:sld_signaltap_body|sld_signaltap_implb:sld_signaltap_body|sld_ela_control:ela_control|sld_ela_trigger:\multi_level_advanced_trigger_gen:advanced_trigger_wrapper|sld_ela_trigger_b9o:auto_generated|sld_reserved_DLX_auto_signaltap_0_1_1d51:mgl_prim1|sld_mbpmg:mbpm_139                                                       ; sld_mbpmg                                ; work         ;
;                            |sld_sbpmg:\gen_sbpmg_pipeline_less_than_two:sm0:0:sm1|                                                      ; 1 (1)       ; 1 (1)                     ; 0 (0)         ; 0           ; 0    ; 0          ; 0            ; 0       ; 0         ; 0    ; 0            ; 0 (0)        ; 0 (0)             ; 1 (1)            ; 0          ; |DLX|sld_signaltap:auto_signaltap_0|sld_signaltap_impl:sld_signaltap_body|sld_signaltap_implb:sld_signaltap_body|sld_ela_control:ela_control|sld_ela_trigger:\multi_level_advanced_trigger_gen:advanced_trigger_wrapper|sld_ela_trigger_b9o:auto_generated|sld_reserved_DLX_auto_signaltap_0_1_1d51:mgl_prim1|sld_mbpmg:mbpm_139|sld_sbpmg:\gen_sbpmg_pipeline_less_than_two:sm0:0:sm1 ; sld_sbpmg                                ; work         ;
;                         |sld_mbpmg:mbpm_142|                                                                                            ; 1 (0)       ; 1 (0)                     ; 0 (0)         ; 0           ; 0    ; 0          ; 0            ; 0       ; 0         ; 0    ; 0            ; 0 (0)        ; 0 (0)             ; 1 (0)            ; 0          ; |DLX|sld_signaltap:auto_signaltap_0|sld_signaltap_impl:sld_signaltap_body|sld_signaltap_implb:sld_signaltap_body|sld_ela_control:ela_control|sld_ela_trigger:\multi_level_advanced_trigger_gen:advanced_trigger_wrapper|sld_ela_trigger_b9o:auto_generated|sld_reserved_DLX_auto_signaltap_0_1_1d51:mgl_prim1|sld_mbpmg:mbpm_142                                                       ; sld_mbpmg                                ; work         ;
;                            |sld_sbpmg:\gen_sbpmg_pipeline_less_than_two:sm0:0:sm1|                                                      ; 1 (1)       ; 1 (1)                     ; 0 (0)         ; 0           ; 0    ; 0          ; 0            ; 0       ; 0         ; 0    ; 0            ; 0 (0)        ; 0 (0)             ; 1 (1)            ; 0          ; |DLX|sld_signaltap:auto_signaltap_0|sld_signaltap_impl:sld_signaltap_body|sld_signaltap_implb:sld_signaltap_body|sld_ela_control:ela_control|sld_ela_trigger:\multi_level_advanced_trigger_gen:advanced_trigger_wrapper|sld_ela_trigger_b9o:auto_generated|sld_reserved_DLX_auto_signaltap_0_1_1d51:mgl_prim1|sld_mbpmg:mbpm_142|sld_sbpmg:\gen_sbpmg_pipeline_less_than_two:sm0:0:sm1 ; sld_sbpmg                                ; work         ;
;                         |sld_mbpmg:mbpm_145|                                                                                            ; 1 (0)       ; 1 (0)                     ; 0 (0)         ; 0           ; 0    ; 0          ; 0            ; 0       ; 0         ; 0    ; 0            ; 0 (0)        ; 0 (0)             ; 1 (0)            ; 0          ; |DLX|sld_signaltap:auto_signaltap_0|sld_signaltap_impl:sld_signaltap_body|sld_signaltap_implb:sld_signaltap_body|sld_ela_control:ela_control|sld_ela_trigger:\multi_level_advanced_trigger_gen:advanced_trigger_wrapper|sld_ela_trigger_b9o:auto_generated|sld_reserved_DLX_auto_signaltap_0_1_1d51:mgl_prim1|sld_mbpmg:mbpm_145                                                       ; sld_mbpmg                                ; work         ;
;                            |sld_sbpmg:\gen_sbpmg_pipeline_less_than_two:sm0:0:sm1|                                                      ; 1 (1)       ; 1 (1)                     ; 0 (0)         ; 0           ; 0    ; 0          ; 0            ; 0       ; 0         ; 0    ; 0            ; 0 (0)        ; 0 (0)             ; 1 (1)            ; 0          ; |DLX|sld_signaltap:auto_signaltap_0|sld_signaltap_impl:sld_signaltap_body|sld_signaltap_implb:sld_signaltap_body|sld_ela_control:ela_control|sld_ela_trigger:\multi_level_advanced_trigger_gen:advanced_trigger_wrapper|sld_ela_trigger_b9o:auto_generated|sld_reserved_DLX_auto_signaltap_0_1_1d51:mgl_prim1|sld_mbpmg:mbpm_145|sld_sbpmg:\gen_sbpmg_pipeline_less_than_two:sm0:0:sm1 ; sld_sbpmg                                ; work         ;
;                         |sld_mbpmg:mbpm_148|                                                                                            ; 1 (0)       ; 1 (0)                     ; 0 (0)         ; 0           ; 0    ; 0          ; 0            ; 0       ; 0         ; 0    ; 0            ; 0 (0)        ; 0 (0)             ; 1 (0)            ; 0          ; |DLX|sld_signaltap:auto_signaltap_0|sld_signaltap_impl:sld_signaltap_body|sld_signaltap_implb:sld_signaltap_body|sld_ela_control:ela_control|sld_ela_trigger:\multi_level_advanced_trigger_gen:advanced_trigger_wrapper|sld_ela_trigger_b9o:auto_generated|sld_reserved_DLX_auto_signaltap_0_1_1d51:mgl_prim1|sld_mbpmg:mbpm_148                                                       ; sld_mbpmg                                ; work         ;
;                            |sld_sbpmg:\gen_sbpmg_pipeline_less_than_two:sm0:0:sm1|                                                      ; 1 (1)       ; 1 (1)                     ; 0 (0)         ; 0           ; 0    ; 0          ; 0            ; 0       ; 0         ; 0    ; 0            ; 0 (0)        ; 0 (0)             ; 1 (1)            ; 0          ; |DLX|sld_signaltap:auto_signaltap_0|sld_signaltap_impl:sld_signaltap_body|sld_signaltap_implb:sld_signaltap_body|sld_ela_control:ela_control|sld_ela_trigger:\multi_level_advanced_trigger_gen:advanced_trigger_wrapper|sld_ela_trigger_b9o:auto_generated|sld_reserved_DLX_auto_signaltap_0_1_1d51:mgl_prim1|sld_mbpmg:mbpm_148|sld_sbpmg:\gen_sbpmg_pipeline_less_than_two:sm0:0:sm1 ; sld_sbpmg                                ; work         ;
;                         |sld_mbpmg:mbpm_152|                                                                                            ; 1 (0)       ; 1 (0)                     ; 0 (0)         ; 0           ; 0    ; 0          ; 0            ; 0       ; 0         ; 0    ; 0            ; 0 (0)        ; 0 (0)             ; 1 (0)            ; 0          ; |DLX|sld_signaltap:auto_signaltap_0|sld_signaltap_impl:sld_signaltap_body|sld_signaltap_implb:sld_signaltap_body|sld_ela_control:ela_control|sld_ela_trigger:\multi_level_advanced_trigger_gen:advanced_trigger_wrapper|sld_ela_trigger_b9o:auto_generated|sld_reserved_DLX_auto_signaltap_0_1_1d51:mgl_prim1|sld_mbpmg:mbpm_152                                                       ; sld_mbpmg                                ; work         ;
;                            |sld_sbpmg:\gen_sbpmg_pipeline_less_than_two:sm0:0:sm1|                                                      ; 1 (1)       ; 1 (1)                     ; 0 (0)         ; 0           ; 0    ; 0          ; 0            ; 0       ; 0         ; 0    ; 0            ; 0 (0)        ; 0 (0)             ; 1 (1)            ; 0          ; |DLX|sld_signaltap:auto_signaltap_0|sld_signaltap_impl:sld_signaltap_body|sld_signaltap_implb:sld_signaltap_body|sld_ela_control:ela_control|sld_ela_trigger:\multi_level_advanced_trigger_gen:advanced_trigger_wrapper|sld_ela_trigger_b9o:auto_generated|sld_reserved_DLX_auto_signaltap_0_1_1d51:mgl_prim1|sld_mbpmg:mbpm_152|sld_sbpmg:\gen_sbpmg_pipeline_less_than_two:sm0:0:sm1 ; sld_sbpmg                                ; work         ;
;                         |sld_mbpmg:mbpm_155|                                                                                            ; 1 (0)       ; 1 (0)                     ; 0 (0)         ; 0           ; 0    ; 0          ; 0            ; 0       ; 0         ; 0    ; 0            ; 0 (0)        ; 0 (0)             ; 1 (0)            ; 0          ; |DLX|sld_signaltap:auto_signaltap_0|sld_signaltap_impl:sld_signaltap_body|sld_signaltap_implb:sld_signaltap_body|sld_ela_control:ela_control|sld_ela_trigger:\multi_level_advanced_trigger_gen:advanced_trigger_wrapper|sld_ela_trigger_b9o:auto_generated|sld_reserved_DLX_auto_signaltap_0_1_1d51:mgl_prim1|sld_mbpmg:mbpm_155                                                       ; sld_mbpmg                                ; work         ;
;                            |sld_sbpmg:\gen_sbpmg_pipeline_less_than_two:sm0:0:sm1|                                                      ; 1 (1)       ; 1 (1)                     ; 0 (0)         ; 0           ; 0    ; 0          ; 0            ; 0       ; 0         ; 0    ; 0            ; 0 (0)        ; 0 (0)             ; 1 (1)            ; 0          ; |DLX|sld_signaltap:auto_signaltap_0|sld_signaltap_impl:sld_signaltap_body|sld_signaltap_implb:sld_signaltap_body|sld_ela_control:ela_control|sld_ela_trigger:\multi_level_advanced_trigger_gen:advanced_trigger_wrapper|sld_ela_trigger_b9o:auto_generated|sld_reserved_DLX_auto_signaltap_0_1_1d51:mgl_prim1|sld_mbpmg:mbpm_155|sld_sbpmg:\gen_sbpmg_pipeline_less_than_two:sm0:0:sm1 ; sld_sbpmg                                ; work         ;
;                         |sld_mbpmg:mbpm_158|                                                                                            ; 1 (0)       ; 1 (0)                     ; 0 (0)         ; 0           ; 0    ; 0          ; 0            ; 0       ; 0         ; 0    ; 0            ; 0 (0)        ; 0 (0)             ; 1 (0)            ; 0          ; |DLX|sld_signaltap:auto_signaltap_0|sld_signaltap_impl:sld_signaltap_body|sld_signaltap_implb:sld_signaltap_body|sld_ela_control:ela_control|sld_ela_trigger:\multi_level_advanced_trigger_gen:advanced_trigger_wrapper|sld_ela_trigger_b9o:auto_generated|sld_reserved_DLX_auto_signaltap_0_1_1d51:mgl_prim1|sld_mbpmg:mbpm_158                                                       ; sld_mbpmg                                ; work         ;
;                            |sld_sbpmg:\gen_sbpmg_pipeline_less_than_two:sm0:0:sm1|                                                      ; 1 (1)       ; 1 (1)                     ; 0 (0)         ; 0           ; 0    ; 0          ; 0            ; 0       ; 0         ; 0    ; 0            ; 0 (0)        ; 0 (0)             ; 1 (1)            ; 0          ; |DLX|sld_signaltap:auto_signaltap_0|sld_signaltap_impl:sld_signaltap_body|sld_signaltap_implb:sld_signaltap_body|sld_ela_control:ela_control|sld_ela_trigger:\multi_level_advanced_trigger_gen:advanced_trigger_wrapper|sld_ela_trigger_b9o:auto_generated|sld_reserved_DLX_auto_signaltap_0_1_1d51:mgl_prim1|sld_mbpmg:mbpm_158|sld_sbpmg:\gen_sbpmg_pipeline_less_than_two:sm0:0:sm1 ; sld_sbpmg                                ; work         ;
;                         |sld_mbpmg:mbpm_15|                                                                                             ; 1 (0)       ; 1 (0)                     ; 0 (0)         ; 0           ; 0    ; 0          ; 0            ; 0       ; 0         ; 0    ; 0            ; 0 (0)        ; 0 (0)             ; 1 (0)            ; 0          ; |DLX|sld_signaltap:auto_signaltap_0|sld_signaltap_impl:sld_signaltap_body|sld_signaltap_implb:sld_signaltap_body|sld_ela_control:ela_control|sld_ela_trigger:\multi_level_advanced_trigger_gen:advanced_trigger_wrapper|sld_ela_trigger_b9o:auto_generated|sld_reserved_DLX_auto_signaltap_0_1_1d51:mgl_prim1|sld_mbpmg:mbpm_15                                                        ; sld_mbpmg                                ; work         ;
;                            |sld_sbpmg:\gen_sbpmg_pipeline_less_than_two:sm0:0:sm1|                                                      ; 1 (1)       ; 1 (1)                     ; 0 (0)         ; 0           ; 0    ; 0          ; 0            ; 0       ; 0         ; 0    ; 0            ; 0 (0)        ; 0 (0)             ; 1 (1)            ; 0          ; |DLX|sld_signaltap:auto_signaltap_0|sld_signaltap_impl:sld_signaltap_body|sld_signaltap_implb:sld_signaltap_body|sld_ela_control:ela_control|sld_ela_trigger:\multi_level_advanced_trigger_gen:advanced_trigger_wrapper|sld_ela_trigger_b9o:auto_generated|sld_reserved_DLX_auto_signaltap_0_1_1d51:mgl_prim1|sld_mbpmg:mbpm_15|sld_sbpmg:\gen_sbpmg_pipeline_less_than_two:sm0:0:sm1  ; sld_sbpmg                                ; work         ;
;                         |sld_mbpmg:mbpm_161|                                                                                            ; 1 (0)       ; 1 (0)                     ; 0 (0)         ; 0           ; 0    ; 0          ; 0            ; 0       ; 0         ; 0    ; 0            ; 0 (0)        ; 0 (0)             ; 1 (0)            ; 0          ; |DLX|sld_signaltap:auto_signaltap_0|sld_signaltap_impl:sld_signaltap_body|sld_signaltap_implb:sld_signaltap_body|sld_ela_control:ela_control|sld_ela_trigger:\multi_level_advanced_trigger_gen:advanced_trigger_wrapper|sld_ela_trigger_b9o:auto_generated|sld_reserved_DLX_auto_signaltap_0_1_1d51:mgl_prim1|sld_mbpmg:mbpm_161                                                       ; sld_mbpmg                                ; work         ;
;                            |sld_sbpmg:\gen_sbpmg_pipeline_less_than_two:sm0:0:sm1|                                                      ; 1 (1)       ; 1 (1)                     ; 0 (0)         ; 0           ; 0    ; 0          ; 0            ; 0       ; 0         ; 0    ; 0            ; 0 (0)        ; 0 (0)             ; 1 (1)            ; 0          ; |DLX|sld_signaltap:auto_signaltap_0|sld_signaltap_impl:sld_signaltap_body|sld_signaltap_implb:sld_signaltap_body|sld_ela_control:ela_control|sld_ela_trigger:\multi_level_advanced_trigger_gen:advanced_trigger_wrapper|sld_ela_trigger_b9o:auto_generated|sld_reserved_DLX_auto_signaltap_0_1_1d51:mgl_prim1|sld_mbpmg:mbpm_161|sld_sbpmg:\gen_sbpmg_pipeline_less_than_two:sm0:0:sm1 ; sld_sbpmg                                ; work         ;
;                         |sld_mbpmg:mbpm_164|                                                                                            ; 1 (0)       ; 1 (0)                     ; 0 (0)         ; 0           ; 0    ; 0          ; 0            ; 0       ; 0         ; 0    ; 0            ; 0 (0)        ; 0 (0)             ; 1 (0)            ; 0          ; |DLX|sld_signaltap:auto_signaltap_0|sld_signaltap_impl:sld_signaltap_body|sld_signaltap_implb:sld_signaltap_body|sld_ela_control:ela_control|sld_ela_trigger:\multi_level_advanced_trigger_gen:advanced_trigger_wrapper|sld_ela_trigger_b9o:auto_generated|sld_reserved_DLX_auto_signaltap_0_1_1d51:mgl_prim1|sld_mbpmg:mbpm_164                                                       ; sld_mbpmg                                ; work         ;
;                            |sld_sbpmg:\gen_sbpmg_pipeline_less_than_two:sm0:0:sm1|                                                      ; 1 (1)       ; 1 (1)                     ; 0 (0)         ; 0           ; 0    ; 0          ; 0            ; 0       ; 0         ; 0    ; 0            ; 0 (0)        ; 0 (0)             ; 1 (1)            ; 0          ; |DLX|sld_signaltap:auto_signaltap_0|sld_signaltap_impl:sld_signaltap_body|sld_signaltap_implb:sld_signaltap_body|sld_ela_control:ela_control|sld_ela_trigger:\multi_level_advanced_trigger_gen:advanced_trigger_wrapper|sld_ela_trigger_b9o:auto_generated|sld_reserved_DLX_auto_signaltap_0_1_1d51:mgl_prim1|sld_mbpmg:mbpm_164|sld_sbpmg:\gen_sbpmg_pipeline_less_than_two:sm0:0:sm1 ; sld_sbpmg                                ; work         ;
;                         |sld_mbpmg:mbpm_167|                                                                                            ; 1 (0)       ; 1 (0)                     ; 0 (0)         ; 0           ; 0    ; 0          ; 0            ; 0       ; 0         ; 0    ; 0            ; 0 (0)        ; 0 (0)             ; 1 (0)            ; 0          ; |DLX|sld_signaltap:auto_signaltap_0|sld_signaltap_impl:sld_signaltap_body|sld_signaltap_implb:sld_signaltap_body|sld_ela_control:ela_control|sld_ela_trigger:\multi_level_advanced_trigger_gen:advanced_trigger_wrapper|sld_ela_trigger_b9o:auto_generated|sld_reserved_DLX_auto_signaltap_0_1_1d51:mgl_prim1|sld_mbpmg:mbpm_167                                                       ; sld_mbpmg                                ; work         ;
;                            |sld_sbpmg:\gen_sbpmg_pipeline_less_than_two:sm0:0:sm1|                                                      ; 1 (1)       ; 1 (1)                     ; 0 (0)         ; 0           ; 0    ; 0          ; 0            ; 0       ; 0         ; 0    ; 0            ; 0 (0)        ; 0 (0)             ; 1 (1)            ; 0          ; |DLX|sld_signaltap:auto_signaltap_0|sld_signaltap_impl:sld_signaltap_body|sld_signaltap_implb:sld_signaltap_body|sld_ela_control:ela_control|sld_ela_trigger:\multi_level_advanced_trigger_gen:advanced_trigger_wrapper|sld_ela_trigger_b9o:auto_generated|sld_reserved_DLX_auto_signaltap_0_1_1d51:mgl_prim1|sld_mbpmg:mbpm_167|sld_sbpmg:\gen_sbpmg_pipeline_less_than_two:sm0:0:sm1 ; sld_sbpmg                                ; work         ;
;                         |sld_mbpmg:mbpm_170|                                                                                            ; 1 (0)       ; 1 (0)                     ; 0 (0)         ; 0           ; 0    ; 0          ; 0            ; 0       ; 0         ; 0    ; 0            ; 0 (0)        ; 0 (0)             ; 1 (0)            ; 0          ; |DLX|sld_signaltap:auto_signaltap_0|sld_signaltap_impl:sld_signaltap_body|sld_signaltap_implb:sld_signaltap_body|sld_ela_control:ela_control|sld_ela_trigger:\multi_level_advanced_trigger_gen:advanced_trigger_wrapper|sld_ela_trigger_b9o:auto_generated|sld_reserved_DLX_auto_signaltap_0_1_1d51:mgl_prim1|sld_mbpmg:mbpm_170                                                       ; sld_mbpmg                                ; work         ;
;                            |sld_sbpmg:\gen_sbpmg_pipeline_less_than_two:sm0:0:sm1|                                                      ; 1 (1)       ; 1 (1)                     ; 0 (0)         ; 0           ; 0    ; 0          ; 0            ; 0       ; 0         ; 0    ; 0            ; 0 (0)        ; 0 (0)             ; 1 (1)            ; 0          ; |DLX|sld_signaltap:auto_signaltap_0|sld_signaltap_impl:sld_signaltap_body|sld_signaltap_implb:sld_signaltap_body|sld_ela_control:ela_control|sld_ela_trigger:\multi_level_advanced_trigger_gen:advanced_trigger_wrapper|sld_ela_trigger_b9o:auto_generated|sld_reserved_DLX_auto_signaltap_0_1_1d51:mgl_prim1|sld_mbpmg:mbpm_170|sld_sbpmg:\gen_sbpmg_pipeline_less_than_two:sm0:0:sm1 ; sld_sbpmg                                ; work         ;
;                         |sld_mbpmg:mbpm_18|                                                                                             ; 1 (0)       ; 1 (0)                     ; 0 (0)         ; 0           ; 0    ; 0          ; 0            ; 0       ; 0         ; 0    ; 0            ; 0 (0)        ; 0 (0)             ; 1 (0)            ; 0          ; |DLX|sld_signaltap:auto_signaltap_0|sld_signaltap_impl:sld_signaltap_body|sld_signaltap_implb:sld_signaltap_body|sld_ela_control:ela_control|sld_ela_trigger:\multi_level_advanced_trigger_gen:advanced_trigger_wrapper|sld_ela_trigger_b9o:auto_generated|sld_reserved_DLX_auto_signaltap_0_1_1d51:mgl_prim1|sld_mbpmg:mbpm_18                                                        ; sld_mbpmg                                ; work         ;
;                            |sld_sbpmg:\gen_sbpmg_pipeline_less_than_two:sm0:0:sm1|                                                      ; 1 (1)       ; 1 (1)                     ; 0 (0)         ; 0           ; 0    ; 0          ; 0            ; 0       ; 0         ; 0    ; 0            ; 0 (0)        ; 0 (0)             ; 1 (1)            ; 0          ; |DLX|sld_signaltap:auto_signaltap_0|sld_signaltap_impl:sld_signaltap_body|sld_signaltap_implb:sld_signaltap_body|sld_ela_control:ela_control|sld_ela_trigger:\multi_level_advanced_trigger_gen:advanced_trigger_wrapper|sld_ela_trigger_b9o:auto_generated|sld_reserved_DLX_auto_signaltap_0_1_1d51:mgl_prim1|sld_mbpmg:mbpm_18|sld_sbpmg:\gen_sbpmg_pipeline_less_than_two:sm0:0:sm1  ; sld_sbpmg                                ; work         ;
;                         |sld_mbpmg:mbpm_21|                                                                                             ; 1 (0)       ; 1 (0)                     ; 0 (0)         ; 0           ; 0    ; 0          ; 0            ; 0       ; 0         ; 0    ; 0            ; 0 (0)        ; 0 (0)             ; 1 (0)            ; 0          ; |DLX|sld_signaltap:auto_signaltap_0|sld_signaltap_impl:sld_signaltap_body|sld_signaltap_implb:sld_signaltap_body|sld_ela_control:ela_control|sld_ela_trigger:\multi_level_advanced_trigger_gen:advanced_trigger_wrapper|sld_ela_trigger_b9o:auto_generated|sld_reserved_DLX_auto_signaltap_0_1_1d51:mgl_prim1|sld_mbpmg:mbpm_21                                                        ; sld_mbpmg                                ; work         ;
;                            |sld_sbpmg:\gen_sbpmg_pipeline_less_than_two:sm0:0:sm1|                                                      ; 1 (1)       ; 1 (1)                     ; 0 (0)         ; 0           ; 0    ; 0          ; 0            ; 0       ; 0         ; 0    ; 0            ; 0 (0)        ; 0 (0)             ; 1 (1)            ; 0          ; |DLX|sld_signaltap:auto_signaltap_0|sld_signaltap_impl:sld_signaltap_body|sld_signaltap_implb:sld_signaltap_body|sld_ela_control:ela_control|sld_ela_trigger:\multi_level_advanced_trigger_gen:advanced_trigger_wrapper|sld_ela_trigger_b9o:auto_generated|sld_reserved_DLX_auto_signaltap_0_1_1d51:mgl_prim1|sld_mbpmg:mbpm_21|sld_sbpmg:\gen_sbpmg_pipeline_less_than_two:sm0:0:sm1  ; sld_sbpmg                                ; work         ;
;                         |sld_mbpmg:mbpm_24|                                                                                             ; 1 (0)       ; 1 (0)                     ; 0 (0)         ; 0           ; 0    ; 0          ; 0            ; 0       ; 0         ; 0    ; 0            ; 0 (0)        ; 0 (0)             ; 1 (0)            ; 0          ; |DLX|sld_signaltap:auto_signaltap_0|sld_signaltap_impl:sld_signaltap_body|sld_signaltap_implb:sld_signaltap_body|sld_ela_control:ela_control|sld_ela_trigger:\multi_level_advanced_trigger_gen:advanced_trigger_wrapper|sld_ela_trigger_b9o:auto_generated|sld_reserved_DLX_auto_signaltap_0_1_1d51:mgl_prim1|sld_mbpmg:mbpm_24                                                        ; sld_mbpmg                                ; work         ;
;                            |sld_sbpmg:\gen_sbpmg_pipeline_less_than_two:sm0:0:sm1|                                                      ; 1 (1)       ; 1 (1)                     ; 0 (0)         ; 0           ; 0    ; 0          ; 0            ; 0       ; 0         ; 0    ; 0            ; 0 (0)        ; 0 (0)             ; 1 (1)            ; 0          ; |DLX|sld_signaltap:auto_signaltap_0|sld_signaltap_impl:sld_signaltap_body|sld_signaltap_implb:sld_signaltap_body|sld_ela_control:ela_control|sld_ela_trigger:\multi_level_advanced_trigger_gen:advanced_trigger_wrapper|sld_ela_trigger_b9o:auto_generated|sld_reserved_DLX_auto_signaltap_0_1_1d51:mgl_prim1|sld_mbpmg:mbpm_24|sld_sbpmg:\gen_sbpmg_pipeline_less_than_two:sm0:0:sm1  ; sld_sbpmg                                ; work         ;
;                         |sld_mbpmg:mbpm_29|                                                                                             ; 1 (0)       ; 1 (0)                     ; 0 (0)         ; 0           ; 0    ; 0          ; 0            ; 0       ; 0         ; 0    ; 0            ; 0 (0)        ; 0 (0)             ; 1 (0)            ; 0          ; |DLX|sld_signaltap:auto_signaltap_0|sld_signaltap_impl:sld_signaltap_body|sld_signaltap_implb:sld_signaltap_body|sld_ela_control:ela_control|sld_ela_trigger:\multi_level_advanced_trigger_gen:advanced_trigger_wrapper|sld_ela_trigger_b9o:auto_generated|sld_reserved_DLX_auto_signaltap_0_1_1d51:mgl_prim1|sld_mbpmg:mbpm_29                                                        ; sld_mbpmg                                ; work         ;
;                            |sld_sbpmg:\gen_sbpmg_pipeline_less_than_two:sm0:0:sm1|                                                      ; 1 (1)       ; 1 (1)                     ; 0 (0)         ; 0           ; 0    ; 0          ; 0            ; 0       ; 0         ; 0    ; 0            ; 0 (0)        ; 0 (0)             ; 1 (1)            ; 0          ; |DLX|sld_signaltap:auto_signaltap_0|sld_signaltap_impl:sld_signaltap_body|sld_signaltap_implb:sld_signaltap_body|sld_ela_control:ela_control|sld_ela_trigger:\multi_level_advanced_trigger_gen:advanced_trigger_wrapper|sld_ela_trigger_b9o:auto_generated|sld_reserved_DLX_auto_signaltap_0_1_1d51:mgl_prim1|sld_mbpmg:mbpm_29|sld_sbpmg:\gen_sbpmg_pipeline_less_than_two:sm0:0:sm1  ; sld_sbpmg                                ; work         ;
;                         |sld_mbpmg:mbpm_32|                                                                                             ; 1 (0)       ; 1 (0)                     ; 0 (0)         ; 0           ; 0    ; 0          ; 0            ; 0       ; 0         ; 0    ; 0            ; 0 (0)        ; 0 (0)             ; 1 (0)            ; 0          ; |DLX|sld_signaltap:auto_signaltap_0|sld_signaltap_impl:sld_signaltap_body|sld_signaltap_implb:sld_signaltap_body|sld_ela_control:ela_control|sld_ela_trigger:\multi_level_advanced_trigger_gen:advanced_trigger_wrapper|sld_ela_trigger_b9o:auto_generated|sld_reserved_DLX_auto_signaltap_0_1_1d51:mgl_prim1|sld_mbpmg:mbpm_32                                                        ; sld_mbpmg                                ; work         ;
;                            |sld_sbpmg:\gen_sbpmg_pipeline_less_than_two:sm0:0:sm1|                                                      ; 1 (1)       ; 1 (1)                     ; 0 (0)         ; 0           ; 0    ; 0          ; 0            ; 0       ; 0         ; 0    ; 0            ; 0 (0)        ; 0 (0)             ; 1 (1)            ; 0          ; |DLX|sld_signaltap:auto_signaltap_0|sld_signaltap_impl:sld_signaltap_body|sld_signaltap_implb:sld_signaltap_body|sld_ela_control:ela_control|sld_ela_trigger:\multi_level_advanced_trigger_gen:advanced_trigger_wrapper|sld_ela_trigger_b9o:auto_generated|sld_reserved_DLX_auto_signaltap_0_1_1d51:mgl_prim1|sld_mbpmg:mbpm_32|sld_sbpmg:\gen_sbpmg_pipeline_less_than_two:sm0:0:sm1  ; sld_sbpmg                                ; work         ;
;                         |sld_mbpmg:mbpm_35|                                                                                             ; 1 (0)       ; 1 (0)                     ; 0 (0)         ; 0           ; 0    ; 0          ; 0            ; 0       ; 0         ; 0    ; 0            ; 0 (0)        ; 0 (0)             ; 1 (0)            ; 0          ; |DLX|sld_signaltap:auto_signaltap_0|sld_signaltap_impl:sld_signaltap_body|sld_signaltap_implb:sld_signaltap_body|sld_ela_control:ela_control|sld_ela_trigger:\multi_level_advanced_trigger_gen:advanced_trigger_wrapper|sld_ela_trigger_b9o:auto_generated|sld_reserved_DLX_auto_signaltap_0_1_1d51:mgl_prim1|sld_mbpmg:mbpm_35                                                        ; sld_mbpmg                                ; work         ;
;                            |sld_sbpmg:\gen_sbpmg_pipeline_less_than_two:sm0:0:sm1|                                                      ; 1 (1)       ; 1 (1)                     ; 0 (0)         ; 0           ; 0    ; 0          ; 0            ; 0       ; 0         ; 0    ; 0            ; 0 (0)        ; 0 (0)             ; 1 (1)            ; 0          ; |DLX|sld_signaltap:auto_signaltap_0|sld_signaltap_impl:sld_signaltap_body|sld_signaltap_implb:sld_signaltap_body|sld_ela_control:ela_control|sld_ela_trigger:\multi_level_advanced_trigger_gen:advanced_trigger_wrapper|sld_ela_trigger_b9o:auto_generated|sld_reserved_DLX_auto_signaltap_0_1_1d51:mgl_prim1|sld_mbpmg:mbpm_35|sld_sbpmg:\gen_sbpmg_pipeline_less_than_two:sm0:0:sm1  ; sld_sbpmg                                ; work         ;
;                         |sld_mbpmg:mbpm_38|                                                                                             ; 1 (0)       ; 1 (0)                     ; 0 (0)         ; 0           ; 0    ; 0          ; 0            ; 0       ; 0         ; 0    ; 0            ; 0 (0)        ; 0 (0)             ; 1 (0)            ; 0          ; |DLX|sld_signaltap:auto_signaltap_0|sld_signaltap_impl:sld_signaltap_body|sld_signaltap_implb:sld_signaltap_body|sld_ela_control:ela_control|sld_ela_trigger:\multi_level_advanced_trigger_gen:advanced_trigger_wrapper|sld_ela_trigger_b9o:auto_generated|sld_reserved_DLX_auto_signaltap_0_1_1d51:mgl_prim1|sld_mbpmg:mbpm_38                                                        ; sld_mbpmg                                ; work         ;
;                            |sld_sbpmg:\gen_sbpmg_pipeline_less_than_two:sm0:0:sm1|                                                      ; 1 (1)       ; 1 (1)                     ; 0 (0)         ; 0           ; 0    ; 0          ; 0            ; 0       ; 0         ; 0    ; 0            ; 0 (0)        ; 0 (0)             ; 1 (1)            ; 0          ; |DLX|sld_signaltap:auto_signaltap_0|sld_signaltap_impl:sld_signaltap_body|sld_signaltap_implb:sld_signaltap_body|sld_ela_control:ela_control|sld_ela_trigger:\multi_level_advanced_trigger_gen:advanced_trigger_wrapper|sld_ela_trigger_b9o:auto_generated|sld_reserved_DLX_auto_signaltap_0_1_1d51:mgl_prim1|sld_mbpmg:mbpm_38|sld_sbpmg:\gen_sbpmg_pipeline_less_than_two:sm0:0:sm1  ; sld_sbpmg                                ; work         ;
;                         |sld_mbpmg:mbpm_3|                                                                                              ; 1 (0)       ; 1 (0)                     ; 0 (0)         ; 0           ; 0    ; 0          ; 0            ; 0       ; 0         ; 0    ; 0            ; 0 (0)        ; 0 (0)             ; 1 (0)            ; 0          ; |DLX|sld_signaltap:auto_signaltap_0|sld_signaltap_impl:sld_signaltap_body|sld_signaltap_implb:sld_signaltap_body|sld_ela_control:ela_control|sld_ela_trigger:\multi_level_advanced_trigger_gen:advanced_trigger_wrapper|sld_ela_trigger_b9o:auto_generated|sld_reserved_DLX_auto_signaltap_0_1_1d51:mgl_prim1|sld_mbpmg:mbpm_3                                                         ; sld_mbpmg                                ; work         ;
;                            |sld_sbpmg:\gen_sbpmg_pipeline_less_than_two:sm0:0:sm1|                                                      ; 1 (1)       ; 1 (1)                     ; 0 (0)         ; 0           ; 0    ; 0          ; 0            ; 0       ; 0         ; 0    ; 0            ; 0 (0)        ; 0 (0)             ; 1 (1)            ; 0          ; |DLX|sld_signaltap:auto_signaltap_0|sld_signaltap_impl:sld_signaltap_body|sld_signaltap_implb:sld_signaltap_body|sld_ela_control:ela_control|sld_ela_trigger:\multi_level_advanced_trigger_gen:advanced_trigger_wrapper|sld_ela_trigger_b9o:auto_generated|sld_reserved_DLX_auto_signaltap_0_1_1d51:mgl_prim1|sld_mbpmg:mbpm_3|sld_sbpmg:\gen_sbpmg_pipeline_less_than_two:sm0:0:sm1   ; sld_sbpmg                                ; work         ;
;                         |sld_mbpmg:mbpm_41|                                                                                             ; 1 (0)       ; 1 (0)                     ; 0 (0)         ; 0           ; 0    ; 0          ; 0            ; 0       ; 0         ; 0    ; 0            ; 0 (0)        ; 0 (0)             ; 1 (0)            ; 0          ; |DLX|sld_signaltap:auto_signaltap_0|sld_signaltap_impl:sld_signaltap_body|sld_signaltap_implb:sld_signaltap_body|sld_ela_control:ela_control|sld_ela_trigger:\multi_level_advanced_trigger_gen:advanced_trigger_wrapper|sld_ela_trigger_b9o:auto_generated|sld_reserved_DLX_auto_signaltap_0_1_1d51:mgl_prim1|sld_mbpmg:mbpm_41                                                        ; sld_mbpmg                                ; work         ;
;                            |sld_sbpmg:\gen_sbpmg_pipeline_less_than_two:sm0:0:sm1|                                                      ; 1 (1)       ; 1 (1)                     ; 0 (0)         ; 0           ; 0    ; 0          ; 0            ; 0       ; 0         ; 0    ; 0            ; 0 (0)        ; 0 (0)             ; 1 (1)            ; 0          ; |DLX|sld_signaltap:auto_signaltap_0|sld_signaltap_impl:sld_signaltap_body|sld_signaltap_implb:sld_signaltap_body|sld_ela_control:ela_control|sld_ela_trigger:\multi_level_advanced_trigger_gen:advanced_trigger_wrapper|sld_ela_trigger_b9o:auto_generated|sld_reserved_DLX_auto_signaltap_0_1_1d51:mgl_prim1|sld_mbpmg:mbpm_41|sld_sbpmg:\gen_sbpmg_pipeline_less_than_two:sm0:0:sm1  ; sld_sbpmg                                ; work         ;
;                         |sld_mbpmg:mbpm_44|                                                                                             ; 1 (0)       ; 1 (0)                     ; 0 (0)         ; 0           ; 0    ; 0          ; 0            ; 0       ; 0         ; 0    ; 0            ; 0 (0)        ; 0 (0)             ; 1 (0)            ; 0          ; |DLX|sld_signaltap:auto_signaltap_0|sld_signaltap_impl:sld_signaltap_body|sld_signaltap_implb:sld_signaltap_body|sld_ela_control:ela_control|sld_ela_trigger:\multi_level_advanced_trigger_gen:advanced_trigger_wrapper|sld_ela_trigger_b9o:auto_generated|sld_reserved_DLX_auto_signaltap_0_1_1d51:mgl_prim1|sld_mbpmg:mbpm_44                                                        ; sld_mbpmg                                ; work         ;
;                            |sld_sbpmg:\gen_sbpmg_pipeline_less_than_two:sm0:0:sm1|                                                      ; 1 (1)       ; 1 (1)                     ; 0 (0)         ; 0           ; 0    ; 0          ; 0            ; 0       ; 0         ; 0    ; 0            ; 0 (0)        ; 0 (0)             ; 1 (1)            ; 0          ; |DLX|sld_signaltap:auto_signaltap_0|sld_signaltap_impl:sld_signaltap_body|sld_signaltap_implb:sld_signaltap_body|sld_ela_control:ela_control|sld_ela_trigger:\multi_level_advanced_trigger_gen:advanced_trigger_wrapper|sld_ela_trigger_b9o:auto_generated|sld_reserved_DLX_auto_signaltap_0_1_1d51:mgl_prim1|sld_mbpmg:mbpm_44|sld_sbpmg:\gen_sbpmg_pipeline_less_than_two:sm0:0:sm1  ; sld_sbpmg                                ; work         ;
;                         |sld_mbpmg:mbpm_47|                                                                                             ; 1 (0)       ; 1 (0)                     ; 0 (0)         ; 0           ; 0    ; 0          ; 0            ; 0       ; 0         ; 0    ; 0            ; 0 (0)        ; 0 (0)             ; 1 (0)            ; 0          ; |DLX|sld_signaltap:auto_signaltap_0|sld_signaltap_impl:sld_signaltap_body|sld_signaltap_implb:sld_signaltap_body|sld_ela_control:ela_control|sld_ela_trigger:\multi_level_advanced_trigger_gen:advanced_trigger_wrapper|sld_ela_trigger_b9o:auto_generated|sld_reserved_DLX_auto_signaltap_0_1_1d51:mgl_prim1|sld_mbpmg:mbpm_47                                                        ; sld_mbpmg                                ; work         ;
;                            |sld_sbpmg:\gen_sbpmg_pipeline_less_than_two:sm0:0:sm1|                                                      ; 1 (1)       ; 1 (1)                     ; 0 (0)         ; 0           ; 0    ; 0          ; 0            ; 0       ; 0         ; 0    ; 0            ; 0 (0)        ; 0 (0)             ; 1 (1)            ; 0          ; |DLX|sld_signaltap:auto_signaltap_0|sld_signaltap_impl:sld_signaltap_body|sld_signaltap_implb:sld_signaltap_body|sld_ela_control:ela_control|sld_ela_trigger:\multi_level_advanced_trigger_gen:advanced_trigger_wrapper|sld_ela_trigger_b9o:auto_generated|sld_reserved_DLX_auto_signaltap_0_1_1d51:mgl_prim1|sld_mbpmg:mbpm_47|sld_sbpmg:\gen_sbpmg_pipeline_less_than_two:sm0:0:sm1  ; sld_sbpmg                                ; work         ;
;                         |sld_mbpmg:mbpm_50|                                                                                             ; 1 (0)       ; 1 (0)                     ; 0 (0)         ; 0           ; 0    ; 0          ; 0            ; 0       ; 0         ; 0    ; 0            ; 0 (0)        ; 0 (0)             ; 1 (0)            ; 0          ; |DLX|sld_signaltap:auto_signaltap_0|sld_signaltap_impl:sld_signaltap_body|sld_signaltap_implb:sld_signaltap_body|sld_ela_control:ela_control|sld_ela_trigger:\multi_level_advanced_trigger_gen:advanced_trigger_wrapper|sld_ela_trigger_b9o:auto_generated|sld_reserved_DLX_auto_signaltap_0_1_1d51:mgl_prim1|sld_mbpmg:mbpm_50                                                        ; sld_mbpmg                                ; work         ;
;                            |sld_sbpmg:\gen_sbpmg_pipeline_less_than_two:sm0:0:sm1|                                                      ; 1 (1)       ; 1 (1)                     ; 0 (0)         ; 0           ; 0    ; 0          ; 0            ; 0       ; 0         ; 0    ; 0            ; 0 (0)        ; 0 (0)             ; 1 (1)            ; 0          ; |DLX|sld_signaltap:auto_signaltap_0|sld_signaltap_impl:sld_signaltap_body|sld_signaltap_implb:sld_signaltap_body|sld_ela_control:ela_control|sld_ela_trigger:\multi_level_advanced_trigger_gen:advanced_trigger_wrapper|sld_ela_trigger_b9o:auto_generated|sld_reserved_DLX_auto_signaltap_0_1_1d51:mgl_prim1|sld_mbpmg:mbpm_50|sld_sbpmg:\gen_sbpmg_pipeline_less_than_two:sm0:0:sm1  ; sld_sbpmg                                ; work         ;
;                         |sld_mbpmg:mbpm_53|                                                                                             ; 1 (0)       ; 1 (0)                     ; 0 (0)         ; 0           ; 0    ; 0          ; 0            ; 0       ; 0         ; 0    ; 0            ; 0 (0)        ; 0 (0)             ; 1 (0)            ; 0          ; |DLX|sld_signaltap:auto_signaltap_0|sld_signaltap_impl:sld_signaltap_body|sld_signaltap_implb:sld_signaltap_body|sld_ela_control:ela_control|sld_ela_trigger:\multi_level_advanced_trigger_gen:advanced_trigger_wrapper|sld_ela_trigger_b9o:auto_generated|sld_reserved_DLX_auto_signaltap_0_1_1d51:mgl_prim1|sld_mbpmg:mbpm_53                                                        ; sld_mbpmg                                ; work         ;
;                            |sld_sbpmg:\gen_sbpmg_pipeline_less_than_two:sm0:0:sm1|                                                      ; 1 (1)       ; 1 (1)                     ; 0 (0)         ; 0           ; 0    ; 0          ; 0            ; 0       ; 0         ; 0    ; 0            ; 0 (0)        ; 0 (0)             ; 1 (1)            ; 0          ; |DLX|sld_signaltap:auto_signaltap_0|sld_signaltap_impl:sld_signaltap_body|sld_signaltap_implb:sld_signaltap_body|sld_ela_control:ela_control|sld_ela_trigger:\multi_level_advanced_trigger_gen:advanced_trigger_wrapper|sld_ela_trigger_b9o:auto_generated|sld_reserved_DLX_auto_signaltap_0_1_1d51:mgl_prim1|sld_mbpmg:mbpm_53|sld_sbpmg:\gen_sbpmg_pipeline_less_than_two:sm0:0:sm1  ; sld_sbpmg                                ; work         ;
;                         |sld_mbpmg:mbpm_56|                                                                                             ; 1 (0)       ; 1 (0)                     ; 0 (0)         ; 0           ; 0    ; 0          ; 0            ; 0       ; 0         ; 0    ; 0            ; 0 (0)        ; 0 (0)             ; 1 (0)            ; 0          ; |DLX|sld_signaltap:auto_signaltap_0|sld_signaltap_impl:sld_signaltap_body|sld_signaltap_implb:sld_signaltap_body|sld_ela_control:ela_control|sld_ela_trigger:\multi_level_advanced_trigger_gen:advanced_trigger_wrapper|sld_ela_trigger_b9o:auto_generated|sld_reserved_DLX_auto_signaltap_0_1_1d51:mgl_prim1|sld_mbpmg:mbpm_56                                                        ; sld_mbpmg                                ; work         ;
;                            |sld_sbpmg:\gen_sbpmg_pipeline_less_than_two:sm0:0:sm1|                                                      ; 1 (1)       ; 1 (1)                     ; 0 (0)         ; 0           ; 0    ; 0          ; 0            ; 0       ; 0         ; 0    ; 0            ; 0 (0)        ; 0 (0)             ; 1 (1)            ; 0          ; |DLX|sld_signaltap:auto_signaltap_0|sld_signaltap_impl:sld_signaltap_body|sld_signaltap_implb:sld_signaltap_body|sld_ela_control:ela_control|sld_ela_trigger:\multi_level_advanced_trigger_gen:advanced_trigger_wrapper|sld_ela_trigger_b9o:auto_generated|sld_reserved_DLX_auto_signaltap_0_1_1d51:mgl_prim1|sld_mbpmg:mbpm_56|sld_sbpmg:\gen_sbpmg_pipeline_less_than_two:sm0:0:sm1  ; sld_sbpmg                                ; work         ;
;                         |sld_mbpmg:mbpm_59|                                                                                             ; 1 (0)       ; 1 (0)                     ; 0 (0)         ; 0           ; 0    ; 0          ; 0            ; 0       ; 0         ; 0    ; 0            ; 0 (0)        ; 0 (0)             ; 1 (0)            ; 0          ; |DLX|sld_signaltap:auto_signaltap_0|sld_signaltap_impl:sld_signaltap_body|sld_signaltap_implb:sld_signaltap_body|sld_ela_control:ela_control|sld_ela_trigger:\multi_level_advanced_trigger_gen:advanced_trigger_wrapper|sld_ela_trigger_b9o:auto_generated|sld_reserved_DLX_auto_signaltap_0_1_1d51:mgl_prim1|sld_mbpmg:mbpm_59                                                        ; sld_mbpmg                                ; work         ;
;                            |sld_sbpmg:\gen_sbpmg_pipeline_less_than_two:sm0:0:sm1|                                                      ; 1 (1)       ; 1 (1)                     ; 0 (0)         ; 0           ; 0    ; 0          ; 0            ; 0       ; 0         ; 0    ; 0            ; 0 (0)        ; 0 (0)             ; 1 (1)            ; 0          ; |DLX|sld_signaltap:auto_signaltap_0|sld_signaltap_impl:sld_signaltap_body|sld_signaltap_implb:sld_signaltap_body|sld_ela_control:ela_control|sld_ela_trigger:\multi_level_advanced_trigger_gen:advanced_trigger_wrapper|sld_ela_trigger_b9o:auto_generated|sld_reserved_DLX_auto_signaltap_0_1_1d51:mgl_prim1|sld_mbpmg:mbpm_59|sld_sbpmg:\gen_sbpmg_pipeline_less_than_two:sm0:0:sm1  ; sld_sbpmg                                ; work         ;
;                         |sld_mbpmg:mbpm_62|                                                                                             ; 1 (0)       ; 1 (0)                     ; 0 (0)         ; 0           ; 0    ; 0          ; 0            ; 0       ; 0         ; 0    ; 0            ; 0 (0)        ; 0 (0)             ; 1 (0)            ; 0          ; |DLX|sld_signaltap:auto_signaltap_0|sld_signaltap_impl:sld_signaltap_body|sld_signaltap_implb:sld_signaltap_body|sld_ela_control:ela_control|sld_ela_trigger:\multi_level_advanced_trigger_gen:advanced_trigger_wrapper|sld_ela_trigger_b9o:auto_generated|sld_reserved_DLX_auto_signaltap_0_1_1d51:mgl_prim1|sld_mbpmg:mbpm_62                                                        ; sld_mbpmg                                ; work         ;
;                            |sld_sbpmg:\gen_sbpmg_pipeline_less_than_two:sm0:0:sm1|                                                      ; 1 (1)       ; 1 (1)                     ; 0 (0)         ; 0           ; 0    ; 0          ; 0            ; 0       ; 0         ; 0    ; 0            ; 0 (0)        ; 0 (0)             ; 1 (1)            ; 0          ; |DLX|sld_signaltap:auto_signaltap_0|sld_signaltap_impl:sld_signaltap_body|sld_signaltap_implb:sld_signaltap_body|sld_ela_control:ela_control|sld_ela_trigger:\multi_level_advanced_trigger_gen:advanced_trigger_wrapper|sld_ela_trigger_b9o:auto_generated|sld_reserved_DLX_auto_signaltap_0_1_1d51:mgl_prim1|sld_mbpmg:mbpm_62|sld_sbpmg:\gen_sbpmg_pipeline_less_than_two:sm0:0:sm1  ; sld_sbpmg                                ; work         ;
;                         |sld_mbpmg:mbpm_65|                                                                                             ; 1 (0)       ; 1 (0)                     ; 0 (0)         ; 0           ; 0    ; 0          ; 0            ; 0       ; 0         ; 0    ; 0            ; 0 (0)        ; 0 (0)             ; 1 (0)            ; 0          ; |DLX|sld_signaltap:auto_signaltap_0|sld_signaltap_impl:sld_signaltap_body|sld_signaltap_implb:sld_signaltap_body|sld_ela_control:ela_control|sld_ela_trigger:\multi_level_advanced_trigger_gen:advanced_trigger_wrapper|sld_ela_trigger_b9o:auto_generated|sld_reserved_DLX_auto_signaltap_0_1_1d51:mgl_prim1|sld_mbpmg:mbpm_65                                                        ; sld_mbpmg                                ; work         ;
;                            |sld_sbpmg:\gen_sbpmg_pipeline_less_than_two:sm0:0:sm1|                                                      ; 1 (1)       ; 1 (1)                     ; 0 (0)         ; 0           ; 0    ; 0          ; 0            ; 0       ; 0         ; 0    ; 0            ; 0 (0)        ; 0 (0)             ; 1 (1)            ; 0          ; |DLX|sld_signaltap:auto_signaltap_0|sld_signaltap_impl:sld_signaltap_body|sld_signaltap_implb:sld_signaltap_body|sld_ela_control:ela_control|sld_ela_trigger:\multi_level_advanced_trigger_gen:advanced_trigger_wrapper|sld_ela_trigger_b9o:auto_generated|sld_reserved_DLX_auto_signaltap_0_1_1d51:mgl_prim1|sld_mbpmg:mbpm_65|sld_sbpmg:\gen_sbpmg_pipeline_less_than_two:sm0:0:sm1  ; sld_sbpmg                                ; work         ;
;                         |sld_mbpmg:mbpm_68|                                                                                             ; 1 (0)       ; 1 (0)                     ; 0 (0)         ; 0           ; 0    ; 0          ; 0            ; 0       ; 0         ; 0    ; 0            ; 0 (0)        ; 0 (0)             ; 1 (0)            ; 0          ; |DLX|sld_signaltap:auto_signaltap_0|sld_signaltap_impl:sld_signaltap_body|sld_signaltap_implb:sld_signaltap_body|sld_ela_control:ela_control|sld_ela_trigger:\multi_level_advanced_trigger_gen:advanced_trigger_wrapper|sld_ela_trigger_b9o:auto_generated|sld_reserved_DLX_auto_signaltap_0_1_1d51:mgl_prim1|sld_mbpmg:mbpm_68                                                        ; sld_mbpmg                                ; work         ;
;                            |sld_sbpmg:\gen_sbpmg_pipeline_less_than_two:sm0:0:sm1|                                                      ; 1 (1)       ; 1 (1)                     ; 0 (0)         ; 0           ; 0    ; 0          ; 0            ; 0       ; 0         ; 0    ; 0            ; 0 (0)        ; 0 (0)             ; 1 (1)            ; 0          ; |DLX|sld_signaltap:auto_signaltap_0|sld_signaltap_impl:sld_signaltap_body|sld_signaltap_implb:sld_signaltap_body|sld_ela_control:ela_control|sld_ela_trigger:\multi_level_advanced_trigger_gen:advanced_trigger_wrapper|sld_ela_trigger_b9o:auto_generated|sld_reserved_DLX_auto_signaltap_0_1_1d51:mgl_prim1|sld_mbpmg:mbpm_68|sld_sbpmg:\gen_sbpmg_pipeline_less_than_two:sm0:0:sm1  ; sld_sbpmg                                ; work         ;
;                         |sld_mbpmg:mbpm_6|                                                                                              ; 1 (0)       ; 1 (0)                     ; 0 (0)         ; 0           ; 0    ; 0          ; 0            ; 0       ; 0         ; 0    ; 0            ; 0 (0)        ; 0 (0)             ; 1 (0)            ; 0          ; |DLX|sld_signaltap:auto_signaltap_0|sld_signaltap_impl:sld_signaltap_body|sld_signaltap_implb:sld_signaltap_body|sld_ela_control:ela_control|sld_ela_trigger:\multi_level_advanced_trigger_gen:advanced_trigger_wrapper|sld_ela_trigger_b9o:auto_generated|sld_reserved_DLX_auto_signaltap_0_1_1d51:mgl_prim1|sld_mbpmg:mbpm_6                                                         ; sld_mbpmg                                ; work         ;
;                            |sld_sbpmg:\gen_sbpmg_pipeline_less_than_two:sm0:0:sm1|                                                      ; 1 (1)       ; 1 (1)                     ; 0 (0)         ; 0           ; 0    ; 0          ; 0            ; 0       ; 0         ; 0    ; 0            ; 0 (0)        ; 0 (0)             ; 1 (1)            ; 0          ; |DLX|sld_signaltap:auto_signaltap_0|sld_signaltap_impl:sld_signaltap_body|sld_signaltap_implb:sld_signaltap_body|sld_ela_control:ela_control|sld_ela_trigger:\multi_level_advanced_trigger_gen:advanced_trigger_wrapper|sld_ela_trigger_b9o:auto_generated|sld_reserved_DLX_auto_signaltap_0_1_1d51:mgl_prim1|sld_mbpmg:mbpm_6|sld_sbpmg:\gen_sbpmg_pipeline_less_than_two:sm0:0:sm1   ; sld_sbpmg                                ; work         ;
;                         |sld_mbpmg:mbpm_71|                                                                                             ; 1 (0)       ; 1 (0)                     ; 0 (0)         ; 0           ; 0    ; 0          ; 0            ; 0       ; 0         ; 0    ; 0            ; 0 (0)        ; 0 (0)             ; 1 (0)            ; 0          ; |DLX|sld_signaltap:auto_signaltap_0|sld_signaltap_impl:sld_signaltap_body|sld_signaltap_implb:sld_signaltap_body|sld_ela_control:ela_control|sld_ela_trigger:\multi_level_advanced_trigger_gen:advanced_trigger_wrapper|sld_ela_trigger_b9o:auto_generated|sld_reserved_DLX_auto_signaltap_0_1_1d51:mgl_prim1|sld_mbpmg:mbpm_71                                                        ; sld_mbpmg                                ; work         ;
;                            |sld_sbpmg:\gen_sbpmg_pipeline_less_than_two:sm0:0:sm1|                                                      ; 1 (1)       ; 1 (1)                     ; 0 (0)         ; 0           ; 0    ; 0          ; 0            ; 0       ; 0         ; 0    ; 0            ; 0 (0)        ; 0 (0)             ; 1 (1)            ; 0          ; |DLX|sld_signaltap:auto_signaltap_0|sld_signaltap_impl:sld_signaltap_body|sld_signaltap_implb:sld_signaltap_body|sld_ela_control:ela_control|sld_ela_trigger:\multi_level_advanced_trigger_gen:advanced_trigger_wrapper|sld_ela_trigger_b9o:auto_generated|sld_reserved_DLX_auto_signaltap_0_1_1d51:mgl_prim1|sld_mbpmg:mbpm_71|sld_sbpmg:\gen_sbpmg_pipeline_less_than_two:sm0:0:sm1  ; sld_sbpmg                                ; work         ;
;                         |sld_mbpmg:mbpm_74|                                                                                             ; 1 (0)       ; 1 (0)                     ; 0 (0)         ; 0           ; 0    ; 0          ; 0            ; 0       ; 0         ; 0    ; 0            ; 0 (0)        ; 0 (0)             ; 1 (0)            ; 0          ; |DLX|sld_signaltap:auto_signaltap_0|sld_signaltap_impl:sld_signaltap_body|sld_signaltap_implb:sld_signaltap_body|sld_ela_control:ela_control|sld_ela_trigger:\multi_level_advanced_trigger_gen:advanced_trigger_wrapper|sld_ela_trigger_b9o:auto_generated|sld_reserved_DLX_auto_signaltap_0_1_1d51:mgl_prim1|sld_mbpmg:mbpm_74                                                        ; sld_mbpmg                                ; work         ;
;                            |sld_sbpmg:\gen_sbpmg_pipeline_less_than_two:sm0:0:sm1|                                                      ; 1 (1)       ; 1 (1)                     ; 0 (0)         ; 0           ; 0    ; 0          ; 0            ; 0       ; 0         ; 0    ; 0            ; 0 (0)        ; 0 (0)             ; 1 (1)            ; 0          ; |DLX|sld_signaltap:auto_signaltap_0|sld_signaltap_impl:sld_signaltap_body|sld_signaltap_implb:sld_signaltap_body|sld_ela_control:ela_control|sld_ela_trigger:\multi_level_advanced_trigger_gen:advanced_trigger_wrapper|sld_ela_trigger_b9o:auto_generated|sld_reserved_DLX_auto_signaltap_0_1_1d51:mgl_prim1|sld_mbpmg:mbpm_74|sld_sbpmg:\gen_sbpmg_pipeline_less_than_two:sm0:0:sm1  ; sld_sbpmg                                ; work         ;
;                         |sld_mbpmg:mbpm_77|                                                                                             ; 1 (0)       ; 1 (0)                     ; 0 (0)         ; 0           ; 0    ; 0          ; 0            ; 0       ; 0         ; 0    ; 0            ; 0 (0)        ; 0 (0)             ; 1 (0)            ; 0          ; |DLX|sld_signaltap:auto_signaltap_0|sld_signaltap_impl:sld_signaltap_body|sld_signaltap_implb:sld_signaltap_body|sld_ela_control:ela_control|sld_ela_trigger:\multi_level_advanced_trigger_gen:advanced_trigger_wrapper|sld_ela_trigger_b9o:auto_generated|sld_reserved_DLX_auto_signaltap_0_1_1d51:mgl_prim1|sld_mbpmg:mbpm_77                                                        ; sld_mbpmg                                ; work         ;
;                            |sld_sbpmg:\gen_sbpmg_pipeline_less_than_two:sm0:0:sm1|                                                      ; 1 (1)       ; 1 (1)                     ; 0 (0)         ; 0           ; 0    ; 0          ; 0            ; 0       ; 0         ; 0    ; 0            ; 0 (0)        ; 0 (0)             ; 1 (1)            ; 0          ; |DLX|sld_signaltap:auto_signaltap_0|sld_signaltap_impl:sld_signaltap_body|sld_signaltap_implb:sld_signaltap_body|sld_ela_control:ela_control|sld_ela_trigger:\multi_level_advanced_trigger_gen:advanced_trigger_wrapper|sld_ela_trigger_b9o:auto_generated|sld_reserved_DLX_auto_signaltap_0_1_1d51:mgl_prim1|sld_mbpmg:mbpm_77|sld_sbpmg:\gen_sbpmg_pipeline_less_than_two:sm0:0:sm1  ; sld_sbpmg                                ; work         ;
;                         |sld_mbpmg:mbpm_80|                                                                                             ; 1 (0)       ; 1 (0)                     ; 0 (0)         ; 0           ; 0    ; 0          ; 0            ; 0       ; 0         ; 0    ; 0            ; 0 (0)        ; 0 (0)             ; 1 (0)            ; 0          ; |DLX|sld_signaltap:auto_signaltap_0|sld_signaltap_impl:sld_signaltap_body|sld_signaltap_implb:sld_signaltap_body|sld_ela_control:ela_control|sld_ela_trigger:\multi_level_advanced_trigger_gen:advanced_trigger_wrapper|sld_ela_trigger_b9o:auto_generated|sld_reserved_DLX_auto_signaltap_0_1_1d51:mgl_prim1|sld_mbpmg:mbpm_80                                                        ; sld_mbpmg                                ; work         ;
;                            |sld_sbpmg:\gen_sbpmg_pipeline_less_than_two:sm0:0:sm1|                                                      ; 1 (1)       ; 1 (1)                     ; 0 (0)         ; 0           ; 0    ; 0          ; 0            ; 0       ; 0         ; 0    ; 0            ; 0 (0)        ; 0 (0)             ; 1 (1)            ; 0          ; |DLX|sld_signaltap:auto_signaltap_0|sld_signaltap_impl:sld_signaltap_body|sld_signaltap_implb:sld_signaltap_body|sld_ela_control:ela_control|sld_ela_trigger:\multi_level_advanced_trigger_gen:advanced_trigger_wrapper|sld_ela_trigger_b9o:auto_generated|sld_reserved_DLX_auto_signaltap_0_1_1d51:mgl_prim1|sld_mbpmg:mbpm_80|sld_sbpmg:\gen_sbpmg_pipeline_less_than_two:sm0:0:sm1  ; sld_sbpmg                                ; work         ;
;                         |sld_mbpmg:mbpm_83|                                                                                             ; 1 (0)       ; 1 (0)                     ; 0 (0)         ; 0           ; 0    ; 0          ; 0            ; 0       ; 0         ; 0    ; 0            ; 0 (0)        ; 0 (0)             ; 1 (0)            ; 0          ; |DLX|sld_signaltap:auto_signaltap_0|sld_signaltap_impl:sld_signaltap_body|sld_signaltap_implb:sld_signaltap_body|sld_ela_control:ela_control|sld_ela_trigger:\multi_level_advanced_trigger_gen:advanced_trigger_wrapper|sld_ela_trigger_b9o:auto_generated|sld_reserved_DLX_auto_signaltap_0_1_1d51:mgl_prim1|sld_mbpmg:mbpm_83                                                        ; sld_mbpmg                                ; work         ;
;                            |sld_sbpmg:\gen_sbpmg_pipeline_less_than_two:sm0:0:sm1|                                                      ; 1 (1)       ; 1 (1)                     ; 0 (0)         ; 0           ; 0    ; 0          ; 0            ; 0       ; 0         ; 0    ; 0            ; 0 (0)        ; 0 (0)             ; 1 (1)            ; 0          ; |DLX|sld_signaltap:auto_signaltap_0|sld_signaltap_impl:sld_signaltap_body|sld_signaltap_implb:sld_signaltap_body|sld_ela_control:ela_control|sld_ela_trigger:\multi_level_advanced_trigger_gen:advanced_trigger_wrapper|sld_ela_trigger_b9o:auto_generated|sld_reserved_DLX_auto_signaltap_0_1_1d51:mgl_prim1|sld_mbpmg:mbpm_83|sld_sbpmg:\gen_sbpmg_pipeline_less_than_two:sm0:0:sm1  ; sld_sbpmg                                ; work         ;
;                         |sld_mbpmg:mbpm_86|                                                                                             ; 1 (0)       ; 1 (0)                     ; 0 (0)         ; 0           ; 0    ; 0          ; 0            ; 0       ; 0         ; 0    ; 0            ; 0 (0)        ; 0 (0)             ; 1 (0)            ; 0          ; |DLX|sld_signaltap:auto_signaltap_0|sld_signaltap_impl:sld_signaltap_body|sld_signaltap_implb:sld_signaltap_body|sld_ela_control:ela_control|sld_ela_trigger:\multi_level_advanced_trigger_gen:advanced_trigger_wrapper|sld_ela_trigger_b9o:auto_generated|sld_reserved_DLX_auto_signaltap_0_1_1d51:mgl_prim1|sld_mbpmg:mbpm_86                                                        ; sld_mbpmg                                ; work         ;
;                            |sld_sbpmg:\gen_sbpmg_pipeline_less_than_two:sm0:0:sm1|                                                      ; 1 (1)       ; 1 (1)                     ; 0 (0)         ; 0           ; 0    ; 0          ; 0            ; 0       ; 0         ; 0    ; 0            ; 0 (0)        ; 0 (0)             ; 1 (1)            ; 0          ; |DLX|sld_signaltap:auto_signaltap_0|sld_signaltap_impl:sld_signaltap_body|sld_signaltap_implb:sld_signaltap_body|sld_ela_control:ela_control|sld_ela_trigger:\multi_level_advanced_trigger_gen:advanced_trigger_wrapper|sld_ela_trigger_b9o:auto_generated|sld_reserved_DLX_auto_signaltap_0_1_1d51:mgl_prim1|sld_mbpmg:mbpm_86|sld_sbpmg:\gen_sbpmg_pipeline_less_than_two:sm0:0:sm1  ; sld_sbpmg                                ; work         ;
;                         |sld_mbpmg:mbpm_89|                                                                                             ; 1 (0)       ; 1 (0)                     ; 0 (0)         ; 0           ; 0    ; 0          ; 0            ; 0       ; 0         ; 0    ; 0            ; 0 (0)        ; 0 (0)             ; 1 (0)            ; 0          ; |DLX|sld_signaltap:auto_signaltap_0|sld_signaltap_impl:sld_signaltap_body|sld_signaltap_implb:sld_signaltap_body|sld_ela_control:ela_control|sld_ela_trigger:\multi_level_advanced_trigger_gen:advanced_trigger_wrapper|sld_ela_trigger_b9o:auto_generated|sld_reserved_DLX_auto_signaltap_0_1_1d51:mgl_prim1|sld_mbpmg:mbpm_89                                                        ; sld_mbpmg                                ; work         ;
;                            |sld_sbpmg:\gen_sbpmg_pipeline_less_than_two:sm0:0:sm1|                                                      ; 1 (1)       ; 1 (1)                     ; 0 (0)         ; 0           ; 0    ; 0          ; 0            ; 0       ; 0         ; 0    ; 0            ; 0 (0)        ; 0 (0)             ; 1 (1)            ; 0          ; |DLX|sld_signaltap:auto_signaltap_0|sld_signaltap_impl:sld_signaltap_body|sld_signaltap_implb:sld_signaltap_body|sld_ela_control:ela_control|sld_ela_trigger:\multi_level_advanced_trigger_gen:advanced_trigger_wrapper|sld_ela_trigger_b9o:auto_generated|sld_reserved_DLX_auto_signaltap_0_1_1d51:mgl_prim1|sld_mbpmg:mbpm_89|sld_sbpmg:\gen_sbpmg_pipeline_less_than_two:sm0:0:sm1  ; sld_sbpmg                                ; work         ;
;                         |sld_mbpmg:mbpm_92|                                                                                             ; 1 (0)       ; 1 (0)                     ; 0 (0)         ; 0           ; 0    ; 0          ; 0            ; 0       ; 0         ; 0    ; 0            ; 0 (0)        ; 0 (0)             ; 1 (0)            ; 0          ; |DLX|sld_signaltap:auto_signaltap_0|sld_signaltap_impl:sld_signaltap_body|sld_signaltap_implb:sld_signaltap_body|sld_ela_control:ela_control|sld_ela_trigger:\multi_level_advanced_trigger_gen:advanced_trigger_wrapper|sld_ela_trigger_b9o:auto_generated|sld_reserved_DLX_auto_signaltap_0_1_1d51:mgl_prim1|sld_mbpmg:mbpm_92                                                        ; sld_mbpmg                                ; work         ;
;                            |sld_sbpmg:\gen_sbpmg_pipeline_less_than_two:sm0:0:sm1|                                                      ; 1 (1)       ; 1 (1)                     ; 0 (0)         ; 0           ; 0    ; 0          ; 0            ; 0       ; 0         ; 0    ; 0            ; 0 (0)        ; 0 (0)             ; 1 (1)            ; 0          ; |DLX|sld_signaltap:auto_signaltap_0|sld_signaltap_impl:sld_signaltap_body|sld_signaltap_implb:sld_signaltap_body|sld_ela_control:ela_control|sld_ela_trigger:\multi_level_advanced_trigger_gen:advanced_trigger_wrapper|sld_ela_trigger_b9o:auto_generated|sld_reserved_DLX_auto_signaltap_0_1_1d51:mgl_prim1|sld_mbpmg:mbpm_92|sld_sbpmg:\gen_sbpmg_pipeline_less_than_two:sm0:0:sm1  ; sld_sbpmg                                ; work         ;
;                         |sld_mbpmg:mbpm_95|                                                                                             ; 1 (0)       ; 1 (0)                     ; 0 (0)         ; 0           ; 0    ; 0          ; 0            ; 0       ; 0         ; 0    ; 0            ; 0 (0)        ; 0 (0)             ; 1 (0)            ; 0          ; |DLX|sld_signaltap:auto_signaltap_0|sld_signaltap_impl:sld_signaltap_body|sld_signaltap_implb:sld_signaltap_body|sld_ela_control:ela_control|sld_ela_trigger:\multi_level_advanced_trigger_gen:advanced_trigger_wrapper|sld_ela_trigger_b9o:auto_generated|sld_reserved_DLX_auto_signaltap_0_1_1d51:mgl_prim1|sld_mbpmg:mbpm_95                                                        ; sld_mbpmg                                ; work         ;
;                            |sld_sbpmg:\gen_sbpmg_pipeline_less_than_two:sm0:0:sm1|                                                      ; 1 (1)       ; 1 (1)                     ; 0 (0)         ; 0           ; 0    ; 0          ; 0            ; 0       ; 0         ; 0    ; 0            ; 0 (0)        ; 0 (0)             ; 1 (1)            ; 0          ; |DLX|sld_signaltap:auto_signaltap_0|sld_signaltap_impl:sld_signaltap_body|sld_signaltap_implb:sld_signaltap_body|sld_ela_control:ela_control|sld_ela_trigger:\multi_level_advanced_trigger_gen:advanced_trigger_wrapper|sld_ela_trigger_b9o:auto_generated|sld_reserved_DLX_auto_signaltap_0_1_1d51:mgl_prim1|sld_mbpmg:mbpm_95|sld_sbpmg:\gen_sbpmg_pipeline_less_than_two:sm0:0:sm1  ; sld_sbpmg                                ; work         ;
;                         |sld_mbpmg:mbpm_98|                                                                                             ; 1 (0)       ; 1 (0)                     ; 0 (0)         ; 0           ; 0    ; 0          ; 0            ; 0       ; 0         ; 0    ; 0            ; 0 (0)        ; 0 (0)             ; 1 (0)            ; 0          ; |DLX|sld_signaltap:auto_signaltap_0|sld_signaltap_impl:sld_signaltap_body|sld_signaltap_implb:sld_signaltap_body|sld_ela_control:ela_control|sld_ela_trigger:\multi_level_advanced_trigger_gen:advanced_trigger_wrapper|sld_ela_trigger_b9o:auto_generated|sld_reserved_DLX_auto_signaltap_0_1_1d51:mgl_prim1|sld_mbpmg:mbpm_98                                                        ; sld_mbpmg                                ; work         ;
;                            |sld_sbpmg:\gen_sbpmg_pipeline_less_than_two:sm0:0:sm1|                                                      ; 1 (1)       ; 1 (1)                     ; 0 (0)         ; 0           ; 0    ; 0          ; 0            ; 0       ; 0         ; 0    ; 0            ; 0 (0)        ; 0 (0)             ; 1 (1)            ; 0          ; |DLX|sld_signaltap:auto_signaltap_0|sld_signaltap_impl:sld_signaltap_body|sld_signaltap_implb:sld_signaltap_body|sld_ela_control:ela_control|sld_ela_trigger:\multi_level_advanced_trigger_gen:advanced_trigger_wrapper|sld_ela_trigger_b9o:auto_generated|sld_reserved_DLX_auto_signaltap_0_1_1d51:mgl_prim1|sld_mbpmg:mbpm_98|sld_sbpmg:\gen_sbpmg_pipeline_less_than_two:sm0:0:sm1  ; sld_sbpmg                                ; work         ;
;                         |sld_mbpmg:mbpm_9|                                                                                              ; 1 (0)       ; 1 (0)                     ; 0 (0)         ; 0           ; 0    ; 0          ; 0            ; 0       ; 0         ; 0    ; 0            ; 0 (0)        ; 0 (0)             ; 1 (0)            ; 0          ; |DLX|sld_signaltap:auto_signaltap_0|sld_signaltap_impl:sld_signaltap_body|sld_signaltap_implb:sld_signaltap_body|sld_ela_control:ela_control|sld_ela_trigger:\multi_level_advanced_trigger_gen:advanced_trigger_wrapper|sld_ela_trigger_b9o:auto_generated|sld_reserved_DLX_auto_signaltap_0_1_1d51:mgl_prim1|sld_mbpmg:mbpm_9                                                         ; sld_mbpmg                                ; work         ;
;                            |sld_sbpmg:\gen_sbpmg_pipeline_less_than_two:sm0:0:sm1|                                                      ; 1 (1)       ; 1 (1)                     ; 0 (0)         ; 0           ; 0    ; 0          ; 0            ; 0       ; 0         ; 0    ; 0            ; 0 (0)        ; 0 (0)             ; 1 (1)            ; 0          ; |DLX|sld_signaltap:auto_signaltap_0|sld_signaltap_impl:sld_signaltap_body|sld_signaltap_implb:sld_signaltap_body|sld_ela_control:ela_control|sld_ela_trigger:\multi_level_advanced_trigger_gen:advanced_trigger_wrapper|sld_ela_trigger_b9o:auto_generated|sld_reserved_DLX_auto_signaltap_0_1_1d51:mgl_prim1|sld_mbpmg:mbpm_9|sld_sbpmg:\gen_sbpmg_pipeline_less_than_two:sm0:0:sm1   ; sld_sbpmg                                ; work         ;
;                |sld_ela_trigger_flow_mgr:\builtin:ela_trigger_flow_mgr_entity|                                                          ; 11 (1)      ; 11 (1)                    ; 0 (0)         ; 0           ; 0    ; 0          ; 0            ; 0       ; 0         ; 0    ; 0            ; 0 (0)        ; 10 (0)            ; 1 (1)            ; 0          ; |DLX|sld_signaltap:auto_signaltap_0|sld_signaltap_impl:sld_signaltap_body|sld_signaltap_implb:sld_signaltap_body|sld_ela_control:ela_control|sld_ela_trigger_flow_mgr:\builtin:ela_trigger_flow_mgr_entity                                                                                                                                                                             ; sld_ela_trigger_flow_mgr                 ; work         ;
;                   |lpm_shiftreg:trigger_config_deserialize|                                                                             ; 10 (10)     ; 10 (10)                   ; 0 (0)         ; 0           ; 0    ; 0          ; 0            ; 0       ; 0         ; 0    ; 0            ; 0 (0)        ; 10 (10)           ; 0 (0)            ; 0          ; |DLX|sld_signaltap:auto_signaltap_0|sld_signaltap_impl:sld_signaltap_body|sld_signaltap_implb:sld_signaltap_body|sld_ela_control:ela_control|sld_ela_trigger_flow_mgr:\builtin:ela_trigger_flow_mgr_entity|lpm_shiftreg:trigger_config_deserialize                                                                                                                                     ; lpm_shiftreg                             ; work         ;
;             |sld_offload_buffer_mgr:\stp_non_zero_depth_offload_gen:stp_offload_buff_mgr_inst|                                          ; 155 (10)    ; 139 (0)                   ; 0 (0)         ; 0           ; 0    ; 0          ; 0            ; 0       ; 0         ; 0    ; 0            ; 16 (10)      ; 0 (0)             ; 139 (0)          ; 0          ; |DLX|sld_signaltap:auto_signaltap_0|sld_signaltap_impl:sld_signaltap_body|sld_signaltap_implb:sld_signaltap_body|sld_offload_buffer_mgr:\stp_non_zero_depth_offload_gen:stp_offload_buff_mgr_inst                                                                                                                                                                                      ; sld_offload_buffer_mgr                   ; work         ;
;                |lpm_counter:\adv_point_3_and_more:advance_pointer_counter|                                                              ; 8 (0)       ; 6 (0)                     ; 0 (0)         ; 0           ; 0    ; 0          ; 0            ; 0       ; 0         ; 0    ; 0            ; 2 (0)        ; 0 (0)             ; 6 (0)            ; 0          ; |DLX|sld_signaltap:auto_signaltap_0|sld_signaltap_impl:sld_signaltap_body|sld_signaltap_implb:sld_signaltap_body|sld_offload_buffer_mgr:\stp_non_zero_depth_offload_gen:stp_offload_buff_mgr_inst|lpm_counter:\adv_point_3_and_more:advance_pointer_counter                                                                                                                            ; lpm_counter                              ; work         ;
;                   |cntr_irh:auto_generated|                                                                                             ; 8 (8)       ; 6 (6)                     ; 0 (0)         ; 0           ; 0    ; 0          ; 0            ; 0       ; 0         ; 0    ; 0            ; 2 (2)        ; 0 (0)             ; 6 (6)            ; 0          ; |DLX|sld_signaltap:auto_signaltap_0|sld_signaltap_impl:sld_signaltap_body|sld_signaltap_implb:sld_signaltap_body|sld_offload_buffer_mgr:\stp_non_zero_depth_offload_gen:stp_offload_buff_mgr_inst|lpm_counter:\adv_point_3_and_more:advance_pointer_counter|cntr_irh:auto_generated                                                                                                    ; cntr_irh                                 ; work         ;
;                |lpm_counter:read_pointer_counter|                                                                                       ; 14 (0)      ; 14 (0)                    ; 0 (0)         ; 0           ; 0    ; 0          ; 0            ; 0       ; 0         ; 0    ; 0            ; 0 (0)        ; 0 (0)             ; 14 (0)           ; 0          ; |DLX|sld_signaltap:auto_signaltap_0|sld_signaltap_impl:sld_signaltap_body|sld_signaltap_implb:sld_signaltap_body|sld_offload_buffer_mgr:\stp_non_zero_depth_offload_gen:stp_offload_buff_mgr_inst|lpm_counter:read_pointer_counter                                                                                                                                                     ; lpm_counter                              ; work         ;
;                   |cntr_1mi:auto_generated|                                                                                             ; 14 (14)     ; 14 (14)                   ; 0 (0)         ; 0           ; 0    ; 0          ; 0            ; 0       ; 0         ; 0    ; 0            ; 0 (0)        ; 0 (0)             ; 14 (14)          ; 0          ; |DLX|sld_signaltap:auto_signaltap_0|sld_signaltap_impl:sld_signaltap_body|sld_signaltap_implb:sld_signaltap_body|sld_offload_buffer_mgr:\stp_non_zero_depth_offload_gen:stp_offload_buff_mgr_inst|lpm_counter:read_pointer_counter|cntr_1mi:auto_generated                                                                                                                             ; cntr_1mi                                 ; work         ;
;                |lpm_counter:status_advance_pointer_counter|                                                                             ; 7 (0)       ; 5 (0)                     ; 0 (0)         ; 0           ; 0    ; 0          ; 0            ; 0       ; 0         ; 0    ; 0            ; 2 (0)        ; 0 (0)             ; 5 (0)            ; 0          ; |DLX|sld_signaltap:auto_signaltap_0|sld_signaltap_impl:sld_signaltap_body|sld_signaltap_implb:sld_signaltap_body|sld_offload_buffer_mgr:\stp_non_zero_depth_offload_gen:stp_offload_buff_mgr_inst|lpm_counter:status_advance_pointer_counter                                                                                                                                           ; lpm_counter                              ; work         ;
;                   |cntr_erh:auto_generated|                                                                                             ; 7 (7)       ; 5 (5)                     ; 0 (0)         ; 0           ; 0    ; 0          ; 0            ; 0       ; 0         ; 0    ; 0            ; 2 (2)        ; 0 (0)             ; 5 (5)            ; 0          ; |DLX|sld_signaltap:auto_signaltap_0|sld_signaltap_impl:sld_signaltap_body|sld_signaltap_implb:sld_signaltap_body|sld_offload_buffer_mgr:\stp_non_zero_depth_offload_gen:stp_offload_buff_mgr_inst|lpm_counter:status_advance_pointer_counter|cntr_erh:auto_generated                                                                                                                   ; cntr_erh                                 ; work         ;
;                |lpm_counter:status_read_pointer_counter|                                                                                ; 3 (0)       ; 1 (0)                     ; 0 (0)         ; 0           ; 0    ; 0          ; 0            ; 0       ; 0         ; 0    ; 0            ; 2 (0)        ; 0 (0)             ; 1 (0)            ; 0          ; |DLX|sld_signaltap:auto_signaltap_0|sld_signaltap_impl:sld_signaltap_body|sld_signaltap_implb:sld_signaltap_body|sld_offload_buffer_mgr:\stp_non_zero_depth_offload_gen:stp_offload_buff_mgr_inst|lpm_counter:status_read_pointer_counter                                                                                                                                              ; lpm_counter                              ; work         ;
;                   |cntr_odi:auto_generated|                                                                                             ; 3 (3)       ; 1 (1)                     ; 0 (0)         ; 0           ; 0    ; 0          ; 0            ; 0       ; 0         ; 0    ; 0            ; 2 (2)        ; 0 (0)             ; 1 (1)            ; 0          ; |DLX|sld_signaltap:auto_signaltap_0|sld_signaltap_impl:sld_signaltap_body|sld_signaltap_implb:sld_signaltap_body|sld_offload_buffer_mgr:\stp_non_zero_depth_offload_gen:stp_offload_buff_mgr_inst|lpm_counter:status_read_pointer_counter|cntr_odi:auto_generated                                                                                                                      ; cntr_odi                                 ; work         ;
;                |lpm_shiftreg:info_data_shift_out|                                                                                       ; 29 (29)     ; 29 (29)                   ; 0 (0)         ; 0           ; 0    ; 0          ; 0            ; 0       ; 0         ; 0    ; 0            ; 0 (0)        ; 0 (0)             ; 29 (29)          ; 0          ; |DLX|sld_signaltap:auto_signaltap_0|sld_signaltap_impl:sld_signaltap_body|sld_signaltap_implb:sld_signaltap_body|sld_offload_buffer_mgr:\stp_non_zero_depth_offload_gen:stp_offload_buff_mgr_inst|lpm_shiftreg:info_data_shift_out                                                                                                                                                     ; lpm_shiftreg                             ; work         ;
;                |lpm_shiftreg:ram_data_shift_out|                                                                                        ; 55 (55)     ; 55 (55)                   ; 0 (0)         ; 0           ; 0    ; 0          ; 0            ; 0       ; 0         ; 0    ; 0            ; 0 (0)        ; 0 (0)             ; 55 (55)          ; 0          ; |DLX|sld_signaltap:auto_signaltap_0|sld_signaltap_impl:sld_signaltap_body|sld_signaltap_implb:sld_signaltap_body|sld_offload_buffer_mgr:\stp_non_zero_depth_offload_gen:stp_offload_buff_mgr_inst|lpm_shiftreg:ram_data_shift_out                                                                                                                                                      ; lpm_shiftreg                             ; work         ;
;                |lpm_shiftreg:status_data_shift_out|                                                                                     ; 29 (29)     ; 29 (29)                   ; 0 (0)         ; 0           ; 0    ; 0          ; 0            ; 0       ; 0         ; 0    ; 0            ; 0 (0)        ; 0 (0)             ; 29 (29)          ; 0          ; |DLX|sld_signaltap:auto_signaltap_0|sld_signaltap_impl:sld_signaltap_body|sld_signaltap_implb:sld_signaltap_body|sld_offload_buffer_mgr:\stp_non_zero_depth_offload_gen:stp_offload_buff_mgr_inst|lpm_shiftreg:status_data_shift_out                                                                                                                                                   ; lpm_shiftreg                             ; work         ;
;             |sld_rom_sr:crc_rom_sr|                                                                                                     ; 30 (30)     ; 8 (8)                     ; 0 (0)         ; 0           ; 0    ; 0          ; 0            ; 0       ; 0         ; 0    ; 0            ; 22 (22)      ; 0 (0)             ; 8 (8)            ; 0          ; |DLX|sld_signaltap:auto_signaltap_0|sld_signaltap_impl:sld_signaltap_body|sld_signaltap_implb:sld_signaltap_body|sld_rom_sr:crc_rom_sr                                                                                                                                                                                                                                                 ; sld_rom_sr                               ; work         ;
;    |write_back:WB|                                                                                                                      ; 46 (46)     ; 0 (0)                     ; 0 (0)         ; 0           ; 0    ; 0          ; 0            ; 0       ; 0         ; 0    ; 0            ; 7 (7)        ; 0 (0)             ; 39 (39)          ; 0          ; |DLX|write_back:WB                                                                                                                                                                                                                                                                                                                                                                     ; write_back                               ; work         ;
+-----------------------------------------------------------------------------------------------------------------------------------------+-------------+---------------------------+---------------+-------------+------+------------+--------------+---------+-----------+------+--------------+--------------+-------------------+------------------+------------+----------------------------------------------------------------------------------------------------------------------------------------------------------------------------------------------------------------------------------------------------------------------------------------------------------------------------------------------------------------------------------------+------------------------------------------+--------------+
Note: For table entries with two numbers listed, the numbers in parentheses indicate the number of resources of the given type used by the specific entity alone. The numbers listed outside of parentheses indicate the total resources of the given type used by the specific entity and all of its sub-entities in the hierarchy.


+-----------------------------------------------------------------------------------------------+
; Delay Chain Summary                                                                           ;
+---------------+----------+---------------+---------------+-----------------------+-----+------+
; Name          ; Pin Type ; Pad to Core 0 ; Pad to Core 1 ; Pad to Input Register ; TCO ; TCOE ;
+---------------+----------+---------------+---------------+-----------------------+-----+------+
; KEY[1]        ; Input    ; --            ; --            ; --                    ; --  ; --   ;
; ADC_CLK_10    ; Input    ; --            ; --            ; --                    ; --  ; --   ;
; MAX10_CLK2_50 ; Input    ; --            ; --            ; --                    ; --  ; --   ;
; GPIO[2]       ; Bidir    ; --            ; --            ; --                    ; --  ; --   ;
; GPIO[3]       ; Bidir    ; --            ; --            ; --                    ; --  ; --   ;
; GPIO[4]       ; Bidir    ; --            ; --            ; --                    ; --  ; --   ;
; GPIO[5]       ; Bidir    ; --            ; --            ; --                    ; --  ; --   ;
; GPIO[6]       ; Bidir    ; --            ; --            ; --                    ; --  ; --   ;
; GPIO[7]       ; Bidir    ; --            ; --            ; --                    ; --  ; --   ;
; GPIO[8]       ; Bidir    ; --            ; --            ; --                    ; --  ; --   ;
; GPIO[9]       ; Bidir    ; --            ; --            ; --                    ; --  ; --   ;
; GPIO[10]      ; Bidir    ; --            ; --            ; --                    ; --  ; --   ;
; GPIO[11]      ; Bidir    ; --            ; --            ; --                    ; --  ; --   ;
; GPIO[12]      ; Bidir    ; --            ; --            ; --                    ; --  ; --   ;
; GPIO[13]      ; Bidir    ; --            ; --            ; --                    ; --  ; --   ;
; GPIO[14]      ; Bidir    ; --            ; --            ; --                    ; --  ; --   ;
; GPIO[15]      ; Bidir    ; --            ; --            ; --                    ; --  ; --   ;
; GPIO[16]      ; Bidir    ; --            ; --            ; --                    ; --  ; --   ;
; GPIO[17]      ; Bidir    ; --            ; --            ; --                    ; --  ; --   ;
; GPIO[18]      ; Bidir    ; --            ; --            ; --                    ; --  ; --   ;
; GPIO[19]      ; Bidir    ; --            ; --            ; --                    ; --  ; --   ;
; GPIO[20]      ; Bidir    ; --            ; --            ; --                    ; --  ; --   ;
; GPIO[21]      ; Bidir    ; --            ; --            ; --                    ; --  ; --   ;
; GPIO[22]      ; Bidir    ; --            ; --            ; --                    ; --  ; --   ;
; GPIO[23]      ; Bidir    ; --            ; --            ; --                    ; --  ; --   ;
; GPIO[24]      ; Bidir    ; --            ; --            ; --                    ; --  ; --   ;
; GPIO[25]      ; Bidir    ; --            ; --            ; --                    ; --  ; --   ;
; GPIO[26]      ; Bidir    ; --            ; --            ; --                    ; --  ; --   ;
; GPIO[27]      ; Bidir    ; --            ; --            ; --                    ; --  ; --   ;
; GPIO[28]      ; Bidir    ; --            ; --            ; --                    ; --  ; --   ;
; GPIO[29]      ; Bidir    ; --            ; --            ; --                    ; --  ; --   ;
; GPIO[30]      ; Bidir    ; --            ; --            ; --                    ; --  ; --   ;
; GPIO[31]      ; Bidir    ; --            ; --            ; --                    ; --  ; --   ;
; GPIO[32]      ; Bidir    ; --            ; --            ; --                    ; --  ; --   ;
; GPIO[33]      ; Bidir    ; --            ; --            ; --                    ; --  ; --   ;
; GPIO[34]      ; Bidir    ; --            ; --            ; --                    ; --  ; --   ;
; GPIO[35]      ; Bidir    ; --            ; --            ; --                    ; --  ; --   ;
; GPIO[0]       ; Bidir    ; --            ; (0) 0 ps      ; --                    ; --  ; --   ;
; GPIO[1]       ; Bidir    ; --            ; --            ; --                    ; --  ; --   ;
; MAX10_CLK1_50 ; Input    ; (6) 868 ps    ; (6) 868 ps    ; --                    ; --  ; --   ;
; KEY[0]        ; Input    ; (6) 868 ps    ; --            ; --                    ; --  ; --   ;
+---------------+----------+---------------+---------------+-----------------------+-----+------+


+----------------------------------------------------------------------------------------------------------------+
; Pad To Core Delay Chain Fanout                                                                                 ;
+----------------------------------------------------------------------------------+-------------------+---------+
; Source Pin / Fanout                                                              ; Pad To Core Index ; Setting ;
+----------------------------------------------------------------------------------+-------------------+---------+
; KEY[1]                                                                           ;                   ;         ;
; ADC_CLK_10                                                                       ;                   ;         ;
; MAX10_CLK2_50                                                                    ;                   ;         ;
; GPIO[2]                                                                          ;                   ;         ;
; GPIO[3]                                                                          ;                   ;         ;
; GPIO[4]                                                                          ;                   ;         ;
; GPIO[5]                                                                          ;                   ;         ;
; GPIO[6]                                                                          ;                   ;         ;
; GPIO[7]                                                                          ;                   ;         ;
; GPIO[8]                                                                          ;                   ;         ;
; GPIO[9]                                                                          ;                   ;         ;
; GPIO[10]                                                                         ;                   ;         ;
; GPIO[11]                                                                         ;                   ;         ;
; GPIO[12]                                                                         ;                   ;         ;
; GPIO[13]                                                                         ;                   ;         ;
; GPIO[14]                                                                         ;                   ;         ;
; GPIO[15]                                                                         ;                   ;         ;
; GPIO[16]                                                                         ;                   ;         ;
; GPIO[17]                                                                         ;                   ;         ;
; GPIO[18]                                                                         ;                   ;         ;
; GPIO[19]                                                                         ;                   ;         ;
; GPIO[20]                                                                         ;                   ;         ;
; GPIO[21]                                                                         ;                   ;         ;
; GPIO[22]                                                                         ;                   ;         ;
; GPIO[23]                                                                         ;                   ;         ;
; GPIO[24]                                                                         ;                   ;         ;
; GPIO[25]                                                                         ;                   ;         ;
; GPIO[26]                                                                         ;                   ;         ;
; GPIO[27]                                                                         ;                   ;         ;
; GPIO[28]                                                                         ;                   ;         ;
; GPIO[29]                                                                         ;                   ;         ;
; GPIO[30]                                                                         ;                   ;         ;
; GPIO[31]                                                                         ;                   ;         ;
; GPIO[32]                                                                         ;                   ;         ;
; GPIO[33]                                                                         ;                   ;         ;
; GPIO[34]                                                                         ;                   ;         ;
; GPIO[35]                                                                         ;                   ;         ;
; GPIO[0]                                                                          ;                   ;         ;
;      - scan_FSM:SCAN|UARTSampler:DA_SAMPLER|zeros[0]~96                          ; 1                 ; 0       ;
;      - scan_FSM:SCAN|UARTSampler:DA_SAMPLER|ones[23]~96                          ; 1                 ; 0       ;
; GPIO[1]                                                                          ;                   ;         ;
; MAX10_CLK1_50                                                                    ;                   ;         ;
;      - sld_signaltap:auto_signaltap_0|acq_data_in_reg[0]~feeder                  ; 1                 ; 6       ;
;      - sld_signaltap:auto_signaltap_0|acq_trigger_in_reg[0]~feeder               ; 1                 ; 6       ;
; KEY[0]                                                                           ;                   ;         ;
;      - pll:PLLTX|altpll:altpll_component|pll_altpll:auto_generated|pll_lock_sync ; 0                 ; 6       ;
;      - rst_l~0                                                                   ; 0                 ; 6       ;
;      - scan_FSM:SCAN|rdreq_in_buf~0                                              ; 0                 ; 6       ;
;      - pll:PLLTX|altpll:altpll_component|pll_altpll:auto_generated|pll1          ; 0                 ; 6       ;
+----------------------------------------------------------------------------------+-------------------+---------+


+-------------------------------------------------------------------------------------------------------------------------------------------------------------------------------------------------------------------------------------------------------------------------------------------------------------------------------------------------------------------------------------------------------------------------------------------------------------------------------------------------------------------+
; Control Signals                                                                                                                                                                                                                                                                                                                                                                                                                                                                                                   ;
+-------------------------------------------------------------------------------------------------------------------------------------------------------------------------------------------------------------------------------------------------------------------------------------------------------------------------------------------------------------+--------------------+---------+---------------------------------------+--------+----------------------+------------------+---------------------------+
; Name                                                                                                                                                                                                                                                                                                                                                        ; Location           ; Fan-Out ; Usage                                 ; Global ; Global Resource Used ; Global Line Name ; Enable Signal Source Name ;
+-------------------------------------------------------------------------------------------------------------------------------------------------------------------------------------------------------------------------------------------------------------------------------------------------------------------------------------------------------------+--------------------+---------+---------------------------------------+--------+----------------------+------------------+---------------------------+
; KEY[0]                                                                                                                                                                                                                                                                                                                                                      ; PIN_B8             ; 4       ; Async. clear                          ; no     ; --                   ; --               ; --                        ;
; MAX10_CLK1_50                                                                                                                                                                                                                                                                                                                                               ; PIN_P11            ; 4       ; Clock                                 ; no     ; --                   ; --               ; --                        ;
; MAX10_CLK1_50                                                                                                                                                                                                                                                                                                                                               ; PIN_P11            ; 1510    ; Clock                                 ; yes    ; Global Clock         ; GCLK19           ; --                        ;
; OVERSEER:OOO|stall~0                                                                                                                                                                                                                                                                                                                                        ; LCCOMB_X70_Y15_N8  ; 11      ; Sync. load                            ; no     ; --                   ; --               ; --                        ;
; altera_internal_jtag~TCKUTAP                                                                                                                                                                                                                                                                                                                                ; JTAG_X43_Y40_N0    ; 718     ; Clock                                 ; yes    ; Global Clock         ; GCLK13           ; --                        ;
; altera_internal_jtag~TMSUTAP                                                                                                                                                                                                                                                                                                                                ; JTAG_X43_Y40_N0    ; 23      ; Sync. clear                           ; no     ; --                   ; --               ; --                        ;
; decode:DECODE|registers:R|process_0~1                                                                                                                                                                                                                                                                                                                       ; LCCOMB_X74_Y14_N26 ; 4       ; Write enable                          ; no     ; --                   ; --               ; --                        ;
; execute:EXECUTE|ALU:ALU|alu_result[11]~135                                                                                                                                                                                                                                                                                                                  ; LCCOMB_X67_Y13_N30 ; 7       ; Sync. clear                           ; no     ; --                   ; --               ; --                        ;
; execute:EXECUTE|ALU:ALU|alu_result[23]~148                                                                                                                                                                                                                                                                                                                  ; LCCOMB_X67_Y13_N20 ; 7       ; Sync. clear                           ; no     ; --                   ; --               ; --                        ;
; execute:EXECUTE|ALU:ALU|alu_result[2]~116                                                                                                                                                                                                                                                                                                                   ; LCCOMB_X63_Y17_N24 ; 26      ; Clock enable                          ; no     ; --                   ; --               ; --                        ;
; execute:EXECUTE|ALU:ALU|alu_result[2]~162                                                                                                                                                                                                                                                                                                                   ; LCCOMB_X66_Y13_N26 ; 4       ; Sync. load                            ; no     ; --                   ; --               ; --                        ;
; execute:EXECUTE|ALU:ALU|alu_result[2]~96                                                                                                                                                                                                                                                                                                                    ; LCCOMB_X66_Y13_N18 ; 7       ; Sync. clear                           ; no     ; --                   ; --               ; --                        ;
; execute:EXECUTE|ALU:ALU|ram_we                                                                                                                                                                                                                                                                                                                              ; FF_X67_Y16_N25     ; 4       ; Write enable                          ; no     ; --                   ; --               ; --                        ;
; execute:EXECUTE|instruction_in_1[31]~0                                                                                                                                                                                                                                                                                                                      ; LCCOMB_X60_Y17_N20 ; 37      ; Sync. load                            ; no     ; --                   ; --               ; --                        ;
; pll:PLLTX|altpll:altpll_component|pll_altpll:auto_generated|wire_pll1_clk[0]                                                                                                                                                                                                                                                                                ; PLL_1              ; 120     ; Clock                                 ; yes    ; Global Clock         ; GCLK18           ; --                        ;
; pll:PLLTX|altpll:altpll_component|pll_altpll:auto_generated|wire_pll1_clk[1]                                                                                                                                                                                                                                                                                ; PLL_1              ; 190     ; Clock                                 ; yes    ; Global Clock         ; GCLK17           ; --                        ;
; pll:PLLTX|altpll:altpll_component|pll_altpll:auto_generated|wire_pll1_locked                                                                                                                                                                                                                                                                                ; PLL_1              ; 3       ; Clock                                 ; no     ; --                   ; --               ; --                        ;
; print_FSM:FSM|Decoder0~10                                                                                                                                                                                                                                                                                                                                   ; LCCOMB_X35_Y22_N12 ; 8       ; Clock enable                          ; no     ; --                   ; --               ; --                        ;
; print_FSM:FSM|Decoder0~11                                                                                                                                                                                                                                                                                                                                   ; LCCOMB_X35_Y22_N6  ; 8       ; Clock enable                          ; no     ; --                   ; --               ; --                        ;
; print_FSM:FSM|Decoder0~12                                                                                                                                                                                                                                                                                                                                   ; LCCOMB_X35_Y22_N16 ; 8       ; Clock enable                          ; no     ; --                   ; --               ; --                        ;
; print_FSM:FSM|Decoder0~2                                                                                                                                                                                                                                                                                                                                    ; LCCOMB_X35_Y22_N28 ; 8       ; Clock enable                          ; no     ; --                   ; --               ; --                        ;
; print_FSM:FSM|Decoder0~4                                                                                                                                                                                                                                                                                                                                    ; LCCOMB_X35_Y22_N8  ; 8       ; Clock enable                          ; no     ; --                   ; --               ; --                        ;
; print_FSM:FSM|Decoder0~5                                                                                                                                                                                                                                                                                                                                    ; LCCOMB_X35_Y22_N10 ; 8       ; Clock enable                          ; no     ; --                   ; --               ; --                        ;
; print_FSM:FSM|Decoder0~6                                                                                                                                                                                                                                                                                                                                    ; LCCOMB_X35_Y22_N0  ; 8       ; Clock enable                          ; no     ; --                   ; --               ; --                        ;
; print_FSM:FSM|Decoder0~7                                                                                                                                                                                                                                                                                                                                    ; LCCOMB_X35_Y22_N22 ; 8       ; Clock enable                          ; no     ; --                   ; --               ; --                        ;
; print_FSM:FSM|Decoder0~8                                                                                                                                                                                                                                                                                                                                    ; LCCOMB_X35_Y22_N20 ; 8       ; Clock enable                          ; no     ; --                   ; --               ; --                        ;
; print_FSM:FSM|Decoder0~9                                                                                                                                                                                                                                                                                                                                    ; LCCOMB_X35_Y22_N30 ; 8       ; Clock enable                          ; no     ; --                   ; --               ; --                        ;
; print_FSM:FSM|LessThan1~9                                                                                                                                                                                                                                                                                                                                   ; LCCOMB_X37_Y20_N6  ; 38      ; Sync. clear                           ; no     ; --                   ; --               ; --                        ;
; print_FSM:FSM|UART_trans:U|counter[21]~34                                                                                                                                                                                                                                                                                                                   ; LCCOMB_X57_Y28_N26 ; 32      ; Sync. clear                           ; no     ; --                   ; --               ; --                        ;
; print_FSM:FSM|UART_trans:U|counter[21]~35                                                                                                                                                                                                                                                                                                                   ; LCCOMB_X57_Y28_N4  ; 32      ; Clock enable                          ; no     ; --                   ; --               ; --                        ;
; print_FSM:FSM|diva:DIVIDER|lpm_divide:LPM_DIVIDE_component|lpm_divide_ous:auto_generated|sign_div_unsign_q8i:divider|alt_u_div_d6f:divider|selnose[363]                                                                                                                                                                                                     ; LCCOMB_X36_Y27_N0  ; 12      ; Sync. load                            ; no     ; --                   ; --               ; --                        ;
; print_FSM:FSM|diva:DIVIDER|lpm_divide:LPM_DIVIDE_component|lpm_divide_ous:auto_generated|sign_div_unsign_q8i:divider|alt_u_div_d6f:divider|selnose[627]                                                                                                                                                                                                     ; LCCOMB_X32_Y27_N30 ; 20      ; Sync. load                            ; no     ; --                   ; --               ; --                        ;
; print_FSM:FSM|diva:DIVIDER|lpm_divide:LPM_DIVIDE_component|lpm_divide_ous:auto_generated|sign_div_unsign_q8i:divider|alt_u_div_d6f:divider|selnose[891]                                                                                                                                                                                                     ; LCCOMB_X26_Y25_N30 ; 28      ; Sync. load                            ; no     ; --                   ; --               ; --                        ;
; print_FSM:FSM|fifo_char:FIFO2|dcfifo:dcfifo_component|dcfifo_f1f1:auto_generated|valid_wrreq~0                                                                                                                                                                                                                                                              ; LCCOMB_X51_Y27_N0  ; 18      ; Clock enable, Write enable            ; no     ; --                   ; --               ; --                        ;
; print_FSM:FSM|fifo_word:FIFO1|scfifo:scfifo_component|scfifo_4k51:auto_generated|a_dpfifo_jj21:dpfifo|a_fefifo_08f:fifo_state|_~0                                                                                                                                                                                                                           ; LCCOMB_X60_Y17_N12 ; 8       ; Clock enable                          ; no     ; --                   ; --               ; --                        ;
; print_FSM:FSM|fifo_word:FIFO1|scfifo:scfifo_component|scfifo_4k51:auto_generated|a_dpfifo_jj21:dpfifo|a_fefifo_08f:fifo_state|valid_wreq                                                                                                                                                                                                                    ; LCCOMB_X60_Y17_N16 ; 18      ; Clock enable, Write enable            ; no     ; --                   ; --               ; --                        ;
; print_FSM:FSM|fifo_word:FIFO1|scfifo:scfifo_component|scfifo_4k51:auto_generated|a_dpfifo_jj21:dpfifo|valid_rreq                                                                                                                                                                                                                                            ; LCCOMB_X37_Y21_N10 ; 15      ; Clock enable                          ; no     ; --                   ; --               ; --                        ;
; print_FSM:FSM|i[7]~36                                                                                                                                                                                                                                                                                                                                       ; LCCOMB_X37_Y21_N26 ; 32      ; Clock enable                          ; no     ; --                   ; --               ; --                        ;
; print_FSM:FSM|pos_val[11]~1                                                                                                                                                                                                                                                                                                                                 ; LCCOMB_X37_Y21_N22 ; 32      ; Clock enable                          ; no     ; --                   ; --               ; --                        ;
; print_FSM:FSM|rdreq_char~0                                                                                                                                                                                                                                                                                                                                  ; LCCOMB_X56_Y28_N14 ; 21      ; Clock enable                          ; no     ; --                   ; --               ; --                        ;
; print_FSM:FSM|state.DIV                                                                                                                                                                                                                                                                                                                                     ; FF_X37_Y21_N9      ; 75      ; Clock enable, Sync. clear, Sync. load ; no     ; --                   ; --               ; --                        ;
; rst_l~0                                                                                                                                                                                                                                                                                                                                                     ; LCCOMB_X57_Y17_N18 ; 16      ; Clock enable                          ; no     ; --                   ; --               ; --                        ;
; rst_l~0                                                                                                                                                                                                                                                                                                                                                     ; LCCOMB_X57_Y17_N18 ; 420     ; Async. clear                          ; yes    ; Global Clock         ; GCLK6            ; --                        ;
; scan_FSM:SCAN|FIFO_UART_RF:UART_RF|dcfifo:dcfifo_component|dcfifo_u7e1:auto_generated|valid_wrreq~0                                                                                                                                                                                                                                                         ; LCCOMB_X32_Y16_N20 ; 18      ; Clock enable, Write enable            ; no     ; --                   ; --               ; --                        ;
; scan_FSM:SCAN|UARTSampler:DA_SAMPLER|Equal0~10                                                                                                                                                                                                                                                                                                              ; LCCOMB_X37_Y14_N22 ; 69      ; Sync. clear                           ; no     ; --                   ; --               ; --                        ;
; scan_FSM:SCAN|UARTSampler:DA_SAMPLER|my_fifo:U2|dcfifo:dcfifo_component|dcfifo_14e1:auto_generated|valid_rdreq~0                                                                                                                                                                                                                                            ; LCCOMB_X34_Y20_N18 ; 9       ; Clock enable                          ; no     ; --                   ; --               ; --                        ;
; scan_FSM:SCAN|UARTSampler:DA_SAMPLER|my_fifo:U2|dcfifo:dcfifo_component|dcfifo_14e1:auto_generated|valid_wrreq~0                                                                                                                                                                                                                                            ; LCCOMB_X32_Y20_N12 ; 9       ; Clock enable, Write enable            ; no     ; --                   ; --               ; --                        ;
; scan_FSM:SCAN|UARTSampler:DA_SAMPLER|ones[23]~96                                                                                                                                                                                                                                                                                                            ; LCCOMB_X37_Y14_N30 ; 32      ; Clock enable                          ; no     ; --                   ; --               ; --                        ;
; scan_FSM:SCAN|UARTSampler:DA_SAMPLER|zeros[0]~96                                                                                                                                                                                                                                                                                                            ; LCCOMB_X37_Y14_N0  ; 32      ; Clock enable                          ; no     ; --                   ; --               ; --                        ;
; scan_FSM:SCAN|data_in[0]~3                                                                                                                                                                                                                                                                                                                                  ; LCCOMB_X41_Y16_N8  ; 32      ; Clock enable                          ; no     ; --                   ; --               ; --                        ;
; scan_FSM:SCAN|fifo_in_buf:IN_BUF|scfifo:scfifo_component|scfifo_6d21:auto_generated|a_dpfifo_dj21:dpfifo|a_fefifo_08f:fifo_state|_~0                                                                                                                                                                                                                        ; LCCOMB_X41_Y16_N30 ; 8       ; Clock enable                          ; no     ; --                   ; --               ; --                        ;
; scan_FSM:SCAN|rdreq_in_buf~0                                                                                                                                                                                                                                                                                                                                ; LCCOMB_X57_Y17_N20 ; 11      ; Clock enable                          ; no     ; --                   ; --               ; --                        ;
; scan_FSM:SCAN|rdreq_uart_rf~0                                                                                                                                                                                                                                                                                                                               ; LCCOMB_X41_Y16_N16 ; 19      ; Clock enable                          ; no     ; --                   ; --               ; --                        ;
; scan_FSM:SCAN|state                                                                                                                                                                                                                                                                                                                                         ; FF_X41_Y16_N3      ; 38      ; Sync. clear                           ; no     ; --                   ; --               ; --                        ;
; scan_FSM:SCAN|uart_recv:UART_RX|counter~34                                                                                                                                                                                                                                                                                                                  ; LCCOMB_X32_Y18_N14 ; 33      ; Clock enable                          ; no     ; --                   ; --               ; --                        ;
; scan_FSM:SCAN|uart_recv:UART_RX|state                                                                                                                                                                                                                                                                                                                       ; FF_X32_Y18_N23     ; 35      ; Sync. clear                           ; no     ; --                   ; --               ; --                        ;
; scan_FSM:SCAN|wrreq_in_buf~0                                                                                                                                                                                                                                                                                                                                ; LCCOMB_X42_Y16_N16 ; 20      ; Clock enable, Write enable            ; no     ; --                   ; --               ; --                        ;
; sld_hub:auto_hub|alt_sld_fab_with_jtag_input:\instrumentation_fabric_with_node_gen:fabric_gen_new_way:with_jtag_input_gen:instrumentation_fabric|alt_sld_fab:instrumentation_fabric|alt_sld_fab_alt_sld_fab:alt_sld_fab|alt_sld_fab_alt_sld_fab_sldfabric:sldfabric|sld_jtag_hub:\jtag_hub_gen:real_sld_jtag_hub|clr_reg                                    ; FF_X47_Y33_N9      ; 26      ; Async. clear                          ; no     ; --                   ; --               ; --                        ;
; sld_hub:auto_hub|alt_sld_fab_with_jtag_input:\instrumentation_fabric_with_node_gen:fabric_gen_new_way:with_jtag_input_gen:instrumentation_fabric|alt_sld_fab:instrumentation_fabric|alt_sld_fab_alt_sld_fab:alt_sld_fab|alt_sld_fab_alt_sld_fab_sldfabric:sldfabric|sld_jtag_hub:\jtag_hub_gen:real_sld_jtag_hub|design_hash_proc~0                         ; LCCOMB_X46_Y37_N10 ; 4       ; Sync. load                            ; no     ; --                   ; --               ; --                        ;
; sld_hub:auto_hub|alt_sld_fab_with_jtag_input:\instrumentation_fabric_with_node_gen:fabric_gen_new_way:with_jtag_input_gen:instrumentation_fabric|alt_sld_fab:instrumentation_fabric|alt_sld_fab_alt_sld_fab:alt_sld_fab|alt_sld_fab_alt_sld_fab_sldfabric:sldfabric|sld_jtag_hub:\jtag_hub_gen:real_sld_jtag_hub|hub_info_reg_ena                           ; LCCOMB_X46_Y37_N12 ; 4       ; Clock enable                          ; no     ; --                   ; --               ; --                        ;
; sld_hub:auto_hub|alt_sld_fab_with_jtag_input:\instrumentation_fabric_with_node_gen:fabric_gen_new_way:with_jtag_input_gen:instrumentation_fabric|alt_sld_fab:instrumentation_fabric|alt_sld_fab_alt_sld_fab:alt_sld_fab|alt_sld_fab_alt_sld_fab_sldfabric:sldfabric|sld_jtag_hub:\jtag_hub_gen:real_sld_jtag_hub|hub_info_reg_ena~0                         ; LCCOMB_X46_Y37_N8  ; 6       ; Clock enable                          ; no     ; --                   ; --               ; --                        ;
; sld_hub:auto_hub|alt_sld_fab_with_jtag_input:\instrumentation_fabric_with_node_gen:fabric_gen_new_way:with_jtag_input_gen:instrumentation_fabric|alt_sld_fab:instrumentation_fabric|alt_sld_fab_alt_sld_fab:alt_sld_fab|alt_sld_fab_alt_sld_fab_sldfabric:sldfabric|sld_jtag_hub:\jtag_hub_gen:real_sld_jtag_hub|identity_contrib_shift_reg[0]~1            ; LCCOMB_X46_Y33_N2  ; 4       ; Clock enable                          ; no     ; --                   ; --               ; --                        ;
; sld_hub:auto_hub|alt_sld_fab_with_jtag_input:\instrumentation_fabric_with_node_gen:fabric_gen_new_way:with_jtag_input_gen:instrumentation_fabric|alt_sld_fab:instrumentation_fabric|alt_sld_fab_alt_sld_fab:alt_sld_fab|alt_sld_fab_alt_sld_fab_sldfabric:sldfabric|sld_jtag_hub:\jtag_hub_gen:real_sld_jtag_hub|irf_reg[1][0]~0                            ; LCCOMB_X47_Y32_N26 ; 10      ; Clock enable                          ; no     ; --                   ; --               ; --                        ;
; sld_hub:auto_hub|alt_sld_fab_with_jtag_input:\instrumentation_fabric_with_node_gen:fabric_gen_new_way:with_jtag_input_gen:instrumentation_fabric|alt_sld_fab:instrumentation_fabric|alt_sld_fab_alt_sld_fab:alt_sld_fab|alt_sld_fab_alt_sld_fab_sldfabric:sldfabric|sld_jtag_hub:\jtag_hub_gen:real_sld_jtag_hub|irf_reg[1][4]                              ; FF_X46_Y32_N19     ; 116     ; Clock enable                          ; no     ; --                   ; --               ; --                        ;
; sld_hub:auto_hub|alt_sld_fab_with_jtag_input:\instrumentation_fabric_with_node_gen:fabric_gen_new_way:with_jtag_input_gen:instrumentation_fabric|alt_sld_fab:instrumentation_fabric|alt_sld_fab_alt_sld_fab:alt_sld_fab|alt_sld_fab_alt_sld_fab_sldfabric:sldfabric|sld_jtag_hub:\jtag_hub_gen:real_sld_jtag_hub|irf_reg[1][7]                              ; FF_X46_Y32_N5      ; 35      ; Clock enable                          ; no     ; --                   ; --               ; --                        ;
; sld_hub:auto_hub|alt_sld_fab_with_jtag_input:\instrumentation_fabric_with_node_gen:fabric_gen_new_way:with_jtag_input_gen:instrumentation_fabric|alt_sld_fab:instrumentation_fabric|alt_sld_fab_alt_sld_fab:alt_sld_fab|alt_sld_fab_alt_sld_fab_sldfabric:sldfabric|sld_jtag_hub:\jtag_hub_gen:real_sld_jtag_hub|irsr_reg[2]~2                              ; LCCOMB_X47_Y32_N8  ; 9       ; Clock enable                          ; no     ; --                   ; --               ; --                        ;
; sld_hub:auto_hub|alt_sld_fab_with_jtag_input:\instrumentation_fabric_with_node_gen:fabric_gen_new_way:with_jtag_input_gen:instrumentation_fabric|alt_sld_fab:instrumentation_fabric|alt_sld_fab_alt_sld_fab:alt_sld_fab|alt_sld_fab_alt_sld_fab_sldfabric:sldfabric|sld_jtag_hub:\jtag_hub_gen:real_sld_jtag_hub|mixer_addr_reg_internal[4]~11              ; LCCOMB_X47_Y37_N0  ; 5       ; Sync. load                            ; no     ; --                   ; --               ; --                        ;
; sld_hub:auto_hub|alt_sld_fab_with_jtag_input:\instrumentation_fabric_with_node_gen:fabric_gen_new_way:with_jtag_input_gen:instrumentation_fabric|alt_sld_fab:instrumentation_fabric|alt_sld_fab_alt_sld_fab:alt_sld_fab|alt_sld_fab_alt_sld_fab_sldfabric:sldfabric|sld_jtag_hub:\jtag_hub_gen:real_sld_jtag_hub|mixer_addr_reg_internal[4]~12              ; LCCOMB_X47_Y33_N4  ; 5       ; Clock enable                          ; no     ; --                   ; --               ; --                        ;
; sld_hub:auto_hub|alt_sld_fab_with_jtag_input:\instrumentation_fabric_with_node_gen:fabric_gen_new_way:with_jtag_input_gen:instrumentation_fabric|alt_sld_fab:instrumentation_fabric|alt_sld_fab_alt_sld_fab:alt_sld_fab|alt_sld_fab_alt_sld_fab_sldfabric:sldfabric|sld_jtag_hub:\jtag_hub_gen:real_sld_jtag_hub|sld_rom_sr:hub_info_reg|WORD_SR[0]~17      ; LCCOMB_X47_Y33_N30 ; 4       ; Clock enable                          ; no     ; --                   ; --               ; --                        ;
; sld_hub:auto_hub|alt_sld_fab_with_jtag_input:\instrumentation_fabric_with_node_gen:fabric_gen_new_way:with_jtag_input_gen:instrumentation_fabric|alt_sld_fab:instrumentation_fabric|alt_sld_fab_alt_sld_fab:alt_sld_fab|alt_sld_fab_alt_sld_fab_sldfabric:sldfabric|sld_jtag_hub:\jtag_hub_gen:real_sld_jtag_hub|sld_rom_sr:hub_info_reg|word_counter[0]~13 ; LCCOMB_X47_Y31_N30 ; 5       ; Sync. clear                           ; no     ; --                   ; --               ; --                        ;
; sld_hub:auto_hub|alt_sld_fab_with_jtag_input:\instrumentation_fabric_with_node_gen:fabric_gen_new_way:with_jtag_input_gen:instrumentation_fabric|alt_sld_fab:instrumentation_fabric|alt_sld_fab_alt_sld_fab:alt_sld_fab|alt_sld_fab_alt_sld_fab_sldfabric:sldfabric|sld_jtag_hub:\jtag_hub_gen:real_sld_jtag_hub|sld_rom_sr:hub_info_reg|word_counter[0]~20 ; LCCOMB_X47_Y33_N20 ; 5       ; Clock enable                          ; no     ; --                   ; --               ; --                        ;
; sld_hub:auto_hub|alt_sld_fab_with_jtag_input:\instrumentation_fabric_with_node_gen:fabric_gen_new_way:with_jtag_input_gen:instrumentation_fabric|alt_sld_fab:instrumentation_fabric|alt_sld_fab_alt_sld_fab:alt_sld_fab|alt_sld_fab_alt_sld_fab_sldfabric:sldfabric|sld_jtag_hub:\jtag_hub_gen:real_sld_jtag_hub|sld_shadow_jsm:shadow_jsm|state[0]         ; FF_X45_Y33_N1      ; 15      ; Async. clear                          ; no     ; --                   ; --               ; --                        ;
; sld_hub:auto_hub|alt_sld_fab_with_jtag_input:\instrumentation_fabric_with_node_gen:fabric_gen_new_way:with_jtag_input_gen:instrumentation_fabric|alt_sld_fab:instrumentation_fabric|alt_sld_fab_alt_sld_fab:alt_sld_fab|alt_sld_fab_alt_sld_fab_sldfabric:sldfabric|sld_jtag_hub:\jtag_hub_gen:real_sld_jtag_hub|sld_shadow_jsm:shadow_jsm|state[11]        ; FF_X45_Y33_N11     ; 12      ; Clock enable                          ; no     ; --                   ; --               ; --                        ;
; sld_hub:auto_hub|alt_sld_fab_with_jtag_input:\instrumentation_fabric_with_node_gen:fabric_gen_new_way:with_jtag_input_gen:instrumentation_fabric|alt_sld_fab:instrumentation_fabric|alt_sld_fab_alt_sld_fab:alt_sld_fab|alt_sld_fab_alt_sld_fab_sldfabric:sldfabric|sld_jtag_hub:\jtag_hub_gen:real_sld_jtag_hub|sld_shadow_jsm:shadow_jsm|state[3]         ; FF_X45_Y33_N17     ; 34      ; Sync. load                            ; no     ; --                   ; --               ; --                        ;
; sld_hub:auto_hub|alt_sld_fab_with_jtag_input:\instrumentation_fabric_with_node_gen:fabric_gen_new_way:with_jtag_input_gen:instrumentation_fabric|alt_sld_fab:instrumentation_fabric|alt_sld_fab_alt_sld_fab:alt_sld_fab|alt_sld_fab_alt_sld_fab_sldfabric:sldfabric|sld_jtag_hub:\jtag_hub_gen:real_sld_jtag_hub|sld_shadow_jsm:shadow_jsm|state[4]         ; FF_X47_Y33_N25     ; 31      ; Sync. load                            ; no     ; --                   ; --               ; --                        ;
; sld_hub:auto_hub|alt_sld_fab_with_jtag_input:\instrumentation_fabric_with_node_gen:fabric_gen_new_way:with_jtag_input_gen:instrumentation_fabric|alt_sld_fab:instrumentation_fabric|alt_sld_fab_alt_sld_fab:alt_sld_fab|alt_sld_fab_alt_sld_fab_sldfabric:sldfabric|sld_jtag_hub:\jtag_hub_gen:real_sld_jtag_hub|virtual_ir_dr_scan_proc~0                  ; LCCOMB_X45_Y33_N22 ; 3       ; Clock enable                          ; no     ; --                   ; --               ; --                        ;
; sld_hub:auto_hub|alt_sld_fab_with_jtag_input:\instrumentation_fabric_with_node_gen:fabric_gen_new_way:with_jtag_input_gen:instrumentation_fabric|alt_sld_fab:instrumentation_fabric|alt_sld_fab_alt_sld_fab:alt_sld_fab|alt_sld_fab_alt_sld_fab_sldfabric:sldfabric|sld_jtag_hub:\jtag_hub_gen:real_sld_jtag_hub|virtual_ir_scan_reg                        ; FF_X45_Y34_N21     ; 30      ; Async. clear, Clock enable            ; no     ; --                   ; --               ; --                        ;
; sld_hub:auto_hub|alt_sld_fab_with_jtag_input:\instrumentation_fabric_with_node_gen:fabric_gen_new_way:with_jtag_input_gen:instrumentation_fabric|alt_sld_fab:instrumentation_fabric|alt_sld_fab_alt_sld_fab:alt_sld_fab|sldfabric_ident_writedata[0]~0                                                                                                      ; LCCOMB_X46_Y33_N16 ; 4       ; Clock enable                          ; no     ; --                   ; --               ; --                        ;
; sld_signaltap:auto_signaltap_0|sld_signaltap_impl:sld_signaltap_body|sld_signaltap_implb:sld_signaltap_body|altdpram:\stp_non_zero_ram_gen:attribute_mem_gen:attribute_mem|lpm_decode:wdecoder|decode_3af:auto_generated|eq_node[0]~1                                                                                                                       ; LCCOMB_X44_Y27_N26 ; 29      ; Clock enable                          ; no     ; --                   ; --               ; --                        ;
; sld_signaltap:auto_signaltap_0|sld_signaltap_impl:sld_signaltap_body|sld_signaltap_implb:sld_signaltap_body|altdpram:\stp_non_zero_ram_gen:attribute_mem_gen:attribute_mem|lpm_decode:wdecoder|decode_3af:auto_generated|eq_node[1]~0                                                                                                                       ; LCCOMB_X44_Y27_N24 ; 29      ; Clock enable                          ; no     ; --                   ; --               ; --                        ;
; sld_signaltap:auto_signaltap_0|sld_signaltap_impl:sld_signaltap_body|sld_signaltap_implb:sld_signaltap_body|altsyncram:\stp_non_zero_ram_gen:stp_buffer_ram|altsyncram_jp14:auto_generated|decode_97a:decode2|eq_node[0]                                                                                                                                    ; LCCOMB_X44_Y27_N30 ; 55      ; Clock enable, Write enable            ; no     ; --                   ; --               ; --                        ;
; sld_signaltap:auto_signaltap_0|sld_signaltap_impl:sld_signaltap_body|sld_signaltap_implb:sld_signaltap_body|altsyncram:\stp_non_zero_ram_gen:stp_buffer_ram|altsyncram_jp14:auto_generated|decode_97a:decode2|eq_node[1]                                                                                                                                    ; LCCOMB_X44_Y27_N0  ; 55      ; Clock enable, Write enable            ; no     ; --                   ; --               ; --                        ;
; sld_signaltap:auto_signaltap_0|sld_signaltap_impl:sld_signaltap_body|sld_signaltap_implb:sld_signaltap_body|collect_data                                                                                                                                                                                                                                    ; LCCOMB_X44_Y27_N18 ; 35      ; Clock enable                          ; no     ; --                   ; --               ; --                        ;
; sld_signaltap:auto_signaltap_0|sld_signaltap_impl:sld_signaltap_body|sld_signaltap_implb:sld_signaltap_body|process_0~0                                                                                                                                                                                                                                     ; LCCOMB_X44_Y33_N14 ; 32      ; Sync. clear                           ; no     ; --                   ; --               ; --                        ;
; sld_signaltap:auto_signaltap_0|sld_signaltap_impl:sld_signaltap_body|sld_signaltap_implb:sld_signaltap_body|process_0~1                                                                                                                                                                                                                                     ; LCCOMB_X44_Y33_N4  ; 32      ; Sync. load                            ; no     ; --                   ; --               ; --                        ;
; sld_signaltap:auto_signaltap_0|sld_signaltap_impl:sld_signaltap_body|sld_signaltap_implb:sld_signaltap_body|reset_all                                                                                                                                                                                                                                       ; FF_X45_Y32_N9      ; 441     ; Async. clear                          ; yes    ; Global Clock         ; GCLK12           ; --                        ;
; sld_signaltap:auto_signaltap_0|sld_signaltap_impl:sld_signaltap_body|sld_signaltap_implb:sld_signaltap_body|serial_crc_16:\tdo_crc_gen:tdo_crc_calc|lfsr[3]~1                                                                                                                                                                                               ; LCCOMB_X44_Y33_N20 ; 13      ; Clock enable                          ; no     ; --                   ; --               ; --                        ;
; sld_signaltap:auto_signaltap_0|sld_signaltap_impl:sld_signaltap_body|sld_signaltap_implb:sld_signaltap_body|sld_buffer_manager:sld_buffer_manager_inst|final_trigger_set~4                                                                                                                                                                                  ; LCCOMB_X44_Y27_N20 ; 30      ; Clock enable                          ; no     ; --                   ; --               ; --                        ;
; sld_signaltap:auto_signaltap_0|sld_signaltap_impl:sld_signaltap_body|sld_signaltap_implb:sld_signaltap_body|sld_buffer_manager:sld_buffer_manager_inst|last_buffer_write_address_sig[0]~0                                                                                                                                                                   ; LCCOMB_X44_Y27_N2  ; 14      ; Clock enable                          ; no     ; --                   ; --               ; --                        ;
; sld_signaltap:auto_signaltap_0|sld_signaltap_impl:sld_signaltap_body|sld_signaltap_implb:sld_signaltap_body|sld_offload_buffer_mgr:\stp_non_zero_depth_offload_gen:stp_offload_buff_mgr_inst|Equal2~1                                                                                                                                                       ; LCCOMB_X49_Y28_N4  ; 1       ; Clock enable                          ; no     ; --                   ; --               ; --                        ;
; sld_signaltap:auto_signaltap_0|sld_signaltap_impl:sld_signaltap_body|sld_signaltap_implb:sld_signaltap_body|sld_offload_buffer_mgr:\stp_non_zero_depth_offload_gen:stp_offload_buff_mgr_inst|acq_buf_read_reset                                                                                                                                             ; LCCOMB_X44_Y28_N28 ; 15      ; Sync. load                            ; no     ; --                   ; --               ; --                        ;
; sld_signaltap:auto_signaltap_0|sld_signaltap_impl:sld_signaltap_body|sld_signaltap_implb:sld_signaltap_body|sld_offload_buffer_mgr:\stp_non_zero_depth_offload_gen:stp_offload_buff_mgr_inst|lpm_counter:\adv_point_3_and_more:advance_pointer_counter|cntr_irh:auto_generated|counter_reg_bit[5]~0                                                         ; LCCOMB_X44_Y28_N6  ; 6       ; Sync. load                            ; no     ; --                   ; --               ; --                        ;
; sld_signaltap:auto_signaltap_0|sld_signaltap_impl:sld_signaltap_body|sld_signaltap_implb:sld_signaltap_body|sld_offload_buffer_mgr:\stp_non_zero_depth_offload_gen:stp_offload_buff_mgr_inst|lpm_counter:status_advance_pointer_counter|cntr_erh:auto_generated|counter_reg_bit[4]~0                                                                        ; LCCOMB_X49_Y28_N28 ; 5       ; Sync. load                            ; no     ; --                   ; --               ; --                        ;
; sld_signaltap:auto_signaltap_0|sld_signaltap_impl:sld_signaltap_body|sld_signaltap_implb:sld_signaltap_body|sld_offload_buffer_mgr:\stp_non_zero_depth_offload_gen:stp_offload_buff_mgr_inst|lpm_counter:status_read_pointer_counter|cntr_odi:auto_generated|counter_reg_bit[0]~0                                                                           ; LCCOMB_X46_Y28_N18 ; 1       ; Sync. load                            ; no     ; --                   ; --               ; --                        ;
; sld_signaltap:auto_signaltap_0|sld_signaltap_impl:sld_signaltap_body|sld_signaltap_implb:sld_signaltap_body|sld_offload_buffer_mgr:\stp_non_zero_depth_offload_gen:stp_offload_buff_mgr_inst|ram_shift_load~0                                                                                                                                               ; LCCOMB_X44_Y28_N22 ; 56      ; Sync. load                            ; no     ; --                   ; --               ; --                        ;
; sld_signaltap:auto_signaltap_0|sld_signaltap_impl:sld_signaltap_body|sld_signaltap_implb:sld_signaltap_body|sld_offload_buffer_mgr:\stp_non_zero_depth_offload_gen:stp_offload_buff_mgr_inst|read_pointer_counter_clk_ena                                                                                                                                   ; LCCOMB_X44_Y28_N2  ; 14      ; Clock enable                          ; no     ; --                   ; --               ; --                        ;
; sld_signaltap:auto_signaltap_0|sld_signaltap_impl:sld_signaltap_body|sld_signaltap_implb:sld_signaltap_body|sld_rom_sr:crc_rom_sr|WORD_SR[1]~8                                                                                                                                                                                                              ; LCCOMB_X49_Y29_N4  ; 4       ; Sync. clear                           ; no     ; --                   ; --               ; --                        ;
; sld_signaltap:auto_signaltap_0|sld_signaltap_impl:sld_signaltap_body|sld_signaltap_implb:sld_signaltap_body|sld_rom_sr:crc_rom_sr|WORD_SR[1]~9                                                                                                                                                                                                              ; LCCOMB_X49_Y29_N18 ; 4       ; Clock enable                          ; no     ; --                   ; --               ; --                        ;
; sld_signaltap:auto_signaltap_0|sld_signaltap_impl:sld_signaltap_body|sld_signaltap_implb:sld_signaltap_body|sld_rom_sr:crc_rom_sr|word_counter[0]~5                                                                                                                                                                                                         ; LCCOMB_X49_Y29_N10 ; 4       ; Clock enable                          ; no     ; --                   ; --               ; --                        ;
; sld_signaltap:auto_signaltap_0|sld_signaltap_impl:sld_signaltap_body|sld_signaltap_implb:sld_signaltap_body|status_shift_enable~0                                                                                                                                                                                                                           ; LCCOMB_X44_Y32_N12 ; 18      ; Clock enable                          ; no     ; --                   ; --               ; --                        ;
; sld_signaltap:auto_signaltap_0|sld_signaltap_impl:sld_signaltap_body|sld_signaltap_implb:sld_signaltap_body|tdo_crc_len_reg[8]~34                                                                                                                                                                                                                           ; LCCOMB_X44_Y33_N16 ; 32      ; Clock enable                          ; no     ; --                   ; --               ; --                        ;
; sld_signaltap:auto_signaltap_0|sld_signaltap_impl:sld_signaltap_body|sld_signaltap_implb:sld_signaltap_body|tdo_crc_val_shift_reg[0]~1                                                                                                                                                                                                                      ; LCCOMB_X44_Y33_N28 ; 16      ; Clock enable                          ; no     ; --                   ; --               ; --                        ;
; sld_signaltap:auto_signaltap_0|sld_signaltap_impl:sld_signaltap_body|sld_signaltap_implb:sld_signaltap_body|trigger_setup_ena                                                                                                                                                                                                                               ; LCCOMB_X46_Y32_N12 ; 260     ; Clock enable                          ; no     ; --                   ; --               ; --                        ;
; stall_final                                                                                                                                                                                                                                                                                                                                                 ; LCCOMB_X70_Y15_N22 ; 20      ; Clock enable                          ; no     ; --                   ; --               ; --                        ;
+-------------------------------------------------------------------------------------------------------------------------------------------------------------------------------------------------------------------------------------------------------------------------------------------------------------------------------------------------------------+--------------------+---------+---------------------------------------+--------+----------------------+------------------+---------------------------+


+-------------------------------------------------------------------------------------------------------------------------------------------------------------------------------------------------------------------------------------------------------------------+
; Global & Other Fast Signals                                                                                                                                                                                                                                       ;
+-----------------------------------------------------------------------------------------------------------------------+--------------------+---------+--------------------------------------+----------------------+------------------+---------------------------+
; Name                                                                                                                  ; Location           ; Fan-Out ; Fan-Out Using Intentional Clock Skew ; Global Resource Used ; Global Line Name ; Enable Signal Source Name ;
+-----------------------------------------------------------------------------------------------------------------------+--------------------+---------+--------------------------------------+----------------------+------------------+---------------------------+
; MAX10_CLK1_50                                                                                                         ; PIN_P11            ; 1510    ; 48                                   ; Global Clock         ; GCLK19           ; --                        ;
; altera_internal_jtag~TCKUTAP                                                                                          ; JTAG_X43_Y40_N0    ; 718     ; 0                                    ; Global Clock         ; GCLK13           ; --                        ;
; pll:PLLTX|altpll:altpll_component|pll_altpll:auto_generated|wire_pll1_clk[0]                                          ; PLL_1              ; 120     ; 0                                    ; Global Clock         ; GCLK18           ; --                        ;
; pll:PLLTX|altpll:altpll_component|pll_altpll:auto_generated|wire_pll1_clk[1]                                          ; PLL_1              ; 190     ; 1                                    ; Global Clock         ; GCLK17           ; --                        ;
; rst_l~0                                                                                                               ; LCCOMB_X57_Y17_N18 ; 420     ; 0                                    ; Global Clock         ; GCLK6            ; --                        ;
; sld_signaltap:auto_signaltap_0|sld_signaltap_impl:sld_signaltap_body|sld_signaltap_implb:sld_signaltap_body|reset_all ; FF_X45_Y32_N9      ; 441     ; 0                                    ; Global Clock         ; GCLK12           ; --                        ;
+-----------------------------------------------------------------------------------------------------------------------+--------------------+---------+--------------------------------------+----------------------+------------------+---------------------------+


+------------------------------------------------------------------------------------------------------------------------------------------------------------------------------------------------------------------------------------------------------------------------------------------------------------------------------------------------------------------------------------------------------------------------------------------------------------------------------------------------------------------------------------------------------------------------------------------------------------------------------------------------------------------------------------------------------------------------------------------------------------------------------------------------------------------------------------------------------------------------------------------------------------------------------------------------------------------------------------------------------------------------------------------------------------------------------------------------------------------------------------------------------------------------------------------------------------------------------------------------------------------------------------------------------------------------------------------------------------------------------------------------------------------------------------------------------------------------------------------------------------------------------------------------------------------------------------------------------------------------------------------------------------------------------------------------------------------------------------------------------------------------------------------------------------------------------------------------------------------------------------------------------------------------------------------------------------------------------------------------------------------------------------------------------------------------------------------------------------------------------------------------------------------------------------------------------------------------------------------------------------------------------------------------------------------------------------------------------------------------------------------------------------------------------------------------------------------------------------------------------------------------------------------------------------------------------------------+
; Fitter RAM Summary                                                                                                                                                                                                                                                                                                                                                                                                                                                                                                                                                                                                                                                                                                                                                                                                                                                                                                                                                                                                                                                                                                                                                                                                                                                                                                                                                                                                                                                                                                                                                                                                                                                                                                                                                                                                                                                                                                                                                                                                                                                                                                                                                                                                                                                                                                                                                                                                                                                                                                                                                                       ;
+-------------------------------------------------------------------------------------------------------------------------------------------------------------------------------------------------------------------------------------------------+------+------------------+--------------+--------------+--------------+--------------+--------------+------------------------+-------------------------+------------------------+-------------------------+--------+-----------------------------+-----------------------------+-----------------------------+-----------------------------+---------------------+------+----------------------------------------+-----------------------------------------------------------------------------------------------------------------------------------------------------------------------------------------------------------------------------------------------------------------------------------------------------------------------------------------------------------------------------------------------------------------------------------------------------------------------------------------------------------------------------------------------------------------------------------------------------------------------------------------------------------------------------------------------------------------------------------------------------------------------------------------------------------------------------------------------------------------------------------------------------------------------------------------------------------------------------------------------------------------------------------------------------------------------------------------------------------------------------------------------------------------------------------------------------------------------------------------------------------------------------------------------------------------------------------------------------------------------------------------------------------------------------------------------------------------------------------------------------------------------------------------------------------------------------------------------------------------------------------------------------------------------------------------------------------------------------------------------------------------------------------------+----------------------+------------------------+------------------------+----------+------------------------+---------------+
; Name                                                                                                                                                                                                                                            ; Type ; Mode             ; Clock Mode   ; Port A Depth ; Port A Width ; Port B Depth ; Port B Width ; Port A Input Registers ; Port A Output Registers ; Port B Input Registers ; Port B Output Registers ; Size   ; Implementation Port A Depth ; Implementation Port A Width ; Implementation Port B Depth ; Implementation Port B Width ; Implementation Bits ; M9Ks ; MIF                                    ; Location                                                                                                                                                                                                                                                                                                                                                                                                                                                                                                                                                                                                                                                                                                                                                                                                                                                                                                                                                                                                                                                                                                                                                                                                                                                                                                                                                                                                                                                                                                                                                                                                                                                                                                                                                                                ; Mixed Width RDW Mode ; Port A RDW Mode        ; Port B RDW Mode        ; ECC Mode ; ECC Pipeline Registers ; Fits in MLABs ;
+-------------------------------------------------------------------------------------------------------------------------------------------------------------------------------------------------------------------------------------------------+------+------------------+--------------+--------------+--------------+--------------+--------------+------------------------+-------------------------+------------------------+-------------------------+--------+-----------------------------+-----------------------------+-----------------------------+-----------------------------+---------------------+------+----------------------------------------+-----------------------------------------------------------------------------------------------------------------------------------------------------------------------------------------------------------------------------------------------------------------------------------------------------------------------------------------------------------------------------------------------------------------------------------------------------------------------------------------------------------------------------------------------------------------------------------------------------------------------------------------------------------------------------------------------------------------------------------------------------------------------------------------------------------------------------------------------------------------------------------------------------------------------------------------------------------------------------------------------------------------------------------------------------------------------------------------------------------------------------------------------------------------------------------------------------------------------------------------------------------------------------------------------------------------------------------------------------------------------------------------------------------------------------------------------------------------------------------------------------------------------------------------------------------------------------------------------------------------------------------------------------------------------------------------------------------------------------------------------------------------------------------------+----------------------+------------------------+------------------------+----------+------------------------+---------------+
; decode:DECODE|registers:R|altsyncram:ram_block_rtl_0|altsyncram_23g1:auto_generated|ALTSYNCRAM                                                                                                                                                  ; AUTO ; Simple Dual Port ; Single Clock ; 32           ; 32           ; 32           ; 32           ; yes                    ; no                      ; yes                    ; no                      ; 1024   ; 32                          ; 32                          ; 32                          ; 32                          ; 1024                ; 1    ; db/DLX.ram0_registers_6989617c.hdl.mif ; M9K_X73_Y11_N0                                                                                                                                                                                                                                                                                                                                                                                                                                                                                                                                                                                                                                                                                                                                                                                                                                                                                                                                                                                                                                                                                                                                                                                                                                                                                                                                                                                                                                                                                                                                                                                                                                                                                                                                                                          ; Don't care           ; New data with NBE Read ; New data with NBE Read ; Off      ; No                     ; No - Unknown  ;
; decode:DECODE|registers:R|altsyncram:ram_block_rtl_1|altsyncram_23g1:auto_generated|ALTSYNCRAM                                                                                                                                                  ; AUTO ; Simple Dual Port ; Single Clock ; 32           ; 32           ; 32           ; 32           ; yes                    ; no                      ; yes                    ; no                      ; 1024   ; 32                          ; 32                          ; 32                          ; 32                          ; 1024                ; 1    ; db/DLX.ram0_registers_6989617c.hdl.mif ; M9K_X73_Y12_N0                                                                                                                                                                                                                                                                                                                                                                                                                                                                                                                                                                                                                                                                                                                                                                                                                                                                                                                                                                                                                                                                                                                                                                                                                                                                                                                                                                                                                                                                                                                                                                                                                                                                                                                                                                          ; Don't care           ; New data with NBE Read ; New data with NBE Read ; Off      ; No                     ; No - Unknown  ;
; fetch:FETCH|my_ROM:U1|altsyncram:altsyncram_component|altsyncram_8jt3:auto_generated|ALTSYNCRAM                                                                                                                                                 ; AUTO ; ROM              ; Single Clock ; 1024         ; 32           ; --           ; --           ; yes                    ; no                      ; --                     ; --                      ; 32768  ; 1024                        ; 32                          ; --                          ; --                          ; 32768               ; 4    ; ../FinalProject/factorial_code.mif     ; M9K_X73_Y17_N0, M9K_X73_Y16_N0, M9K_X73_Y15_N0, M9K_X73_Y18_N0                                                                                                                                                                                                                                                                                                                                                                                                                                                                                                                                                                                                                                                                                                                                                                                                                                                                                                                                                                                                                                                                                                                                                                                                                                                                                                                                                                                                                                                                                                                                                                                                                                                                                                                          ; Don't care           ; New data with NBE Read ; New data with NBE Read ; Off      ; No                     ; No - Unknown  ;
; memory:MEMORY|my_ram:RAM|altsyncram:altsyncram_component|altsyncram_29s3:auto_generated|ALTSYNCRAM                                                                                                                                              ; AUTO ; Single Port      ; Single Clock ; 1024         ; 32           ; --           ; --           ; yes                    ; no                      ; --                     ; --                      ; 32768  ; 1024                        ; 32                          ; --                          ; --                          ; 32768               ; 4    ; factorial_data.mif                     ; M9K_X73_Y14_N0, M9K_X73_Y13_N0, M9K_X73_Y9_N0, M9K_X73_Y10_N0                                                                                                                                                                                                                                                                                                                                                                                                                                                                                                                                                                                                                                                                                                                                                                                                                                                                                                                                                                                                                                                                                                                                                                                                                                                                                                                                                                                                                                                                                                                                                                                                                                                                                                                           ; Don't care           ; New data with NBE Read ; New data with NBE Read ; Off      ; No                     ; No - Unknown  ;
; print_FSM:FSM|diva:DIVIDER|lpm_divide:LPM_DIVIDE_component|lpm_divide_ous:auto_generated|sign_div_unsign_q8i:divider|alt_u_div_d6f:divider|altshift_taps:DFFQuotient_rtl_0|shift_taps_53o:auto_generated|altsyncram_pv21:altsyncram4|ALTSYNCRAM ; AUTO ; Simple Dual Port ; Single Clock ; 3            ; 16           ; 3            ; 16           ; yes                    ; no                      ; yes                    ; yes                     ; 48     ; 3                           ; 16                          ; 3                           ; 16                          ; 48                  ; 1    ; None                                   ; M9K_X33_Y28_N0                                                                                                                                                                                                                                                                                                                                                                                                                                                                                                                                                                                                                                                                                                                                                                                                                                                                                                                                                                                                                                                                                                                                                                                                                                                                                                                                                                                                                                                                                                                                                                                                                                                                                                                                                                          ; Don't care           ; New data with NBE Read ; New data with NBE Read ; Off      ; No                     ; No - Unknown  ;
; print_FSM:FSM|fifo_char:FIFO2|dcfifo:dcfifo_component|dcfifo_f1f1:auto_generated|altsyncram_qj31:fifo_ram|ALTSYNCRAM                                                                                                                            ; AUTO ; Simple Dual Port ; Dual Clocks  ; 256          ; 8            ; 256          ; 8            ; yes                    ; no                      ; yes                    ; yes                     ; 2048   ; 256                         ; 8                           ; 256                         ; 8                           ; 2048                ; 1    ; None                                   ; M9K_X53_Y28_N0                                                                                                                                                                                                                                                                                                                                                                                                                                                                                                                                                                                                                                                                                                                                                                                                                                                                                                                                                                                                                                                                                                                                                                                                                                                                                                                                                                                                                                                                                                                                                                                                                                                                                                                                                                          ; Don't care           ; New data with NBE Read ; New data with NBE Read ; Off      ; No                     ; No - Unknown  ;
; print_FSM:FSM|fifo_word:FIFO1|scfifo:scfifo_component|scfifo_4k51:auto_generated|a_dpfifo_jj21:dpfifo|altsyncram_o2m1:FIFOram|ALTSYNCRAM                                                                                                        ; AUTO ; Simple Dual Port ; Single Clock ; 256          ; 38           ; 256          ; 38           ; yes                    ; no                      ; yes                    ; no                      ; 9728   ; 256                         ; 38                          ; 256                         ; 38                          ; 9728                ; 2    ; None                                   ; M9K_X53_Y21_N0, M9K_X53_Y20_N0                                                                                                                                                                                                                                                                                                                                                                                                                                                                                                                                                                                                                                                                                                                                                                                                                                                                                                                                                                                                                                                                                                                                                                                                                                                                                                                                                                                                                                                                                                                                                                                                                                                                                                                                                          ; Don't care           ; New data with NBE Read ; New data with NBE Read ; Off      ; No                     ; No - Unknown  ;
; scan_FSM:SCAN|FIFO_UART_RF:UART_RF|dcfifo:dcfifo_component|dcfifo_u7e1:auto_generated|altsyncram_qj31:fifo_ram|ALTSYNCRAM                                                                                                                       ; AUTO ; Simple Dual Port ; Dual Clocks  ; 256          ; 8            ; 256          ; 8            ; yes                    ; no                      ; yes                    ; yes                     ; 2048   ; 256                         ; 8                           ; 256                         ; 8                           ; 2048                ; 1    ; None                                   ; M9K_X33_Y16_N0                                                                                                                                                                                                                                                                                                                                                                                                                                                                                                                                                                                                                                                                                                                                                                                                                                                                                                                                                                                                                                                                                                                                                                                                                                                                                                                                                                                                                                                                                                                                                                                                                                                                                                                                                                          ; Don't care           ; New data with NBE Read ; New data with NBE Read ; Off      ; No                     ; No - Unknown  ;
; scan_FSM:SCAN|UARTSampler:DA_SAMPLER|my_fifo:U2|dcfifo:dcfifo_component|dcfifo_14e1:auto_generated|altsyncram_2j31:fifo_ram|ALTSYNCRAM                                                                                                          ; AUTO ; Simple Dual Port ; Dual Clocks  ; 8            ; 1            ; 8            ; 1            ; yes                    ; no                      ; yes                    ; yes                     ; 8      ; 8                           ; 1                           ; 8                           ; 1                           ; 8                   ; 1    ; None                                   ; M9K_X33_Y20_N0                                                                                                                                                                                                                                                                                                                                                                                                                                                                                                                                                                                                                                                                                                                                                                                                                                                                                                                                                                                                                                                                                                                                                                                                                                                                                                                                                                                                                                                                                                                                                                                                                                                                                                                                                                          ; Don't care           ; New data with NBE Read ; New data with NBE Read ; Off      ; No                     ; No - Unknown  ;
; scan_FSM:SCAN|fifo_in_buf:IN_BUF|scfifo:scfifo_component|scfifo_6d21:auto_generated|a_dpfifo_dj21:dpfifo|altsyncram_c2m1:FIFOram|ALTSYNCRAM                                                                                                     ; AUTO ; Simple Dual Port ; Single Clock ; 256          ; 32           ; 256          ; 32           ; yes                    ; no                      ; yes                    ; no                      ; 8192   ; 256                         ; 32                          ; 256                         ; 32                          ; 8192                ; 1    ; None                                   ; M9K_X53_Y16_N0                                                                                                                                                                                                                                                                                                                                                                                                                                                                                                                                                                                                                                                                                                                                                                                                                                                                                                                                                                                                                                                                                                                                                                                                                                                                                                                                                                                                                                                                                                                                                                                                                                                                                                                                                                          ; Don't care           ; New data with NBE Read ; New data with NBE Read ; Off      ; No                     ; No - Unknown  ;
; sld_signaltap:auto_signaltap_0|sld_signaltap_impl:sld_signaltap_body|sld_signaltap_implb:sld_signaltap_body|altsyncram:\stp_non_zero_ram_gen:stp_buffer_ram|altsyncram_jp14:auto_generated|ALTSYNCRAM                                           ; AUTO ; Simple Dual Port ; Dual Clocks  ; 16384        ; 55           ; 16384        ; 55           ; yes                    ; no                      ; yes                    ; no                      ; 901120 ; 16384                       ; 55                          ; 16384                       ; 55                          ; 901120              ; 110  ; None                                   ; M9K_X5_Y35_N0, M9K_X5_Y34_N0, M9K_X53_Y44_N0, M9K_X53_Y37_N0, M9K_X73_Y19_N0, M9K_X73_Y5_N0, M9K_X53_Y5_N0, M9K_X33_Y3_N0, M9K_X5_Y10_N0, M9K_X5_Y7_N0, M9K_X53_Y35_N0, M9K_X5_Y28_N0, M9K_X53_Y24_N0, M9K_X53_Y25_N0, M9K_X33_Y19_N0, M9K_X33_Y15_N0, M9K_X5_Y24_N0, M9K_X5_Y23_N0, M9K_X33_Y27_N0, M9K_X33_Y23_N0, M9K_X53_Y43_N0, M9K_X73_Y38_N0, M9K_X33_Y34_N0, M9K_X5_Y29_N0, M9K_X73_Y22_N0, M9K_X73_Y4_N0, M9K_X5_Y14_N0, M9K_X5_Y12_N0, M9K_X73_Y40_N0, M9K_X73_Y36_N0, M9K_X73_Y27_N0, M9K_X73_Y29_N0, M9K_X53_Y10_N0, M9K_X53_Y8_N0, M9K_X53_Y27_N0, M9K_X53_Y26_N0, M9K_X73_Y24_N0, M9K_X73_Y30_N0, M9K_X73_Y26_N0, M9K_X73_Y23_N0, M9K_X53_Y11_N0, M9K_X53_Y12_N0, M9K_X53_Y30_N0, M9K_X53_Y31_N0, M9K_X73_Y33_N0, M9K_X53_Y34_N0, M9K_X53_Y42_N0, M9K_X33_Y37_N0, M9K_X33_Y6_N0, M9K_X53_Y4_N0, M9K_X33_Y8_N0, M9K_X33_Y11_N0, M9K_X53_Y39_N0, M9K_X33_Y26_N0, M9K_X5_Y22_N0, M9K_X5_Y21_N0, M9K_X33_Y12_N0, M9K_X33_Y22_N0, M9K_X33_Y29_N0, M9K_X33_Y31_N0, M9K_X5_Y19_N0, M9K_X5_Y18_N0, M9K_X53_Y22_N0, M9K_X53_Y23_N0, M9K_X5_Y17_N0, M9K_X5_Y16_N0, M9K_X73_Y32_N0, M9K_X33_Y30_N0, M9K_X53_Y40_N0, M9K_X53_Y36_N0, M9K_X5_Y27_N0, M9K_X5_Y26_N0, M9K_X33_Y14_N0, M9K_X5_Y20_N0, M9K_X53_Y14_N0, M9K_X53_Y9_N0, M9K_X73_Y28_N0, M9K_X73_Y21_N0, M9K_X73_Y25_N0, M9K_X53_Y29_N0, M9K_X53_Y15_N0, M9K_X53_Y17_N0, M9K_X53_Y18_N0, M9K_X53_Y19_N0, M9K_X33_Y17_N0, M9K_X33_Y13_N0, M9K_X53_Y7_N0, M9K_X53_Y13_N0, M9K_X5_Y13_N0, M9K_X53_Y2_N0, M9K_X33_Y18_N0, M9K_X33_Y21_N0, M9K_X53_Y32_N0, M9K_X53_Y33_N0, M9K_X53_Y6_N0, M9K_X53_Y3_N0, M9K_X33_Y9_N0, M9K_X33_Y10_N0, M9K_X53_Y41_N0, M9K_X53_Y38_N0, M9K_X33_Y5_N0, M9K_X33_Y4_N0, M9K_X33_Y7_N0, M9K_X5_Y25_N0, M9K_X33_Y36_N0, M9K_X33_Y33_N0, M9K_X33_Y32_N0, M9K_X33_Y35_N0, M9K_X33_Y25_N0, M9K_X33_Y24_N0 ; Don't care           ; New data with NBE Read ; New data with NBE Read ; Off      ; No                     ; No - Unknown  ;
+-------------------------------------------------------------------------------------------------------------------------------------------------------------------------------------------------------------------------------------------------+------+------------------+--------------+--------------+--------------+--------------+--------------+------------------------+-------------------------+------------------------+-------------------------+--------+-----------------------------+-----------------------------+-----------------------------+-----------------------------+---------------------+------+----------------------------------------+-----------------------------------------------------------------------------------------------------------------------------------------------------------------------------------------------------------------------------------------------------------------------------------------------------------------------------------------------------------------------------------------------------------------------------------------------------------------------------------------------------------------------------------------------------------------------------------------------------------------------------------------------------------------------------------------------------------------------------------------------------------------------------------------------------------------------------------------------------------------------------------------------------------------------------------------------------------------------------------------------------------------------------------------------------------------------------------------------------------------------------------------------------------------------------------------------------------------------------------------------------------------------------------------------------------------------------------------------------------------------------------------------------------------------------------------------------------------------------------------------------------------------------------------------------------------------------------------------------------------------------------------------------------------------------------------------------------------------------------------------------------------------------------------+----------------------+------------------------+------------------------+----------+------------------------+---------------+
Note: Fitter may spread logical memories into multiple blocks to improve timing. The actual required RAM blocks can be found in the Fitter Resource Usage section.


RAM content values are presented in the following format: (Binary) (Octal) (Decimal) (Hexadecimal) 
+------------------------------------------------------------------------------------------------------------------------------------------------------------------------------------------------------------------------------------------------------------------+
; |DLX|decode:DECODE|registers:R|altsyncram:ram_block_rtl_0|altsyncram_23g1:auto_generated|ALTSYNCRAM                                                                                                                                                              ;
+------------------------------------------------------------------------------------------------------------------------------------------------------------------------------------------------------------------------------------------------------------------+
;   Addr   ;              +0              ;              +1              ;              +2              ;              +3              ;              +4              ;              +5              ;              +6              ;              +7              ;
+----------+------------------------------+------------------------------+------------------------------+------------------------------+------------------------------+------------------------------+------------------------------+------------------------------+
;0;(00000000000000000000000000000000) (0) (0) (00)    ;(00000000000000000000000000000000) (0) (0) (00)   ;(00000000000000000000000000000000) (0) (0) (00)   ;(00000000000000000000000000000000) (0) (0) (00)   ;(00000000000000000000000000000000) (0) (0) (00)   ;(00000000000000000000000000000000) (0) (0) (00)   ;(00000000000000000000000000000000) (0) (0) (00)   ;(00000000000000000000000000000000) (0) (0) (00)   ;
;8;(00000000000000000000000000000000) (0) (0) (00)    ;(00000000000000000000000000000000) (0) (0) (00)   ;(00000000000000000000000000000000) (0) (0) (00)   ;(00000000000000000000000000000000) (0) (0) (00)   ;(00000000000000000000000000000000) (0) (0) (00)   ;(00000000000000000000000000000000) (0) (0) (00)   ;(00000000000000000000000000000000) (0) (0) (00)   ;(00000000000000000000000000000000) (0) (0) (00)   ;
;16;(00000000000000000000000000000000) (0) (0) (00)    ;(00000000000000000000000000000000) (0) (0) (00)   ;(00000000000000000000000000000000) (0) (0) (00)   ;(00000000000000000000000000000000) (0) (0) (00)   ;(00000000000000000000000000000000) (0) (0) (00)   ;(00000000000000000000000000000000) (0) (0) (00)   ;(00000000000000000000000000000000) (0) (0) (00)   ;(00000000000000000000000000000000) (0) (0) (00)   ;
;24;(00000000000000000000000000000000) (0) (0) (00)    ;(00000000000000000000000000000000) (0) (0) (00)   ;(00000000000000000000000000000000) (0) (0) (00)   ;(00000000000000000000000000000000) (0) (0) (00)   ;(00000000000000000000000000000000) (0) (0) (00)   ;(00000000000000000000000000000000) (0) (0) (00)   ;(00000000000000000000000000000000) (0) (0) (00)   ;(00000000000000000000000000000000) (0) (0) (00)   ;


RAM content values are presented in the following format: (Binary) (Octal) (Decimal) (Hexadecimal) 
+------------------------------------------------------------------------------------------------------------------------------------------------------------------------------------------------------------------------------------------------------------------+
; |DLX|memory:MEMORY|my_ram:RAM|altsyncram:altsyncram_component|altsyncram_29s3:auto_generated|ALTSYNCRAM                                                                                                                                                          ;
+------------------------------------------------------------------------------------------------------------------------------------------------------------------------------------------------------------------------------------------------------------------+
;   Addr   ;              +0              ;              +1              ;              +2              ;              +3              ;              +4              ;              +5              ;              +6              ;              +7              ;
+----------+------------------------------+------------------------------+------------------------------+------------------------------+------------------------------+------------------------------+------------------------------+------------------------------+
;0;(00000000000000000000000000000110) (6) (6) (06)    ;(00000000000000000000000000000001) (1) (1) (01)   ;(00000000000000000000000000000001) (1) (1) (01)   ;(00000000000000000000000000100001) (41) (33) (21)   ;(00000000000000000000000001101101) (155) (109) (6D)   ;(00000000000000000000000001100001) (141) (97) (61)   ;(00000000000000000000000001110010) (162) (114) (72)   ;(00000000000000000000000001100111) (147) (103) (67)   ;
;8;(00000000000000000000000001101111) (157) (111) (6F)    ;(00000000000000000000000001110010) (162) (114) (72)   ;(00000000000000000000000001110000) (160) (112) (70)   ;(00000000000000000000000000100000) (40) (32) (20)   ;(00000000000000000000000001101100) (154) (108) (6C)   ;(00000000000000000000000001100001) (141) (97) (61)   ;(00000000000000000000000001101001) (151) (105) (69)   ;(00000000000000000000000001110010) (162) (114) (72)   ;
;16;(00000000000000000000000001101111) (157) (111) (6F)    ;(00000000000000000000000001110100) (164) (116) (74)   ;(00000000000000000000000001100011) (143) (99) (63)   ;(00000000000000000000000001100001) (141) (97) (61)   ;(00000000000000000000000001100110) (146) (102) (66)   ;(00000000000000000000000000100000) (40) (32) (20)   ;(00000000000000000000000001011000) (130) (88) (58)   ;(00000000000000000000000001001100) (114) (76) (4C)   ;
;24;(00000000000000000000000001000100) (104) (68) (44)    ;(00000000000000000000000000100000) (40) (32) (20)   ;(00000000000000000000000001100101) (145) (101) (65)   ;(00000000000000000000000001101000) (150) (104) (68)   ;(00000000000000000000000001110100) (164) (116) (74)   ;(00000000000000000000000000100000) (40) (32) (20)   ;(00000000000000000000000001101111) (157) (111) (6F)   ;(00000000000000000000000001110100) (164) (116) (74)   ;
;32;(00000000000000000000000000100000) (40) (32) (20)    ;(00000000000000000000000001100101) (145) (101) (65)   ;(00000000000000000000000001101101) (155) (109) (6D)   ;(00000000000000000000000001101111) (157) (111) (6F)   ;(00000000000000000000000001100011) (143) (99) (63)   ;(00000000000000000000000001101100) (154) (108) (6C)   ;(00000000000000000000000001100101) (145) (101) (65)   ;(00000000000000000000000001010111) (127) (87) (57)   ;
;40;(00000000000000000000000000111101) (75) (61) (3D)    ;(00000000000000000000000000100000) (40) (32) (20)   ;(00000000000000000000000000100001) (41) (33) (21)   ;(00000000000000000000000001110010) (162) (114) (72)   ;(00000000000000000000000001100101) (145) (101) (65)   ;(00000000000000000000000001100010) (142) (98) (62)   ;(00000000000000000000000001101101) (155) (109) (6D)   ;(00000000000000000000000001110101) (165) (117) (75)   ;
;48;(00000000000000000000000001101110) (156) (110) (6E)    ;(00000000000000000000000000100000) (40) (32) (20)   ;(00000000000000000000000001100001) (141) (97) (61)   ;(00000000000000000000000000100000) (40) (32) (20)   ;(00000000000000000000000001110010) (162) (114) (72)   ;(00000000000000000000000001100101) (145) (101) (65)   ;(00000000000000000000000001110100) (164) (116) (74)   ;(00000000000000000000000001101110) (156) (110) (6E)   ;
;56;(00000000000000000000000001000101) (105) (69) (45)    ;(00000000000000000000000000000000) (0) (0) (00)   ;(00000000000000000000000000000000) (0) (0) (00)   ;(00000000000000000000000000000000) (0) (0) (00)   ;(00000000000000000000000000000000) (0) (0) (00)   ;(00000000000000000000000000000000) (0) (0) (00)   ;(00000000000000000000000000000000) (0) (0) (00)   ;(00000000000000000000000000000000) (0) (0) (00)   ;
;64;(00000000000000000000000000000000) (0) (0) (00)    ;(00000000000000000000000000000000) (0) (0) (00)   ;(00000000000000000000000000000000) (0) (0) (00)   ;(00000000000000000000000000000000) (0) (0) (00)   ;(00000000000000000000000000000000) (0) (0) (00)   ;(00000000000000000000000000000000) (0) (0) (00)   ;(00000000000000000000000000000000) (0) (0) (00)   ;(00000000000000000000000000000000) (0) (0) (00)   ;
;72;(00000000000000000000000000000000) (0) (0) (00)    ;(00000000000000000000000000000000) (0) (0) (00)   ;(00000000000000000000000000000000) (0) (0) (00)   ;(00000000000000000000000000000000) (0) (0) (00)   ;(00000000000000000000000000000000) (0) (0) (00)   ;(00000000000000000000000000000000) (0) (0) (00)   ;(00000000000000000000000000000000) (0) (0) (00)   ;(00000000000000000000000000000000) (0) (0) (00)   ;
;80;(00000000000000000000000000000000) (0) (0) (00)    ;(00000000000000000000000000000000) (0) (0) (00)   ;(00000000000000000000000000000000) (0) (0) (00)   ;(00000000000000000000000000000000) (0) (0) (00)   ;(00000000000000000000000000000000) (0) (0) (00)   ;(00000000000000000000000000000000) (0) (0) (00)   ;(00000000000000000000000000000000) (0) (0) (00)   ;(00000000000000000000000000000000) (0) (0) (00)   ;
;88;(00000000000000000000000000000000) (0) (0) (00)    ;(00000000000000000000000000000000) (0) (0) (00)   ;(00000000000000000000000000000000) (0) (0) (00)   ;(00000000000000000000000000000000) (0) (0) (00)   ;(00000000000000000000000000000000) (0) (0) (00)   ;(00000000000000000000000000000000) (0) (0) (00)   ;(00000000000000000000000000000000) (0) (0) (00)   ;(00000000000000000000000000000000) (0) (0) (00)   ;
;96;(00000000000000000000000000000000) (0) (0) (00)    ;(00000000000000000000000000000000) (0) (0) (00)   ;(00000000000000000000000000000000) (0) (0) (00)   ;(00000000000000000000000000000000) (0) (0) (00)   ;(00000000000000000000000000000000) (0) (0) (00)   ;(00000000000000000000000000000000) (0) (0) (00)   ;(00000000000000000000000000000000) (0) (0) (00)   ;(00000000000000000000000000000000) (0) (0) (00)   ;
;104;(00000000000000000000000000000000) (0) (0) (00)    ;(00000000000000000000000000000000) (0) (0) (00)   ;(00000000000000000000000000000000) (0) (0) (00)   ;(00000000000000000000000000000000) (0) (0) (00)   ;(00000000000000000000000000000000) (0) (0) (00)   ;(00000000000000000000000000000000) (0) (0) (00)   ;(00000000000000000000000000000000) (0) (0) (00)   ;(00000000000000000000000000000000) (0) (0) (00)   ;
;112;(00000000000000000000000000000000) (0) (0) (00)    ;(00000000000000000000000000000000) (0) (0) (00)   ;(00000000000000000000000000000000) (0) (0) (00)   ;(00000000000000000000000000000000) (0) (0) (00)   ;(00000000000000000000000000000000) (0) (0) (00)   ;(00000000000000000000000000000000) (0) (0) (00)   ;(00000000000000000000000000000000) (0) (0) (00)   ;(00000000000000000000000000000000) (0) (0) (00)   ;
;120;(00000000000000000000000000000000) (0) (0) (00)    ;(00000000000000000000000000000000) (0) (0) (00)   ;(00000000000000000000000000000000) (0) (0) (00)   ;(00000000000000000000000000000000) (0) (0) (00)   ;(00000000000000000000000000000000) (0) (0) (00)   ;(00000000000000000000000000000000) (0) (0) (00)   ;(00000000000000000000000000000000) (0) (0) (00)   ;(00000000000000000000000000000000) (0) (0) (00)   ;
;128;(00000000000000000000000000000000) (0) (0) (00)    ;(00000000000000000000000000000000) (0) (0) (00)   ;(00000000000000000000000000000000) (0) (0) (00)   ;(00000000000000000000000000000000) (0) (0) (00)   ;(00000000000000000000000000000000) (0) (0) (00)   ;(00000000000000000000000000000000) (0) (0) (00)   ;(00000000000000000000000000000000) (0) (0) (00)   ;(00000000000000000000000000000000) (0) (0) (00)   ;
;136;(00000000000000000000000000000000) (0) (0) (00)    ;(00000000000000000000000000000000) (0) (0) (00)   ;(00000000000000000000000000000000) (0) (0) (00)   ;(00000000000000000000000000000000) (0) (0) (00)   ;(00000000000000000000000000000000) (0) (0) (00)   ;(00000000000000000000000000000000) (0) (0) (00)   ;(00000000000000000000000000000000) (0) (0) (00)   ;(00000000000000000000000000000000) (0) (0) (00)   ;
;144;(00000000000000000000000000000000) (0) (0) (00)    ;(00000000000000000000000000000000) (0) (0) (00)   ;(00000000000000000000000000000000) (0) (0) (00)   ;(00000000000000000000000000000000) (0) (0) (00)   ;(00000000000000000000000000000000) (0) (0) (00)   ;(00000000000000000000000000000000) (0) (0) (00)   ;(00000000000000000000000000000000) (0) (0) (00)   ;(00000000000000000000000000000000) (0) (0) (00)   ;
;152;(00000000000000000000000000000000) (0) (0) (00)    ;(00000000000000000000000000000000) (0) (0) (00)   ;(00000000000000000000000000000000) (0) (0) (00)   ;(00000000000000000000000000000000) (0) (0) (00)   ;(00000000000000000000000000000000) (0) (0) (00)   ;(00000000000000000000000000000000) (0) (0) (00)   ;(00000000000000000000000000000000) (0) (0) (00)   ;(00000000000000000000000000000000) (0) (0) (00)   ;
;160;(00000000000000000000000000000000) (0) (0) (00)    ;(00000000000000000000000000000000) (0) (0) (00)   ;(00000000000000000000000000000000) (0) (0) (00)   ;(00000000000000000000000000000000) (0) (0) (00)   ;(00000000000000000000000000000000) (0) (0) (00)   ;(00000000000000000000000000000000) (0) (0) (00)   ;(00000000000000000000000000000000) (0) (0) (00)   ;(00000000000000000000000000000000) (0) (0) (00)   ;
;168;(00000000000000000000000000000000) (0) (0) (00)    ;(00000000000000000000000000000000) (0) (0) (00)   ;(00000000000000000000000000000000) (0) (0) (00)   ;(00000000000000000000000000000000) (0) (0) (00)   ;(00000000000000000000000000000000) (0) (0) (00)   ;(00000000000000000000000000000000) (0) (0) (00)   ;(00000000000000000000000000000000) (0) (0) (00)   ;(00000000000000000000000000000000) (0) (0) (00)   ;
;176;(00000000000000000000000000000000) (0) (0) (00)    ;(00000000000000000000000000000000) (0) (0) (00)   ;(00000000000000000000000000000000) (0) (0) (00)   ;(00000000000000000000000000000000) (0) (0) (00)   ;(00000000000000000000000000000000) (0) (0) (00)   ;(00000000000000000000000000000000) (0) (0) (00)   ;(00000000000000000000000000000000) (0) (0) (00)   ;(00000000000000000000000000000000) (0) (0) (00)   ;
;184;(00000000000000000000000000000000) (0) (0) (00)    ;(00000000000000000000000000000000) (0) (0) (00)   ;(00000000000000000000000000000000) (0) (0) (00)   ;(00000000000000000000000000000000) (0) (0) (00)   ;(00000000000000000000000000000000) (0) (0) (00)   ;(00000000000000000000000000000000) (0) (0) (00)   ;(00000000000000000000000000000000) (0) (0) (00)   ;(00000000000000000000000000000000) (0) (0) (00)   ;
;192;(00000000000000000000000000000000) (0) (0) (00)    ;(00000000000000000000000000000000) (0) (0) (00)   ;(00000000000000000000000000000000) (0) (0) (00)   ;(00000000000000000000000000000000) (0) (0) (00)   ;(00000000000000000000000000000000) (0) (0) (00)   ;(00000000000000000000000000000000) (0) (0) (00)   ;(00000000000000000000000000000000) (0) (0) (00)   ;(00000000000000000000000000000000) (0) (0) (00)   ;
;200;(00000000000000000000000000000000) (0) (0) (00)    ;(00000000000000000000000000000000) (0) (0) (00)   ;(00000000000000000000000000000000) (0) (0) (00)   ;(00000000000000000000000000000000) (0) (0) (00)   ;(00000000000000000000000000000000) (0) (0) (00)   ;(00000000000000000000000000000000) (0) (0) (00)   ;(00000000000000000000000000000000) (0) (0) (00)   ;(00000000000000000000000000000000) (0) (0) (00)   ;
;208;(00000000000000000000000000000000) (0) (0) (00)    ;(00000000000000000000000000000000) (0) (0) (00)   ;(00000000000000000000000000000000) (0) (0) (00)   ;(00000000000000000000000000000000) (0) (0) (00)   ;(00000000000000000000000000000000) (0) (0) (00)   ;(00000000000000000000000000000000) (0) (0) (00)   ;(00000000000000000000000000000000) (0) (0) (00)   ;(00000000000000000000000000000000) (0) (0) (00)   ;
;216;(00000000000000000000000000000000) (0) (0) (00)    ;(00000000000000000000000000000000) (0) (0) (00)   ;(00000000000000000000000000000000) (0) (0) (00)   ;(00000000000000000000000000000000) (0) (0) (00)   ;(00000000000000000000000000000000) (0) (0) (00)   ;(00000000000000000000000000000000) (0) (0) (00)   ;(00000000000000000000000000000000) (0) (0) (00)   ;(00000000000000000000000000000000) (0) (0) (00)   ;
;224;(00000000000000000000000000000000) (0) (0) (00)    ;(00000000000000000000000000000000) (0) (0) (00)   ;(00000000000000000000000000000000) (0) (0) (00)   ;(00000000000000000000000000000000) (0) (0) (00)   ;(00000000000000000000000000000000) (0) (0) (00)   ;(00000000000000000000000000000000) (0) (0) (00)   ;(00000000000000000000000000000000) (0) (0) (00)   ;(00000000000000000000000000000000) (0) (0) (00)   ;
;232;(00000000000000000000000000000000) (0) (0) (00)    ;(00000000000000000000000000000000) (0) (0) (00)   ;(00000000000000000000000000000000) (0) (0) (00)   ;(00000000000000000000000000000000) (0) (0) (00)   ;(00000000000000000000000000000000) (0) (0) (00)   ;(00000000000000000000000000000000) (0) (0) (00)   ;(00000000000000000000000000000000) (0) (0) (00)   ;(00000000000000000000000000000000) (0) (0) (00)   ;
;240;(00000000000000000000000000000000) (0) (0) (00)    ;(00000000000000000000000000000000) (0) (0) (00)   ;(00000000000000000000000000000000) (0) (0) (00)   ;(00000000000000000000000000000000) (0) (0) (00)   ;(00000000000000000000000000000000) (0) (0) (00)   ;(00000000000000000000000000000000) (0) (0) (00)   ;(00000000000000000000000000000000) (0) (0) (00)   ;(00000000000000000000000000000000) (0) (0) (00)   ;
;248;(00000000000000000000000000000000) (0) (0) (00)    ;(00000000000000000000000000000000) (0) (0) (00)   ;(00000000000000000000000000000000) (0) (0) (00)   ;(00000000000000000000000000000000) (0) (0) (00)   ;(00000000000000000000000000000000) (0) (0) (00)   ;(00000000000000000000000000000000) (0) (0) (00)   ;(00000000000000000000000000000000) (0) (0) (00)   ;(00000000000000000000000000000000) (0) (0) (00)   ;
;256;(00000000000000000000000000000000) (0) (0) (00)    ;(00000000000000000000000000000000) (0) (0) (00)   ;(00000000000000000000000000000000) (0) (0) (00)   ;(00000000000000000000000000000000) (0) (0) (00)   ;(00000000000000000000000000000000) (0) (0) (00)   ;(00000000000000000000000000000000) (0) (0) (00)   ;(00000000000000000000000000000000) (0) (0) (00)   ;(00000000000000000000000000000000) (0) (0) (00)   ;
;264;(00000000000000000000000000000000) (0) (0) (00)    ;(00000000000000000000000000000000) (0) (0) (00)   ;(00000000000000000000000000000000) (0) (0) (00)   ;(00000000000000000000000000000000) (0) (0) (00)   ;(00000000000000000000000000000000) (0) (0) (00)   ;(00000000000000000000000000000000) (0) (0) (00)   ;(00000000000000000000000000000000) (0) (0) (00)   ;(00000000000000000000000000000000) (0) (0) (00)   ;
;272;(00000000000000000000000000000000) (0) (0) (00)    ;(00000000000000000000000000000000) (0) (0) (00)   ;(00000000000000000000000000000000) (0) (0) (00)   ;(00000000000000000000000000000000) (0) (0) (00)   ;(00000000000000000000000000000000) (0) (0) (00)   ;(00000000000000000000000000000000) (0) (0) (00)   ;(00000000000000000000000000000000) (0) (0) (00)   ;(00000000000000000000000000000000) (0) (0) (00)   ;
;280;(00000000000000000000000000000000) (0) (0) (00)    ;(00000000000000000000000000000000) (0) (0) (00)   ;(00000000000000000000000000000000) (0) (0) (00)   ;(00000000000000000000000000000000) (0) (0) (00)   ;(00000000000000000000000000000000) (0) (0) (00)   ;(00000000000000000000000000000000) (0) (0) (00)   ;(00000000000000000000000000000000) (0) (0) (00)   ;(00000000000000000000000000000000) (0) (0) (00)   ;
;288;(00000000000000000000000000000000) (0) (0) (00)    ;(00000000000000000000000000000000) (0) (0) (00)   ;(00000000000000000000000000000000) (0) (0) (00)   ;(00000000000000000000000000000000) (0) (0) (00)   ;(00000000000000000000000000000000) (0) (0) (00)   ;(00000000000000000000000000000000) (0) (0) (00)   ;(00000000000000000000000000000000) (0) (0) (00)   ;(00000000000000000000000000000000) (0) (0) (00)   ;
;296;(00000000000000000000000000000000) (0) (0) (00)    ;(00000000000000000000000000000000) (0) (0) (00)   ;(00000000000000000000000000000000) (0) (0) (00)   ;(00000000000000000000000000000000) (0) (0) (00)   ;(00000000000000000000000000000000) (0) (0) (00)   ;(00000000000000000000000000000000) (0) (0) (00)   ;(00000000000000000000000000000000) (0) (0) (00)   ;(00000000000000000000000000000000) (0) (0) (00)   ;
;304;(00000000000000000000000000000000) (0) (0) (00)    ;(00000000000000000000000000000000) (0) (0) (00)   ;(00000000000000000000000000000000) (0) (0) (00)   ;(00000000000000000000000000000000) (0) (0) (00)   ;(00000000000000000000000000000000) (0) (0) (00)   ;(00000000000000000000000000000000) (0) (0) (00)   ;(00000000000000000000000000000000) (0) (0) (00)   ;(00000000000000000000000000000000) (0) (0) (00)   ;
;312;(00000000000000000000000000000000) (0) (0) (00)    ;(00000000000000000000000000000000) (0) (0) (00)   ;(00000000000000000000000000000000) (0) (0) (00)   ;(00000000000000000000000000000000) (0) (0) (00)   ;(00000000000000000000000000000000) (0) (0) (00)   ;(00000000000000000000000000000000) (0) (0) (00)   ;(00000000000000000000000000000000) (0) (0) (00)   ;(00000000000000000000000000000000) (0) (0) (00)   ;
;320;(00000000000000000000000000000000) (0) (0) (00)    ;(00000000000000000000000000000000) (0) (0) (00)   ;(00000000000000000000000000000000) (0) (0) (00)   ;(00000000000000000000000000000000) (0) (0) (00)   ;(00000000000000000000000000000000) (0) (0) (00)   ;(00000000000000000000000000000000) (0) (0) (00)   ;(00000000000000000000000000000000) (0) (0) (00)   ;(00000000000000000000000000000000) (0) (0) (00)   ;
;328;(00000000000000000000000000000000) (0) (0) (00)    ;(00000000000000000000000000000000) (0) (0) (00)   ;(00000000000000000000000000000000) (0) (0) (00)   ;(00000000000000000000000000000000) (0) (0) (00)   ;(00000000000000000000000000000000) (0) (0) (00)   ;(00000000000000000000000000000000) (0) (0) (00)   ;(00000000000000000000000000000000) (0) (0) (00)   ;(00000000000000000000000000000000) (0) (0) (00)   ;
;336;(00000000000000000000000000000000) (0) (0) (00)    ;(00000000000000000000000000000000) (0) (0) (00)   ;(00000000000000000000000000000000) (0) (0) (00)   ;(00000000000000000000000000000000) (0) (0) (00)   ;(00000000000000000000000000000000) (0) (0) (00)   ;(00000000000000000000000000000000) (0) (0) (00)   ;(00000000000000000000000000000000) (0) (0) (00)   ;(00000000000000000000000000000000) (0) (0) (00)   ;
;344;(00000000000000000000000000000000) (0) (0) (00)    ;(00000000000000000000000000000000) (0) (0) (00)   ;(00000000000000000000000000000000) (0) (0) (00)   ;(00000000000000000000000000000000) (0) (0) (00)   ;(00000000000000000000000000000000) (0) (0) (00)   ;(00000000000000000000000000000000) (0) (0) (00)   ;(00000000000000000000000000000000) (0) (0) (00)   ;(00000000000000000000000000000000) (0) (0) (00)   ;
;352;(00000000000000000000000000000000) (0) (0) (00)    ;(00000000000000000000000000000000) (0) (0) (00)   ;(00000000000000000000000000000000) (0) (0) (00)   ;(00000000000000000000000000000000) (0) (0) (00)   ;(00000000000000000000000000000000) (0) (0) (00)   ;(00000000000000000000000000000000) (0) (0) (00)   ;(00000000000000000000000000000000) (0) (0) (00)   ;(00000000000000000000000000000000) (0) (0) (00)   ;
;360;(00000000000000000000000000000000) (0) (0) (00)    ;(00000000000000000000000000000000) (0) (0) (00)   ;(00000000000000000000000000000000) (0) (0) (00)   ;(00000000000000000000000000000000) (0) (0) (00)   ;(00000000000000000000000000000000) (0) (0) (00)   ;(00000000000000000000000000000000) (0) (0) (00)   ;(00000000000000000000000000000000) (0) (0) (00)   ;(00000000000000000000000000000000) (0) (0) (00)   ;
;368;(00000000000000000000000000000000) (0) (0) (00)    ;(00000000000000000000000000000000) (0) (0) (00)   ;(00000000000000000000000000000000) (0) (0) (00)   ;(00000000000000000000000000000000) (0) (0) (00)   ;(00000000000000000000000000000000) (0) (0) (00)   ;(00000000000000000000000000000000) (0) (0) (00)   ;(00000000000000000000000000000000) (0) (0) (00)   ;(00000000000000000000000000000000) (0) (0) (00)   ;
;376;(00000000000000000000000000000000) (0) (0) (00)    ;(00000000000000000000000000000000) (0) (0) (00)   ;(00000000000000000000000000000000) (0) (0) (00)   ;(00000000000000000000000000000000) (0) (0) (00)   ;(00000000000000000000000000000000) (0) (0) (00)   ;(00000000000000000000000000000000) (0) (0) (00)   ;(00000000000000000000000000000000) (0) (0) (00)   ;(00000000000000000000000000000000) (0) (0) (00)   ;
;384;(00000000000000000000000000000000) (0) (0) (00)    ;(00000000000000000000000000000000) (0) (0) (00)   ;(00000000000000000000000000000000) (0) (0) (00)   ;(00000000000000000000000000000000) (0) (0) (00)   ;(00000000000000000000000000000000) (0) (0) (00)   ;(00000000000000000000000000000000) (0) (0) (00)   ;(00000000000000000000000000000000) (0) (0) (00)   ;(00000000000000000000000000000000) (0) (0) (00)   ;
;392;(00000000000000000000000000000000) (0) (0) (00)    ;(00000000000000000000000000000000) (0) (0) (00)   ;(00000000000000000000000000000000) (0) (0) (00)   ;(00000000000000000000000000000000) (0) (0) (00)   ;(00000000000000000000000000000000) (0) (0) (00)   ;(00000000000000000000000000000000) (0) (0) (00)   ;(00000000000000000000000000000000) (0) (0) (00)   ;(00000000000000000000000000000000) (0) (0) (00)   ;
;400;(00000000000000000000000000000000) (0) (0) (00)    ;(00000000000000000000000000000000) (0) (0) (00)   ;(00000000000000000000000000000000) (0) (0) (00)   ;(00000000000000000000000000000000) (0) (0) (00)   ;(00000000000000000000000000000000) (0) (0) (00)   ;(00000000000000000000000000000000) (0) (0) (00)   ;(00000000000000000000000000000000) (0) (0) (00)   ;(00000000000000000000000000000000) (0) (0) (00)   ;
;408;(00000000000000000000000000000000) (0) (0) (00)    ;(00000000000000000000000000000000) (0) (0) (00)   ;(00000000000000000000000000000000) (0) (0) (00)   ;(00000000000000000000000000000000) (0) (0) (00)   ;(00000000000000000000000000000000) (0) (0) (00)   ;(00000000000000000000000000000000) (0) (0) (00)   ;(00000000000000000000000000000000) (0) (0) (00)   ;(00000000000000000000000000000000) (0) (0) (00)   ;
;416;(00000000000000000000000000000000) (0) (0) (00)    ;(00000000000000000000000000000000) (0) (0) (00)   ;(00000000000000000000000000000000) (0) (0) (00)   ;(00000000000000000000000000000000) (0) (0) (00)   ;(00000000000000000000000000000000) (0) (0) (00)   ;(00000000000000000000000000000000) (0) (0) (00)   ;(00000000000000000000000000000000) (0) (0) (00)   ;(00000000000000000000000000000000) (0) (0) (00)   ;
;424;(00000000000000000000000000000000) (0) (0) (00)    ;(00000000000000000000000000000000) (0) (0) (00)   ;(00000000000000000000000000000000) (0) (0) (00)   ;(00000000000000000000000000000000) (0) (0) (00)   ;(00000000000000000000000000000000) (0) (0) (00)   ;(00000000000000000000000000000000) (0) (0) (00)   ;(00000000000000000000000000000000) (0) (0) (00)   ;(00000000000000000000000000000000) (0) (0) (00)   ;
;432;(00000000000000000000000000000000) (0) (0) (00)    ;(00000000000000000000000000000000) (0) (0) (00)   ;(00000000000000000000000000000000) (0) (0) (00)   ;(00000000000000000000000000000000) (0) (0) (00)   ;(00000000000000000000000000000000) (0) (0) (00)   ;(00000000000000000000000000000000) (0) (0) (00)   ;(00000000000000000000000000000000) (0) (0) (00)   ;(00000000000000000000000000000000) (0) (0) (00)   ;
;440;(00000000000000000000000000000000) (0) (0) (00)    ;(00000000000000000000000000000000) (0) (0) (00)   ;(00000000000000000000000000000000) (0) (0) (00)   ;(00000000000000000000000000000000) (0) (0) (00)   ;(00000000000000000000000000000000) (0) (0) (00)   ;(00000000000000000000000000000000) (0) (0) (00)   ;(00000000000000000000000000000000) (0) (0) (00)   ;(00000000000000000000000000000000) (0) (0) (00)   ;
;448;(00000000000000000000000000000000) (0) (0) (00)    ;(00000000000000000000000000000000) (0) (0) (00)   ;(00000000000000000000000000000000) (0) (0) (00)   ;(00000000000000000000000000000000) (0) (0) (00)   ;(00000000000000000000000000000000) (0) (0) (00)   ;(00000000000000000000000000000000) (0) (0) (00)   ;(00000000000000000000000000000000) (0) (0) (00)   ;(00000000000000000000000000000000) (0) (0) (00)   ;
;456;(00000000000000000000000000000000) (0) (0) (00)    ;(00000000000000000000000000000000) (0) (0) (00)   ;(00000000000000000000000000000000) (0) (0) (00)   ;(00000000000000000000000000000000) (0) (0) (00)   ;(00000000000000000000000000000000) (0) (0) (00)   ;(00000000000000000000000000000000) (0) (0) (00)   ;(00000000000000000000000000000000) (0) (0) (00)   ;(00000000000000000000000000000000) (0) (0) (00)   ;
;464;(00000000000000000000000000000000) (0) (0) (00)    ;(00000000000000000000000000000000) (0) (0) (00)   ;(00000000000000000000000000000000) (0) (0) (00)   ;(00000000000000000000000000000000) (0) (0) (00)   ;(00000000000000000000000000000000) (0) (0) (00)   ;(00000000000000000000000000000000) (0) (0) (00)   ;(00000000000000000000000000000000) (0) (0) (00)   ;(00000000000000000000000000000000) (0) (0) (00)   ;
;472;(00000000000000000000000000000000) (0) (0) (00)    ;(00000000000000000000000000000000) (0) (0) (00)   ;(00000000000000000000000000000000) (0) (0) (00)   ;(00000000000000000000000000000000) (0) (0) (00)   ;(00000000000000000000000000000000) (0) (0) (00)   ;(00000000000000000000000000000000) (0) (0) (00)   ;(00000000000000000000000000000000) (0) (0) (00)   ;(00000000000000000000000000000000) (0) (0) (00)   ;
;480;(00000000000000000000000000000000) (0) (0) (00)    ;(00000000000000000000000000000000) (0) (0) (00)   ;(00000000000000000000000000000000) (0) (0) (00)   ;(00000000000000000000000000000000) (0) (0) (00)   ;(00000000000000000000000000000000) (0) (0) (00)   ;(00000000000000000000000000000000) (0) (0) (00)   ;(00000000000000000000000000000000) (0) (0) (00)   ;(00000000000000000000000000000000) (0) (0) (00)   ;
;488;(00000000000000000000000000000000) (0) (0) (00)    ;(00000000000000000000000000000000) (0) (0) (00)   ;(00000000000000000000000000000000) (0) (0) (00)   ;(00000000000000000000000000000000) (0) (0) (00)   ;(00000000000000000000000000000000) (0) (0) (00)   ;(00000000000000000000000000000000) (0) (0) (00)   ;(00000000000000000000000000000000) (0) (0) (00)   ;(00000000000000000000000000000000) (0) (0) (00)   ;
;496;(00000000000000000000000000000000) (0) (0) (00)    ;(00000000000000000000000000000000) (0) (0) (00)   ;(00000000000000000000000000000000) (0) (0) (00)   ;(00000000000000000000000000000000) (0) (0) (00)   ;(00000000000000000000000000000000) (0) (0) (00)   ;(00000000000000000000000000000000) (0) (0) (00)   ;(00000000000000000000000000000000) (0) (0) (00)   ;(00000000000000000000000000000000) (0) (0) (00)   ;
;504;(00000000000000000000000000000000) (0) (0) (00)    ;(00000000000000000000000000000000) (0) (0) (00)   ;(00000000000000000000000000000000) (0) (0) (00)   ;(00000000000000000000000000000000) (0) (0) (00)   ;(00000000000000000000000000000000) (0) (0) (00)   ;(00000000000000000000000000000000) (0) (0) (00)   ;(00000000000000000000000000000000) (0) (0) (00)   ;(00000000000000000000000000000000) (0) (0) (00)   ;
;512;(00000000000000000000000000000000) (0) (0) (00)    ;(00000000000000000000000000000000) (0) (0) (00)   ;(00000000000000000000000000000000) (0) (0) (00)   ;(00000000000000000000000000000000) (0) (0) (00)   ;(00000000000000000000000000000000) (0) (0) (00)   ;(00000000000000000000000000000000) (0) (0) (00)   ;(00000000000000000000000000000000) (0) (0) (00)   ;(00000000000000000000000000000000) (0) (0) (00)   ;
;520;(00000000000000000000000000000000) (0) (0) (00)    ;(00000000000000000000000000000000) (0) (0) (00)   ;(00000000000000000000000000000000) (0) (0) (00)   ;(00000000000000000000000000000000) (0) (0) (00)   ;(00000000000000000000000000000000) (0) (0) (00)   ;(00000000000000000000000000000000) (0) (0) (00)   ;(00000000000000000000000000000000) (0) (0) (00)   ;(00000000000000000000000000000000) (0) (0) (00)   ;
;528;(00000000000000000000000000000000) (0) (0) (00)    ;(00000000000000000000000000000000) (0) (0) (00)   ;(00000000000000000000000000000000) (0) (0) (00)   ;(00000000000000000000000000000000) (0) (0) (00)   ;(00000000000000000000000000000000) (0) (0) (00)   ;(00000000000000000000000000000000) (0) (0) (00)   ;(00000000000000000000000000000000) (0) (0) (00)   ;(00000000000000000000000000000000) (0) (0) (00)   ;
;536;(00000000000000000000000000000000) (0) (0) (00)    ;(00000000000000000000000000000000) (0) (0) (00)   ;(00000000000000000000000000000000) (0) (0) (00)   ;(00000000000000000000000000000000) (0) (0) (00)   ;(00000000000000000000000000000000) (0) (0) (00)   ;(00000000000000000000000000000000) (0) (0) (00)   ;(00000000000000000000000000000000) (0) (0) (00)   ;(00000000000000000000000000000000) (0) (0) (00)   ;
;544;(00000000000000000000000000000000) (0) (0) (00)    ;(00000000000000000000000000000000) (0) (0) (00)   ;(00000000000000000000000000000000) (0) (0) (00)   ;(00000000000000000000000000000000) (0) (0) (00)   ;(00000000000000000000000000000000) (0) (0) (00)   ;(00000000000000000000000000000000) (0) (0) (00)   ;(00000000000000000000000000000000) (0) (0) (00)   ;(00000000000000000000000000000000) (0) (0) (00)   ;
;552;(00000000000000000000000000000000) (0) (0) (00)    ;(00000000000000000000000000000000) (0) (0) (00)   ;(00000000000000000000000000000000) (0) (0) (00)   ;(00000000000000000000000000000000) (0) (0) (00)   ;(00000000000000000000000000000000) (0) (0) (00)   ;(00000000000000000000000000000000) (0) (0) (00)   ;(00000000000000000000000000000000) (0) (0) (00)   ;(00000000000000000000000000000000) (0) (0) (00)   ;
;560;(00000000000000000000000000000000) (0) (0) (00)    ;(00000000000000000000000000000000) (0) (0) (00)   ;(00000000000000000000000000000000) (0) (0) (00)   ;(00000000000000000000000000000000) (0) (0) (00)   ;(00000000000000000000000000000000) (0) (0) (00)   ;(00000000000000000000000000000000) (0) (0) (00)   ;(00000000000000000000000000000000) (0) (0) (00)   ;(00000000000000000000000000000000) (0) (0) (00)   ;
;568;(00000000000000000000000000000000) (0) (0) (00)    ;(00000000000000000000000000000000) (0) (0) (00)   ;(00000000000000000000000000000000) (0) (0) (00)   ;(00000000000000000000000000000000) (0) (0) (00)   ;(00000000000000000000000000000000) (0) (0) (00)   ;(00000000000000000000000000000000) (0) (0) (00)   ;(00000000000000000000000000000000) (0) (0) (00)   ;(00000000000000000000000000000000) (0) (0) (00)   ;
;576;(00000000000000000000000000000000) (0) (0) (00)    ;(00000000000000000000000000000000) (0) (0) (00)   ;(00000000000000000000000000000000) (0) (0) (00)   ;(00000000000000000000000000000000) (0) (0) (00)   ;(00000000000000000000000000000000) (0) (0) (00)   ;(00000000000000000000000000000000) (0) (0) (00)   ;(00000000000000000000000000000000) (0) (0) (00)   ;(00000000000000000000000000000000) (0) (0) (00)   ;
;584;(00000000000000000000000000000000) (0) (0) (00)    ;(00000000000000000000000000000000) (0) (0) (00)   ;(00000000000000000000000000000000) (0) (0) (00)   ;(00000000000000000000000000000000) (0) (0) (00)   ;(00000000000000000000000000000000) (0) (0) (00)   ;(00000000000000000000000000000000) (0) (0) (00)   ;(00000000000000000000000000000000) (0) (0) (00)   ;(00000000000000000000000000000000) (0) (0) (00)   ;
;592;(00000000000000000000000000000000) (0) (0) (00)    ;(00000000000000000000000000000000) (0) (0) (00)   ;(00000000000000000000000000000000) (0) (0) (00)   ;(00000000000000000000000000000000) (0) (0) (00)   ;(00000000000000000000000000000000) (0) (0) (00)   ;(00000000000000000000000000000000) (0) (0) (00)   ;(00000000000000000000000000000000) (0) (0) (00)   ;(00000000000000000000000000000000) (0) (0) (00)   ;
;600;(00000000000000000000000000000000) (0) (0) (00)    ;(00000000000000000000000000000000) (0) (0) (00)   ;(00000000000000000000000000000000) (0) (0) (00)   ;(00000000000000000000000000000000) (0) (0) (00)   ;(00000000000000000000000000000000) (0) (0) (00)   ;(00000000000000000000000000000000) (0) (0) (00)   ;(00000000000000000000000000000000) (0) (0) (00)   ;(00000000000000000000000000000000) (0) (0) (00)   ;
;608;(00000000000000000000000000000000) (0) (0) (00)    ;(00000000000000000000000000000000) (0) (0) (00)   ;(00000000000000000000000000000000) (0) (0) (00)   ;(00000000000000000000000000000000) (0) (0) (00)   ;(00000000000000000000000000000000) (0) (0) (00)   ;(00000000000000000000000000000000) (0) (0) (00)   ;(00000000000000000000000000000000) (0) (0) (00)   ;(00000000000000000000000000000000) (0) (0) (00)   ;
;616;(00000000000000000000000000000000) (0) (0) (00)    ;(00000000000000000000000000000000) (0) (0) (00)   ;(00000000000000000000000000000000) (0) (0) (00)   ;(00000000000000000000000000000000) (0) (0) (00)   ;(00000000000000000000000000000000) (0) (0) (00)   ;(00000000000000000000000000000000) (0) (0) (00)   ;(00000000000000000000000000000000) (0) (0) (00)   ;(00000000000000000000000000000000) (0) (0) (00)   ;
;624;(00000000000000000000000000000000) (0) (0) (00)    ;(00000000000000000000000000000000) (0) (0) (00)   ;(00000000000000000000000000000000) (0) (0) (00)   ;(00000000000000000000000000000000) (0) (0) (00)   ;(00000000000000000000000000000000) (0) (0) (00)   ;(00000000000000000000000000000000) (0) (0) (00)   ;(00000000000000000000000000000000) (0) (0) (00)   ;(00000000000000000000000000000000) (0) (0) (00)   ;
;632;(00000000000000000000000000000000) (0) (0) (00)    ;(00000000000000000000000000000000) (0) (0) (00)   ;(00000000000000000000000000000000) (0) (0) (00)   ;(00000000000000000000000000000000) (0) (0) (00)   ;(00000000000000000000000000000000) (0) (0) (00)   ;(00000000000000000000000000000000) (0) (0) (00)   ;(00000000000000000000000000000000) (0) (0) (00)   ;(00000000000000000000000000000000) (0) (0) (00)   ;
;640;(00000000000000000000000000000000) (0) (0) (00)    ;(00000000000000000000000000000000) (0) (0) (00)   ;(00000000000000000000000000000000) (0) (0) (00)   ;(00000000000000000000000000000000) (0) (0) (00)   ;(00000000000000000000000000000000) (0) (0) (00)   ;(00000000000000000000000000000000) (0) (0) (00)   ;(00000000000000000000000000000000) (0) (0) (00)   ;(00000000000000000000000000000000) (0) (0) (00)   ;
;648;(00000000000000000000000000000000) (0) (0) (00)    ;(00000000000000000000000000000000) (0) (0) (00)   ;(00000000000000000000000000000000) (0) (0) (00)   ;(00000000000000000000000000000000) (0) (0) (00)   ;(00000000000000000000000000000000) (0) (0) (00)   ;(00000000000000000000000000000000) (0) (0) (00)   ;(00000000000000000000000000000000) (0) (0) (00)   ;(00000000000000000000000000000000) (0) (0) (00)   ;
;656;(00000000000000000000000000000000) (0) (0) (00)    ;(00000000000000000000000000000000) (0) (0) (00)   ;(00000000000000000000000000000000) (0) (0) (00)   ;(00000000000000000000000000000000) (0) (0) (00)   ;(00000000000000000000000000000000) (0) (0) (00)   ;(00000000000000000000000000000000) (0) (0) (00)   ;(00000000000000000000000000000000) (0) (0) (00)   ;(00000000000000000000000000000000) (0) (0) (00)   ;
;664;(00000000000000000000000000000000) (0) (0) (00)    ;(00000000000000000000000000000000) (0) (0) (00)   ;(00000000000000000000000000000000) (0) (0) (00)   ;(00000000000000000000000000000000) (0) (0) (00)   ;(00000000000000000000000000000000) (0) (0) (00)   ;(00000000000000000000000000000000) (0) (0) (00)   ;(00000000000000000000000000000000) (0) (0) (00)   ;(00000000000000000000000000000000) (0) (0) (00)   ;
;672;(00000000000000000000000000000000) (0) (0) (00)    ;(00000000000000000000000000000000) (0) (0) (00)   ;(00000000000000000000000000000000) (0) (0) (00)   ;(00000000000000000000000000000000) (0) (0) (00)   ;(00000000000000000000000000000000) (0) (0) (00)   ;(00000000000000000000000000000000) (0) (0) (00)   ;(00000000000000000000000000000000) (0) (0) (00)   ;(00000000000000000000000000000000) (0) (0) (00)   ;
;680;(00000000000000000000000000000000) (0) (0) (00)    ;(00000000000000000000000000000000) (0) (0) (00)   ;(00000000000000000000000000000000) (0) (0) (00)   ;(00000000000000000000000000000000) (0) (0) (00)   ;(00000000000000000000000000000000) (0) (0) (00)   ;(00000000000000000000000000000000) (0) (0) (00)   ;(00000000000000000000000000000000) (0) (0) (00)   ;(00000000000000000000000000000000) (0) (0) (00)   ;
;688;(00000000000000000000000000000000) (0) (0) (00)    ;(00000000000000000000000000000000) (0) (0) (00)   ;(00000000000000000000000000000000) (0) (0) (00)   ;(00000000000000000000000000000000) (0) (0) (00)   ;(00000000000000000000000000000000) (0) (0) (00)   ;(00000000000000000000000000000000) (0) (0) (00)   ;(00000000000000000000000000000000) (0) (0) (00)   ;(00000000000000000000000000000000) (0) (0) (00)   ;
;696;(00000000000000000000000000000000) (0) (0) (00)    ;(00000000000000000000000000000000) (0) (0) (00)   ;(00000000000000000000000000000000) (0) (0) (00)   ;(00000000000000000000000000000000) (0) (0) (00)   ;(00000000000000000000000000000000) (0) (0) (00)   ;(00000000000000000000000000000000) (0) (0) (00)   ;(00000000000000000000000000000000) (0) (0) (00)   ;(00000000000000000000000000000000) (0) (0) (00)   ;
;704;(00000000000000000000000000000000) (0) (0) (00)    ;(00000000000000000000000000000000) (0) (0) (00)   ;(00000000000000000000000000000000) (0) (0) (00)   ;(00000000000000000000000000000000) (0) (0) (00)   ;(00000000000000000000000000000000) (0) (0) (00)   ;(00000000000000000000000000000000) (0) (0) (00)   ;(00000000000000000000000000000000) (0) (0) (00)   ;(00000000000000000000000000000000) (0) (0) (00)   ;
;712;(00000000000000000000000000000000) (0) (0) (00)    ;(00000000000000000000000000000000) (0) (0) (00)   ;(00000000000000000000000000000000) (0) (0) (00)   ;(00000000000000000000000000000000) (0) (0) (00)   ;(00000000000000000000000000000000) (0) (0) (00)   ;(00000000000000000000000000000000) (0) (0) (00)   ;(00000000000000000000000000000000) (0) (0) (00)   ;(00000000000000000000000000000000) (0) (0) (00)   ;
;720;(00000000000000000000000000000000) (0) (0) (00)    ;(00000000000000000000000000000000) (0) (0) (00)   ;(00000000000000000000000000000000) (0) (0) (00)   ;(00000000000000000000000000000000) (0) (0) (00)   ;(00000000000000000000000000000000) (0) (0) (00)   ;(00000000000000000000000000000000) (0) (0) (00)   ;(00000000000000000000000000000000) (0) (0) (00)   ;(00000000000000000000000000000000) (0) (0) (00)   ;
;728;(00000000000000000000000000000000) (0) (0) (00)    ;(00000000000000000000000000000000) (0) (0) (00)   ;(00000000000000000000000000000000) (0) (0) (00)   ;(00000000000000000000000000000000) (0) (0) (00)   ;(00000000000000000000000000000000) (0) (0) (00)   ;(00000000000000000000000000000000) (0) (0) (00)   ;(00000000000000000000000000000000) (0) (0) (00)   ;(00000000000000000000000000000000) (0) (0) (00)   ;
;736;(00000000000000000000000000000000) (0) (0) (00)    ;(00000000000000000000000000000000) (0) (0) (00)   ;(00000000000000000000000000000000) (0) (0) (00)   ;(00000000000000000000000000000000) (0) (0) (00)   ;(00000000000000000000000000000000) (0) (0) (00)   ;(00000000000000000000000000000000) (0) (0) (00)   ;(00000000000000000000000000000000) (0) (0) (00)   ;(00000000000000000000000000000000) (0) (0) (00)   ;
;744;(00000000000000000000000000000000) (0) (0) (00)    ;(00000000000000000000000000000000) (0) (0) (00)   ;(00000000000000000000000000000000) (0) (0) (00)   ;(00000000000000000000000000000000) (0) (0) (00)   ;(00000000000000000000000000000000) (0) (0) (00)   ;(00000000000000000000000000000000) (0) (0) (00)   ;(00000000000000000000000000000000) (0) (0) (00)   ;(00000000000000000000000000000000) (0) (0) (00)   ;
;752;(00000000000000000000000000000000) (0) (0) (00)    ;(00000000000000000000000000000000) (0) (0) (00)   ;(00000000000000000000000000000000) (0) (0) (00)   ;(00000000000000000000000000000000) (0) (0) (00)   ;(00000000000000000000000000000000) (0) (0) (00)   ;(00000000000000000000000000000000) (0) (0) (00)   ;(00000000000000000000000000000000) (0) (0) (00)   ;(00000000000000000000000000000000) (0) (0) (00)   ;
;760;(00000000000000000000000000000000) (0) (0) (00)    ;(00000000000000000000000000000000) (0) (0) (00)   ;(00000000000000000000000000000000) (0) (0) (00)   ;(00000000000000000000000000000000) (0) (0) (00)   ;(00000000000000000000000000000000) (0) (0) (00)   ;(00000000000000000000000000000000) (0) (0) (00)   ;(00000000000000000000000000000000) (0) (0) (00)   ;(00000000000000000000000000000000) (0) (0) (00)   ;
;768;(00000000000000000000000000000000) (0) (0) (00)    ;(00000000000000000000000000000000) (0) (0) (00)   ;(00000000000000000000000000000000) (0) (0) (00)   ;(00000000000000000000000000000000) (0) (0) (00)   ;(00000000000000000000000000000000) (0) (0) (00)   ;(00000000000000000000000000000000) (0) (0) (00)   ;(00000000000000000000000000000000) (0) (0) (00)   ;(00000000000000000000000000000000) (0) (0) (00)   ;
;776;(00000000000000000000000000000000) (0) (0) (00)    ;(00000000000000000000000000000000) (0) (0) (00)   ;(00000000000000000000000000000000) (0) (0) (00)   ;(00000000000000000000000000000000) (0) (0) (00)   ;(00000000000000000000000000000000) (0) (0) (00)   ;(00000000000000000000000000000000) (0) (0) (00)   ;(00000000000000000000000000000000) (0) (0) (00)   ;(00000000000000000000000000000000) (0) (0) (00)   ;
;784;(00000000000000000000000000000000) (0) (0) (00)    ;(00000000000000000000000000000000) (0) (0) (00)   ;(00000000000000000000000000000000) (0) (0) (00)   ;(00000000000000000000000000000000) (0) (0) (00)   ;(00000000000000000000000000000000) (0) (0) (00)   ;(00000000000000000000000000000000) (0) (0) (00)   ;(00000000000000000000000000000000) (0) (0) (00)   ;(00000000000000000000000000000000) (0) (0) (00)   ;
;792;(00000000000000000000000000000000) (0) (0) (00)    ;(00000000000000000000000000000000) (0) (0) (00)   ;(00000000000000000000000000000000) (0) (0) (00)   ;(00000000000000000000000000000000) (0) (0) (00)   ;(00000000000000000000000000000000) (0) (0) (00)   ;(00000000000000000000000000000000) (0) (0) (00)   ;(00000000000000000000000000000000) (0) (0) (00)   ;(00000000000000000000000000000000) (0) (0) (00)   ;
;800;(00000000000000000000000000000000) (0) (0) (00)    ;(00000000000000000000000000000000) (0) (0) (00)   ;(00000000000000000000000000000000) (0) (0) (00)   ;(00000000000000000000000000000000) (0) (0) (00)   ;(00000000000000000000000000000000) (0) (0) (00)   ;(00000000000000000000000000000000) (0) (0) (00)   ;(00000000000000000000000000000000) (0) (0) (00)   ;(00000000000000000000000000000000) (0) (0) (00)   ;
;808;(00000000000000000000000000000000) (0) (0) (00)    ;(00000000000000000000000000000000) (0) (0) (00)   ;(00000000000000000000000000000000) (0) (0) (00)   ;(00000000000000000000000000000000) (0) (0) (00)   ;(00000000000000000000000000000000) (0) (0) (00)   ;(00000000000000000000000000000000) (0) (0) (00)   ;(00000000000000000000000000000000) (0) (0) (00)   ;(00000000000000000000000000000000) (0) (0) (00)   ;
;816;(00000000000000000000000000000000) (0) (0) (00)    ;(00000000000000000000000000000000) (0) (0) (00)   ;(00000000000000000000000000000000) (0) (0) (00)   ;(00000000000000000000000000000000) (0) (0) (00)   ;(00000000000000000000000000000000) (0) (0) (00)   ;(00000000000000000000000000000000) (0) (0) (00)   ;(00000000000000000000000000000000) (0) (0) (00)   ;(00000000000000000000000000000000) (0) (0) (00)   ;
;824;(00000000000000000000000000000000) (0) (0) (00)    ;(00000000000000000000000000000000) (0) (0) (00)   ;(00000000000000000000000000000000) (0) (0) (00)   ;(00000000000000000000000000000000) (0) (0) (00)   ;(00000000000000000000000000000000) (0) (0) (00)   ;(00000000000000000000000000000000) (0) (0) (00)   ;(00000000000000000000000000000000) (0) (0) (00)   ;(00000000000000000000000000000000) (0) (0) (00)   ;
;832;(00000000000000000000000000000000) (0) (0) (00)    ;(00000000000000000000000000000000) (0) (0) (00)   ;(00000000000000000000000000000000) (0) (0) (00)   ;(00000000000000000000000000000000) (0) (0) (00)   ;(00000000000000000000000000000000) (0) (0) (00)   ;(00000000000000000000000000000000) (0) (0) (00)   ;(00000000000000000000000000000000) (0) (0) (00)   ;(00000000000000000000000000000000) (0) (0) (00)   ;
;840;(00000000000000000000000000000000) (0) (0) (00)    ;(00000000000000000000000000000000) (0) (0) (00)   ;(00000000000000000000000000000000) (0) (0) (00)   ;(00000000000000000000000000000000) (0) (0) (00)   ;(00000000000000000000000000000000) (0) (0) (00)   ;(00000000000000000000000000000000) (0) (0) (00)   ;(00000000000000000000000000000000) (0) (0) (00)   ;(00000000000000000000000000000000) (0) (0) (00)   ;
;848;(00000000000000000000000000000000) (0) (0) (00)    ;(00000000000000000000000000000000) (0) (0) (00)   ;(00000000000000000000000000000000) (0) (0) (00)   ;(00000000000000000000000000000000) (0) (0) (00)   ;(00000000000000000000000000000000) (0) (0) (00)   ;(00000000000000000000000000000000) (0) (0) (00)   ;(00000000000000000000000000000000) (0) (0) (00)   ;(00000000000000000000000000000000) (0) (0) (00)   ;
;856;(00000000000000000000000000000000) (0) (0) (00)    ;(00000000000000000000000000000000) (0) (0) (00)   ;(00000000000000000000000000000000) (0) (0) (00)   ;(00000000000000000000000000000000) (0) (0) (00)   ;(00000000000000000000000000000000) (0) (0) (00)   ;(00000000000000000000000000000000) (0) (0) (00)   ;(00000000000000000000000000000000) (0) (0) (00)   ;(00000000000000000000000000000000) (0) (0) (00)   ;
;864;(00000000000000000000000000000000) (0) (0) (00)    ;(00000000000000000000000000000000) (0) (0) (00)   ;(00000000000000000000000000000000) (0) (0) (00)   ;(00000000000000000000000000000000) (0) (0) (00)   ;(00000000000000000000000000000000) (0) (0) (00)   ;(00000000000000000000000000000000) (0) (0) (00)   ;(00000000000000000000000000000000) (0) (0) (00)   ;(00000000000000000000000000000000) (0) (0) (00)   ;
;872;(00000000000000000000000000000000) (0) (0) (00)    ;(00000000000000000000000000000000) (0) (0) (00)   ;(00000000000000000000000000000000) (0) (0) (00)   ;(00000000000000000000000000000000) (0) (0) (00)   ;(00000000000000000000000000000000) (0) (0) (00)   ;(00000000000000000000000000000000) (0) (0) (00)   ;(00000000000000000000000000000000) (0) (0) (00)   ;(00000000000000000000000000000000) (0) (0) (00)   ;
;880;(00000000000000000000000000000000) (0) (0) (00)    ;(00000000000000000000000000000000) (0) (0) (00)   ;(00000000000000000000000000000000) (0) (0) (00)   ;(00000000000000000000000000000000) (0) (0) (00)   ;(00000000000000000000000000000000) (0) (0) (00)   ;(00000000000000000000000000000000) (0) (0) (00)   ;(00000000000000000000000000000000) (0) (0) (00)   ;(00000000000000000000000000000000) (0) (0) (00)   ;
;888;(00000000000000000000000000000000) (0) (0) (00)    ;(00000000000000000000000000000000) (0) (0) (00)   ;(00000000000000000000000000000000) (0) (0) (00)   ;(00000000000000000000000000000000) (0) (0) (00)   ;(00000000000000000000000000000000) (0) (0) (00)   ;(00000000000000000000000000000000) (0) (0) (00)   ;(00000000000000000000000000000000) (0) (0) (00)   ;(00000000000000000000000000000000) (0) (0) (00)   ;
;896;(00000000000000000000000000000000) (0) (0) (00)    ;(00000000000000000000000000000000) (0) (0) (00)   ;(00000000000000000000000000000000) (0) (0) (00)   ;(00000000000000000000000000000000) (0) (0) (00)   ;(00000000000000000000000000000000) (0) (0) (00)   ;(00000000000000000000000000000000) (0) (0) (00)   ;(00000000000000000000000000000000) (0) (0) (00)   ;(00000000000000000000000000000000) (0) (0) (00)   ;
;904;(00000000000000000000000000000000) (0) (0) (00)    ;(00000000000000000000000000000000) (0) (0) (00)   ;(00000000000000000000000000000000) (0) (0) (00)   ;(00000000000000000000000000000000) (0) (0) (00)   ;(00000000000000000000000000000000) (0) (0) (00)   ;(00000000000000000000000000000000) (0) (0) (00)   ;(00000000000000000000000000000000) (0) (0) (00)   ;(00000000000000000000000000000000) (0) (0) (00)   ;
;912;(00000000000000000000000000000000) (0) (0) (00)    ;(00000000000000000000000000000000) (0) (0) (00)   ;(00000000000000000000000000000000) (0) (0) (00)   ;(00000000000000000000000000000000) (0) (0) (00)   ;(00000000000000000000000000000000) (0) (0) (00)   ;(00000000000000000000000000000000) (0) (0) (00)   ;(00000000000000000000000000000000) (0) (0) (00)   ;(00000000000000000000000000000000) (0) (0) (00)   ;
;920;(00000000000000000000000000000000) (0) (0) (00)    ;(00000000000000000000000000000000) (0) (0) (00)   ;(00000000000000000000000000000000) (0) (0) (00)   ;(00000000000000000000000000000000) (0) (0) (00)   ;(00000000000000000000000000000000) (0) (0) (00)   ;(00000000000000000000000000000000) (0) (0) (00)   ;(00000000000000000000000000000000) (0) (0) (00)   ;(00000000000000000000000000000000) (0) (0) (00)   ;
;928;(00000000000000000000000000000000) (0) (0) (00)    ;(00000000000000000000000000000000) (0) (0) (00)   ;(00000000000000000000000000000000) (0) (0) (00)   ;(00000000000000000000000000000000) (0) (0) (00)   ;(00000000000000000000000000000000) (0) (0) (00)   ;(00000000000000000000000000000000) (0) (0) (00)   ;(00000000000000000000000000000000) (0) (0) (00)   ;(00000000000000000000000000000000) (0) (0) (00)   ;
;936;(00000000000000000000000000000000) (0) (0) (00)    ;(00000000000000000000000000000000) (0) (0) (00)   ;(00000000000000000000000000000000) (0) (0) (00)   ;(00000000000000000000000000000000) (0) (0) (00)   ;(00000000000000000000000000000000) (0) (0) (00)   ;(00000000000000000000000000000000) (0) (0) (00)   ;(00000000000000000000000000000000) (0) (0) (00)   ;(00000000000000000000000000000000) (0) (0) (00)   ;
;944;(00000000000000000000000000000000) (0) (0) (00)    ;(00000000000000000000000000000000) (0) (0) (00)   ;(00000000000000000000000000000000) (0) (0) (00)   ;(00000000000000000000000000000000) (0) (0) (00)   ;(00000000000000000000000000000000) (0) (0) (00)   ;(00000000000000000000000000000000) (0) (0) (00)   ;(00000000000000000000000000000000) (0) (0) (00)   ;(00000000000000000000000000000000) (0) (0) (00)   ;
;952;(00000000000000000000000000000000) (0) (0) (00)    ;(00000000000000000000000000000000) (0) (0) (00)   ;(00000000000000000000000000000000) (0) (0) (00)   ;(00000000000000000000000000000000) (0) (0) (00)   ;(00000000000000000000000000000000) (0) (0) (00)   ;(00000000000000000000000000000000) (0) (0) (00)   ;(00000000000000000000000000000000) (0) (0) (00)   ;(00000000000000000000000000000000) (0) (0) (00)   ;
;960;(00000000000000000000000000000000) (0) (0) (00)    ;(00000000000000000000000000000000) (0) (0) (00)   ;(00000000000000000000000000000000) (0) (0) (00)   ;(00000000000000000000000000000000) (0) (0) (00)   ;(00000000000000000000000000000000) (0) (0) (00)   ;(00000000000000000000000000000000) (0) (0) (00)   ;(00000000000000000000000000000000) (0) (0) (00)   ;(00000000000000000000000000000000) (0) (0) (00)   ;
;968;(00000000000000000000000000000000) (0) (0) (00)    ;(00000000000000000000000000000000) (0) (0) (00)   ;(00000000000000000000000000000000) (0) (0) (00)   ;(00000000000000000000000000000000) (0) (0) (00)   ;(00000000000000000000000000000000) (0) (0) (00)   ;(00000000000000000000000000000000) (0) (0) (00)   ;(00000000000000000000000000000000) (0) (0) (00)   ;(00000000000000000000000000000000) (0) (0) (00)   ;
;976;(00000000000000000000000000000000) (0) (0) (00)    ;(00000000000000000000000000000000) (0) (0) (00)   ;(00000000000000000000000000000000) (0) (0) (00)   ;(00000000000000000000000000000000) (0) (0) (00)   ;(00000000000000000000000000000000) (0) (0) (00)   ;(00000000000000000000000000000000) (0) (0) (00)   ;(00000000000000000000000000000000) (0) (0) (00)   ;(00000000000000000000000000000000) (0) (0) (00)   ;
;984;(00000000000000000000000000000000) (0) (0) (00)    ;(00000000000000000000000000000000) (0) (0) (00)   ;(00000000000000000000000000000000) (0) (0) (00)   ;(00000000000000000000000000000000) (0) (0) (00)   ;(00000000000000000000000000000000) (0) (0) (00)   ;(00000000000000000000000000000000) (0) (0) (00)   ;(00000000000000000000000000000000) (0) (0) (00)   ;(00000000000000000000000000000000) (0) (0) (00)   ;
;992;(00000000000000000000000000000000) (0) (0) (00)    ;(00000000000000000000000000000000) (0) (0) (00)   ;(00000000000000000000000000000000) (0) (0) (00)   ;(00000000000000000000000000000000) (0) (0) (00)   ;(00000000000000000000000000000000) (0) (0) (00)   ;(00000000000000000000000000000000) (0) (0) (00)   ;(00000000000000000000000000000000) (0) (0) (00)   ;(00000000000000000000000000000000) (0) (0) (00)   ;
;1000;(00000000000000000000000000000000) (0) (0) (00)    ;(00000000000000000000000000000000) (0) (0) (00)   ;(00000000000000000000000000000000) (0) (0) (00)   ;(00000000000000000000000000000000) (0) (0) (00)   ;(00000000000000000000000000000000) (0) (0) (00)   ;(00000000000000000000000000000000) (0) (0) (00)   ;(00000000000000000000000000000000) (0) (0) (00)   ;(00000000000000000000000000000000) (0) (0) (00)   ;
;1008;(00000000000000000000000000000000) (0) (0) (00)    ;(00000000000000000000000000000000) (0) (0) (00)   ;(00000000000000000000000000000000) (0) (0) (00)   ;(00000000000000000000000000000000) (0) (0) (00)   ;(00000000000000000000000000000000) (0) (0) (00)   ;(00000000000000000000000000000000) (0) (0) (00)   ;(00000000000000000000000000000000) (0) (0) (00)   ;(00000000000000000000000000000000) (0) (0) (00)   ;
;1016;(00000000000000000000000000000000) (0) (0) (00)    ;(00000000000000000000000000000000) (0) (0) (00)   ;(00000000000000000000000000000000) (0) (0) (00)   ;(00000000000000000000000000000000) (0) (0) (00)   ;(00000000000000000000000000000000) (0) (0) (00)   ;(00000000000000000000000000000000) (0) (0) (00)   ;(00000000000000000000000000000000) (0) (0) (00)   ;(00000000000000000000000000000000) (0) (0) (00)   ;


RAM content values are presented in the following format: (Binary) (Octal) (Decimal) (Hexadecimal) 
+------------------------------------------------------------------------------------------------------------------------------------------------------------------------------------------------------------------------------------------------------------------+
; |DLX|fetch:FETCH|my_ROM:U1|altsyncram:altsyncram_component|altsyncram_8jt3:auto_generated|ALTSYNCRAM                                                                                                                                                             ;
+------------------------------------------------------------------------------------------------------------------------------------------------------------------------------------------------------------------------------------------------------------------+
;   Addr   ;              +0              ;              +1              ;              +2              ;              +3              ;              +4              ;              +5              ;              +6              ;              +7              ;
+----------+------------------------------+------------------------------+------------------------------+------------------------------+------------------------------+------------------------------+------------------------------+------------------------------+
;0;(00010010101000000000000000100100) (-2044967252) (312475684) (12A00024)    ;(00000110110101011011000000000011) (665330003) (114667523) (6D5B003)   ;(11000100000101100000000000000000) (1217534592) (-1005191168) (-3-11-14-100000)   ;(10101100000101010000000000000110) (-225094124) (-1407909882) (-5-3-14-10-15-15-15-10)   ;(00100010101101010000000000000001) (-39767295) (582287361) (22B50001)   ;(10110100000000000000000000000001) (769705871) (-1275068415) (-4-11-15-15-15-15-15-15)   ;(00010010111000000000000000001010) (-2024967284) (316669962) (12E0000A)   ;(11000100000101110000000000000000) (1217734592) (-1005125632) (-3-11-14-90000)   ;
;8;(00010010010000000000000000001101) (-2074967281) (306184205) (1240000D)    ;(11000100000100100000000000000000) (1216534592) (-1005453312) (-3-11-14-140000)   ;(00010010101000000000000000001111) (-2044967279) (312475663) (12A0000F)   ;(00000110110101011011000000101011) (665330053) (114667563) (6D5B02B)   ;(11000100000101100000000000000000) (1217534592) (-1005191168) (-3-11-14-100000)   ;(10101100000101010000000000010000) (-225094112) (-1407909872) (-5-3-14-10-15-15-150)   ;(00100010101101010000000000000001) (-39767295) (582287361) (22B50001)   ;(10110100000000000000000000001011) (769705883) (-1275068405) (-4-11-15-15-15-15-15-5)   ;
;16;(11010100001000000000000000000000) (-1075032704) (-736100352) (-2-11-1400000)    ;(00000100010000000001000000000001) (420010001) (71307265) (4401001)   ;(11000100000101110000000000000000) (1217734592) (-1005125632) (-3-11-14-90000)   ;(11000100000100100000000000000000) (1216534592) (-1005453312) (-3-11-14-140000)   ;(11001000000000010000000000000000) (1812334592) (-939458560) (-3-7-15-150000)   ;(00010010101000000000000000000010) (-2044967294) (312475650) (12A00002)   ;(00000110110101011011000000101000) (665330050) (114667560) (6D5B028)   ;(11000100000101100000000000000000) (1217534592) (-1005191168) (-3-11-14-100000)   ;
;24;(10101100000101010000000000011011) (-225094097) (-1407909861) (-5-3-14-10-15-15-14-5)    ;(00100010101101010000000000000001) (-39767295) (582287361) (22B50001)   ;(10110100000000000000000000010110) (769705896) (-1275068394) (-4-11-15-15-15-15-14-10)   ;(00100000001000010000000000000001) (-284767295) (539033601) (20210001)   ;(10101100000000010000000000100110) (-230094084) (-1409220570) (-5-3-15-14-15-15-13-10)   ;(00010000111000100000000000000000) (2070400000) (283246592) (10E20000)   ;(00010001000000010000000000000000) (2100200000) (285278208) (11010000)   ;(10111100000000000000000000100010) (1769705912) (-1140850654) (-4-3-15-15-15-15-13-14)   ;
;32;(00100000001000010000000000000001) (-284767295) (539033601) (20210001)    ;(10110100000000000000000000011100) (769705904) (-1275068388) (-4-11-15-15-15-15-14-4)   ;(00001100010000100011100000000000) (1420434000) (205666304) (C423800)   ;(00100001000010000000000000000001) (-192967295) (554172417) (21080001)   ;(10110000000010000000000000100010) (371705912) (-1341652958) (-4-15-15-7-15-15-13-14)   ;(10111000000000001111100000000000) (1369879648) (-1207896064) (-4-7-15-150-800)   ;(11001100000000100000000000000000) (-2082432704) (-872284160) (-3-3-15-140000)   ;(00001000010000000001000000000010) (1020010002) (138416130) (8401002)   ;
;40;(11000100000101110000000000000000) (1217734592) (-1005125632) (-3-11-14-90000)    ;(11000100000100100000000000000000) (1216534592) (-1005453312) (-3-11-14-140000)   ;(10110100000000000000000000101010) (769705922) (-1275068374) (-4-11-15-15-15-15-13-6)   ;(00000000000000000000000000000000) (0) (0) (00)   ;(00000000000000000000000000000000) (0) (0) (00)   ;(00000000000000000000000000000000) (0) (0) (00)   ;(00000000000000000000000000000000) (0) (0) (00)   ;(00000000000000000000000000000000) (0) (0) (00)   ;
;48;(00000000000000000000000000000000) (0) (0) (00)    ;(00000000000000000000000000000000) (0) (0) (00)   ;(00000000000000000000000000000000) (0) (0) (00)   ;(00000000000000000000000000000000) (0) (0) (00)   ;(00000000000000000000000000000000) (0) (0) (00)   ;(00000000000000000000000000000000) (0) (0) (00)   ;(00000000000000000000000000000000) (0) (0) (00)   ;(00000000000000000000000000000000) (0) (0) (00)   ;
;56;(00000000000000000000000000000000) (0) (0) (00)    ;(00000000000000000000000000000000) (0) (0) (00)   ;(00000000000000000000000000000000) (0) (0) (00)   ;(00000000000000000000000000000000) (0) (0) (00)   ;(00000000000000000000000000000000) (0) (0) (00)   ;(00000000000000000000000000000000) (0) (0) (00)   ;(00000000000000000000000000000000) (0) (0) (00)   ;(00000000000000000000000000000000) (0) (0) (00)   ;
;64;(00000000000000000000000000000000) (0) (0) (00)    ;(00000000000000000000000000000000) (0) (0) (00)   ;(00000000000000000000000000000000) (0) (0) (00)   ;(00000000000000000000000000000000) (0) (0) (00)   ;(00000000000000000000000000000000) (0) (0) (00)   ;(00000000000000000000000000000000) (0) (0) (00)   ;(00000000000000000000000000000000) (0) (0) (00)   ;(00000000000000000000000000000000) (0) (0) (00)   ;
;72;(00000000000000000000000000000000) (0) (0) (00)    ;(00000000000000000000000000000000) (0) (0) (00)   ;(00000000000000000000000000000000) (0) (0) (00)   ;(00000000000000000000000000000000) (0) (0) (00)   ;(00000000000000000000000000000000) (0) (0) (00)   ;(00000000000000000000000000000000) (0) (0) (00)   ;(00000000000000000000000000000000) (0) (0) (00)   ;(00000000000000000000000000000000) (0) (0) (00)   ;
;80;(00000000000000000000000000000000) (0) (0) (00)    ;(00000000000000000000000000000000) (0) (0) (00)   ;(00000000000000000000000000000000) (0) (0) (00)   ;(00000000000000000000000000000000) (0) (0) (00)   ;(00000000000000000000000000000000) (0) (0) (00)   ;(00000000000000000000000000000000) (0) (0) (00)   ;(00000000000000000000000000000000) (0) (0) (00)   ;(00000000000000000000000000000000) (0) (0) (00)   ;
;88;(00000000000000000000000000000000) (0) (0) (00)    ;(00000000000000000000000000000000) (0) (0) (00)   ;(00000000000000000000000000000000) (0) (0) (00)   ;(00000000000000000000000000000000) (0) (0) (00)   ;(00000000000000000000000000000000) (0) (0) (00)   ;(00000000000000000000000000000000) (0) (0) (00)   ;(00000000000000000000000000000000) (0) (0) (00)   ;(00000000000000000000000000000000) (0) (0) (00)   ;
;96;(00000000000000000000000000000000) (0) (0) (00)    ;(00000000000000000000000000000000) (0) (0) (00)   ;(00000000000000000000000000000000) (0) (0) (00)   ;(00000000000000000000000000000000) (0) (0) (00)   ;(00000000000000000000000000000000) (0) (0) (00)   ;(00000000000000000000000000000000) (0) (0) (00)   ;(00000000000000000000000000000000) (0) (0) (00)   ;(00000000000000000000000000000000) (0) (0) (00)   ;
;104;(00000000000000000000000000000000) (0) (0) (00)    ;(00000000000000000000000000000000) (0) (0) (00)   ;(00000000000000000000000000000000) (0) (0) (00)   ;(00000000000000000000000000000000) (0) (0) (00)   ;(00000000000000000000000000000000) (0) (0) (00)   ;(00000000000000000000000000000000) (0) (0) (00)   ;(00000000000000000000000000000000) (0) (0) (00)   ;(00000000000000000000000000000000) (0) (0) (00)   ;
;112;(00000000000000000000000000000000) (0) (0) (00)    ;(00000000000000000000000000000000) (0) (0) (00)   ;(00000000000000000000000000000000) (0) (0) (00)   ;(00000000000000000000000000000000) (0) (0) (00)   ;(00000000000000000000000000000000) (0) (0) (00)   ;(00000000000000000000000000000000) (0) (0) (00)   ;(00000000000000000000000000000000) (0) (0) (00)   ;(00000000000000000000000000000000) (0) (0) (00)   ;
;120;(00000000000000000000000000000000) (0) (0) (00)    ;(00000000000000000000000000000000) (0) (0) (00)   ;(00000000000000000000000000000000) (0) (0) (00)   ;(00000000000000000000000000000000) (0) (0) (00)   ;(00000000000000000000000000000000) (0) (0) (00)   ;(00000000000000000000000000000000) (0) (0) (00)   ;(00000000000000000000000000000000) (0) (0) (00)   ;(00000000000000000000000000000000) (0) (0) (00)   ;
;128;(00000000000000000000000000000000) (0) (0) (00)    ;(00000000000000000000000000000000) (0) (0) (00)   ;(00000000000000000000000000000000) (0) (0) (00)   ;(00000000000000000000000000000000) (0) (0) (00)   ;(00000000000000000000000000000000) (0) (0) (00)   ;(00000000000000000000000000000000) (0) (0) (00)   ;(00000000000000000000000000000000) (0) (0) (00)   ;(00000000000000000000000000000000) (0) (0) (00)   ;
;136;(00000000000000000000000000000000) (0) (0) (00)    ;(00000000000000000000000000000000) (0) (0) (00)   ;(00000000000000000000000000000000) (0) (0) (00)   ;(00000000000000000000000000000000) (0) (0) (00)   ;(00000000000000000000000000000000) (0) (0) (00)   ;(00000000000000000000000000000000) (0) (0) (00)   ;(00000000000000000000000000000000) (0) (0) (00)   ;(00000000000000000000000000000000) (0) (0) (00)   ;
;144;(00000000000000000000000000000000) (0) (0) (00)    ;(00000000000000000000000000000000) (0) (0) (00)   ;(00000000000000000000000000000000) (0) (0) (00)   ;(00000000000000000000000000000000) (0) (0) (00)   ;(00000000000000000000000000000000) (0) (0) (00)   ;(00000000000000000000000000000000) (0) (0) (00)   ;(00000000000000000000000000000000) (0) (0) (00)   ;(00000000000000000000000000000000) (0) (0) (00)   ;
;152;(00000000000000000000000000000000) (0) (0) (00)    ;(00000000000000000000000000000000) (0) (0) (00)   ;(00000000000000000000000000000000) (0) (0) (00)   ;(00000000000000000000000000000000) (0) (0) (00)   ;(00000000000000000000000000000000) (0) (0) (00)   ;(00000000000000000000000000000000) (0) (0) (00)   ;(00000000000000000000000000000000) (0) (0) (00)   ;(00000000000000000000000000000000) (0) (0) (00)   ;
;160;(00000000000000000000000000000000) (0) (0) (00)    ;(00000000000000000000000000000000) (0) (0) (00)   ;(00000000000000000000000000000000) (0) (0) (00)   ;(00000000000000000000000000000000) (0) (0) (00)   ;(00000000000000000000000000000000) (0) (0) (00)   ;(00000000000000000000000000000000) (0) (0) (00)   ;(00000000000000000000000000000000) (0) (0) (00)   ;(00000000000000000000000000000000) (0) (0) (00)   ;
;168;(00000000000000000000000000000000) (0) (0) (00)    ;(00000000000000000000000000000000) (0) (0) (00)   ;(00000000000000000000000000000000) (0) (0) (00)   ;(00000000000000000000000000000000) (0) (0) (00)   ;(00000000000000000000000000000000) (0) (0) (00)   ;(00000000000000000000000000000000) (0) (0) (00)   ;(00000000000000000000000000000000) (0) (0) (00)   ;(00000000000000000000000000000000) (0) (0) (00)   ;
;176;(00000000000000000000000000000000) (0) (0) (00)    ;(00000000000000000000000000000000) (0) (0) (00)   ;(00000000000000000000000000000000) (0) (0) (00)   ;(00000000000000000000000000000000) (0) (0) (00)   ;(00000000000000000000000000000000) (0) (0) (00)   ;(00000000000000000000000000000000) (0) (0) (00)   ;(00000000000000000000000000000000) (0) (0) (00)   ;(00000000000000000000000000000000) (0) (0) (00)   ;
;184;(00000000000000000000000000000000) (0) (0) (00)    ;(00000000000000000000000000000000) (0) (0) (00)   ;(00000000000000000000000000000000) (0) (0) (00)   ;(00000000000000000000000000000000) (0) (0) (00)   ;(00000000000000000000000000000000) (0) (0) (00)   ;(00000000000000000000000000000000) (0) (0) (00)   ;(00000000000000000000000000000000) (0) (0) (00)   ;(00000000000000000000000000000000) (0) (0) (00)   ;
;192;(00000000000000000000000000000000) (0) (0) (00)    ;(00000000000000000000000000000000) (0) (0) (00)   ;(00000000000000000000000000000000) (0) (0) (00)   ;(00000000000000000000000000000000) (0) (0) (00)   ;(00000000000000000000000000000000) (0) (0) (00)   ;(00000000000000000000000000000000) (0) (0) (00)   ;(00000000000000000000000000000000) (0) (0) (00)   ;(00000000000000000000000000000000) (0) (0) (00)   ;
;200;(00000000000000000000000000000000) (0) (0) (00)    ;(00000000000000000000000000000000) (0) (0) (00)   ;(00000000000000000000000000000000) (0) (0) (00)   ;(00000000000000000000000000000000) (0) (0) (00)   ;(00000000000000000000000000000000) (0) (0) (00)   ;(00000000000000000000000000000000) (0) (0) (00)   ;(00000000000000000000000000000000) (0) (0) (00)   ;(00000000000000000000000000000000) (0) (0) (00)   ;
;208;(00000000000000000000000000000000) (0) (0) (00)    ;(00000000000000000000000000000000) (0) (0) (00)   ;(00000000000000000000000000000000) (0) (0) (00)   ;(00000000000000000000000000000000) (0) (0) (00)   ;(00000000000000000000000000000000) (0) (0) (00)   ;(00000000000000000000000000000000) (0) (0) (00)   ;(00000000000000000000000000000000) (0) (0) (00)   ;(00000000000000000000000000000000) (0) (0) (00)   ;
;216;(00000000000000000000000000000000) (0) (0) (00)    ;(00000000000000000000000000000000) (0) (0) (00)   ;(00000000000000000000000000000000) (0) (0) (00)   ;(00000000000000000000000000000000) (0) (0) (00)   ;(00000000000000000000000000000000) (0) (0) (00)   ;(00000000000000000000000000000000) (0) (0) (00)   ;(00000000000000000000000000000000) (0) (0) (00)   ;(00000000000000000000000000000000) (0) (0) (00)   ;
;224;(00000000000000000000000000000000) (0) (0) (00)    ;(00000000000000000000000000000000) (0) (0) (00)   ;(00000000000000000000000000000000) (0) (0) (00)   ;(00000000000000000000000000000000) (0) (0) (00)   ;(00000000000000000000000000000000) (0) (0) (00)   ;(00000000000000000000000000000000) (0) (0) (00)   ;(00000000000000000000000000000000) (0) (0) (00)   ;(00000000000000000000000000000000) (0) (0) (00)   ;
;232;(00000000000000000000000000000000) (0) (0) (00)    ;(00000000000000000000000000000000) (0) (0) (00)   ;(00000000000000000000000000000000) (0) (0) (00)   ;(00000000000000000000000000000000) (0) (0) (00)   ;(00000000000000000000000000000000) (0) (0) (00)   ;(00000000000000000000000000000000) (0) (0) (00)   ;(00000000000000000000000000000000) (0) (0) (00)   ;(00000000000000000000000000000000) (0) (0) (00)   ;
;240;(00000000000000000000000000000000) (0) (0) (00)    ;(00000000000000000000000000000000) (0) (0) (00)   ;(00000000000000000000000000000000) (0) (0) (00)   ;(00000000000000000000000000000000) (0) (0) (00)   ;(00000000000000000000000000000000) (0) (0) (00)   ;(00000000000000000000000000000000) (0) (0) (00)   ;(00000000000000000000000000000000) (0) (0) (00)   ;(00000000000000000000000000000000) (0) (0) (00)   ;
;248;(00000000000000000000000000000000) (0) (0) (00)    ;(00000000000000000000000000000000) (0) (0) (00)   ;(00000000000000000000000000000000) (0) (0) (00)   ;(00000000000000000000000000000000) (0) (0) (00)   ;(00000000000000000000000000000000) (0) (0) (00)   ;(00000000000000000000000000000000) (0) (0) (00)   ;(00000000000000000000000000000000) (0) (0) (00)   ;(00000000000000000000000000000000) (0) (0) (00)   ;
;256;(00000000000000000000000000000000) (0) (0) (00)    ;(00000000000000000000000000000000) (0) (0) (00)   ;(00000000000000000000000000000000) (0) (0) (00)   ;(00000000000000000000000000000000) (0) (0) (00)   ;(00000000000000000000000000000000) (0) (0) (00)   ;(00000000000000000000000000000000) (0) (0) (00)   ;(00000000000000000000000000000000) (0) (0) (00)   ;(00000000000000000000000000000000) (0) (0) (00)   ;
;264;(00000000000000000000000000000000) (0) (0) (00)    ;(00000000000000000000000000000000) (0) (0) (00)   ;(00000000000000000000000000000000) (0) (0) (00)   ;(00000000000000000000000000000000) (0) (0) (00)   ;(00000000000000000000000000000000) (0) (0) (00)   ;(00000000000000000000000000000000) (0) (0) (00)   ;(00000000000000000000000000000000) (0) (0) (00)   ;(00000000000000000000000000000000) (0) (0) (00)   ;
;272;(00000000000000000000000000000000) (0) (0) (00)    ;(00000000000000000000000000000000) (0) (0) (00)   ;(00000000000000000000000000000000) (0) (0) (00)   ;(00000000000000000000000000000000) (0) (0) (00)   ;(00000000000000000000000000000000) (0) (0) (00)   ;(00000000000000000000000000000000) (0) (0) (00)   ;(00000000000000000000000000000000) (0) (0) (00)   ;(00000000000000000000000000000000) (0) (0) (00)   ;
;280;(00000000000000000000000000000000) (0) (0) (00)    ;(00000000000000000000000000000000) (0) (0) (00)   ;(00000000000000000000000000000000) (0) (0) (00)   ;(00000000000000000000000000000000) (0) (0) (00)   ;(00000000000000000000000000000000) (0) (0) (00)   ;(00000000000000000000000000000000) (0) (0) (00)   ;(00000000000000000000000000000000) (0) (0) (00)   ;(00000000000000000000000000000000) (0) (0) (00)   ;
;288;(00000000000000000000000000000000) (0) (0) (00)    ;(00000000000000000000000000000000) (0) (0) (00)   ;(00000000000000000000000000000000) (0) (0) (00)   ;(00000000000000000000000000000000) (0) (0) (00)   ;(00000000000000000000000000000000) (0) (0) (00)   ;(00000000000000000000000000000000) (0) (0) (00)   ;(00000000000000000000000000000000) (0) (0) (00)   ;(00000000000000000000000000000000) (0) (0) (00)   ;
;296;(00000000000000000000000000000000) (0) (0) (00)    ;(00000000000000000000000000000000) (0) (0) (00)   ;(00000000000000000000000000000000) (0) (0) (00)   ;(00000000000000000000000000000000) (0) (0) (00)   ;(00000000000000000000000000000000) (0) (0) (00)   ;(00000000000000000000000000000000) (0) (0) (00)   ;(00000000000000000000000000000000) (0) (0) (00)   ;(00000000000000000000000000000000) (0) (0) (00)   ;
;304;(00000000000000000000000000000000) (0) (0) (00)    ;(00000000000000000000000000000000) (0) (0) (00)   ;(00000000000000000000000000000000) (0) (0) (00)   ;(00000000000000000000000000000000) (0) (0) (00)   ;(00000000000000000000000000000000) (0) (0) (00)   ;(00000000000000000000000000000000) (0) (0) (00)   ;(00000000000000000000000000000000) (0) (0) (00)   ;(00000000000000000000000000000000) (0) (0) (00)   ;
;312;(00000000000000000000000000000000) (0) (0) (00)    ;(00000000000000000000000000000000) (0) (0) (00)   ;(00000000000000000000000000000000) (0) (0) (00)   ;(00000000000000000000000000000000) (0) (0) (00)   ;(00000000000000000000000000000000) (0) (0) (00)   ;(00000000000000000000000000000000) (0) (0) (00)   ;(00000000000000000000000000000000) (0) (0) (00)   ;(00000000000000000000000000000000) (0) (0) (00)   ;
;320;(00000000000000000000000000000000) (0) (0) (00)    ;(00000000000000000000000000000000) (0) (0) (00)   ;(00000000000000000000000000000000) (0) (0) (00)   ;(00000000000000000000000000000000) (0) (0) (00)   ;(00000000000000000000000000000000) (0) (0) (00)   ;(00000000000000000000000000000000) (0) (0) (00)   ;(00000000000000000000000000000000) (0) (0) (00)   ;(00000000000000000000000000000000) (0) (0) (00)   ;
;328;(00000000000000000000000000000000) (0) (0) (00)    ;(00000000000000000000000000000000) (0) (0) (00)   ;(00000000000000000000000000000000) (0) (0) (00)   ;(00000000000000000000000000000000) (0) (0) (00)   ;(00000000000000000000000000000000) (0) (0) (00)   ;(00000000000000000000000000000000) (0) (0) (00)   ;(00000000000000000000000000000000) (0) (0) (00)   ;(00000000000000000000000000000000) (0) (0) (00)   ;
;336;(00000000000000000000000000000000) (0) (0) (00)    ;(00000000000000000000000000000000) (0) (0) (00)   ;(00000000000000000000000000000000) (0) (0) (00)   ;(00000000000000000000000000000000) (0) (0) (00)   ;(00000000000000000000000000000000) (0) (0) (00)   ;(00000000000000000000000000000000) (0) (0) (00)   ;(00000000000000000000000000000000) (0) (0) (00)   ;(00000000000000000000000000000000) (0) (0) (00)   ;
;344;(00000000000000000000000000000000) (0) (0) (00)    ;(00000000000000000000000000000000) (0) (0) (00)   ;(00000000000000000000000000000000) (0) (0) (00)   ;(00000000000000000000000000000000) (0) (0) (00)   ;(00000000000000000000000000000000) (0) (0) (00)   ;(00000000000000000000000000000000) (0) (0) (00)   ;(00000000000000000000000000000000) (0) (0) (00)   ;(00000000000000000000000000000000) (0) (0) (00)   ;
;352;(00000000000000000000000000000000) (0) (0) (00)    ;(00000000000000000000000000000000) (0) (0) (00)   ;(00000000000000000000000000000000) (0) (0) (00)   ;(00000000000000000000000000000000) (0) (0) (00)   ;(00000000000000000000000000000000) (0) (0) (00)   ;(00000000000000000000000000000000) (0) (0) (00)   ;(00000000000000000000000000000000) (0) (0) (00)   ;(00000000000000000000000000000000) (0) (0) (00)   ;
;360;(00000000000000000000000000000000) (0) (0) (00)    ;(00000000000000000000000000000000) (0) (0) (00)   ;(00000000000000000000000000000000) (0) (0) (00)   ;(00000000000000000000000000000000) (0) (0) (00)   ;(00000000000000000000000000000000) (0) (0) (00)   ;(00000000000000000000000000000000) (0) (0) (00)   ;(00000000000000000000000000000000) (0) (0) (00)   ;(00000000000000000000000000000000) (0) (0) (00)   ;
;368;(00000000000000000000000000000000) (0) (0) (00)    ;(00000000000000000000000000000000) (0) (0) (00)   ;(00000000000000000000000000000000) (0) (0) (00)   ;(00000000000000000000000000000000) (0) (0) (00)   ;(00000000000000000000000000000000) (0) (0) (00)   ;(00000000000000000000000000000000) (0) (0) (00)   ;(00000000000000000000000000000000) (0) (0) (00)   ;(00000000000000000000000000000000) (0) (0) (00)   ;
;376;(00000000000000000000000000000000) (0) (0) (00)    ;(00000000000000000000000000000000) (0) (0) (00)   ;(00000000000000000000000000000000) (0) (0) (00)   ;(00000000000000000000000000000000) (0) (0) (00)   ;(00000000000000000000000000000000) (0) (0) (00)   ;(00000000000000000000000000000000) (0) (0) (00)   ;(00000000000000000000000000000000) (0) (0) (00)   ;(00000000000000000000000000000000) (0) (0) (00)   ;
;384;(00000000000000000000000000000000) (0) (0) (00)    ;(00000000000000000000000000000000) (0) (0) (00)   ;(00000000000000000000000000000000) (0) (0) (00)   ;(00000000000000000000000000000000) (0) (0) (00)   ;(00000000000000000000000000000000) (0) (0) (00)   ;(00000000000000000000000000000000) (0) (0) (00)   ;(00000000000000000000000000000000) (0) (0) (00)   ;(00000000000000000000000000000000) (0) (0) (00)   ;
;392;(00000000000000000000000000000000) (0) (0) (00)    ;(00000000000000000000000000000000) (0) (0) (00)   ;(00000000000000000000000000000000) (0) (0) (00)   ;(00000000000000000000000000000000) (0) (0) (00)   ;(00000000000000000000000000000000) (0) (0) (00)   ;(00000000000000000000000000000000) (0) (0) (00)   ;(00000000000000000000000000000000) (0) (0) (00)   ;(00000000000000000000000000000000) (0) (0) (00)   ;
;400;(00000000000000000000000000000000) (0) (0) (00)    ;(00000000000000000000000000000000) (0) (0) (00)   ;(00000000000000000000000000000000) (0) (0) (00)   ;(00000000000000000000000000000000) (0) (0) (00)   ;(00000000000000000000000000000000) (0) (0) (00)   ;(00000000000000000000000000000000) (0) (0) (00)   ;(00000000000000000000000000000000) (0) (0) (00)   ;(00000000000000000000000000000000) (0) (0) (00)   ;
;408;(00000000000000000000000000000000) (0) (0) (00)    ;(00000000000000000000000000000000) (0) (0) (00)   ;(00000000000000000000000000000000) (0) (0) (00)   ;(00000000000000000000000000000000) (0) (0) (00)   ;(00000000000000000000000000000000) (0) (0) (00)   ;(00000000000000000000000000000000) (0) (0) (00)   ;(00000000000000000000000000000000) (0) (0) (00)   ;(00000000000000000000000000000000) (0) (0) (00)   ;
;416;(00000000000000000000000000000000) (0) (0) (00)    ;(00000000000000000000000000000000) (0) (0) (00)   ;(00000000000000000000000000000000) (0) (0) (00)   ;(00000000000000000000000000000000) (0) (0) (00)   ;(00000000000000000000000000000000) (0) (0) (00)   ;(00000000000000000000000000000000) (0) (0) (00)   ;(00000000000000000000000000000000) (0) (0) (00)   ;(00000000000000000000000000000000) (0) (0) (00)   ;
;424;(00000000000000000000000000000000) (0) (0) (00)    ;(00000000000000000000000000000000) (0) (0) (00)   ;(00000000000000000000000000000000) (0) (0) (00)   ;(00000000000000000000000000000000) (0) (0) (00)   ;(00000000000000000000000000000000) (0) (0) (00)   ;(00000000000000000000000000000000) (0) (0) (00)   ;(00000000000000000000000000000000) (0) (0) (00)   ;(00000000000000000000000000000000) (0) (0) (00)   ;
;432;(00000000000000000000000000000000) (0) (0) (00)    ;(00000000000000000000000000000000) (0) (0) (00)   ;(00000000000000000000000000000000) (0) (0) (00)   ;(00000000000000000000000000000000) (0) (0) (00)   ;(00000000000000000000000000000000) (0) (0) (00)   ;(00000000000000000000000000000000) (0) (0) (00)   ;(00000000000000000000000000000000) (0) (0) (00)   ;(00000000000000000000000000000000) (0) (0) (00)   ;
;440;(00000000000000000000000000000000) (0) (0) (00)    ;(00000000000000000000000000000000) (0) (0) (00)   ;(00000000000000000000000000000000) (0) (0) (00)   ;(00000000000000000000000000000000) (0) (0) (00)   ;(00000000000000000000000000000000) (0) (0) (00)   ;(00000000000000000000000000000000) (0) (0) (00)   ;(00000000000000000000000000000000) (0) (0) (00)   ;(00000000000000000000000000000000) (0) (0) (00)   ;
;448;(00000000000000000000000000000000) (0) (0) (00)    ;(00000000000000000000000000000000) (0) (0) (00)   ;(00000000000000000000000000000000) (0) (0) (00)   ;(00000000000000000000000000000000) (0) (0) (00)   ;(00000000000000000000000000000000) (0) (0) (00)   ;(00000000000000000000000000000000) (0) (0) (00)   ;(00000000000000000000000000000000) (0) (0) (00)   ;(00000000000000000000000000000000) (0) (0) (00)   ;
;456;(00000000000000000000000000000000) (0) (0) (00)    ;(00000000000000000000000000000000) (0) (0) (00)   ;(00000000000000000000000000000000) (0) (0) (00)   ;(00000000000000000000000000000000) (0) (0) (00)   ;(00000000000000000000000000000000) (0) (0) (00)   ;(00000000000000000000000000000000) (0) (0) (00)   ;(00000000000000000000000000000000) (0) (0) (00)   ;(00000000000000000000000000000000) (0) (0) (00)   ;
;464;(00000000000000000000000000000000) (0) (0) (00)    ;(00000000000000000000000000000000) (0) (0) (00)   ;(00000000000000000000000000000000) (0) (0) (00)   ;(00000000000000000000000000000000) (0) (0) (00)   ;(00000000000000000000000000000000) (0) (0) (00)   ;(00000000000000000000000000000000) (0) (0) (00)   ;(00000000000000000000000000000000) (0) (0) (00)   ;(00000000000000000000000000000000) (0) (0) (00)   ;
;472;(00000000000000000000000000000000) (0) (0) (00)    ;(00000000000000000000000000000000) (0) (0) (00)   ;(00000000000000000000000000000000) (0) (0) (00)   ;(00000000000000000000000000000000) (0) (0) (00)   ;(00000000000000000000000000000000) (0) (0) (00)   ;(00000000000000000000000000000000) (0) (0) (00)   ;(00000000000000000000000000000000) (0) (0) (00)   ;(00000000000000000000000000000000) (0) (0) (00)   ;
;480;(00000000000000000000000000000000) (0) (0) (00)    ;(00000000000000000000000000000000) (0) (0) (00)   ;(00000000000000000000000000000000) (0) (0) (00)   ;(00000000000000000000000000000000) (0) (0) (00)   ;(00000000000000000000000000000000) (0) (0) (00)   ;(00000000000000000000000000000000) (0) (0) (00)   ;(00000000000000000000000000000000) (0) (0) (00)   ;(00000000000000000000000000000000) (0) (0) (00)   ;
;488;(00000000000000000000000000000000) (0) (0) (00)    ;(00000000000000000000000000000000) (0) (0) (00)   ;(00000000000000000000000000000000) (0) (0) (00)   ;(00000000000000000000000000000000) (0) (0) (00)   ;(00000000000000000000000000000000) (0) (0) (00)   ;(00000000000000000000000000000000) (0) (0) (00)   ;(00000000000000000000000000000000) (0) (0) (00)   ;(00000000000000000000000000000000) (0) (0) (00)   ;
;496;(00000000000000000000000000000000) (0) (0) (00)    ;(00000000000000000000000000000000) (0) (0) (00)   ;(00000000000000000000000000000000) (0) (0) (00)   ;(00000000000000000000000000000000) (0) (0) (00)   ;(00000000000000000000000000000000) (0) (0) (00)   ;(00000000000000000000000000000000) (0) (0) (00)   ;(00000000000000000000000000000000) (0) (0) (00)   ;(00000000000000000000000000000000) (0) (0) (00)   ;
;504;(00000000000000000000000000000000) (0) (0) (00)    ;(00000000000000000000000000000000) (0) (0) (00)   ;(00000000000000000000000000000000) (0) (0) (00)   ;(00000000000000000000000000000000) (0) (0) (00)   ;(00000000000000000000000000000000) (0) (0) (00)   ;(00000000000000000000000000000000) (0) (0) (00)   ;(00000000000000000000000000000000) (0) (0) (00)   ;(00000000000000000000000000000000) (0) (0) (00)   ;
;512;(00000000000000000000000000000000) (0) (0) (00)    ;(00000000000000000000000000000000) (0) (0) (00)   ;(00000000000000000000000000000000) (0) (0) (00)   ;(00000000000000000000000000000000) (0) (0) (00)   ;(00000000000000000000000000000000) (0) (0) (00)   ;(00000000000000000000000000000000) (0) (0) (00)   ;(00000000000000000000000000000000) (0) (0) (00)   ;(00000000000000000000000000000000) (0) (0) (00)   ;
;520;(00000000000000000000000000000000) (0) (0) (00)    ;(00000000000000000000000000000000) (0) (0) (00)   ;(00000000000000000000000000000000) (0) (0) (00)   ;(00000000000000000000000000000000) (0) (0) (00)   ;(00000000000000000000000000000000) (0) (0) (00)   ;(00000000000000000000000000000000) (0) (0) (00)   ;(00000000000000000000000000000000) (0) (0) (00)   ;(00000000000000000000000000000000) (0) (0) (00)   ;
;528;(00000000000000000000000000000000) (0) (0) (00)    ;(00000000000000000000000000000000) (0) (0) (00)   ;(00000000000000000000000000000000) (0) (0) (00)   ;(00000000000000000000000000000000) (0) (0) (00)   ;(00000000000000000000000000000000) (0) (0) (00)   ;(00000000000000000000000000000000) (0) (0) (00)   ;(00000000000000000000000000000000) (0) (0) (00)   ;(00000000000000000000000000000000) (0) (0) (00)   ;
;536;(00000000000000000000000000000000) (0) (0) (00)    ;(00000000000000000000000000000000) (0) (0) (00)   ;(00000000000000000000000000000000) (0) (0) (00)   ;(00000000000000000000000000000000) (0) (0) (00)   ;(00000000000000000000000000000000) (0) (0) (00)   ;(00000000000000000000000000000000) (0) (0) (00)   ;(00000000000000000000000000000000) (0) (0) (00)   ;(00000000000000000000000000000000) (0) (0) (00)   ;
;544;(00000000000000000000000000000000) (0) (0) (00)    ;(00000000000000000000000000000000) (0) (0) (00)   ;(00000000000000000000000000000000) (0) (0) (00)   ;(00000000000000000000000000000000) (0) (0) (00)   ;(00000000000000000000000000000000) (0) (0) (00)   ;(00000000000000000000000000000000) (0) (0) (00)   ;(00000000000000000000000000000000) (0) (0) (00)   ;(00000000000000000000000000000000) (0) (0) (00)   ;
;552;(00000000000000000000000000000000) (0) (0) (00)    ;(00000000000000000000000000000000) (0) (0) (00)   ;(00000000000000000000000000000000) (0) (0) (00)   ;(00000000000000000000000000000000) (0) (0) (00)   ;(00000000000000000000000000000000) (0) (0) (00)   ;(00000000000000000000000000000000) (0) (0) (00)   ;(00000000000000000000000000000000) (0) (0) (00)   ;(00000000000000000000000000000000) (0) (0) (00)   ;
;560;(00000000000000000000000000000000) (0) (0) (00)    ;(00000000000000000000000000000000) (0) (0) (00)   ;(00000000000000000000000000000000) (0) (0) (00)   ;(00000000000000000000000000000000) (0) (0) (00)   ;(00000000000000000000000000000000) (0) (0) (00)   ;(00000000000000000000000000000000) (0) (0) (00)   ;(00000000000000000000000000000000) (0) (0) (00)   ;(00000000000000000000000000000000) (0) (0) (00)   ;
;568;(00000000000000000000000000000000) (0) (0) (00)    ;(00000000000000000000000000000000) (0) (0) (00)   ;(00000000000000000000000000000000) (0) (0) (00)   ;(00000000000000000000000000000000) (0) (0) (00)   ;(00000000000000000000000000000000) (0) (0) (00)   ;(00000000000000000000000000000000) (0) (0) (00)   ;(00000000000000000000000000000000) (0) (0) (00)   ;(00000000000000000000000000000000) (0) (0) (00)   ;
;576;(00000000000000000000000000000000) (0) (0) (00)    ;(00000000000000000000000000000000) (0) (0) (00)   ;(00000000000000000000000000000000) (0) (0) (00)   ;(00000000000000000000000000000000) (0) (0) (00)   ;(00000000000000000000000000000000) (0) (0) (00)   ;(00000000000000000000000000000000) (0) (0) (00)   ;(00000000000000000000000000000000) (0) (0) (00)   ;(00000000000000000000000000000000) (0) (0) (00)   ;
;584;(00000000000000000000000000000000) (0) (0) (00)    ;(00000000000000000000000000000000) (0) (0) (00)   ;(00000000000000000000000000000000) (0) (0) (00)   ;(00000000000000000000000000000000) (0) (0) (00)   ;(00000000000000000000000000000000) (0) (0) (00)   ;(00000000000000000000000000000000) (0) (0) (00)   ;(00000000000000000000000000000000) (0) (0) (00)   ;(00000000000000000000000000000000) (0) (0) (00)   ;
;592;(00000000000000000000000000000000) (0) (0) (00)    ;(00000000000000000000000000000000) (0) (0) (00)   ;(00000000000000000000000000000000) (0) (0) (00)   ;(00000000000000000000000000000000) (0) (0) (00)   ;(00000000000000000000000000000000) (0) (0) (00)   ;(00000000000000000000000000000000) (0) (0) (00)   ;(00000000000000000000000000000000) (0) (0) (00)   ;(00000000000000000000000000000000) (0) (0) (00)   ;
;600;(00000000000000000000000000000000) (0) (0) (00)    ;(00000000000000000000000000000000) (0) (0) (00)   ;(00000000000000000000000000000000) (0) (0) (00)   ;(00000000000000000000000000000000) (0) (0) (00)   ;(00000000000000000000000000000000) (0) (0) (00)   ;(00000000000000000000000000000000) (0) (0) (00)   ;(00000000000000000000000000000000) (0) (0) (00)   ;(00000000000000000000000000000000) (0) (0) (00)   ;
;608;(00000000000000000000000000000000) (0) (0) (00)    ;(00000000000000000000000000000000) (0) (0) (00)   ;(00000000000000000000000000000000) (0) (0) (00)   ;(00000000000000000000000000000000) (0) (0) (00)   ;(00000000000000000000000000000000) (0) (0) (00)   ;(00000000000000000000000000000000) (0) (0) (00)   ;(00000000000000000000000000000000) (0) (0) (00)   ;(00000000000000000000000000000000) (0) (0) (00)   ;
;616;(00000000000000000000000000000000) (0) (0) (00)    ;(00000000000000000000000000000000) (0) (0) (00)   ;(00000000000000000000000000000000) (0) (0) (00)   ;(00000000000000000000000000000000) (0) (0) (00)   ;(00000000000000000000000000000000) (0) (0) (00)   ;(00000000000000000000000000000000) (0) (0) (00)   ;(00000000000000000000000000000000) (0) (0) (00)   ;(00000000000000000000000000000000) (0) (0) (00)   ;
;624;(00000000000000000000000000000000) (0) (0) (00)    ;(00000000000000000000000000000000) (0) (0) (00)   ;(00000000000000000000000000000000) (0) (0) (00)   ;(00000000000000000000000000000000) (0) (0) (00)   ;(00000000000000000000000000000000) (0) (0) (00)   ;(00000000000000000000000000000000) (0) (0) (00)   ;(00000000000000000000000000000000) (0) (0) (00)   ;(00000000000000000000000000000000) (0) (0) (00)   ;
;632;(00000000000000000000000000000000) (0) (0) (00)    ;(00000000000000000000000000000000) (0) (0) (00)   ;(00000000000000000000000000000000) (0) (0) (00)   ;(00000000000000000000000000000000) (0) (0) (00)   ;(00000000000000000000000000000000) (0) (0) (00)   ;(00000000000000000000000000000000) (0) (0) (00)   ;(00000000000000000000000000000000) (0) (0) (00)   ;(00000000000000000000000000000000) (0) (0) (00)   ;
;640;(00000000000000000000000000000000) (0) (0) (00)    ;(00000000000000000000000000000000) (0) (0) (00)   ;(00000000000000000000000000000000) (0) (0) (00)   ;(00000000000000000000000000000000) (0) (0) (00)   ;(00000000000000000000000000000000) (0) (0) (00)   ;(00000000000000000000000000000000) (0) (0) (00)   ;(00000000000000000000000000000000) (0) (0) (00)   ;(00000000000000000000000000000000) (0) (0) (00)   ;
;648;(00000000000000000000000000000000) (0) (0) (00)    ;(00000000000000000000000000000000) (0) (0) (00)   ;(00000000000000000000000000000000) (0) (0) (00)   ;(00000000000000000000000000000000) (0) (0) (00)   ;(00000000000000000000000000000000) (0) (0) (00)   ;(00000000000000000000000000000000) (0) (0) (00)   ;(00000000000000000000000000000000) (0) (0) (00)   ;(00000000000000000000000000000000) (0) (0) (00)   ;
;656;(00000000000000000000000000000000) (0) (0) (00)    ;(00000000000000000000000000000000) (0) (0) (00)   ;(00000000000000000000000000000000) (0) (0) (00)   ;(00000000000000000000000000000000) (0) (0) (00)   ;(00000000000000000000000000000000) (0) (0) (00)   ;(00000000000000000000000000000000) (0) (0) (00)   ;(00000000000000000000000000000000) (0) (0) (00)   ;(00000000000000000000000000000000) (0) (0) (00)   ;
;664;(00000000000000000000000000000000) (0) (0) (00)    ;(00000000000000000000000000000000) (0) (0) (00)   ;(00000000000000000000000000000000) (0) (0) (00)   ;(00000000000000000000000000000000) (0) (0) (00)   ;(00000000000000000000000000000000) (0) (0) (00)   ;(00000000000000000000000000000000) (0) (0) (00)   ;(00000000000000000000000000000000) (0) (0) (00)   ;(00000000000000000000000000000000) (0) (0) (00)   ;
;672;(00000000000000000000000000000000) (0) (0) (00)    ;(00000000000000000000000000000000) (0) (0) (00)   ;(00000000000000000000000000000000) (0) (0) (00)   ;(00000000000000000000000000000000) (0) (0) (00)   ;(00000000000000000000000000000000) (0) (0) (00)   ;(00000000000000000000000000000000) (0) (0) (00)   ;(00000000000000000000000000000000) (0) (0) (00)   ;(00000000000000000000000000000000) (0) (0) (00)   ;
;680;(00000000000000000000000000000000) (0) (0) (00)    ;(00000000000000000000000000000000) (0) (0) (00)   ;(00000000000000000000000000000000) (0) (0) (00)   ;(00000000000000000000000000000000) (0) (0) (00)   ;(00000000000000000000000000000000) (0) (0) (00)   ;(00000000000000000000000000000000) (0) (0) (00)   ;(00000000000000000000000000000000) (0) (0) (00)   ;(00000000000000000000000000000000) (0) (0) (00)   ;
;688;(00000000000000000000000000000000) (0) (0) (00)    ;(00000000000000000000000000000000) (0) (0) (00)   ;(00000000000000000000000000000000) (0) (0) (00)   ;(00000000000000000000000000000000) (0) (0) (00)   ;(00000000000000000000000000000000) (0) (0) (00)   ;(00000000000000000000000000000000) (0) (0) (00)   ;(00000000000000000000000000000000) (0) (0) (00)   ;(00000000000000000000000000000000) (0) (0) (00)   ;
;696;(00000000000000000000000000000000) (0) (0) (00)    ;(00000000000000000000000000000000) (0) (0) (00)   ;(00000000000000000000000000000000) (0) (0) (00)   ;(00000000000000000000000000000000) (0) (0) (00)   ;(00000000000000000000000000000000) (0) (0) (00)   ;(00000000000000000000000000000000) (0) (0) (00)   ;(00000000000000000000000000000000) (0) (0) (00)   ;(00000000000000000000000000000000) (0) (0) (00)   ;
;704;(00000000000000000000000000000000) (0) (0) (00)    ;(00000000000000000000000000000000) (0) (0) (00)   ;(00000000000000000000000000000000) (0) (0) (00)   ;(00000000000000000000000000000000) (0) (0) (00)   ;(00000000000000000000000000000000) (0) (0) (00)   ;(00000000000000000000000000000000) (0) (0) (00)   ;(00000000000000000000000000000000) (0) (0) (00)   ;(00000000000000000000000000000000) (0) (0) (00)   ;
;712;(00000000000000000000000000000000) (0) (0) (00)    ;(00000000000000000000000000000000) (0) (0) (00)   ;(00000000000000000000000000000000) (0) (0) (00)   ;(00000000000000000000000000000000) (0) (0) (00)   ;(00000000000000000000000000000000) (0) (0) (00)   ;(00000000000000000000000000000000) (0) (0) (00)   ;(00000000000000000000000000000000) (0) (0) (00)   ;(00000000000000000000000000000000) (0) (0) (00)   ;
;720;(00000000000000000000000000000000) (0) (0) (00)    ;(00000000000000000000000000000000) (0) (0) (00)   ;(00000000000000000000000000000000) (0) (0) (00)   ;(00000000000000000000000000000000) (0) (0) (00)   ;(00000000000000000000000000000000) (0) (0) (00)   ;(00000000000000000000000000000000) (0) (0) (00)   ;(00000000000000000000000000000000) (0) (0) (00)   ;(00000000000000000000000000000000) (0) (0) (00)   ;
;728;(00000000000000000000000000000000) (0) (0) (00)    ;(00000000000000000000000000000000) (0) (0) (00)   ;(00000000000000000000000000000000) (0) (0) (00)   ;(00000000000000000000000000000000) (0) (0) (00)   ;(00000000000000000000000000000000) (0) (0) (00)   ;(00000000000000000000000000000000) (0) (0) (00)   ;(00000000000000000000000000000000) (0) (0) (00)   ;(00000000000000000000000000000000) (0) (0) (00)   ;
;736;(00000000000000000000000000000000) (0) (0) (00)    ;(00000000000000000000000000000000) (0) (0) (00)   ;(00000000000000000000000000000000) (0) (0) (00)   ;(00000000000000000000000000000000) (0) (0) (00)   ;(00000000000000000000000000000000) (0) (0) (00)   ;(00000000000000000000000000000000) (0) (0) (00)   ;(00000000000000000000000000000000) (0) (0) (00)   ;(00000000000000000000000000000000) (0) (0) (00)   ;
;744;(00000000000000000000000000000000) (0) (0) (00)    ;(00000000000000000000000000000000) (0) (0) (00)   ;(00000000000000000000000000000000) (0) (0) (00)   ;(00000000000000000000000000000000) (0) (0) (00)   ;(00000000000000000000000000000000) (0) (0) (00)   ;(00000000000000000000000000000000) (0) (0) (00)   ;(00000000000000000000000000000000) (0) (0) (00)   ;(00000000000000000000000000000000) (0) (0) (00)   ;
;752;(00000000000000000000000000000000) (0) (0) (00)    ;(00000000000000000000000000000000) (0) (0) (00)   ;(00000000000000000000000000000000) (0) (0) (00)   ;(00000000000000000000000000000000) (0) (0) (00)   ;(00000000000000000000000000000000) (0) (0) (00)   ;(00000000000000000000000000000000) (0) (0) (00)   ;(00000000000000000000000000000000) (0) (0) (00)   ;(00000000000000000000000000000000) (0) (0) (00)   ;
;760;(00000000000000000000000000000000) (0) (0) (00)    ;(00000000000000000000000000000000) (0) (0) (00)   ;(00000000000000000000000000000000) (0) (0) (00)   ;(00000000000000000000000000000000) (0) (0) (00)   ;(00000000000000000000000000000000) (0) (0) (00)   ;(00000000000000000000000000000000) (0) (0) (00)   ;(00000000000000000000000000000000) (0) (0) (00)   ;(00000000000000000000000000000000) (0) (0) (00)   ;
;768;(00000000000000000000000000000000) (0) (0) (00)    ;(00000000000000000000000000000000) (0) (0) (00)   ;(00000000000000000000000000000000) (0) (0) (00)   ;(00000000000000000000000000000000) (0) (0) (00)   ;(00000000000000000000000000000000) (0) (0) (00)   ;(00000000000000000000000000000000) (0) (0) (00)   ;(00000000000000000000000000000000) (0) (0) (00)   ;(00000000000000000000000000000000) (0) (0) (00)   ;
;776;(00000000000000000000000000000000) (0) (0) (00)    ;(00000000000000000000000000000000) (0) (0) (00)   ;(00000000000000000000000000000000) (0) (0) (00)   ;(00000000000000000000000000000000) (0) (0) (00)   ;(00000000000000000000000000000000) (0) (0) (00)   ;(00000000000000000000000000000000) (0) (0) (00)   ;(00000000000000000000000000000000) (0) (0) (00)   ;(00000000000000000000000000000000) (0) (0) (00)   ;
;784;(00000000000000000000000000000000) (0) (0) (00)    ;(00000000000000000000000000000000) (0) (0) (00)   ;(00000000000000000000000000000000) (0) (0) (00)   ;(00000000000000000000000000000000) (0) (0) (00)   ;(00000000000000000000000000000000) (0) (0) (00)   ;(00000000000000000000000000000000) (0) (0) (00)   ;(00000000000000000000000000000000) (0) (0) (00)   ;(00000000000000000000000000000000) (0) (0) (00)   ;
;792;(00000000000000000000000000000000) (0) (0) (00)    ;(00000000000000000000000000000000) (0) (0) (00)   ;(00000000000000000000000000000000) (0) (0) (00)   ;(00000000000000000000000000000000) (0) (0) (00)   ;(00000000000000000000000000000000) (0) (0) (00)   ;(00000000000000000000000000000000) (0) (0) (00)   ;(00000000000000000000000000000000) (0) (0) (00)   ;(00000000000000000000000000000000) (0) (0) (00)   ;
;800;(00000000000000000000000000000000) (0) (0) (00)    ;(00000000000000000000000000000000) (0) (0) (00)   ;(00000000000000000000000000000000) (0) (0) (00)   ;(00000000000000000000000000000000) (0) (0) (00)   ;(00000000000000000000000000000000) (0) (0) (00)   ;(00000000000000000000000000000000) (0) (0) (00)   ;(00000000000000000000000000000000) (0) (0) (00)   ;(00000000000000000000000000000000) (0) (0) (00)   ;
;808;(00000000000000000000000000000000) (0) (0) (00)    ;(00000000000000000000000000000000) (0) (0) (00)   ;(00000000000000000000000000000000) (0) (0) (00)   ;(00000000000000000000000000000000) (0) (0) (00)   ;(00000000000000000000000000000000) (0) (0) (00)   ;(00000000000000000000000000000000) (0) (0) (00)   ;(00000000000000000000000000000000) (0) (0) (00)   ;(00000000000000000000000000000000) (0) (0) (00)   ;
;816;(00000000000000000000000000000000) (0) (0) (00)    ;(00000000000000000000000000000000) (0) (0) (00)   ;(00000000000000000000000000000000) (0) (0) (00)   ;(00000000000000000000000000000000) (0) (0) (00)   ;(00000000000000000000000000000000) (0) (0) (00)   ;(00000000000000000000000000000000) (0) (0) (00)   ;(00000000000000000000000000000000) (0) (0) (00)   ;(00000000000000000000000000000000) (0) (0) (00)   ;
;824;(00000000000000000000000000000000) (0) (0) (00)    ;(00000000000000000000000000000000) (0) (0) (00)   ;(00000000000000000000000000000000) (0) (0) (00)   ;(00000000000000000000000000000000) (0) (0) (00)   ;(00000000000000000000000000000000) (0) (0) (00)   ;(00000000000000000000000000000000) (0) (0) (00)   ;(00000000000000000000000000000000) (0) (0) (00)   ;(00000000000000000000000000000000) (0) (0) (00)   ;
;832;(00000000000000000000000000000000) (0) (0) (00)    ;(00000000000000000000000000000000) (0) (0) (00)   ;(00000000000000000000000000000000) (0) (0) (00)   ;(00000000000000000000000000000000) (0) (0) (00)   ;(00000000000000000000000000000000) (0) (0) (00)   ;(00000000000000000000000000000000) (0) (0) (00)   ;(00000000000000000000000000000000) (0) (0) (00)   ;(00000000000000000000000000000000) (0) (0) (00)   ;
;840;(00000000000000000000000000000000) (0) (0) (00)    ;(00000000000000000000000000000000) (0) (0) (00)   ;(00000000000000000000000000000000) (0) (0) (00)   ;(00000000000000000000000000000000) (0) (0) (00)   ;(00000000000000000000000000000000) (0) (0) (00)   ;(00000000000000000000000000000000) (0) (0) (00)   ;(00000000000000000000000000000000) (0) (0) (00)   ;(00000000000000000000000000000000) (0) (0) (00)   ;
;848;(00000000000000000000000000000000) (0) (0) (00)    ;(00000000000000000000000000000000) (0) (0) (00)   ;(00000000000000000000000000000000) (0) (0) (00)   ;(00000000000000000000000000000000) (0) (0) (00)   ;(00000000000000000000000000000000) (0) (0) (00)   ;(00000000000000000000000000000000) (0) (0) (00)   ;(00000000000000000000000000000000) (0) (0) (00)   ;(00000000000000000000000000000000) (0) (0) (00)   ;
;856;(00000000000000000000000000000000) (0) (0) (00)    ;(00000000000000000000000000000000) (0) (0) (00)   ;(00000000000000000000000000000000) (0) (0) (00)   ;(00000000000000000000000000000000) (0) (0) (00)   ;(00000000000000000000000000000000) (0) (0) (00)   ;(00000000000000000000000000000000) (0) (0) (00)   ;(00000000000000000000000000000000) (0) (0) (00)   ;(00000000000000000000000000000000) (0) (0) (00)   ;
;864;(00000000000000000000000000000000) (0) (0) (00)    ;(00000000000000000000000000000000) (0) (0) (00)   ;(00000000000000000000000000000000) (0) (0) (00)   ;(00000000000000000000000000000000) (0) (0) (00)   ;(00000000000000000000000000000000) (0) (0) (00)   ;(00000000000000000000000000000000) (0) (0) (00)   ;(00000000000000000000000000000000) (0) (0) (00)   ;(00000000000000000000000000000000) (0) (0) (00)   ;
;872;(00000000000000000000000000000000) (0) (0) (00)    ;(00000000000000000000000000000000) (0) (0) (00)   ;(00000000000000000000000000000000) (0) (0) (00)   ;(00000000000000000000000000000000) (0) (0) (00)   ;(00000000000000000000000000000000) (0) (0) (00)   ;(00000000000000000000000000000000) (0) (0) (00)   ;(00000000000000000000000000000000) (0) (0) (00)   ;(00000000000000000000000000000000) (0) (0) (00)   ;
;880;(00000000000000000000000000000000) (0) (0) (00)    ;(00000000000000000000000000000000) (0) (0) (00)   ;(00000000000000000000000000000000) (0) (0) (00)   ;(00000000000000000000000000000000) (0) (0) (00)   ;(00000000000000000000000000000000) (0) (0) (00)   ;(00000000000000000000000000000000) (0) (0) (00)   ;(00000000000000000000000000000000) (0) (0) (00)   ;(00000000000000000000000000000000) (0) (0) (00)   ;
;888;(00000000000000000000000000000000) (0) (0) (00)    ;(00000000000000000000000000000000) (0) (0) (00)   ;(00000000000000000000000000000000) (0) (0) (00)   ;(00000000000000000000000000000000) (0) (0) (00)   ;(00000000000000000000000000000000) (0) (0) (00)   ;(00000000000000000000000000000000) (0) (0) (00)   ;(00000000000000000000000000000000) (0) (0) (00)   ;(00000000000000000000000000000000) (0) (0) (00)   ;
;896;(00000000000000000000000000000000) (0) (0) (00)    ;(00000000000000000000000000000000) (0) (0) (00)   ;(00000000000000000000000000000000) (0) (0) (00)   ;(00000000000000000000000000000000) (0) (0) (00)   ;(00000000000000000000000000000000) (0) (0) (00)   ;(00000000000000000000000000000000) (0) (0) (00)   ;(00000000000000000000000000000000) (0) (0) (00)   ;(00000000000000000000000000000000) (0) (0) (00)   ;
;904;(00000000000000000000000000000000) (0) (0) (00)    ;(00000000000000000000000000000000) (0) (0) (00)   ;(00000000000000000000000000000000) (0) (0) (00)   ;(00000000000000000000000000000000) (0) (0) (00)   ;(00000000000000000000000000000000) (0) (0) (00)   ;(00000000000000000000000000000000) (0) (0) (00)   ;(00000000000000000000000000000000) (0) (0) (00)   ;(00000000000000000000000000000000) (0) (0) (00)   ;
;912;(00000000000000000000000000000000) (0) (0) (00)    ;(00000000000000000000000000000000) (0) (0) (00)   ;(00000000000000000000000000000000) (0) (0) (00)   ;(00000000000000000000000000000000) (0) (0) (00)   ;(00000000000000000000000000000000) (0) (0) (00)   ;(00000000000000000000000000000000) (0) (0) (00)   ;(00000000000000000000000000000000) (0) (0) (00)   ;(00000000000000000000000000000000) (0) (0) (00)   ;
;920;(00000000000000000000000000000000) (0) (0) (00)    ;(00000000000000000000000000000000) (0) (0) (00)   ;(00000000000000000000000000000000) (0) (0) (00)   ;(00000000000000000000000000000000) (0) (0) (00)   ;(00000000000000000000000000000000) (0) (0) (00)   ;(00000000000000000000000000000000) (0) (0) (00)   ;(00000000000000000000000000000000) (0) (0) (00)   ;(00000000000000000000000000000000) (0) (0) (00)   ;
;928;(00000000000000000000000000000000) (0) (0) (00)    ;(00000000000000000000000000000000) (0) (0) (00)   ;(00000000000000000000000000000000) (0) (0) (00)   ;(00000000000000000000000000000000) (0) (0) (00)   ;(00000000000000000000000000000000) (0) (0) (00)   ;(00000000000000000000000000000000) (0) (0) (00)   ;(00000000000000000000000000000000) (0) (0) (00)   ;(00000000000000000000000000000000) (0) (0) (00)   ;
;936;(00000000000000000000000000000000) (0) (0) (00)    ;(00000000000000000000000000000000) (0) (0) (00)   ;(00000000000000000000000000000000) (0) (0) (00)   ;(00000000000000000000000000000000) (0) (0) (00)   ;(00000000000000000000000000000000) (0) (0) (00)   ;(00000000000000000000000000000000) (0) (0) (00)   ;(00000000000000000000000000000000) (0) (0) (00)   ;(00000000000000000000000000000000) (0) (0) (00)   ;
;944;(00000000000000000000000000000000) (0) (0) (00)    ;(00000000000000000000000000000000) (0) (0) (00)   ;(00000000000000000000000000000000) (0) (0) (00)   ;(00000000000000000000000000000000) (0) (0) (00)   ;(00000000000000000000000000000000) (0) (0) (00)   ;(00000000000000000000000000000000) (0) (0) (00)   ;(00000000000000000000000000000000) (0) (0) (00)   ;(00000000000000000000000000000000) (0) (0) (00)   ;
;952;(00000000000000000000000000000000) (0) (0) (00)    ;(00000000000000000000000000000000) (0) (0) (00)   ;(00000000000000000000000000000000) (0) (0) (00)   ;(00000000000000000000000000000000) (0) (0) (00)   ;(00000000000000000000000000000000) (0) (0) (00)   ;(00000000000000000000000000000000) (0) (0) (00)   ;(00000000000000000000000000000000) (0) (0) (00)   ;(00000000000000000000000000000000) (0) (0) (00)   ;
;960;(00000000000000000000000000000000) (0) (0) (00)    ;(00000000000000000000000000000000) (0) (0) (00)   ;(00000000000000000000000000000000) (0) (0) (00)   ;(00000000000000000000000000000000) (0) (0) (00)   ;(00000000000000000000000000000000) (0) (0) (00)   ;(00000000000000000000000000000000) (0) (0) (00)   ;(00000000000000000000000000000000) (0) (0) (00)   ;(00000000000000000000000000000000) (0) (0) (00)   ;
;968;(00000000000000000000000000000000) (0) (0) (00)    ;(00000000000000000000000000000000) (0) (0) (00)   ;(00000000000000000000000000000000) (0) (0) (00)   ;(00000000000000000000000000000000) (0) (0) (00)   ;(00000000000000000000000000000000) (0) (0) (00)   ;(00000000000000000000000000000000) (0) (0) (00)   ;(00000000000000000000000000000000) (0) (0) (00)   ;(00000000000000000000000000000000) (0) (0) (00)   ;
;976;(00000000000000000000000000000000) (0) (0) (00)    ;(00000000000000000000000000000000) (0) (0) (00)   ;(00000000000000000000000000000000) (0) (0) (00)   ;(00000000000000000000000000000000) (0) (0) (00)   ;(00000000000000000000000000000000) (0) (0) (00)   ;(00000000000000000000000000000000) (0) (0) (00)   ;(00000000000000000000000000000000) (0) (0) (00)   ;(00000000000000000000000000000000) (0) (0) (00)   ;
;984;(00000000000000000000000000000000) (0) (0) (00)    ;(00000000000000000000000000000000) (0) (0) (00)   ;(00000000000000000000000000000000) (0) (0) (00)   ;(00000000000000000000000000000000) (0) (0) (00)   ;(00000000000000000000000000000000) (0) (0) (00)   ;(00000000000000000000000000000000) (0) (0) (00)   ;(00000000000000000000000000000000) (0) (0) (00)   ;(00000000000000000000000000000000) (0) (0) (00)   ;
;992;(00000000000000000000000000000000) (0) (0) (00)    ;(00000000000000000000000000000000) (0) (0) (00)   ;(00000000000000000000000000000000) (0) (0) (00)   ;(00000000000000000000000000000000) (0) (0) (00)   ;(00000000000000000000000000000000) (0) (0) (00)   ;(00000000000000000000000000000000) (0) (0) (00)   ;(00000000000000000000000000000000) (0) (0) (00)   ;(00000000000000000000000000000000) (0) (0) (00)   ;
;1000;(00000000000000000000000000000000) (0) (0) (00)    ;(00000000000000000000000000000000) (0) (0) (00)   ;(00000000000000000000000000000000) (0) (0) (00)   ;(00000000000000000000000000000000) (0) (0) (00)   ;(00000000000000000000000000000000) (0) (0) (00)   ;(00000000000000000000000000000000) (0) (0) (00)   ;(00000000000000000000000000000000) (0) (0) (00)   ;(00000000000000000000000000000000) (0) (0) (00)   ;
;1008;(00000000000000000000000000000000) (0) (0) (00)    ;(00000000000000000000000000000000) (0) (0) (00)   ;(00000000000000000000000000000000) (0) (0) (00)   ;(00000000000000000000000000000000) (0) (0) (00)   ;(00000000000000000000000000000000) (0) (0) (00)   ;(00000000000000000000000000000000) (0) (0) (00)   ;(00000000000000000000000000000000) (0) (0) (00)   ;(00000000000000000000000000000000) (0) (0) (00)   ;
;1016;(00000000000000000000000000000000) (0) (0) (00)    ;(00000000000000000000000000000000) (0) (0) (00)   ;(00000000000000000000000000000000) (0) (0) (00)   ;(00000000000000000000000000000000) (0) (0) (00)   ;(00000000000000000000000000000000) (0) (0) (00)   ;(00000000000000000000000000000000) (0) (0) (00)   ;(00000000000000000000000000000000) (0) (0) (00)   ;(00000000000000000000000000000000) (0) (0) (00)   ;


RAM content values are presented in the following format: (Binary) (Octal) (Decimal) (Hexadecimal) 
+------------------------------------------------------------------------------------------------------------------------------------------------------------------------------------------------------------------------------------------------------------------+
; |DLX|decode:DECODE|registers:R|altsyncram:ram_block_rtl_1|altsyncram_23g1:auto_generated|ALTSYNCRAM                                                                                                                                                              ;
+------------------------------------------------------------------------------------------------------------------------------------------------------------------------------------------------------------------------------------------------------------------+
;   Addr   ;              +0              ;              +1              ;              +2              ;              +3              ;              +4              ;              +5              ;              +6              ;              +7              ;
+----------+------------------------------+------------------------------+------------------------------+------------------------------+------------------------------+------------------------------+------------------------------+------------------------------+
;0;(00000000000000000000000000000000) (0) (0) (00)    ;(00000000000000000000000000000000) (0) (0) (00)   ;(00000000000000000000000000000000) (0) (0) (00)   ;(00000000000000000000000000000000) (0) (0) (00)   ;(00000000000000000000000000000000) (0) (0) (00)   ;(00000000000000000000000000000000) (0) (0) (00)   ;(00000000000000000000000000000000) (0) (0) (00)   ;(00000000000000000000000000000000) (0) (0) (00)   ;
;8;(00000000000000000000000000000000) (0) (0) (00)    ;(00000000000000000000000000000000) (0) (0) (00)   ;(00000000000000000000000000000000) (0) (0) (00)   ;(00000000000000000000000000000000) (0) (0) (00)   ;(00000000000000000000000000000000) (0) (0) (00)   ;(00000000000000000000000000000000) (0) (0) (00)   ;(00000000000000000000000000000000) (0) (0) (00)   ;(00000000000000000000000000000000) (0) (0) (00)   ;
;16;(00000000000000000000000000000000) (0) (0) (00)    ;(00000000000000000000000000000000) (0) (0) (00)   ;(00000000000000000000000000000000) (0) (0) (00)   ;(00000000000000000000000000000000) (0) (0) (00)   ;(00000000000000000000000000000000) (0) (0) (00)   ;(00000000000000000000000000000000) (0) (0) (00)   ;(00000000000000000000000000000000) (0) (0) (00)   ;(00000000000000000000000000000000) (0) (0) (00)   ;
;24;(00000000000000000000000000000000) (0) (0) (00)    ;(00000000000000000000000000000000) (0) (0) (00)   ;(00000000000000000000000000000000) (0) (0) (00)   ;(00000000000000000000000000000000) (0) (0) (00)   ;(00000000000000000000000000000000) (0) (0) (00)   ;(00000000000000000000000000000000) (0) (0) (00)   ;(00000000000000000000000000000000) (0) (0) (00)   ;(00000000000000000000000000000000) (0) (0) (00)   ;


+---------------------------------------------------+
; Routing Usage Summary                             ;
+-----------------------+---------------------------+
; Routing Resource Type ; Usage                     ;
+-----------------------+---------------------------+
; Block interconnects   ; 9,631 / 148,641 ( 6 % )   ;
; C16 interconnects     ; 272 / 5,382 ( 5 % )       ;
; C4 interconnects      ; 4,640 / 106,704 ( 4 % )   ;
; Direct links          ; 1,388 / 148,641 ( < 1 % ) ;
; Global clocks         ; 6 / 20 ( 30 % )           ;
; Local interconnects   ; 2,653 / 49,760 ( 5 % )    ;
; NSLEEPs               ; 0 / 500 ( 0 % )           ;
; R24 interconnects     ; 327 / 5,406 ( 6 % )       ;
; R4 interconnects      ; 5,063 / 147,764 ( 3 % )   ;
+-----------------------+---------------------------+


+-----------------------------------------------------------------------------+
; LAB Logic Elements                                                          ;
+---------------------------------------------+-------------------------------+
; Number of Logic Elements  (Average = 11.84) ; Number of LABs  (Total = 419) ;
+---------------------------------------------+-------------------------------+
; 1                                           ; 36                            ;
; 2                                           ; 17                            ;
; 3                                           ; 11                            ;
; 4                                           ; 15                            ;
; 5                                           ; 20                            ;
; 6                                           ; 7                             ;
; 7                                           ; 6                             ;
; 8                                           ; 7                             ;
; 9                                           ; 4                             ;
; 10                                          ; 6                             ;
; 11                                          ; 6                             ;
; 12                                          ; 9                             ;
; 13                                          ; 16                            ;
; 14                                          ; 14                            ;
; 15                                          ; 35                            ;
; 16                                          ; 210                           ;
+---------------------------------------------+-------------------------------+


+--------------------------------------------------------------------+
; LAB-wide Signals                                                   ;
+------------------------------------+-------------------------------+
; LAB-wide Signals  (Average = 1.50) ; Number of LABs  (Total = 419) ;
+------------------------------------+-------------------------------+
; 1 Async. clear                     ; 140                           ;
; 1 Clock                            ; 276                           ;
; 1 Clock enable                     ; 96                            ;
; 1 Sync. clear                      ; 19                            ;
; 1 Sync. load                       ; 38                            ;
; 2 Clock enables                    ; 19                            ;
; 2 Clocks                           ; 42                            ;
+------------------------------------+-------------------------------+


+------------------------------------------------------------------------------+
; LAB Signals Sourced                                                          ;
+----------------------------------------------+-------------------------------+
; Number of Signals Sourced  (Average = 16.51) ; Number of LABs  (Total = 419) ;
+----------------------------------------------+-------------------------------+
; 0                                            ; 8                             ;
; 1                                            ; 18                            ;
; 2                                            ; 24                            ;
; 3                                            ; 6                             ;
; 4                                            ; 14                            ;
; 5                                            ; 4                             ;
; 6                                            ; 12                            ;
; 7                                            ; 3                             ;
; 8                                            ; 10                            ;
; 9                                            ; 7                             ;
; 10                                           ; 13                            ;
; 11                                           ; 6                             ;
; 12                                           ; 3                             ;
; 13                                           ; 4                             ;
; 14                                           ; 6                             ;
; 15                                           ; 13                            ;
; 16                                           ; 56                            ;
; 17                                           ; 34                            ;
; 18                                           ; 16                            ;
; 19                                           ; 10                            ;
; 20                                           ; 12                            ;
; 21                                           ; 10                            ;
; 22                                           ; 7                             ;
; 23                                           ; 10                            ;
; 24                                           ; 14                            ;
; 25                                           ; 13                            ;
; 26                                           ; 18                            ;
; 27                                           ; 7                             ;
; 28                                           ; 8                             ;
; 29                                           ; 13                            ;
; 30                                           ; 11                            ;
; 31                                           ; 3                             ;
; 32                                           ; 26                            ;
+----------------------------------------------+-------------------------------+


+---------------------------------------------------------------------------------+
; LAB Signals Sourced Out                                                         ;
+-------------------------------------------------+-------------------------------+
; Number of Signals Sourced Out  (Average = 7.47) ; Number of LABs  (Total = 419) ;
+-------------------------------------------------+-------------------------------+
; 0                                               ; 8                             ;
; 1                                               ; 73                            ;
; 2                                               ; 39                            ;
; 3                                               ; 30                            ;
; 4                                               ; 26                            ;
; 5                                               ; 17                            ;
; 6                                               ; 13                            ;
; 7                                               ; 13                            ;
; 8                                               ; 22                            ;
; 9                                               ; 22                            ;
; 10                                              ; 21                            ;
; 11                                              ; 24                            ;
; 12                                              ; 19                            ;
; 13                                              ; 6                             ;
; 14                                              ; 19                            ;
; 15                                              ; 11                            ;
; 16                                              ; 39                            ;
; 17                                              ; 8                             ;
; 18                                              ; 1                             ;
; 19                                              ; 4                             ;
; 20                                              ; 1                             ;
; 21                                              ; 1                             ;
; 22                                              ; 0                             ;
; 23                                              ; 1                             ;
; 24                                              ; 0                             ;
; 25                                              ; 0                             ;
; 26                                              ; 0                             ;
; 27                                              ; 0                             ;
; 28                                              ; 0                             ;
; 29                                              ; 0                             ;
; 30                                              ; 1                             ;
+-------------------------------------------------+-------------------------------+


+------------------------------------------------------------------------------+
; LAB Distinct Inputs                                                          ;
+----------------------------------------------+-------------------------------+
; Number of Distinct Inputs  (Average = 13.89) ; Number of LABs  (Total = 419) ;
+----------------------------------------------+-------------------------------+
; 0                                            ; 0                             ;
; 1                                            ; 2                             ;
; 2                                            ; 48                            ;
; 3                                            ; 23                            ;
; 4                                            ; 22                            ;
; 5                                            ; 16                            ;
; 6                                            ; 12                            ;
; 7                                            ; 24                            ;
; 8                                            ; 11                            ;
; 9                                            ; 16                            ;
; 10                                           ; 10                            ;
; 11                                           ; 12                            ;
; 12                                           ; 9                             ;
; 13                                           ; 7                             ;
; 14                                           ; 6                             ;
; 15                                           ; 12                            ;
; 16                                           ; 21                            ;
; 17                                           ; 13                            ;
; 18                                           ; 24                            ;
; 19                                           ; 12                            ;
; 20                                           ; 13                            ;
; 21                                           ; 9                             ;
; 22                                           ; 8                             ;
; 23                                           ; 9                             ;
; 24                                           ; 12                            ;
; 25                                           ; 7                             ;
; 26                                           ; 6                             ;
; 27                                           ; 6                             ;
; 28                                           ; 7                             ;
; 29                                           ; 4                             ;
; 30                                           ; 4                             ;
; 31                                           ; 5                             ;
; 32                                           ; 10                            ;
; 33                                           ; 8                             ;
; 34                                           ; 3                             ;
; 35                                           ; 3                             ;
; 36                                           ; 1                             ;
; 37                                           ; 2                             ;
+----------------------------------------------+-------------------------------+


+------------------------------------------+
; I/O Rules Summary                        ;
+----------------------------------+-------+
; I/O Rules Statistic              ; Total ;
+----------------------------------+-------+
; Total I/O Rules                  ; 30    ;
; Number of I/O Rules Passed       ; 10    ;
; Number of I/O Rules Failed       ; 0     ;
; Number of I/O Rules Unchecked    ; 0     ;
; Number of I/O Rules Inapplicable ; 20    ;
+----------------------------------+-------+


+--------------------------------------------------------------------------------------------------------------------------------------------------------------------------------------------------------------------------------------------------------------------------------------+
; I/O Rules Details                                                                                                                                                                                                                                                                    ;
+--------------+-----------+-----------------------------------+------------------------------------------------------------------------------------------------------+----------+--------------------------------------------------------------------------+------+-------------------+
; Status       ; ID        ; Category                          ; Rule Description                                                                                     ; Severity ; Information                                                              ; Area ; Extra Information ;
+--------------+-----------+-----------------------------------+------------------------------------------------------------------------------------------------------+----------+--------------------------------------------------------------------------+------+-------------------+
; Pass         ; IO_000001 ; Capacity Checks                   ; Number of pins in an I/O bank should not exceed the number of locations available.                   ; Critical ; 0 such failures found.                                                   ; I/O  ;                   ;
; Inapplicable ; IO_000002 ; Capacity Checks                   ; Number of clocks in an I/O bank should not exceed the number of clocks available.                    ; Critical ; No Global Signal assignments found.                                      ; I/O  ;                   ;
; Pass         ; IO_000003 ; Capacity Checks                   ; Number of pins in a Vrefgroup should not exceed the number of locations available.                   ; Critical ; 0 such failures found.                                                   ; I/O  ;                   ;
; Inapplicable ; IO_000004 ; Voltage Compatibility Checks      ; The I/O bank should support the requested VCCIO.                                                     ; Critical ; No IOBANK_VCCIO assignments found.                                       ; I/O  ;                   ;
; Inapplicable ; IO_000005 ; Voltage Compatibility Checks      ; The I/O bank should not have competing VREF values.                                                  ; Critical ; No VREF I/O Standard assignments found.                                  ; I/O  ;                   ;
; Pass         ; IO_000006 ; Voltage Compatibility Checks      ; The I/O bank should not have competing VCCIO values.                                                 ; Critical ; 0 such failures found.                                                   ; I/O  ;                   ;
; Pass         ; IO_000007 ; Valid Location Checks             ; Checks for unavailable locations.                                                                    ; Critical ; 0 such failures found.                                                   ; I/O  ;                   ;
; Inapplicable ; IO_000008 ; Valid Location Checks             ; Checks for reserved locations.                                                                       ; Critical ; No reserved LogicLock region found.                                      ; I/O  ;                   ;
; Pass         ; IO_000009 ; I/O Properties Checks for One I/O ; The location should support the requested I/O standard.                                              ; Critical ; 0 such failures found.                                                   ; I/O  ;                   ;
; Pass         ; IO_000010 ; I/O Properties Checks for One I/O ; The location should support the requested I/O direction.                                             ; Critical ; 0 such failures found.                                                   ; I/O  ;                   ;
; Inapplicable ; IO_000011 ; I/O Properties Checks for One I/O ; The location should support the requested Current Strength.                                          ; Critical ; No Current Strength assignments found.                                   ; I/O  ;                   ;
; Inapplicable ; IO_000012 ; I/O Properties Checks for One I/O ; The location should support the requested On Chip Termination value.                                 ; Critical ; No Termination assignments found.                                        ; I/O  ;                   ;
; Inapplicable ; IO_000013 ; I/O Properties Checks for One I/O ; The location should support the requested Bus Hold value.                                            ; Critical ; No Enable Bus-Hold Circuitry assignments found.                          ; I/O  ;                   ;
; Inapplicable ; IO_000014 ; I/O Properties Checks for One I/O ; The location should support the requested Weak Pull Up value.                                        ; Critical ; No Weak Pull-Up Resistor assignments found.                              ; I/O  ;                   ;
; Pass         ; IO_000015 ; I/O Properties Checks for One I/O ; The location should support the requested PCI Clamp Diode.                                           ; Critical ; 0 such failures found.                                                   ; I/O  ;                   ;
; Inapplicable ; IO_000018 ; I/O Properties Checks for One I/O ; The I/O standard should support the requested Current Strength.                                      ; Critical ; No Current Strength assignments found.                                   ; I/O  ;                   ;
; Inapplicable ; IO_000019 ; I/O Properties Checks for One I/O ; The I/O standard should support the requested On Chip Termination value.                             ; Critical ; No Termination assignments found.                                        ; I/O  ;                   ;
; Pass         ; IO_000020 ; I/O Properties Checks for One I/O ; The I/O standard should support the requested PCI Clamp Diode.                                       ; Critical ; 0 such failures found.                                                   ; I/O  ;                   ;
; Inapplicable ; IO_000021 ; I/O Properties Checks for One I/O ; The I/O standard should support the requested Weak Pull Up value.                                    ; Critical ; No Weak Pull-Up Resistor assignments found.                              ; I/O  ;                   ;
; Inapplicable ; IO_000022 ; I/O Properties Checks for One I/O ; The I/O standard should support the requested Bus Hold value.                                        ; Critical ; No Enable Bus-Hold Circuitry assignments found.                          ; I/O  ;                   ;
; Pass         ; IO_000023 ; I/O Properties Checks for One I/O ; The I/O standard should support the Open Drain value.                                                ; Critical ; 0 such failures found.                                                   ; I/O  ;                   ;
; Inapplicable ; IO_000024 ; I/O Properties Checks for One I/O ; The I/O direction should support the On Chip Termination value.                                      ; Critical ; No Termination assignments found.                                        ; I/O  ;                   ;
; Inapplicable ; IO_000026 ; I/O Properties Checks for One I/O ; On Chip Termination and Current Strength should not be used at the same time.                        ; Critical ; No Current Strength or Termination assignments found.                    ; I/O  ;                   ;
; Inapplicable ; IO_000027 ; I/O Properties Checks for One I/O ; Weak Pull Up and Bus Hold should not be used at the same time.                                       ; Critical ; No Enable Bus-Hold Circuitry or Weak Pull-Up Resistor assignments found. ; I/O  ;                   ;
; Inapplicable ; IO_000045 ; I/O Properties Checks for One I/O ; The I/O standard should support the requested Slew Rate value.                                       ; Critical ; No Slew Rate assignments found.                                          ; I/O  ;                   ;
; Inapplicable ; IO_000046 ; I/O Properties Checks for One I/O ; The location should support the requested Slew Rate value.                                           ; Critical ; No Slew Rate assignments found.                                          ; I/O  ;                   ;
; Inapplicable ; IO_000047 ; I/O Properties Checks for One I/O ; On Chip Termination and Slew Rate should not be used at the same time.                               ; Critical ; No Slew Rate assignments found.                                          ; I/O  ;                   ;
; Pass         ; IO_000033 ; Electromigration Checks           ; Current density for consecutive I/Os should not exceed 160mA for row I/Os and 160mA for column I/Os. ; Critical ; 0 such failures found.                                                   ; I/O  ;                   ;
; Inapplicable ; IO_000034 ; SI Related Distance Checks        ; Single-ended outputs should be 5 LAB row(s) away from a differential I/O.                            ; High     ; No Differential I/O Standard assignments found.                          ; I/O  ;                   ;
; Inapplicable ; IO_000042 ; SI Related SSO Limit Checks       ; No more than 20 outputs are allowed in a VREF group when VREF is being read from.                    ; High     ; No VREF I/O Standard assignments found.                                  ; I/O  ;                   ;
+--------------+-----------+-----------------------------------+------------------------------------------------------------------------------------------------------+----------+--------------------------------------------------------------------------+------+-------------------+


+---------------------------------------------------------------------------------------------------------------------------------------------------------------------------------------------------------------------------------------------------------------------------------------------------------------------------------------------------------------------------------------------------------------------------------------------------------------------------+
; I/O Rules Matrix                                                                                                                                                                                                                                                                                                                                                                                                                                                          ;
+---------------------+--------------+--------------+--------------+--------------+--------------+-----------+--------------+--------------+-----------+-----------+--------------+--------------+--------------+--------------+--------------+--------------+--------------+--------------+--------------+--------------+--------------+--------------+--------------+--------------+--------------+--------------+--------------+-----------+--------------+--------------+
; Pin/Rules           ; IO_000001    ; IO_000002    ; IO_000003    ; IO_000004    ; IO_000005    ; IO_000006 ; IO_000007    ; IO_000008    ; IO_000009 ; IO_000010 ; IO_000011    ; IO_000012    ; IO_000013    ; IO_000014    ; IO_000015    ; IO_000018    ; IO_000019    ; IO_000020    ; IO_000021    ; IO_000022    ; IO_000023    ; IO_000024    ; IO_000026    ; IO_000027    ; IO_000045    ; IO_000046    ; IO_000047    ; IO_000033 ; IO_000034    ; IO_000042    ;
+---------------------+--------------+--------------+--------------+--------------+--------------+-----------+--------------+--------------+-----------+-----------+--------------+--------------+--------------+--------------+--------------+--------------+--------------+--------------+--------------+--------------+--------------+--------------+--------------+--------------+--------------+--------------+--------------+-----------+--------------+--------------+
; Total Pass          ; 41           ; 0            ; 41           ; 0            ; 0            ; 45        ; 41           ; 0            ; 45        ; 45        ; 0            ; 0            ; 0            ; 0            ; 41           ; 0            ; 0            ; 41           ; 0            ; 0            ; 35           ; 0            ; 0            ; 0            ; 0            ; 0            ; 0            ; 45        ; 0            ; 0            ;
; Total Unchecked     ; 0            ; 0            ; 0            ; 0            ; 0            ; 0         ; 0            ; 0            ; 0         ; 0         ; 0            ; 0            ; 0            ; 0            ; 0            ; 0            ; 0            ; 0            ; 0            ; 0            ; 0            ; 0            ; 0            ; 0            ; 0            ; 0            ; 0            ; 0         ; 0            ; 0            ;
; Total Inapplicable  ; 4            ; 45           ; 4            ; 45           ; 45           ; 0         ; 4            ; 45           ; 0         ; 0         ; 45           ; 45           ; 45           ; 45           ; 4            ; 45           ; 45           ; 4            ; 45           ; 45           ; 10           ; 45           ; 45           ; 45           ; 45           ; 45           ; 45           ; 0         ; 45           ; 45           ;
; Total Fail          ; 0            ; 0            ; 0            ; 0            ; 0            ; 0         ; 0            ; 0            ; 0         ; 0         ; 0            ; 0            ; 0            ; 0            ; 0            ; 0            ; 0            ; 0            ; 0            ; 0            ; 0            ; 0            ; 0            ; 0            ; 0            ; 0            ; 0            ; 0         ; 0            ; 0            ;
; KEY[1]              ; Pass         ; Inapplicable ; Pass         ; Inapplicable ; Inapplicable ; Pass      ; Pass         ; Inapplicable ; Pass      ; Pass      ; Inapplicable ; Inapplicable ; Inapplicable ; Inapplicable ; Pass         ; Inapplicable ; Inapplicable ; Pass         ; Inapplicable ; Inapplicable ; Inapplicable ; Inapplicable ; Inapplicable ; Inapplicable ; Inapplicable ; Inapplicable ; Inapplicable ; Pass      ; Inapplicable ; Inapplicable ;
; ADC_CLK_10          ; Pass         ; Inapplicable ; Pass         ; Inapplicable ; Inapplicable ; Pass      ; Pass         ; Inapplicable ; Pass      ; Pass      ; Inapplicable ; Inapplicable ; Inapplicable ; Inapplicable ; Pass         ; Inapplicable ; Inapplicable ; Pass         ; Inapplicable ; Inapplicable ; Inapplicable ; Inapplicable ; Inapplicable ; Inapplicable ; Inapplicable ; Inapplicable ; Inapplicable ; Pass      ; Inapplicable ; Inapplicable ;
; MAX10_CLK2_50       ; Pass         ; Inapplicable ; Pass         ; Inapplicable ; Inapplicable ; Pass      ; Pass         ; Inapplicable ; Pass      ; Pass      ; Inapplicable ; Inapplicable ; Inapplicable ; Inapplicable ; Pass         ; Inapplicable ; Inapplicable ; Pass         ; Inapplicable ; Inapplicable ; Inapplicable ; Inapplicable ; Inapplicable ; Inapplicable ; Inapplicable ; Inapplicable ; Inapplicable ; Pass      ; Inapplicable ; Inapplicable ;
; GPIO[2]             ; Pass         ; Inapplicable ; Pass         ; Inapplicable ; Inapplicable ; Pass      ; Pass         ; Inapplicable ; Pass      ; Pass      ; Inapplicable ; Inapplicable ; Inapplicable ; Inapplicable ; Pass         ; Inapplicable ; Inapplicable ; Pass         ; Inapplicable ; Inapplicable ; Pass         ; Inapplicable ; Inapplicable ; Inapplicable ; Inapplicable ; Inapplicable ; Inapplicable ; Pass      ; Inapplicable ; Inapplicable ;
; GPIO[3]             ; Pass         ; Inapplicable ; Pass         ; Inapplicable ; Inapplicable ; Pass      ; Pass         ; Inapplicable ; Pass      ; Pass      ; Inapplicable ; Inapplicable ; Inapplicable ; Inapplicable ; Pass         ; Inapplicable ; Inapplicable ; Pass         ; Inapplicable ; Inapplicable ; Pass         ; Inapplicable ; Inapplicable ; Inapplicable ; Inapplicable ; Inapplicable ; Inapplicable ; Pass      ; Inapplicable ; Inapplicable ;
; GPIO[4]             ; Pass         ; Inapplicable ; Pass         ; Inapplicable ; Inapplicable ; Pass      ; Pass         ; Inapplicable ; Pass      ; Pass      ; Inapplicable ; Inapplicable ; Inapplicable ; Inapplicable ; Pass         ; Inapplicable ; Inapplicable ; Pass         ; Inapplicable ; Inapplicable ; Pass         ; Inapplicable ; Inapplicable ; Inapplicable ; Inapplicable ; Inapplicable ; Inapplicable ; Pass      ; Inapplicable ; Inapplicable ;
; GPIO[5]             ; Pass         ; Inapplicable ; Pass         ; Inapplicable ; Inapplicable ; Pass      ; Pass         ; Inapplicable ; Pass      ; Pass      ; Inapplicable ; Inapplicable ; Inapplicable ; Inapplicable ; Pass         ; Inapplicable ; Inapplicable ; Pass         ; Inapplicable ; Inapplicable ; Pass         ; Inapplicable ; Inapplicable ; Inapplicable ; Inapplicable ; Inapplicable ; Inapplicable ; Pass      ; Inapplicable ; Inapplicable ;
; GPIO[6]             ; Pass         ; Inapplicable ; Pass         ; Inapplicable ; Inapplicable ; Pass      ; Pass         ; Inapplicable ; Pass      ; Pass      ; Inapplicable ; Inapplicable ; Inapplicable ; Inapplicable ; Pass         ; Inapplicable ; Inapplicable ; Pass         ; Inapplicable ; Inapplicable ; Pass         ; Inapplicable ; Inapplicable ; Inapplicable ; Inapplicable ; Inapplicable ; Inapplicable ; Pass      ; Inapplicable ; Inapplicable ;
; GPIO[7]             ; Pass         ; Inapplicable ; Pass         ; Inapplicable ; Inapplicable ; Pass      ; Pass         ; Inapplicable ; Pass      ; Pass      ; Inapplicable ; Inapplicable ; Inapplicable ; Inapplicable ; Pass         ; Inapplicable ; Inapplicable ; Pass         ; Inapplicable ; Inapplicable ; Pass         ; Inapplicable ; Inapplicable ; Inapplicable ; Inapplicable ; Inapplicable ; Inapplicable ; Pass      ; Inapplicable ; Inapplicable ;
; GPIO[8]             ; Pass         ; Inapplicable ; Pass         ; Inapplicable ; Inapplicable ; Pass      ; Pass         ; Inapplicable ; Pass      ; Pass      ; Inapplicable ; Inapplicable ; Inapplicable ; Inapplicable ; Pass         ; Inapplicable ; Inapplicable ; Pass         ; Inapplicable ; Inapplicable ; Pass         ; Inapplicable ; Inapplicable ; Inapplicable ; Inapplicable ; Inapplicable ; Inapplicable ; Pass      ; Inapplicable ; Inapplicable ;
; GPIO[9]             ; Pass         ; Inapplicable ; Pass         ; Inapplicable ; Inapplicable ; Pass      ; Pass         ; Inapplicable ; Pass      ; Pass      ; Inapplicable ; Inapplicable ; Inapplicable ; Inapplicable ; Pass         ; Inapplicable ; Inapplicable ; Pass         ; Inapplicable ; Inapplicable ; Pass         ; Inapplicable ; Inapplicable ; Inapplicable ; Inapplicable ; Inapplicable ; Inapplicable ; Pass      ; Inapplicable ; Inapplicable ;
; GPIO[10]            ; Pass         ; Inapplicable ; Pass         ; Inapplicable ; Inapplicable ; Pass      ; Pass         ; Inapplicable ; Pass      ; Pass      ; Inapplicable ; Inapplicable ; Inapplicable ; Inapplicable ; Pass         ; Inapplicable ; Inapplicable ; Pass         ; Inapplicable ; Inapplicable ; Pass         ; Inapplicable ; Inapplicable ; Inapplicable ; Inapplicable ; Inapplicable ; Inapplicable ; Pass      ; Inapplicable ; Inapplicable ;
; GPIO[11]            ; Pass         ; Inapplicable ; Pass         ; Inapplicable ; Inapplicable ; Pass      ; Pass         ; Inapplicable ; Pass      ; Pass      ; Inapplicable ; Inapplicable ; Inapplicable ; Inapplicable ; Pass         ; Inapplicable ; Inapplicable ; Pass         ; Inapplicable ; Inapplicable ; Pass         ; Inapplicable ; Inapplicable ; Inapplicable ; Inapplicable ; Inapplicable ; Inapplicable ; Pass      ; Inapplicable ; Inapplicable ;
; GPIO[12]            ; Pass         ; Inapplicable ; Pass         ; Inapplicable ; Inapplicable ; Pass      ; Pass         ; Inapplicable ; Pass      ; Pass      ; Inapplicable ; Inapplicable ; Inapplicable ; Inapplicable ; Pass         ; Inapplicable ; Inapplicable ; Pass         ; Inapplicable ; Inapplicable ; Pass         ; Inapplicable ; Inapplicable ; Inapplicable ; Inapplicable ; Inapplicable ; Inapplicable ; Pass      ; Inapplicable ; Inapplicable ;
; GPIO[13]            ; Pass         ; Inapplicable ; Pass         ; Inapplicable ; Inapplicable ; Pass      ; Pass         ; Inapplicable ; Pass      ; Pass      ; Inapplicable ; Inapplicable ; Inapplicable ; Inapplicable ; Pass         ; Inapplicable ; Inapplicable ; Pass         ; Inapplicable ; Inapplicable ; Pass         ; Inapplicable ; Inapplicable ; Inapplicable ; Inapplicable ; Inapplicable ; Inapplicable ; Pass      ; Inapplicable ; Inapplicable ;
; GPIO[14]            ; Pass         ; Inapplicable ; Pass         ; Inapplicable ; Inapplicable ; Pass      ; Pass         ; Inapplicable ; Pass      ; Pass      ; Inapplicable ; Inapplicable ; Inapplicable ; Inapplicable ; Pass         ; Inapplicable ; Inapplicable ; Pass         ; Inapplicable ; Inapplicable ; Pass         ; Inapplicable ; Inapplicable ; Inapplicable ; Inapplicable ; Inapplicable ; Inapplicable ; Pass      ; Inapplicable ; Inapplicable ;
; GPIO[15]            ; Pass         ; Inapplicable ; Pass         ; Inapplicable ; Inapplicable ; Pass      ; Pass         ; Inapplicable ; Pass      ; Pass      ; Inapplicable ; Inapplicable ; Inapplicable ; Inapplicable ; Pass         ; Inapplicable ; Inapplicable ; Pass         ; Inapplicable ; Inapplicable ; Pass         ; Inapplicable ; Inapplicable ; Inapplicable ; Inapplicable ; Inapplicable ; Inapplicable ; Pass      ; Inapplicable ; Inapplicable ;
; GPIO[16]            ; Pass         ; Inapplicable ; Pass         ; Inapplicable ; Inapplicable ; Pass      ; Pass         ; Inapplicable ; Pass      ; Pass      ; Inapplicable ; Inapplicable ; Inapplicable ; Inapplicable ; Pass         ; Inapplicable ; Inapplicable ; Pass         ; Inapplicable ; Inapplicable ; Pass         ; Inapplicable ; Inapplicable ; Inapplicable ; Inapplicable ; Inapplicable ; Inapplicable ; Pass      ; Inapplicable ; Inapplicable ;
; GPIO[17]            ; Pass         ; Inapplicable ; Pass         ; Inapplicable ; Inapplicable ; Pass      ; Pass         ; Inapplicable ; Pass      ; Pass      ; Inapplicable ; Inapplicable ; Inapplicable ; Inapplicable ; Pass         ; Inapplicable ; Inapplicable ; Pass         ; Inapplicable ; Inapplicable ; Pass         ; Inapplicable ; Inapplicable ; Inapplicable ; Inapplicable ; Inapplicable ; Inapplicable ; Pass      ; Inapplicable ; Inapplicable ;
; GPIO[18]            ; Pass         ; Inapplicable ; Pass         ; Inapplicable ; Inapplicable ; Pass      ; Pass         ; Inapplicable ; Pass      ; Pass      ; Inapplicable ; Inapplicable ; Inapplicable ; Inapplicable ; Pass         ; Inapplicable ; Inapplicable ; Pass         ; Inapplicable ; Inapplicable ; Pass         ; Inapplicable ; Inapplicable ; Inapplicable ; Inapplicable ; Inapplicable ; Inapplicable ; Pass      ; Inapplicable ; Inapplicable ;
; GPIO[19]            ; Pass         ; Inapplicable ; Pass         ; Inapplicable ; Inapplicable ; Pass      ; Pass         ; Inapplicable ; Pass      ; Pass      ; Inapplicable ; Inapplicable ; Inapplicable ; Inapplicable ; Pass         ; Inapplicable ; Inapplicable ; Pass         ; Inapplicable ; Inapplicable ; Pass         ; Inapplicable ; Inapplicable ; Inapplicable ; Inapplicable ; Inapplicable ; Inapplicable ; Pass      ; Inapplicable ; Inapplicable ;
; GPIO[20]            ; Pass         ; Inapplicable ; Pass         ; Inapplicable ; Inapplicable ; Pass      ; Pass         ; Inapplicable ; Pass      ; Pass      ; Inapplicable ; Inapplicable ; Inapplicable ; Inapplicable ; Pass         ; Inapplicable ; Inapplicable ; Pass         ; Inapplicable ; Inapplicable ; Pass         ; Inapplicable ; Inapplicable ; Inapplicable ; Inapplicable ; Inapplicable ; Inapplicable ; Pass      ; Inapplicable ; Inapplicable ;
; GPIO[21]            ; Pass         ; Inapplicable ; Pass         ; Inapplicable ; Inapplicable ; Pass      ; Pass         ; Inapplicable ; Pass      ; Pass      ; Inapplicable ; Inapplicable ; Inapplicable ; Inapplicable ; Pass         ; Inapplicable ; Inapplicable ; Pass         ; Inapplicable ; Inapplicable ; Pass         ; Inapplicable ; Inapplicable ; Inapplicable ; Inapplicable ; Inapplicable ; Inapplicable ; Pass      ; Inapplicable ; Inapplicable ;
; GPIO[22]            ; Pass         ; Inapplicable ; Pass         ; Inapplicable ; Inapplicable ; Pass      ; Pass         ; Inapplicable ; Pass      ; Pass      ; Inapplicable ; Inapplicable ; Inapplicable ; Inapplicable ; Pass         ; Inapplicable ; Inapplicable ; Pass         ; Inapplicable ; Inapplicable ; Pass         ; Inapplicable ; Inapplicable ; Inapplicable ; Inapplicable ; Inapplicable ; Inapplicable ; Pass      ; Inapplicable ; Inapplicable ;
; GPIO[23]            ; Pass         ; Inapplicable ; Pass         ; Inapplicable ; Inapplicable ; Pass      ; Pass         ; Inapplicable ; Pass      ; Pass      ; Inapplicable ; Inapplicable ; Inapplicable ; Inapplicable ; Pass         ; Inapplicable ; Inapplicable ; Pass         ; Inapplicable ; Inapplicable ; Pass         ; Inapplicable ; Inapplicable ; Inapplicable ; Inapplicable ; Inapplicable ; Inapplicable ; Pass      ; Inapplicable ; Inapplicable ;
; GPIO[24]            ; Pass         ; Inapplicable ; Pass         ; Inapplicable ; Inapplicable ; Pass      ; Pass         ; Inapplicable ; Pass      ; Pass      ; Inapplicable ; Inapplicable ; Inapplicable ; Inapplicable ; Pass         ; Inapplicable ; Inapplicable ; Pass         ; Inapplicable ; Inapplicable ; Pass         ; Inapplicable ; Inapplicable ; Inapplicable ; Inapplicable ; Inapplicable ; Inapplicable ; Pass      ; Inapplicable ; Inapplicable ;
; GPIO[25]            ; Pass         ; Inapplicable ; Pass         ; Inapplicable ; Inapplicable ; Pass      ; Pass         ; Inapplicable ; Pass      ; Pass      ; Inapplicable ; Inapplicable ; Inapplicable ; Inapplicable ; Pass         ; Inapplicable ; Inapplicable ; Pass         ; Inapplicable ; Inapplicable ; Pass         ; Inapplicable ; Inapplicable ; Inapplicable ; Inapplicable ; Inapplicable ; Inapplicable ; Pass      ; Inapplicable ; Inapplicable ;
; GPIO[26]            ; Pass         ; Inapplicable ; Pass         ; Inapplicable ; Inapplicable ; Pass      ; Pass         ; Inapplicable ; Pass      ; Pass      ; Inapplicable ; Inapplicable ; Inapplicable ; Inapplicable ; Pass         ; Inapplicable ; Inapplicable ; Pass         ; Inapplicable ; Inapplicable ; Pass         ; Inapplicable ; Inapplicable ; Inapplicable ; Inapplicable ; Inapplicable ; Inapplicable ; Pass      ; Inapplicable ; Inapplicable ;
; GPIO[27]            ; Pass         ; Inapplicable ; Pass         ; Inapplicable ; Inapplicable ; Pass      ; Pass         ; Inapplicable ; Pass      ; Pass      ; Inapplicable ; Inapplicable ; Inapplicable ; Inapplicable ; Pass         ; Inapplicable ; Inapplicable ; Pass         ; Inapplicable ; Inapplicable ; Pass         ; Inapplicable ; Inapplicable ; Inapplicable ; Inapplicable ; Inapplicable ; Inapplicable ; Pass      ; Inapplicable ; Inapplicable ;
; GPIO[28]            ; Pass         ; Inapplicable ; Pass         ; Inapplicable ; Inapplicable ; Pass      ; Pass         ; Inapplicable ; Pass      ; Pass      ; Inapplicable ; Inapplicable ; Inapplicable ; Inapplicable ; Pass         ; Inapplicable ; Inapplicable ; Pass         ; Inapplicable ; Inapplicable ; Pass         ; Inapplicable ; Inapplicable ; Inapplicable ; Inapplicable ; Inapplicable ; Inapplicable ; Pass      ; Inapplicable ; Inapplicable ;
; GPIO[29]            ; Pass         ; Inapplicable ; Pass         ; Inapplicable ; Inapplicable ; Pass      ; Pass         ; Inapplicable ; Pass      ; Pass      ; Inapplicable ; Inapplicable ; Inapplicable ; Inapplicable ; Pass         ; Inapplicable ; Inapplicable ; Pass         ; Inapplicable ; Inapplicable ; Pass         ; Inapplicable ; Inapplicable ; Inapplicable ; Inapplicable ; Inapplicable ; Inapplicable ; Pass      ; Inapplicable ; Inapplicable ;
; GPIO[30]            ; Pass         ; Inapplicable ; Pass         ; Inapplicable ; Inapplicable ; Pass      ; Pass         ; Inapplicable ; Pass      ; Pass      ; Inapplicable ; Inapplicable ; Inapplicable ; Inapplicable ; Pass         ; Inapplicable ; Inapplicable ; Pass         ; Inapplicable ; Inapplicable ; Pass         ; Inapplicable ; Inapplicable ; Inapplicable ; Inapplicable ; Inapplicable ; Inapplicable ; Pass      ; Inapplicable ; Inapplicable ;
; GPIO[31]            ; Pass         ; Inapplicable ; Pass         ; Inapplicable ; Inapplicable ; Pass      ; Pass         ; Inapplicable ; Pass      ; Pass      ; Inapplicable ; Inapplicable ; Inapplicable ; Inapplicable ; Pass         ; Inapplicable ; Inapplicable ; Pass         ; Inapplicable ; Inapplicable ; Pass         ; Inapplicable ; Inapplicable ; Inapplicable ; Inapplicable ; Inapplicable ; Inapplicable ; Pass      ; Inapplicable ; Inapplicable ;
; GPIO[32]            ; Pass         ; Inapplicable ; Pass         ; Inapplicable ; Inapplicable ; Pass      ; Pass         ; Inapplicable ; Pass      ; Pass      ; Inapplicable ; Inapplicable ; Inapplicable ; Inapplicable ; Pass         ; Inapplicable ; Inapplicable ; Pass         ; Inapplicable ; Inapplicable ; Pass         ; Inapplicable ; Inapplicable ; Inapplicable ; Inapplicable ; Inapplicable ; Inapplicable ; Pass      ; Inapplicable ; Inapplicable ;
; GPIO[33]            ; Pass         ; Inapplicable ; Pass         ; Inapplicable ; Inapplicable ; Pass      ; Pass         ; Inapplicable ; Pass      ; Pass      ; Inapplicable ; Inapplicable ; Inapplicable ; Inapplicable ; Pass         ; Inapplicable ; Inapplicable ; Pass         ; Inapplicable ; Inapplicable ; Pass         ; Inapplicable ; Inapplicable ; Inapplicable ; Inapplicable ; Inapplicable ; Inapplicable ; Pass      ; Inapplicable ; Inapplicable ;
; GPIO[34]            ; Pass         ; Inapplicable ; Pass         ; Inapplicable ; Inapplicable ; Pass      ; Pass         ; Inapplicable ; Pass      ; Pass      ; Inapplicable ; Inapplicable ; Inapplicable ; Inapplicable ; Pass         ; Inapplicable ; Inapplicable ; Pass         ; Inapplicable ; Inapplicable ; Pass         ; Inapplicable ; Inapplicable ; Inapplicable ; Inapplicable ; Inapplicable ; Inapplicable ; Pass      ; Inapplicable ; Inapplicable ;
; GPIO[35]            ; Pass         ; Inapplicable ; Pass         ; Inapplicable ; Inapplicable ; Pass      ; Pass         ; Inapplicable ; Pass      ; Pass      ; Inapplicable ; Inapplicable ; Inapplicable ; Inapplicable ; Pass         ; Inapplicable ; Inapplicable ; Pass         ; Inapplicable ; Inapplicable ; Pass         ; Inapplicable ; Inapplicable ; Inapplicable ; Inapplicable ; Inapplicable ; Inapplicable ; Pass      ; Inapplicable ; Inapplicable ;
; GPIO[0]             ; Pass         ; Inapplicable ; Pass         ; Inapplicable ; Inapplicable ; Pass      ; Pass         ; Inapplicable ; Pass      ; Pass      ; Inapplicable ; Inapplicable ; Inapplicable ; Inapplicable ; Pass         ; Inapplicable ; Inapplicable ; Pass         ; Inapplicable ; Inapplicable ; Pass         ; Inapplicable ; Inapplicable ; Inapplicable ; Inapplicable ; Inapplicable ; Inapplicable ; Pass      ; Inapplicable ; Inapplicable ;
; GPIO[1]             ; Pass         ; Inapplicable ; Pass         ; Inapplicable ; Inapplicable ; Pass      ; Pass         ; Inapplicable ; Pass      ; Pass      ; Inapplicable ; Inapplicable ; Inapplicable ; Inapplicable ; Pass         ; Inapplicable ; Inapplicable ; Pass         ; Inapplicable ; Inapplicable ; Inapplicable ; Inapplicable ; Inapplicable ; Inapplicable ; Inapplicable ; Inapplicable ; Inapplicable ; Pass      ; Inapplicable ; Inapplicable ;
; MAX10_CLK1_50       ; Pass         ; Inapplicable ; Pass         ; Inapplicable ; Inapplicable ; Pass      ; Pass         ; Inapplicable ; Pass      ; Pass      ; Inapplicable ; Inapplicable ; Inapplicable ; Inapplicable ; Pass         ; Inapplicable ; Inapplicable ; Pass         ; Inapplicable ; Inapplicable ; Inapplicable ; Inapplicable ; Inapplicable ; Inapplicable ; Inapplicable ; Inapplicable ; Inapplicable ; Pass      ; Inapplicable ; Inapplicable ;
; KEY[0]              ; Pass         ; Inapplicable ; Pass         ; Inapplicable ; Inapplicable ; Pass      ; Pass         ; Inapplicable ; Pass      ; Pass      ; Inapplicable ; Inapplicable ; Inapplicable ; Inapplicable ; Pass         ; Inapplicable ; Inapplicable ; Pass         ; Inapplicable ; Inapplicable ; Inapplicable ; Inapplicable ; Inapplicable ; Inapplicable ; Inapplicable ; Inapplicable ; Inapplicable ; Pass      ; Inapplicable ; Inapplicable ;
; altera_reserved_tms ; Inapplicable ; Inapplicable ; Inapplicable ; Inapplicable ; Inapplicable ; Pass      ; Inapplicable ; Inapplicable ; Pass      ; Pass      ; Inapplicable ; Inapplicable ; Inapplicable ; Inapplicable ; Inapplicable ; Inapplicable ; Inapplicable ; Inapplicable ; Inapplicable ; Inapplicable ; Inapplicable ; Inapplicable ; Inapplicable ; Inapplicable ; Inapplicable ; Inapplicable ; Inapplicable ; Pass      ; Inapplicable ; Inapplicable ;
; altera_reserved_tck ; Inapplicable ; Inapplicable ; Inapplicable ; Inapplicable ; Inapplicable ; Pass      ; Inapplicable ; Inapplicable ; Pass      ; Pass      ; Inapplicable ; Inapplicable ; Inapplicable ; Inapplicable ; Inapplicable ; Inapplicable ; Inapplicable ; Inapplicable ; Inapplicable ; Inapplicable ; Inapplicable ; Inapplicable ; Inapplicable ; Inapplicable ; Inapplicable ; Inapplicable ; Inapplicable ; Pass      ; Inapplicable ; Inapplicable ;
; altera_reserved_tdi ; Inapplicable ; Inapplicable ; Inapplicable ; Inapplicable ; Inapplicable ; Pass      ; Inapplicable ; Inapplicable ; Pass      ; Pass      ; Inapplicable ; Inapplicable ; Inapplicable ; Inapplicable ; Inapplicable ; Inapplicable ; Inapplicable ; Inapplicable ; Inapplicable ; Inapplicable ; Inapplicable ; Inapplicable ; Inapplicable ; Inapplicable ; Inapplicable ; Inapplicable ; Inapplicable ; Pass      ; Inapplicable ; Inapplicable ;
; altera_reserved_tdo ; Inapplicable ; Inapplicable ; Inapplicable ; Inapplicable ; Inapplicable ; Pass      ; Inapplicable ; Inapplicable ; Pass      ; Pass      ; Inapplicable ; Inapplicable ; Inapplicable ; Inapplicable ; Inapplicable ; Inapplicable ; Inapplicable ; Inapplicable ; Inapplicable ; Inapplicable ; Inapplicable ; Inapplicable ; Inapplicable ; Inapplicable ; Inapplicable ; Inapplicable ; Inapplicable ; Pass      ; Inapplicable ; Inapplicable ;
+---------------------+--------------+--------------+--------------+--------------+--------------+-----------+--------------+--------------+-----------+-----------+--------------+--------------+--------------+--------------+--------------+--------------+--------------+--------------+--------------+--------------+--------------+--------------+--------------+--------------+--------------+--------------+--------------+-----------+--------------+--------------+


+-------------------------------------------------------------------------------------------+
; Fitter Device Options                                                                     ;
+------------------------------------------------------------------+------------------------+
; Option                                                           ; Setting                ;
+------------------------------------------------------------------+------------------------+
; Enable user-supplied start-up clock (CLKUSR)                     ; Off                    ;
; Enable device-wide reset (DEV_CLRn)                              ; Off                    ;
; Enable device-wide output enable (DEV_OE)                        ; Off                    ;
; Enable INIT_DONE output                                          ; Off                    ;
; Configuration scheme                                             ; Internal Configuration ;
; Enable Error Detection CRC_ERROR pin                             ; Off                    ;
; Enable open drain on CRC_ERROR pin                               ; Off                    ;
; Enable nCONFIG, nSTATUS, and CONF_DONE pins                      ; On                     ;
; Enable JTAG pin sharing                                          ; Off                    ;
; Enable nCE pin                                                   ; Off                    ;
; Enable CONFIG_SEL pin                                            ; On                     ;
; Enable input tri-state on active configuration pins in user mode ; Off                    ;
; Configuration Voltage Level                                      ; Auto                   ;
; Force Configuration Voltage Level                                ; Off                    ;
; Data[0]                                                          ; Unreserved             ;
; Data[1]/ASDO                                                     ; Unreserved             ;
; FLASH_nCE/nCSO                                                   ; Unreserved             ;
; DCLK                                                             ; Unreserved             ;
+------------------------------------------------------------------+------------------------+


+------------------------------------+
; Operating Settings and Conditions  ;
+---------------------------+--------+
; Setting                   ; Value  ;
+---------------------------+--------+
; Nominal Core Voltage      ; 1.20 V ;
; Low Junction Temperature  ; 0 °C   ;
; High Junction Temperature ; 85 °C  ;
+---------------------------+--------+


+----------------------------------------------------------------------------------------------+
; Estimated Delay Added for Hold Timing Summary                                                ;
+---------------------------------------------------+----------------------+-------------------+
; Source Clock(s)                                   ; Destination Clock(s) ; Delay Added in ns ;
+---------------------------------------------------+----------------------+-------------------+
; PLLTX|altpll_component|auto_generated|pll1|clk[1] ; MAX10_CLK1_50        ; 108.5             ;
; MAX10_CLK1_50                                     ; MAX10_CLK1_50        ; 18.1              ;
+---------------------------------------------------+----------------------+-------------------+
Note: For more information on problematic transfers, consider running the Fitter again with the Optimize hold timing option (Settings Menu) turned off.
This will disable optimization of problematic paths and expose them for further analysis using the Timing Analyzer.


+---------------------------------------------------------------------------------------------------------------------------------------------------------------------------------------------------------------------------------------------------------------------------------------------------------------------------------------------------------------------------------------------------------------------------------------------------------------------------------------------------------------+
; Estimated Delay Added for Hold Timing Details                                                                                                                                                                                                                                                                                                                                                                                                                                                                 ;
+--------------------------------------------------------------------------------------------------------------------------------------------------------------------------------------------------------------------+----------------------------------------------------------------------------------------------------------------------------------------------------------------------------------------------------------------------------------------------------------------------+-------------------+
; Source Register                                                                                                                                                                                                    ; Destination Register                                                                                                                                                                                                                                                 ; Delay Added in ns ;
+--------------------------------------------------------------------------------------------------------------------------------------------------------------------------------------------------------------------+----------------------------------------------------------------------------------------------------------------------------------------------------------------------------------------------------------------------------------------------------------------------+-------------------+
; scan_FSM:SCAN|uart_recv:UART_RX|data[3]                                                                                                                                                                            ; sld_signaltap:auto_signaltap_0|acq_trigger_in_reg[50]                                                                                                                                                                                                                ; 6.302             ;
; scan_FSM:SCAN|uart_recv:UART_RX|data[2]                                                                                                                                                                            ; sld_signaltap:auto_signaltap_0|acq_data_in_reg[49]                                                                                                                                                                                                                   ; 6.280             ;
; scan_FSM:SCAN|uart_recv:UART_RX|data[7]                                                                                                                                                                            ; sld_signaltap:auto_signaltap_0|acq_data_in_reg[54]                                                                                                                                                                                                                   ; 6.153             ;
; scan_FSM:SCAN|uart_recv:UART_RX|data[0]                                                                                                                                                                            ; sld_signaltap:auto_signaltap_0|acq_data_in_reg[47]                                                                                                                                                                                                                   ; 6.147             ;
; scan_FSM:SCAN|uart_recv:UART_RX|data[1]                                                                                                                                                                            ; sld_signaltap:auto_signaltap_0|acq_data_in_reg[48]                                                                                                                                                                                                                   ; 6.147             ;
; scan_FSM:SCAN|UARTSampler:DA_SAMPLER|rx_sync                                                                                                                                                                       ; sld_signaltap:auto_signaltap_0|acq_trigger_in_reg[12]                                                                                                                                                                                                                ; 6.126             ;
; scan_FSM:SCAN|uart_recv:UART_RX|data[4]                                                                                                                                                                            ; sld_signaltap:auto_signaltap_0|acq_trigger_in_reg[51]                                                                                                                                                                                                                ; 5.977             ;
; scan_FSM:SCAN|uart_recv:UART_RX|data[5]                                                                                                                                                                            ; sld_signaltap:auto_signaltap_0|acq_trigger_in_reg[52]                                                                                                                                                                                                                ; 5.943             ;
; scan_FSM:SCAN|uart_recv:UART_RX|data[6]                                                                                                                                                                            ; sld_signaltap:auto_signaltap_0|acq_trigger_in_reg[53]                                                                                                                                                                                                                ; 5.943             ;
; MAX10_CLK1_50                                                                                                                                                                                                      ; sld_signaltap:auto_signaltap_0|acq_trigger_in_reg[0]                                                                                                                                                                                                                 ; 2.299             ;
; execute:EXECUTE|q_2_out[1]                                                                                                                                                                                         ; memory:MEMORY|my_ram:RAM|altsyncram:altsyncram_component|altsyncram_29s3:auto_generated|ram_block1a1~porta_datain_reg0                                                                                                                                               ; 0.374             ;
; execute:EXECUTE|q_2_out[9]                                                                                                                                                                                         ; memory:MEMORY|my_ram:RAM|altsyncram:altsyncram_component|altsyncram_29s3:auto_generated|ram_block1a9~porta_datain_reg0                                                                                                                                               ; 0.374             ;
; execute:EXECUTE|q_2_out[24]                                                                                                                                                                                        ; memory:MEMORY|my_ram:RAM|altsyncram:altsyncram_component|altsyncram_29s3:auto_generated|ram_block1a24~porta_datain_reg0                                                                                                                                              ; 0.374             ;
; execute:EXECUTE|q_2_out[26]                                                                                                                                                                                        ; memory:MEMORY|my_ram:RAM|altsyncram:altsyncram_component|altsyncram_29s3:auto_generated|ram_block1a26~porta_datain_reg0                                                                                                                                              ; 0.374             ;
; execute:EXECUTE|q_2_out[23]                                                                                                                                                                                        ; memory:MEMORY|my_ram:RAM|altsyncram:altsyncram_component|altsyncram_29s3:auto_generated|ram_block1a23~porta_datain_reg0                                                                                                                                              ; 0.374             ;
; sld_signaltap:auto_signaltap_0|sld_signaltap_impl:sld_signaltap_body|sld_signaltap_implb:sld_signaltap_body|acq_data_in_pipe_reg[3][41]                                                                            ; sld_signaltap:auto_signaltap_0|sld_signaltap_impl:sld_signaltap_body|sld_signaltap_implb:sld_signaltap_body|altsyncram:\stp_non_zero_ram_gen:stp_buffer_ram|altsyncram_jp14:auto_generated|ram_block1a96~porta_datain_reg0                                           ; 0.374             ;
; sld_signaltap:auto_signaltap_0|sld_signaltap_impl:sld_signaltap_body|sld_signaltap_implb:sld_signaltap_body|acq_data_in_pipe_reg[3][31]                                                                            ; sld_signaltap:auto_signaltap_0|sld_signaltap_impl:sld_signaltap_body|sld_signaltap_implb:sld_signaltap_body|altsyncram:\stp_non_zero_ram_gen:stp_buffer_ram|altsyncram_jp14:auto_generated|ram_block1a31~porta_datain_reg0                                           ; 0.374             ;
; execute:EXECUTE|q_2_out[4]                                                                                                                                                                                         ; memory:MEMORY|my_ram:RAM|altsyncram:altsyncram_component|altsyncram_29s3:auto_generated|ram_block1a4~porta_datain_reg0                                                                                                                                               ; 0.374             ;
; print_FSM:FSM|diva:DIVIDER|lpm_divide:LPM_DIVIDE_component|lpm_divide_ous:auto_generated|sign_div_unsign_q8i:divider|alt_u_div_d6f:divider|altshift_taps:DFFQuotient_rtl_0|shift_taps_53o:auto_generated|dffe3a[0] ; print_FSM:FSM|diva:DIVIDER|lpm_divide:LPM_DIVIDE_component|lpm_divide_ous:auto_generated|sign_div_unsign_q8i:divider|alt_u_div_d6f:divider|altshift_taps:DFFQuotient_rtl_0|shift_taps_53o:auto_generated|altsyncram_pv21:altsyncram4|ram_block5a7~portb_address_reg0 ; 0.361             ;
; print_FSM:FSM|fifo_word:FIFO1|scfifo:scfifo_component|scfifo_4k51:auto_generated|a_dpfifo_jj21:dpfifo|cntr_p2b:wr_ptr|counter_reg_bit[1]                                                                           ; print_FSM:FSM|fifo_word:FIFO1|scfifo:scfifo_component|scfifo_4k51:auto_generated|a_dpfifo_jj21:dpfifo|altsyncram_o2m1:FIFOram|ram_block1a35~porta_address_reg0                                                                                                       ; 0.360             ;
; print_FSM:FSM|fifo_word:FIFO1|scfifo:scfifo_component|scfifo_4k51:auto_generated|a_dpfifo_jj21:dpfifo|cntr_p2b:wr_ptr|counter_reg_bit[0]                                                                           ; print_FSM:FSM|fifo_word:FIFO1|scfifo:scfifo_component|scfifo_4k51:auto_generated|a_dpfifo_jj21:dpfifo|altsyncram_o2m1:FIFOram|ram_block1a35~porta_address_reg0                                                                                                       ; 0.360             ;
; print_FSM:FSM|fifo_word:FIFO1|scfifo:scfifo_component|scfifo_4k51:auto_generated|a_dpfifo_jj21:dpfifo|cntr_p2b:wr_ptr|counter_reg_bit[6]                                                                           ; print_FSM:FSM|fifo_word:FIFO1|scfifo:scfifo_component|scfifo_4k51:auto_generated|a_dpfifo_jj21:dpfifo|altsyncram_o2m1:FIFOram|ram_block1a35~porta_address_reg0                                                                                                       ; 0.360             ;
; print_FSM:FSM|fifo_word:FIFO1|scfifo:scfifo_component|scfifo_4k51:auto_generated|a_dpfifo_jj21:dpfifo|cntr_p2b:wr_ptr|counter_reg_bit[5]                                                                           ; print_FSM:FSM|fifo_word:FIFO1|scfifo:scfifo_component|scfifo_4k51:auto_generated|a_dpfifo_jj21:dpfifo|altsyncram_o2m1:FIFOram|ram_block1a35~porta_address_reg0                                                                                                       ; 0.360             ;
; print_FSM:FSM|fifo_word:FIFO1|scfifo:scfifo_component|scfifo_4k51:auto_generated|a_dpfifo_jj21:dpfifo|cntr_p2b:wr_ptr|counter_reg_bit[4]                                                                           ; print_FSM:FSM|fifo_word:FIFO1|scfifo:scfifo_component|scfifo_4k51:auto_generated|a_dpfifo_jj21:dpfifo|altsyncram_o2m1:FIFOram|ram_block1a35~porta_address_reg0                                                                                                       ; 0.360             ;
; print_FSM:FSM|fifo_word:FIFO1|scfifo:scfifo_component|scfifo_4k51:auto_generated|a_dpfifo_jj21:dpfifo|cntr_p2b:wr_ptr|counter_reg_bit[3]                                                                           ; print_FSM:FSM|fifo_word:FIFO1|scfifo:scfifo_component|scfifo_4k51:auto_generated|a_dpfifo_jj21:dpfifo|altsyncram_o2m1:FIFOram|ram_block1a35~porta_address_reg0                                                                                                       ; 0.360             ;
; print_FSM:FSM|fifo_word:FIFO1|scfifo:scfifo_component|scfifo_4k51:auto_generated|a_dpfifo_jj21:dpfifo|cntr_p2b:wr_ptr|counter_reg_bit[2]                                                                           ; print_FSM:FSM|fifo_word:FIFO1|scfifo:scfifo_component|scfifo_4k51:auto_generated|a_dpfifo_jj21:dpfifo|altsyncram_o2m1:FIFOram|ram_block1a35~porta_address_reg0                                                                                                       ; 0.360             ;
; print_FSM:FSM|fifo_word:FIFO1|scfifo:scfifo_component|scfifo_4k51:auto_generated|a_dpfifo_jj21:dpfifo|cntr_p2b:wr_ptr|counter_reg_bit[7]                                                                           ; print_FSM:FSM|fifo_word:FIFO1|scfifo:scfifo_component|scfifo_4k51:auto_generated|a_dpfifo_jj21:dpfifo|altsyncram_o2m1:FIFOram|ram_block1a35~porta_address_reg0                                                                                                       ; 0.360             ;
; print_FSM:FSM|fifo_word:FIFO1|scfifo:scfifo_component|scfifo_4k51:auto_generated|a_dpfifo_jj21:dpfifo|cntr_p2b:rd_ptr_count|counter_reg_bit[6]                                                                     ; print_FSM:FSM|fifo_word:FIFO1|scfifo:scfifo_component|scfifo_4k51:auto_generated|a_dpfifo_jj21:dpfifo|altsyncram_o2m1:FIFOram|ram_block1a12~portb_address_reg0                                                                                                       ; 0.334             ;
; print_FSM:FSM|fifo_word:FIFO1|scfifo:scfifo_component|scfifo_4k51:auto_generated|a_dpfifo_jj21:dpfifo|cntr_p2b:rd_ptr_count|counter_reg_bit[7]                                                                     ; print_FSM:FSM|fifo_word:FIFO1|scfifo:scfifo_component|scfifo_4k51:auto_generated|a_dpfifo_jj21:dpfifo|altsyncram_o2m1:FIFOram|ram_block1a12~portb_address_reg0                                                                                                       ; 0.334             ;
; scan_FSM:SCAN|fifo_in_buf:IN_BUF|scfifo:scfifo_component|scfifo_6d21:auto_generated|a_dpfifo_dj21:dpfifo|cntr_p2b:rd_ptr_count|counter_reg_bit[4]                                                                  ; scan_FSM:SCAN|fifo_in_buf:IN_BUF|scfifo:scfifo_component|scfifo_6d21:auto_generated|a_dpfifo_dj21:dpfifo|altsyncram_c2m1:FIFOram|ram_block1a2~portb_address_reg0                                                                                                     ; 0.334             ;
; scan_FSM:SCAN|fifo_in_buf:IN_BUF|scfifo:scfifo_component|scfifo_6d21:auto_generated|a_dpfifo_dj21:dpfifo|cntr_p2b:rd_ptr_count|counter_reg_bit[3]                                                                  ; scan_FSM:SCAN|fifo_in_buf:IN_BUF|scfifo:scfifo_component|scfifo_6d21:auto_generated|a_dpfifo_dj21:dpfifo|altsyncram_c2m1:FIFOram|ram_block1a2~portb_address_reg0                                                                                                     ; 0.334             ;
; print_FSM:FSM|fifo_word:FIFO1|scfifo:scfifo_component|scfifo_4k51:auto_generated|a_dpfifo_jj21:dpfifo|cntr_p2b:rd_ptr_count|counter_reg_bit[5]                                                                     ; print_FSM:FSM|fifo_word:FIFO1|scfifo:scfifo_component|scfifo_4k51:auto_generated|a_dpfifo_jj21:dpfifo|altsyncram_o2m1:FIFOram|ram_block1a12~portb_address_reg0                                                                                                       ; 0.334             ;
; print_FSM:FSM|fifo_word:FIFO1|scfifo:scfifo_component|scfifo_4k51:auto_generated|a_dpfifo_jj21:dpfifo|cntr_p2b:rd_ptr_count|counter_reg_bit[4]                                                                     ; print_FSM:FSM|fifo_word:FIFO1|scfifo:scfifo_component|scfifo_4k51:auto_generated|a_dpfifo_jj21:dpfifo|altsyncram_o2m1:FIFOram|ram_block1a12~portb_address_reg0                                                                                                       ; 0.334             ;
; print_FSM:FSM|fifo_word:FIFO1|scfifo:scfifo_component|scfifo_4k51:auto_generated|a_dpfifo_jj21:dpfifo|cntr_p2b:rd_ptr_count|counter_reg_bit[3]                                                                     ; print_FSM:FSM|fifo_word:FIFO1|scfifo:scfifo_component|scfifo_4k51:auto_generated|a_dpfifo_jj21:dpfifo|altsyncram_o2m1:FIFOram|ram_block1a12~portb_address_reg0                                                                                                       ; 0.334             ;
; print_FSM:FSM|fifo_word:FIFO1|scfifo:scfifo_component|scfifo_4k51:auto_generated|a_dpfifo_jj21:dpfifo|cntr_p2b:rd_ptr_count|counter_reg_bit[2]                                                                     ; print_FSM:FSM|fifo_word:FIFO1|scfifo:scfifo_component|scfifo_4k51:auto_generated|a_dpfifo_jj21:dpfifo|altsyncram_o2m1:FIFOram|ram_block1a12~portb_address_reg0                                                                                                       ; 0.334             ;
; print_FSM:FSM|fifo_word:FIFO1|scfifo:scfifo_component|scfifo_4k51:auto_generated|a_dpfifo_jj21:dpfifo|cntr_p2b:rd_ptr_count|counter_reg_bit[1]                                                                     ; print_FSM:FSM|fifo_word:FIFO1|scfifo:scfifo_component|scfifo_4k51:auto_generated|a_dpfifo_jj21:dpfifo|altsyncram_o2m1:FIFOram|ram_block1a12~portb_address_reg0                                                                                                       ; 0.334             ;
; print_FSM:FSM|fifo_word:FIFO1|scfifo:scfifo_component|scfifo_4k51:auto_generated|a_dpfifo_jj21:dpfifo|cntr_p2b:rd_ptr_count|counter_reg_bit[0]                                                                     ; print_FSM:FSM|fifo_word:FIFO1|scfifo:scfifo_component|scfifo_4k51:auto_generated|a_dpfifo_jj21:dpfifo|altsyncram_o2m1:FIFOram|ram_block1a12~portb_address_reg0                                                                                                       ; 0.334             ;
; scan_FSM:SCAN|fifo_in_buf:IN_BUF|scfifo:scfifo_component|scfifo_6d21:auto_generated|a_dpfifo_dj21:dpfifo|cntr_p2b:rd_ptr_count|counter_reg_bit[6]                                                                  ; scan_FSM:SCAN|fifo_in_buf:IN_BUF|scfifo:scfifo_component|scfifo_6d21:auto_generated|a_dpfifo_dj21:dpfifo|altsyncram_c2m1:FIFOram|ram_block1a2~portb_address_reg0                                                                                                     ; 0.334             ;
; scan_FSM:SCAN|fifo_in_buf:IN_BUF|scfifo:scfifo_component|scfifo_6d21:auto_generated|a_dpfifo_dj21:dpfifo|cntr_p2b:rd_ptr_count|counter_reg_bit[5]                                                                  ; scan_FSM:SCAN|fifo_in_buf:IN_BUF|scfifo:scfifo_component|scfifo_6d21:auto_generated|a_dpfifo_dj21:dpfifo|altsyncram_c2m1:FIFOram|ram_block1a2~portb_address_reg0                                                                                                     ; 0.334             ;
; scan_FSM:SCAN|fifo_in_buf:IN_BUF|scfifo:scfifo_component|scfifo_6d21:auto_generated|a_dpfifo_dj21:dpfifo|cntr_p2b:rd_ptr_count|counter_reg_bit[2]                                                                  ; scan_FSM:SCAN|fifo_in_buf:IN_BUF|scfifo:scfifo_component|scfifo_6d21:auto_generated|a_dpfifo_dj21:dpfifo|altsyncram_c2m1:FIFOram|ram_block1a2~portb_address_reg0                                                                                                     ; 0.334             ;
; scan_FSM:SCAN|fifo_in_buf:IN_BUF|scfifo:scfifo_component|scfifo_6d21:auto_generated|a_dpfifo_dj21:dpfifo|cntr_p2b:rd_ptr_count|counter_reg_bit[1]                                                                  ; scan_FSM:SCAN|fifo_in_buf:IN_BUF|scfifo:scfifo_component|scfifo_6d21:auto_generated|a_dpfifo_dj21:dpfifo|altsyncram_c2m1:FIFOram|ram_block1a2~portb_address_reg0                                                                                                     ; 0.334             ;
; scan_FSM:SCAN|fifo_in_buf:IN_BUF|scfifo:scfifo_component|scfifo_6d21:auto_generated|a_dpfifo_dj21:dpfifo|cntr_p2b:rd_ptr_count|counter_reg_bit[0]                                                                  ; scan_FSM:SCAN|fifo_in_buf:IN_BUF|scfifo:scfifo_component|scfifo_6d21:auto_generated|a_dpfifo_dj21:dpfifo|altsyncram_c2m1:FIFOram|ram_block1a2~portb_address_reg0                                                                                                     ; 0.334             ;
; scan_FSM:SCAN|fifo_in_buf:IN_BUF|scfifo:scfifo_component|scfifo_6d21:auto_generated|a_dpfifo_dj21:dpfifo|cntr_p2b:rd_ptr_count|counter_reg_bit[7]                                                                  ; scan_FSM:SCAN|fifo_in_buf:IN_BUF|scfifo:scfifo_component|scfifo_6d21:auto_generated|a_dpfifo_dj21:dpfifo|altsyncram_c2m1:FIFOram|ram_block1a2~portb_address_reg0                                                                                                     ; 0.334             ;
; execute:EXECUTE|op1_out[10]                                                                                                                                                                                        ; print_FSM:FSM|fifo_word:FIFO1|scfifo:scfifo_component|scfifo_4k51:auto_generated|a_dpfifo_jj21:dpfifo|altsyncram_o2m1:FIFOram|ram_block1a10~porta_datain_reg0                                                                                                        ; 0.246             ;
; execute:EXECUTE|op1_out[0]                                                                                                                                                                                         ; print_FSM:FSM|fifo_word:FIFO1|scfifo:scfifo_component|scfifo_4k51:auto_generated|a_dpfifo_jj21:dpfifo|altsyncram_o2m1:FIFOram|ram_block1a0~porta_datain_reg0                                                                                                         ; 0.246             ;
; scan_FSM:SCAN|FIFO_UART_RF:UART_RF|dcfifo:dcfifo_component|dcfifo_u7e1:auto_generated|a_graycounter_h26:rdptr_g1p|counter5a1                                                                                       ; scan_FSM:SCAN|FIFO_UART_RF:UART_RF|dcfifo:dcfifo_component|dcfifo_u7e1:auto_generated|altsyncram_qj31:fifo_ram|ram_block11a5~portb_address_reg0                                                                                                                      ; 0.224             ;
; sld_signaltap:auto_signaltap_0|sld_signaltap_impl:sld_signaltap_body|sld_signaltap_implb:sld_signaltap_body|acq_data_in_pipe_reg[3][37]                                                                            ; sld_signaltap:auto_signaltap_0|sld_signaltap_impl:sld_signaltap_body|sld_signaltap_implb:sld_signaltap_body|altsyncram:\stp_non_zero_ram_gen:stp_buffer_ram|altsyncram_jp14:auto_generated|ram_block1a37~porta_datain_reg0                                           ; 0.210             ;
; scan_FSM:SCAN|FIFO_UART_RF:UART_RF|dcfifo:dcfifo_component|dcfifo_u7e1:auto_generated|a_graycounter_h26:rdptr_g1p|counter5a2                                                                                       ; scan_FSM:SCAN|FIFO_UART_RF:UART_RF|dcfifo:dcfifo_component|dcfifo_u7e1:auto_generated|altsyncram_qj31:fifo_ram|ram_block11a5~portb_address_reg0                                                                                                                      ; 0.171             ;
; memory:MEMORY|my_ram:RAM|altsyncram:altsyncram_component|altsyncram_29s3:auto_generated|ram_block1a19~porta_we_reg                                                                                                 ; decode:DECODE|registers:R|altsyncram:ram_block_rtl_0|altsyncram_23g1:auto_generated|ram_block1a19~porta_datain_reg0                                                                                                                                                  ; 0.168             ;
; memory:MEMORY|my_ram:RAM|altsyncram:altsyncram_component|altsyncram_29s3:auto_generated|ram_block1a22~porta_we_reg                                                                                                 ; decode:DECODE|registers:R|altsyncram:ram_block_rtl_0|altsyncram_23g1:auto_generated|ram_block1a22~porta_datain_reg0                                                                                                                                                  ; 0.168             ;
; memory:MEMORY|my_ram:RAM|altsyncram:altsyncram_component|altsyncram_29s3:auto_generated|ram_block1a27~porta_we_reg                                                                                                 ; decode:DECODE|registers:R|altsyncram:ram_block_rtl_0|altsyncram_23g1:auto_generated|ram_block1a27~porta_datain_reg0                                                                                                                                                  ; 0.168             ;
; memory:MEMORY|alu_result_wb[27]                                                                                                                                                                                    ; decode:DECODE|registers:R|altsyncram:ram_block_rtl_0|altsyncram_23g1:auto_generated|ram_block1a27~porta_datain_reg0                                                                                                                                                  ; 0.168             ;
; memory:MEMORY|my_ram:RAM|altsyncram:altsyncram_component|altsyncram_29s3:auto_generated|ram_block1a10~porta_we_reg                                                                                                 ; decode:DECODE|registers:R|altsyncram:ram_block_rtl_1|altsyncram_23g1:auto_generated|ram_block1a10~porta_datain_reg0                                                                                                                                                  ; 0.168             ;
; memory:MEMORY|alu_result_wb[10]                                                                                                                                                                                    ; decode:DECODE|registers:R|altsyncram:ram_block_rtl_1|altsyncram_23g1:auto_generated|ram_block1a10~porta_datain_reg0                                                                                                                                                  ; 0.168             ;
; memory:MEMORY|alu_result_wb[22]                                                                                                                                                                                    ; decode:DECODE|registers:R|altsyncram:ram_block_rtl_0|altsyncram_23g1:auto_generated|ram_block1a22~porta_datain_reg0                                                                                                                                                  ; 0.168             ;
; memory:MEMORY|alu_result_wb[19]                                                                                                                                                                                    ; decode:DECODE|registers:R|altsyncram:ram_block_rtl_0|altsyncram_23g1:auto_generated|ram_block1a19~porta_datain_reg0                                                                                                                                                  ; 0.168             ;
; memory:MEMORY|instruction_out[26]                                                                                                                                                                                  ; decode:DECODE|registers:R|altsyncram:ram_block_rtl_0|altsyncram_23g1:auto_generated|ram_block1a19~porta_datain_reg0                                                                                                                                                  ; 0.168             ;
; memory:MEMORY|instruction_out[29]                                                                                                                                                                                  ; decode:DECODE|registers:R|altsyncram:ram_block_rtl_0|altsyncram_23g1:auto_generated|ram_block1a19~porta_datain_reg0                                                                                                                                                  ; 0.168             ;
; memory:MEMORY|instruction_out[28]                                                                                                                                                                                  ; decode:DECODE|registers:R|altsyncram:ram_block_rtl_0|altsyncram_23g1:auto_generated|ram_block1a19~porta_datain_reg0                                                                                                                                                  ; 0.168             ;
; memory:MEMORY|instruction_out[31]                                                                                                                                                                                  ; decode:DECODE|registers:R|altsyncram:ram_block_rtl_0|altsyncram_23g1:auto_generated|ram_block1a19~porta_datain_reg0                                                                                                                                                  ; 0.168             ;
; memory:MEMORY|instruction_out[30]                                                                                                                                                                                  ; decode:DECODE|registers:R|altsyncram:ram_block_rtl_0|altsyncram_23g1:auto_generated|ram_block1a19~porta_datain_reg0                                                                                                                                                  ; 0.168             ;
; memory:MEMORY|instruction_out[27]                                                                                                                                                                                  ; decode:DECODE|registers:R|altsyncram:ram_block_rtl_0|altsyncram_23g1:auto_generated|ram_block1a19~porta_datain_reg0                                                                                                                                                  ; 0.168             ;
; execute:EXECUTE|q_2_out[28]                                                                                                                                                                                        ; memory:MEMORY|my_ram:RAM|altsyncram:altsyncram_component|altsyncram_29s3:auto_generated|ram_block1a28~porta_datain_reg0                                                                                                                                              ; 0.137             ;
; execute:EXECUTE|q_2_out[6]                                                                                                                                                                                         ; memory:MEMORY|my_ram:RAM|altsyncram:altsyncram_component|altsyncram_29s3:auto_generated|ram_block1a6~porta_datain_reg0                                                                                                                                               ; 0.137             ;
; scan_FSM:SCAN|fifo_in_buf:IN_BUF|scfifo:scfifo_component|scfifo_6d21:auto_generated|a_dpfifo_dj21:dpfifo|cntr_p2b:wr_ptr|counter_reg_bit[0]                                                                        ; scan_FSM:SCAN|fifo_in_buf:IN_BUF|scfifo:scfifo_component|scfifo_6d21:auto_generated|a_dpfifo_dj21:dpfifo|altsyncram_c2m1:FIFOram|ram_block1a2~porta_address_reg0                                                                                                     ; 0.119             ;
; scan_FSM:SCAN|fifo_in_buf:IN_BUF|scfifo:scfifo_component|scfifo_6d21:auto_generated|a_dpfifo_dj21:dpfifo|cntr_p2b:wr_ptr|counter_reg_bit[6]                                                                        ; scan_FSM:SCAN|fifo_in_buf:IN_BUF|scfifo:scfifo_component|scfifo_6d21:auto_generated|a_dpfifo_dj21:dpfifo|altsyncram_c2m1:FIFOram|ram_block1a2~porta_address_reg0                                                                                                     ; 0.117             ;
; execute:EXECUTE|q_2_out[15]                                                                                                                                                                                        ; memory:MEMORY|my_ram:RAM|altsyncram:altsyncram_component|altsyncram_29s3:auto_generated|ram_block1a15~porta_datain_reg0                                                                                                                                              ; 0.116             ;
; scan_FSM:SCAN|fifo_in_buf:IN_BUF|scfifo:scfifo_component|scfifo_6d21:auto_generated|a_dpfifo_dj21:dpfifo|cntr_p2b:wr_ptr|counter_reg_bit[5]                                                                        ; scan_FSM:SCAN|fifo_in_buf:IN_BUF|scfifo:scfifo_component|scfifo_6d21:auto_generated|a_dpfifo_dj21:dpfifo|altsyncram_c2m1:FIFOram|ram_block1a2~porta_address_reg0                                                                                                     ; 0.115             ;
; scan_FSM:SCAN|fifo_in_buf:IN_BUF|scfifo:scfifo_component|scfifo_6d21:auto_generated|a_dpfifo_dj21:dpfifo|cntr_p2b:wr_ptr|counter_reg_bit[1]                                                                        ; scan_FSM:SCAN|fifo_in_buf:IN_BUF|scfifo:scfifo_component|scfifo_6d21:auto_generated|a_dpfifo_dj21:dpfifo|altsyncram_c2m1:FIFOram|ram_block1a2~porta_address_reg0                                                                                                     ; 0.114             ;
; scan_FSM:SCAN|fifo_in_buf:IN_BUF|scfifo:scfifo_component|scfifo_6d21:auto_generated|a_dpfifo_dj21:dpfifo|cntr_p2b:wr_ptr|counter_reg_bit[3]                                                                        ; scan_FSM:SCAN|fifo_in_buf:IN_BUF|scfifo:scfifo_component|scfifo_6d21:auto_generated|a_dpfifo_dj21:dpfifo|altsyncram_c2m1:FIFOram|ram_block1a2~porta_address_reg0                                                                                                     ; 0.113             ;
; scan_FSM:SCAN|fifo_in_buf:IN_BUF|scfifo:scfifo_component|scfifo_6d21:auto_generated|a_dpfifo_dj21:dpfifo|cntr_p2b:wr_ptr|counter_reg_bit[2]                                                                        ; scan_FSM:SCAN|fifo_in_buf:IN_BUF|scfifo:scfifo_component|scfifo_6d21:auto_generated|a_dpfifo_dj21:dpfifo|altsyncram_c2m1:FIFOram|ram_block1a2~porta_address_reg0                                                                                                     ; 0.113             ;
; scan_FSM:SCAN|fifo_in_buf:IN_BUF|scfifo:scfifo_component|scfifo_6d21:auto_generated|a_dpfifo_dj21:dpfifo|cntr_p2b:wr_ptr|counter_reg_bit[4]                                                                        ; scan_FSM:SCAN|fifo_in_buf:IN_BUF|scfifo:scfifo_component|scfifo_6d21:auto_generated|a_dpfifo_dj21:dpfifo|altsyncram_c2m1:FIFOram|ram_block1a2~porta_address_reg0                                                                                                     ; 0.113             ;
; scan_FSM:SCAN|FIFO_UART_RF:UART_RF|dcfifo:dcfifo_component|dcfifo_u7e1:auto_generated|a_graycounter_h26:rdptr_g1p|counter5a5                                                                                       ; scan_FSM:SCAN|FIFO_UART_RF:UART_RF|dcfifo:dcfifo_component|dcfifo_u7e1:auto_generated|a_graycounter_h26:rdptr_g1p|sub_parity7a[1]                                                                                                                                    ; 0.111             ;
; sld_signaltap:auto_signaltap_0|sld_signaltap_impl:sld_signaltap_body|sld_signaltap_implb:sld_signaltap_body|serial_crc_16:\tdo_crc_gen:tdo_crc_calc|lfsr[11]                                                       ; sld_signaltap:auto_signaltap_0|sld_signaltap_impl:sld_signaltap_body|sld_signaltap_implb:sld_signaltap_body|tdo_crc_val_shift_reg[11]                                                                                                                                ; 0.105             ;
; sld_signaltap:auto_signaltap_0|sld_signaltap_impl:sld_signaltap_body|sld_signaltap_implb:sld_signaltap_body|serial_crc_16:\tdo_crc_gen:tdo_crc_calc|lfsr[10]                                                       ; sld_signaltap:auto_signaltap_0|sld_signaltap_impl:sld_signaltap_body|sld_signaltap_implb:sld_signaltap_body|tdo_crc_val_shift_reg[10]                                                                                                                                ; 0.105             ;
; sld_signaltap:auto_signaltap_0|sld_signaltap_impl:sld_signaltap_body|sld_signaltap_implb:sld_signaltap_body|serial_crc_16:\tdo_crc_gen:tdo_crc_calc|lfsr[9]                                                        ; sld_signaltap:auto_signaltap_0|sld_signaltap_impl:sld_signaltap_body|sld_signaltap_implb:sld_signaltap_body|tdo_crc_val_shift_reg[9]                                                                                                                                 ; 0.105             ;
; sld_signaltap:auto_signaltap_0|sld_signaltap_impl:sld_signaltap_body|sld_signaltap_implb:sld_signaltap_body|serial_crc_16:\tdo_crc_gen:tdo_crc_calc|lfsr[8]                                                        ; sld_signaltap:auto_signaltap_0|sld_signaltap_impl:sld_signaltap_body|sld_signaltap_implb:sld_signaltap_body|tdo_crc_val_shift_reg[8]                                                                                                                                 ; 0.105             ;
; print_FSM:FSM|fifo_char:FIFO2|dcfifo:dcfifo_component|dcfifo_f1f1:auto_generated|a_graycounter_dgb:wrptr_g1p|counter8a2                                                                                            ; print_FSM:FSM|fifo_char:FIFO2|dcfifo:dcfifo_component|dcfifo_f1f1:auto_generated|a_graycounter_dgb:wrptr_g1p|sub_parity10a[0]                                                                                                                                        ; 0.105             ;
; scan_FSM:SCAN|FIFO_UART_RF:UART_RF|dcfifo:dcfifo_component|dcfifo_u7e1:auto_generated|a_graycounter_h26:rdptr_g1p|counter5a4                                                                                       ; scan_FSM:SCAN|FIFO_UART_RF:UART_RF|dcfifo:dcfifo_component|dcfifo_u7e1:auto_generated|a_graycounter_h26:rdptr_g1p|sub_parity7a[1]                                                                                                                                    ; 0.104             ;
; sld_signaltap:auto_signaltap_0|sld_signaltap_impl:sld_signaltap_body|sld_signaltap_implb:sld_signaltap_body|sld_buffer_manager:sld_buffer_manager_inst|final_trigger_set                                           ; sld_signaltap:auto_signaltap_0|sld_signaltap_impl:sld_signaltap_body|sld_signaltap_implb:sld_signaltap_body|sld_buffer_manager:sld_buffer_manager_inst|\buffer_manager:done                                                                                          ; 0.096             ;
; print_FSM:FSM|fifo_char:FIFO2|dcfifo:dcfifo_component|dcfifo_f1f1:auto_generated|a_graycounter_dgb:wrptr_g1p|counter8a1                                                                                            ; print_FSM:FSM|fifo_char:FIFO2|dcfifo:dcfifo_component|dcfifo_f1f1:auto_generated|a_graycounter_dgb:wrptr_g1p|sub_parity10a[0]                                                                                                                                        ; 0.096             ;
; execute:EXECUTE|q_2_out[2]                                                                                                                                                                                         ; memory:MEMORY|my_ram:RAM|altsyncram:altsyncram_component|altsyncram_29s3:auto_generated|ram_block1a2~porta_datain_reg0                                                                                                                                               ; 0.095             ;
; execute:EXECUTE|q_2_out[25]                                                                                                                                                                                        ; memory:MEMORY|my_ram:RAM|altsyncram:altsyncram_component|altsyncram_29s3:auto_generated|ram_block1a25~porta_datain_reg0                                                                                                                                              ; 0.095             ;
; print_FSM:FSM|fifo_word:FIFO1|scfifo:scfifo_component|scfifo_4k51:auto_generated|a_dpfifo_jj21:dpfifo|a_fefifo_08f:fifo_state|cntr_537:count_usedw|counter_reg_bit[0]                                              ; print_FSM:FSM|fifo_word:FIFO1|scfifo:scfifo_component|scfifo_4k51:auto_generated|dffe_af                                                                                                                                                                             ; 0.094             ;
; execute:EXECUTE|q_2_out[0]                                                                                                                                                                                         ; memory:MEMORY|my_ram:RAM|altsyncram:altsyncram_component|altsyncram_29s3:auto_generated|ram_block1a0~porta_datain_reg0                                                                                                                                               ; 0.093             ;
; print_FSM:FSM|fifo_char:FIFO2|dcfifo:dcfifo_component|dcfifo_f1f1:auto_generated|wrptr_g[5]                                                                                                                        ; print_FSM:FSM|fifo_char:FIFO2|dcfifo:dcfifo_component|dcfifo_f1f1:auto_generated|altsyncram_qj31:fifo_ram|ram_block11a5~porta_address_reg0                                                                                                                           ; 0.085             ;
; print_FSM:FSM|fifo_char:FIFO2|dcfifo:dcfifo_component|dcfifo_f1f1:auto_generated|wrptr_g[2]                                                                                                                        ; print_FSM:FSM|fifo_char:FIFO2|dcfifo:dcfifo_component|dcfifo_f1f1:auto_generated|altsyncram_qj31:fifo_ram|ram_block11a5~porta_address_reg0                                                                                                                           ; 0.085             ;
; print_FSM:FSM|fifo_char:FIFO2|dcfifo:dcfifo_component|dcfifo_f1f1:auto_generated|wrptr_g[3]                                                                                                                        ; print_FSM:FSM|fifo_char:FIFO2|dcfifo:dcfifo_component|dcfifo_f1f1:auto_generated|altsyncram_qj31:fifo_ram|ram_block11a5~porta_address_reg0                                                                                                                           ; 0.085             ;
; print_FSM:FSM|fifo_char:FIFO2|dcfifo:dcfifo_component|dcfifo_f1f1:auto_generated|wrptr_g[0]                                                                                                                        ; print_FSM:FSM|fifo_char:FIFO2|dcfifo:dcfifo_component|dcfifo_f1f1:auto_generated|altsyncram_qj31:fifo_ram|ram_block11a5~porta_address_reg0                                                                                                                           ; 0.085             ;
; scan_FSM:SCAN|fifo_in_buf:IN_BUF|scfifo:scfifo_component|scfifo_6d21:auto_generated|a_dpfifo_dj21:dpfifo|cntr_p2b:wr_ptr|counter_reg_bit[7]                                                                        ; scan_FSM:SCAN|fifo_in_buf:IN_BUF|scfifo:scfifo_component|scfifo_6d21:auto_generated|a_dpfifo_dj21:dpfifo|altsyncram_c2m1:FIFOram|ram_block1a2~porta_address_reg0                                                                                                     ; 0.083             ;
; sld_signaltap:auto_signaltap_0|sld_signaltap_impl:sld_signaltap_body|sld_signaltap_implb:sld_signaltap_body|acq_data_in_pipe_reg[3][12]                                                                            ; sld_signaltap:auto_signaltap_0|sld_signaltap_impl:sld_signaltap_body|sld_signaltap_implb:sld_signaltap_body|altsyncram:\stp_non_zero_ram_gen:stp_buffer_ram|altsyncram_jp14:auto_generated|ram_block1a12~porta_datain_reg0                                           ; 0.078             ;
; execute:EXECUTE|q_2_out[31]                                                                                                                                                                                        ; memory:MEMORY|my_ram:RAM|altsyncram:altsyncram_component|altsyncram_29s3:auto_generated|ram_block1a31~porta_datain_reg0                                                                                                                                              ; 0.078             ;
; execute:EXECUTE|q_2_out[11]                                                                                                                                                                                        ; memory:MEMORY|my_ram:RAM|altsyncram:altsyncram_component|altsyncram_29s3:auto_generated|ram_block1a11~porta_datain_reg0                                                                                                                                              ; 0.078             ;
; execute:EXECUTE|q_2_out[22]                                                                                                                                                                                        ; memory:MEMORY|my_ram:RAM|altsyncram:altsyncram_component|altsyncram_29s3:auto_generated|ram_block1a22~porta_datain_reg0                                                                                                                                              ; 0.069             ;
; execute:EXECUTE|q_2_out[30]                                                                                                                                                                                        ; memory:MEMORY|my_ram:RAM|altsyncram:altsyncram_component|altsyncram_29s3:auto_generated|ram_block1a30~porta_datain_reg0                                                                                                                                              ; 0.068             ;
; execute:EXECUTE|q_2_out[13]                                                                                                                                                                                        ; memory:MEMORY|my_ram:RAM|altsyncram:altsyncram_component|altsyncram_29s3:auto_generated|ram_block1a13~porta_datain_reg0                                                                                                                                              ; 0.064             ;
; sld_signaltap:auto_signaltap_0|sld_signaltap_impl:sld_signaltap_body|sld_signaltap_implb:sld_signaltap_body|acq_data_in_pipe_reg[3][45]                                                                            ; sld_signaltap:auto_signaltap_0|sld_signaltap_impl:sld_signaltap_body|sld_signaltap_implb:sld_signaltap_body|altsyncram:\stp_non_zero_ram_gen:stp_buffer_ram|altsyncram_jp14:auto_generated|ram_block1a45~porta_datain_reg0                                           ; 0.064             ;
; sld_signaltap:auto_signaltap_0|sld_signaltap_impl:sld_signaltap_body|sld_signaltap_implb:sld_signaltap_body|altdpram:\stp_non_zero_ram_gen:attribute_mem_gen:attribute_mem|xq[18]                                  ; sld_signaltap:auto_signaltap_0|sld_signaltap_impl:sld_signaltap_body|sld_signaltap_implb:sld_signaltap_body|sld_offload_buffer_mgr:\stp_non_zero_depth_offload_gen:stp_offload_buff_mgr_inst|lpm_shiftreg:status_data_shift_out|dffs[18]                             ; 0.064             ;
; sld_signaltap:auto_signaltap_0|sld_signaltap_impl:sld_signaltap_body|sld_signaltap_implb:sld_signaltap_body|altdpram:\stp_non_zero_ram_gen:attribute_mem_gen:attribute_mem|xq[17]                                  ; sld_signaltap:auto_signaltap_0|sld_signaltap_impl:sld_signaltap_body|sld_signaltap_implb:sld_signaltap_body|sld_offload_buffer_mgr:\stp_non_zero_depth_offload_gen:stp_offload_buff_mgr_inst|lpm_shiftreg:status_data_shift_out|dffs[17]                             ; 0.064             ;
; sld_signaltap:auto_signaltap_0|sld_signaltap_impl:sld_signaltap_body|sld_signaltap_implb:sld_signaltap_body|altdpram:\stp_non_zero_ram_gen:attribute_mem_gen:attribute_mem|xq[15]                                  ; sld_signaltap:auto_signaltap_0|sld_signaltap_impl:sld_signaltap_body|sld_signaltap_implb:sld_signaltap_body|sld_offload_buffer_mgr:\stp_non_zero_depth_offload_gen:stp_offload_buff_mgr_inst|lpm_shiftreg:status_data_shift_out|dffs[15]                             ; 0.064             ;
+--------------------------------------------------------------------------------------------------------------------------------------------------------------------------------------------------------------------+----------------------------------------------------------------------------------------------------------------------------------------------------------------------------------------------------------------------------------------------------------------------+-------------------+
Note: This table only shows the top 100 path(s) that have the largest delay added for hold.


+-----------------+
; Fitter Messages ;
+-----------------+
Warning (18236): Number of processors has not been specified which may cause overloading on shared machines.  Set the global assignment NUM_PARALLEL_PROCESSORS in your QSF to an appropriate value for best performance.
Info (20030): Parallel compilation is enabled and will use 14 of the 14 processors detected
Info (119006): Selected device 10M50DAF484C7G for design "DLX"
Info (21077): Low junction temperature is 0 degrees C
Info (21077): High junction temperature is 85 degrees C
Info (15535): Implemented PLL "pll:PLLTX|altpll:altpll_component|pll_altpll:auto_generated|pll1" as MAX 10 PLL type File: C:/Users/A02395949/Documents/advanced/ECE_6740/Lab9/db/pll_altpll.v Line: 51
    Info (15099): Implementing clock multiplication of 71, clock division of 3852, and phase shift of 0 degrees (0 ps) for pll:PLLTX|altpll:altpll_component|pll_altpll:auto_generated|wire_pll1_clk[0] port File: C:/Users/A02395949/Documents/advanced/ECE_6740/Lab9/db/pll_altpll.v Line: 51
    Info (15099): Implementing clock multiplication of 71, clock division of 30816, and phase shift of 0 degrees (0 ps) for pll:PLLTX|altpll:altpll_component|pll_altpll:auto_generated|wire_pll1_clk[1] port File: C:/Users/A02395949/Documents/advanced/ECE_6740/Lab9/db/pll_altpll.v Line: 51
Info (171003): Fitter is performing an Auto Fit compilation, which may decrease Fitter effort to reduce compilation time
Warning (292013): Feature LogicLock is only available with a valid subscription license. You can purchase a software subscription to gain full access to this feature.
Info (176444): Device migration not selected. If you intend to use device migration later, you may need to change the pin assignments as they may be incompatible with other devices
    Info (176445): Device 10M08DAF484I7G is compatible
    Info (176445): Device 10M08DAF484I7P is compatible
    Info (176445): Device 10M16DAF484A7G is compatible
    Info (176445): Device 10M16DAF484C7G is compatible
    Info (176445): Device 10M16DAF484I7G is compatible
    Info (176445): Device 10M16DAF484I7P is compatible
    Info (176445): Device 10M25DAF484A7G is compatible
    Info (176445): Device 10M25DAF484C7G is compatible
    Info (176445): Device 10M25DAF484I7G is compatible
    Info (176445): Device 10M50DAF484I7G is compatible
    Info (176445): Device 10M50DAF484I7P is compatible
    Info (176445): Device 10M40DAF484C7G is compatible
    Info (176445): Device 10M40DAF484I7G is compatible
Info (169124): Fitter converted 4 user pins into dedicated programming pins
    Info (169125): Pin ~ALTERA_CONFIG_SEL~ is reserved at location H10
    Info (169125): Pin ~ALTERA_nCONFIG~ is reserved at location H9
    Info (169125): Pin ~ALTERA_nSTATUS~ is reserved at location G9
    Info (169125): Pin ~ALTERA_CONF_DONE~ is reserved at location F8
Info (169141): DATA[0] dual-purpose pin not reserved
Info (12825): Data[1]/ASDO dual-purpose pin not reserved
Info (12825): nCSO dual-purpose pin not reserved
Info (12825): DCLK dual-purpose pin not reserved
Warning (15714): Some pins have incomplete I/O assignments. Refer to the I/O Assignment Warnings report for details
Info (176045): Design uses memory blocks. Violating setup or hold times of memory block address registers for either read or write operations could cause memory contents to be corrupted. Make sure that all memory block address registers meet the setup and hold time requirements.
Info (332164): Evaluating HDL-embedded SDC commands
    Info (332165): Entity dcfifo_14e1
        Info (332166): set_false_path -from *rdptr_g* -to *ws_dgrp|dffpipe_uu8:dffpipe13|dffe14a* 
        Info (332166): set_false_path -from *delayed_wrptr_g* -to *rs_dgwp|dffpipe_tu8:dffpipe10|dffe11a* 
    Info (332165): Entity dcfifo_f1f1
        Info (332166): set_false_path -from *rdptr_g* -to *ws_dgrp|dffpipe_3v8:dffpipe16|dffe17a* 
        Info (332166): set_false_path -from *delayed_wrptr_g* -to *rs_dgwp|dffpipe_2v8:dffpipe12|dffe13a* 
    Info (332165): Entity dcfifo_u7e1
        Info (332166): set_false_path -from *rdptr_g* -to *ws_dgrp|dffpipe_5v8:dffpipe8|dffe9a* 
        Info (332166): set_false_path -from *delayed_wrptr_g* -to *rs_dgwp|dffpipe_4v8:dffpipe5|dffe6a* 
    Info (332165): Entity sld_hub
        Info (332166): create_clock -name altera_reserved_tck [get_ports {altera_reserved_tck}] -period 10MHz   
        Info (332166): set_clock_groups -asynchronous -group {altera_reserved_tck}
Info (332104): Reading SDC File: 'DLX.sdc'
Info (332110): Deriving PLL clocks
    Info (332110): create_generated_clock -source {PLLTX|altpll_component|auto_generated|pll1|inclk[0]} -divide_by 3852 -multiply_by 71 -duty_cycle 50.00 -name {PLLTX|altpll_component|auto_generated|pll1|clk[0]} {PLLTX|altpll_component|auto_generated|pll1|clk[0]}
    Info (332110): create_generated_clock -source {PLLTX|altpll_component|auto_generated|pll1|inclk[0]} -divide_by 30816 -multiply_by 71 -duty_cycle 50.00 -name {PLLTX|altpll_component|auto_generated|pll1|clk[1]} {PLLTX|altpll_component|auto_generated|pll1|clk[1]}
Info (332151): Clock uncertainty is not calculated until you update the timing netlist.
Info (332097): The following timing edges are non-unate.  The Timing Analyzer will assume pos-unate behavior for these edges in the clock network.
    Info (332098): Cell: altera_internal_jtag  from: tck  to: tckutap
Info (332123): Deriving Clock Uncertainty. Please refer to report_sdc in the Timing Analyzer to see clock uncertainties.
Info (332129): Detected timing requirements -- optimizing circuit to achieve only the specified requirements
Info (332111): Found 6 clocks
    Info (332111):   Period   Clock Name
    Info (332111): ======== ============
    Info (332111):  100.000   ADC_CLK_10
    Info (332111):  100.000 altera_reserved_tck
    Info (332111):   20.000 MAX10_CLK1_50
    Info (332111):   20.000 MAX10_CLK2_50
    Info (332111): 1085.070 PLLTX|altpll_component|auto_generated|pll1|clk[0]
    Info (332111): 8680.563 PLLTX|altpll_component|auto_generated|pll1|clk[1]
Info (176353): Automatically promoted node MAX10_CLK1_50~input (placed in PIN P11 (CLK7p, DIFFIO_TX_RX_B20p, DIFFOUT_B20p, High_Speed)) File: C:/Users/A02395949/Documents/advanced/ECE_6740/Lab9/DLX.vhd Line: 11
    Info (176355): Automatically promoted destinations to use location or clock signal Global Clock CLKCTRL_G19
    Info (176356): Following destination nodes may be non-global or may not use global or regional clocks
        Info (176357): Destination node sld_signaltap:auto_signaltap_0|acq_trigger_in_reg[0] File: c:/intelfpga/20.1/quartus/libraries/megafunctions/sld_signaltap.vhd Line: 407
        Info (176357): Destination node sld_signaltap:auto_signaltap_0|acq_data_in_reg[0] File: c:/intelfpga/20.1/quartus/libraries/megafunctions/sld_signaltap.vhd Line: 407
Info (176353): Automatically promoted node pll:PLLTX|altpll:altpll_component|pll_altpll:auto_generated|wire_pll1_clk[0] (placed in counter C0 of PLL_1) File: C:/Users/A02395949/Documents/advanced/ECE_6740/Lab9/db/pll_altpll.v Line: 93
    Info (176355): Automatically promoted destinations to use location or clock signal Global Clock CLKCTRL_G18
Info (176353): Automatically promoted node pll:PLLTX|altpll:altpll_component|pll_altpll:auto_generated|wire_pll1_clk[1] (placed in counter C2 of PLL_1) File: C:/Users/A02395949/Documents/advanced/ECE_6740/Lab9/db/pll_altpll.v Line: 93
    Info (176355): Automatically promoted destinations to use location or clock signal Global Clock CLKCTRL_G17
Info (176353): Automatically promoted node altera_internal_jtag~TCKUTAP 
    Info (176355): Automatically promoted destinations to use location or clock signal Global Clock
Info (176353): Automatically promoted node sld_signaltap:auto_signaltap_0|sld_signaltap_impl:sld_signaltap_body|sld_signaltap_implb:sld_signaltap_body|reset_all  File: c:/intelfpga/20.1/quartus/libraries/megafunctions/sld_signaltap_impl.vhd Line: 882
    Info (176355): Automatically promoted destinations to use location or clock signal Global Clock
    Info (176356): Following destination nodes may be non-global or may not use global or regional clocks
        Info (176357): Destination node sld_signaltap:auto_signaltap_0|sld_signaltap_impl:sld_signaltap_body|sld_signaltap_implb:sld_signaltap_body|sld_buffer_manager:sld_buffer_manager_inst|last_buffer_write_address_sig[0]~0 File: c:/intelfpga/20.1/quartus/libraries/megafunctions/sld_buffer_manager.vhd Line: 356
        Info (176357): Destination node sld_signaltap:auto_signaltap_0|sld_signaltap_impl:sld_signaltap_body|sld_signaltap_implb:sld_signaltap_body|sld_offload_buffer_mgr:\stp_non_zero_depth_offload_gen:stp_offload_buff_mgr_inst|acq_buf_read_reset~0 File: c:/intelfpga/20.1/quartus/libraries/megafunctions/sld_buffer_manager.vhd Line: 638
        Info (176357): Destination node sld_signaltap:auto_signaltap_0|sld_signaltap_impl:sld_signaltap_body|sld_signaltap_implb:sld_signaltap_body|sld_offload_buffer_mgr:\stp_non_zero_depth_offload_gen:stp_offload_buff_mgr_inst|acq_buf_read_reset File: c:/intelfpga/20.1/quartus/libraries/megafunctions/sld_buffer_manager.vhd Line: 638
Info (176353): Automatically promoted node rst_l~0  File: C:/Users/A02395949/Documents/advanced/ECE_6740/Lab9/DLX.vhd Line: 22
    Info (176355): Automatically promoted destinations to use location or clock signal Global Clock
    Info (176356): Following destination nodes may be non-global or may not use global or regional clocks
        Info (176357): Destination node scan_FSM:SCAN|rdreq_uart_rf_old File: C:/Users/A02395949/Documents/advanced/ECE_6740/Lab9/scan_FSM.vhd Line: 38
        Info (176357): Destination node scan_FSM:SCAN|uart_recv:UART_RX|send_flag File: C:/Users/A02395949/Documents/advanced/ECE_6740/Lab9/uart_recv.vhd Line: 12
        Info (176357): Destination node scan_FSM:SCAN|data_in[0]~3 File: C:/Users/A02395949/Documents/advanced/ECE_6740/Lab9/scan_FSM.vhd Line: 144
        Info (176357): Destination node scan_FSM:SCAN|fifo_in_buf:IN_BUF|scfifo:scfifo_component|scfifo_6d21:auto_generated|a_dpfifo_dj21:dpfifo|a_fefifo_08f:fifo_state|b_non_empty~2 File: C:/Users/A02395949/Documents/advanced/ECE_6740/Lab9/db/a_fefifo_08f.tdf Line: 38
        Info (176357): Destination node scan_FSM:SCAN|uart_recv:UART_RX|Decoder0~0 File: C:/Users/A02395949/Documents/advanced/ECE_6740/Lab9/uart_recv.vhd Line: 48
        Info (176357): Destination node scan_FSM:SCAN|neg_flag~1 File: C:/Users/A02395949/Documents/advanced/ECE_6740/Lab9/scan_FSM.vhd Line: 62
        Info (176357): Destination node print_FSM:FSM|UART_trans:U|tx File: C:/Users/A02395949/Documents/advanced/ECE_6740/Lab9/UART_trans.vhd Line: 13
        Info (176357): Destination node scan_FSM:SCAN|UARTSampler:DA_SAMPLER|data[0]~0 File: C:/Users/A02395949/Documents/advanced/ECE_6740/Lab9/UARTSampler.vhd Line: 62
        Info (176357): Destination node print_FSM:FSM|UART_trans:U|idle_flag File: C:/Users/A02395949/Documents/advanced/ECE_6740/Lab9/UART_trans.vhd Line: 14
        Info (176357): Destination node print_FSM:FSM|neg_flag~0 File: C:/Users/A02395949/Documents/advanced/ECE_6740/Lab9/print_FSM.vhd Line: 27
        Info (176358): Non-global destination nodes limited to 10 nodes
Info (176233): Starting register packing
Info (176235): Finished register packing
    Extra Info (176219): No registers were packed into other blocks
Warning (15705): Ignored locations or region assignments to the following nodes
    Warning (15706): Node "ARDUINO_IO[0]" is assigned to location or region, but does not exist in design
    Warning (15706): Node "ARDUINO_IO[10]" is assigned to location or region, but does not exist in design
    Warning (15706): Node "ARDUINO_IO[11]" is assigned to location or region, but does not exist in design
    Warning (15706): Node "ARDUINO_IO[12]" is assigned to location or region, but does not exist in design
    Warning (15706): Node "ARDUINO_IO[13]" is assigned to location or region, but does not exist in design
    Warning (15706): Node "ARDUINO_IO[14]" is assigned to location or region, but does not exist in design
    Warning (15706): Node "ARDUINO_IO[15]" is assigned to location or region, but does not exist in design
    Warning (15706): Node "ARDUINO_IO[1]" is assigned to location or region, but does not exist in design
    Warning (15706): Node "ARDUINO_IO[2]" is assigned to location or region, but does not exist in design
    Warning (15706): Node "ARDUINO_IO[3]" is assigned to location or region, but does not exist in design
    Warning (15706): Node "ARDUINO_IO[4]" is assigned to location or region, but does not exist in design
    Warning (15706): Node "ARDUINO_IO[5]" is assigned to location or region, but does not exist in design
    Warning (15706): Node "ARDUINO_IO[6]" is assigned to location or region, but does not exist in design
    Warning (15706): Node "ARDUINO_IO[7]" is assigned to location or region, but does not exist in design
    Warning (15706): Node "ARDUINO_IO[8]" is assigned to location or region, but does not exist in design
    Warning (15706): Node "ARDUINO_IO[9]" is assigned to location or region, but does not exist in design
    Warning (15706): Node "ARDUINO_RESET_N" is assigned to location or region, but does not exist in design
    Warning (15706): Node "DRAM_ADDR[0]" is assigned to location or region, but does not exist in design
    Warning (15706): Node "DRAM_ADDR[10]" is assigned to location or region, but does not exist in design
    Warning (15706): Node "DRAM_ADDR[11]" is assigned to location or region, but does not exist in design
    Warning (15706): Node "DRAM_ADDR[12]" is assigned to location or region, but does not exist in design
    Warning (15706): Node "DRAM_ADDR[1]" is assigned to location or region, but does not exist in design
    Warning (15706): Node "DRAM_ADDR[2]" is assigned to location or region, but does not exist in design
    Warning (15706): Node "DRAM_ADDR[3]" is assigned to location or region, but does not exist in design
    Warning (15706): Node "DRAM_ADDR[4]" is assigned to location or region, but does not exist in design
    Warning (15706): Node "DRAM_ADDR[5]" is assigned to location or region, but does not exist in design
    Warning (15706): Node "DRAM_ADDR[6]" is assigned to location or region, but does not exist in design
    Warning (15706): Node "DRAM_ADDR[7]" is assigned to location or region, but does not exist in design
    Warning (15706): Node "DRAM_ADDR[8]" is assigned to location or region, but does not exist in design
    Warning (15706): Node "DRAM_ADDR[9]" is assigned to location or region, but does not exist in design
    Warning (15706): Node "DRAM_BA[0]" is assigned to location or region, but does not exist in design
    Warning (15706): Node "DRAM_BA[1]" is assigned to location or region, but does not exist in design
    Warning (15706): Node "DRAM_CAS_N" is assigned to location or region, but does not exist in design
    Warning (15706): Node "DRAM_CKE" is assigned to location or region, but does not exist in design
    Warning (15706): Node "DRAM_CLK" is assigned to location or region, but does not exist in design
    Warning (15706): Node "DRAM_CS_N" is assigned to location or region, but does not exist in design
    Warning (15706): Node "DRAM_DQ[0]" is assigned to location or region, but does not exist in design
    Warning (15706): Node "DRAM_DQ[10]" is assigned to location or region, but does not exist in design
    Warning (15706): Node "DRAM_DQ[11]" is assigned to location or region, but does not exist in design
    Warning (15706): Node "DRAM_DQ[12]" is assigned to location or region, but does not exist in design
    Warning (15706): Node "DRAM_DQ[13]" is assigned to location or region, but does not exist in design
    Warning (15706): Node "DRAM_DQ[14]" is assigned to location or region, but does not exist in design
    Warning (15706): Node "DRAM_DQ[15]" is assigned to location or region, but does not exist in design
    Warning (15706): Node "DRAM_DQ[1]" is assigned to location or region, but does not exist in design
    Warning (15706): Node "DRAM_DQ[2]" is assigned to location or region, but does not exist in design
    Warning (15706): Node "DRAM_DQ[3]" is assigned to location or region, but does not exist in design
    Warning (15706): Node "DRAM_DQ[4]" is assigned to location or region, but does not exist in design
    Warning (15706): Node "DRAM_DQ[5]" is assigned to location or region, but does not exist in design
    Warning (15706): Node "DRAM_DQ[6]" is assigned to location or region, but does not exist in design
    Warning (15706): Node "DRAM_DQ[7]" is assigned to location or region, but does not exist in design
    Warning (15706): Node "DRAM_DQ[8]" is assigned to location or region, but does not exist in design
    Warning (15706): Node "DRAM_DQ[9]" is assigned to location or region, but does not exist in design
    Warning (15706): Node "DRAM_LDQM" is assigned to location or region, but does not exist in design
    Warning (15706): Node "DRAM_RAS_N" is assigned to location or region, but does not exist in design
    Warning (15706): Node "DRAM_UDQM" is assigned to location or region, but does not exist in design
    Warning (15706): Node "DRAM_WE_N" is assigned to location or region, but does not exist in design
    Warning (15706): Node "HEX0[0]" is assigned to location or region, but does not exist in design
    Warning (15706): Node "HEX0[1]" is assigned to location or region, but does not exist in design
    Warning (15706): Node "HEX0[2]" is assigned to location or region, but does not exist in design
    Warning (15706): Node "HEX0[3]" is assigned to location or region, but does not exist in design
    Warning (15706): Node "HEX0[4]" is assigned to location or region, but does not exist in design
    Warning (15706): Node "HEX0[5]" is assigned to location or region, but does not exist in design
    Warning (15706): Node "HEX0[6]" is assigned to location or region, but does not exist in design
    Warning (15706): Node "HEX0[7]" is assigned to location or region, but does not exist in design
    Warning (15706): Node "HEX1[0]" is assigned to location or region, but does not exist in design
    Warning (15706): Node "HEX1[1]" is assigned to location or region, but does not exist in design
    Warning (15706): Node "HEX1[2]" is assigned to location or region, but does not exist in design
    Warning (15706): Node "HEX1[3]" is assigned to location or region, but does not exist in design
    Warning (15706): Node "HEX1[4]" is assigned to location or region, but does not exist in design
    Warning (15706): Node "HEX1[5]" is assigned to location or region, but does not exist in design
    Warning (15706): Node "HEX1[6]" is assigned to location or region, but does not exist in design
    Warning (15706): Node "HEX1[7]" is assigned to location or region, but does not exist in design
    Warning (15706): Node "HEX2[0]" is assigned to location or region, but does not exist in design
    Warning (15706): Node "HEX2[1]" is assigned to location or region, but does not exist in design
    Warning (15706): Node "HEX2[2]" is assigned to location or region, but does not exist in design
    Warning (15706): Node "HEX2[3]" is assigned to location or region, but does not exist in design
    Warning (15706): Node "HEX2[4]" is assigned to location or region, but does not exist in design
    Warning (15706): Node "HEX2[5]" is assigned to location or region, but does not exist in design
    Warning (15706): Node "HEX2[6]" is assigned to location or region, but does not exist in design
    Warning (15706): Node "HEX2[7]" is assigned to location or region, but does not exist in design
    Warning (15706): Node "HEX3[0]" is assigned to location or region, but does not exist in design
    Warning (15706): Node "HEX3[1]" is assigned to location or region, but does not exist in design
    Warning (15706): Node "HEX3[2]" is assigned to location or region, but does not exist in design
    Warning (15706): Node "HEX3[3]" is assigned to location or region, but does not exist in design
    Warning (15706): Node "HEX3[4]" is assigned to location or region, but does not exist in design
    Warning (15706): Node "HEX3[5]" is assigned to location or region, but does not exist in design
    Warning (15706): Node "HEX3[6]" is assigned to location or region, but does not exist in design
    Warning (15706): Node "HEX3[7]" is assigned to location or region, but does not exist in design
    Warning (15706): Node "HEX4[0]" is assigned to location or region, but does not exist in design
    Warning (15706): Node "HEX4[1]" is assigned to location or region, but does not exist in design
    Warning (15706): Node "HEX4[2]" is assigned to location or region, but does not exist in design
    Warning (15706): Node "HEX4[3]" is assigned to location or region, but does not exist in design
    Warning (15706): Node "HEX4[4]" is assigned to location or region, but does not exist in design
    Warning (15706): Node "HEX4[5]" is assigned to location or region, but does not exist in design
    Warning (15706): Node "HEX4[6]" is assigned to location or region, but does not exist in design
    Warning (15706): Node "HEX4[7]" is assigned to location or region, but does not exist in design
    Warning (15706): Node "HEX5[0]" is assigned to location or region, but does not exist in design
    Warning (15706): Node "HEX5[1]" is assigned to location or region, but does not exist in design
    Warning (15706): Node "HEX5[2]" is assigned to location or region, but does not exist in design
    Warning (15706): Node "HEX5[3]" is assigned to location or region, but does not exist in design
    Warning (15706): Node "HEX5[4]" is assigned to location or region, but does not exist in design
    Warning (15706): Node "HEX5[5]" is assigned to location or region, but does not exist in design
    Warning (15706): Node "HEX5[6]" is assigned to location or region, but does not exist in design
    Warning (15706): Node "HEX5[7]" is assigned to location or region, but does not exist in design
    Warning (15706): Node "LEDR[0]" is assigned to location or region, but does not exist in design
    Warning (15706): Node "LEDR[1]" is assigned to location or region, but does not exist in design
    Warning (15706): Node "LEDR[2]" is assigned to location or region, but does not exist in design
    Warning (15706): Node "LEDR[3]" is assigned to location or region, but does not exist in design
    Warning (15706): Node "LEDR[4]" is assigned to location or region, but does not exist in design
    Warning (15706): Node "LEDR[5]" is assigned to location or region, but does not exist in design
    Warning (15706): Node "LEDR[6]" is assigned to location or region, but does not exist in design
    Warning (15706): Node "LEDR[7]" is assigned to location or region, but does not exist in design
    Warning (15706): Node "LEDR[8]" is assigned to location or region, but does not exist in design
    Warning (15706): Node "LEDR[9]" is assigned to location or region, but does not exist in design
    Warning (15706): Node "SW[0]" is assigned to location or region, but does not exist in design
    Warning (15706): Node "SW[1]" is assigned to location or region, but does not exist in design
    Warning (15706): Node "SW[2]" is assigned to location or region, but does not exist in design
    Warning (15706): Node "SW[3]" is assigned to location or region, but does not exist in design
    Warning (15706): Node "SW[4]" is assigned to location or region, but does not exist in design
    Warning (15706): Node "SW[5]" is assigned to location or region, but does not exist in design
    Warning (15706): Node "SW[6]" is assigned to location or region, but does not exist in design
    Warning (15706): Node "SW[7]" is assigned to location or region, but does not exist in design
    Warning (15706): Node "SW[8]" is assigned to location or region, but does not exist in design
    Warning (15706): Node "SW[9]" is assigned to location or region, but does not exist in design
Info (171121): Fitter preparation operations ending: elapsed time is 00:00:03
Info (14896): Fitter has disabled Advanced Physical Optimization because it is not supported for the current family.
Info (170189): Fitter placement preparation operations beginning
Info (170190): Fitter placement preparation operations ending: elapsed time is 00:00:00
Info (170191): Fitter placement operations beginning
Info (170137): Fitter placement was successful
Info (170192): Fitter placement operations ending: elapsed time is 00:00:06
Info (170193): Fitter routing operations beginning
Info (170195): Router estimated average interconnect usage is 4% of the available device resources
    Info (170196): Router estimated peak interconnect usage is 13% of the available device resources in the region that extends from location X22_Y22 to location X32_Y32
Info (170199): The Fitter performed an Auto Fit compilation.  Optimizations were skipped to reduce compilation time.
    Info (170201): Optimizations that may affect the design's routability were skipped
Info (170194): Fitter routing operations ending: elapsed time is 00:00:04
Info (11888): Total time spent on timing analysis during the Fitter is 2.52 seconds.
Info (334003): Started post-fitting delay annotation
Info (334004): Delay annotation completed successfully
Info (334003): Started post-fitting delay annotation
Info (334004): Delay annotation completed successfully
Info (11218): Fitter post-fit operations ending: elapsed time is 00:00:02
Warning (171167): Found invalid Fitter assignments. See the Ignored Assignments panel in the Fitter Compilation Report for more information.
Warning (169177): 41 pins must meet Intel FPGA requirements for 3.3-, 3.0-, and 2.5-V interfaces. For more information, refer to AN 447: Interfacing MAX 10 Devices with 3.3/3.0/2.5-V LVTTL/LVCMOS I/O Systems.
    Info (169178): Pin KEY[1] uses I/O standard 3.3 V Schmitt Trigger at A7 File: C:/Users/A02395949/Documents/advanced/ECE_6740/Lab9/DLX.vhd Line: 9
    Info (169178): Pin ADC_CLK_10 uses I/O standard 3.3-V LVTTL at N5 File: C:/Users/A02395949/Documents/advanced/ECE_6740/Lab9/DLX.vhd Line: 10
    Info (169178): Pin MAX10_CLK2_50 uses I/O standard 3.3-V LVTTL at N14 File: C:/Users/A02395949/Documents/advanced/ECE_6740/Lab9/DLX.vhd Line: 12
    Info (169178): Pin GPIO[2] uses I/O standard 3.3-V LVTTL at V9 File: C:/Users/A02395949/Documents/advanced/ECE_6740/Lab9/DLX.vhd Line: 13
    Info (169178): Pin GPIO[3] uses I/O standard 3.3-V LVTTL at W9 File: C:/Users/A02395949/Documents/advanced/ECE_6740/Lab9/DLX.vhd Line: 13
    Info (169178): Pin GPIO[4] uses I/O standard 3.3-V LVTTL at V8 File: C:/Users/A02395949/Documents/advanced/ECE_6740/Lab9/DLX.vhd Line: 13
    Info (169178): Pin GPIO[5] uses I/O standard 3.3-V LVTTL at W8 File: C:/Users/A02395949/Documents/advanced/ECE_6740/Lab9/DLX.vhd Line: 13
    Info (169178): Pin GPIO[6] uses I/O standard 3.3-V LVTTL at V7 File: C:/Users/A02395949/Documents/advanced/ECE_6740/Lab9/DLX.vhd Line: 13
    Info (169178): Pin GPIO[7] uses I/O standard 3.3-V LVTTL at W7 File: C:/Users/A02395949/Documents/advanced/ECE_6740/Lab9/DLX.vhd Line: 13
    Info (169178): Pin GPIO[8] uses I/O standard 3.3-V LVTTL at W6 File: C:/Users/A02395949/Documents/advanced/ECE_6740/Lab9/DLX.vhd Line: 13
    Info (169178): Pin GPIO[9] uses I/O standard 3.3-V LVTTL at V5 File: C:/Users/A02395949/Documents/advanced/ECE_6740/Lab9/DLX.vhd Line: 13
    Info (169178): Pin GPIO[10] uses I/O standard 3.3-V LVTTL at W5 File: C:/Users/A02395949/Documents/advanced/ECE_6740/Lab9/DLX.vhd Line: 13
    Info (169178): Pin GPIO[11] uses I/O standard 3.3-V LVTTL at AA15 File: C:/Users/A02395949/Documents/advanced/ECE_6740/Lab9/DLX.vhd Line: 13
    Info (169178): Pin GPIO[12] uses I/O standard 3.3-V LVTTL at AA14 File: C:/Users/A02395949/Documents/advanced/ECE_6740/Lab9/DLX.vhd Line: 13
    Info (169178): Pin GPIO[13] uses I/O standard 3.3-V LVTTL at W13 File: C:/Users/A02395949/Documents/advanced/ECE_6740/Lab9/DLX.vhd Line: 13
    Info (169178): Pin GPIO[14] uses I/O standard 3.3-V LVTTL at W12 File: C:/Users/A02395949/Documents/advanced/ECE_6740/Lab9/DLX.vhd Line: 13
    Info (169178): Pin GPIO[15] uses I/O standard 3.3-V LVTTL at AB13 File: C:/Users/A02395949/Documents/advanced/ECE_6740/Lab9/DLX.vhd Line: 13
    Info (169178): Pin GPIO[16] uses I/O standard 3.3-V LVTTL at AB12 File: C:/Users/A02395949/Documents/advanced/ECE_6740/Lab9/DLX.vhd Line: 13
    Info (169178): Pin GPIO[17] uses I/O standard 3.3-V LVTTL at Y11 File: C:/Users/A02395949/Documents/advanced/ECE_6740/Lab9/DLX.vhd Line: 13
    Info (169178): Pin GPIO[18] uses I/O standard 3.3-V LVTTL at AB11 File: C:/Users/A02395949/Documents/advanced/ECE_6740/Lab9/DLX.vhd Line: 13
    Info (169178): Pin GPIO[19] uses I/O standard 3.3-V LVTTL at W11 File: C:/Users/A02395949/Documents/advanced/ECE_6740/Lab9/DLX.vhd Line: 13
    Info (169178): Pin GPIO[20] uses I/O standard 3.3-V LVTTL at AB10 File: C:/Users/A02395949/Documents/advanced/ECE_6740/Lab9/DLX.vhd Line: 13
    Info (169178): Pin GPIO[21] uses I/O standard 3.3-V LVTTL at AA10 File: C:/Users/A02395949/Documents/advanced/ECE_6740/Lab9/DLX.vhd Line: 13
    Info (169178): Pin GPIO[22] uses I/O standard 3.3-V LVTTL at AA9 File: C:/Users/A02395949/Documents/advanced/ECE_6740/Lab9/DLX.vhd Line: 13
    Info (169178): Pin GPIO[23] uses I/O standard 3.3-V LVTTL at Y8 File: C:/Users/A02395949/Documents/advanced/ECE_6740/Lab9/DLX.vhd Line: 13
    Info (169178): Pin GPIO[24] uses I/O standard 3.3-V LVTTL at AA8 File: C:/Users/A02395949/Documents/advanced/ECE_6740/Lab9/DLX.vhd Line: 13
    Info (169178): Pin GPIO[25] uses I/O standard 3.3-V LVTTL at Y7 File: C:/Users/A02395949/Documents/advanced/ECE_6740/Lab9/DLX.vhd Line: 13
    Info (169178): Pin GPIO[26] uses I/O standard 3.3-V LVTTL at AA7 File: C:/Users/A02395949/Documents/advanced/ECE_6740/Lab9/DLX.vhd Line: 13
    Info (169178): Pin GPIO[27] uses I/O standard 3.3-V LVTTL at Y6 File: C:/Users/A02395949/Documents/advanced/ECE_6740/Lab9/DLX.vhd Line: 13
    Info (169178): Pin GPIO[28] uses I/O standard 3.3-V LVTTL at AA6 File: C:/Users/A02395949/Documents/advanced/ECE_6740/Lab9/DLX.vhd Line: 13
    Info (169178): Pin GPIO[29] uses I/O standard 3.3-V LVTTL at Y5 File: C:/Users/A02395949/Documents/advanced/ECE_6740/Lab9/DLX.vhd Line: 13
    Info (169178): Pin GPIO[30] uses I/O standard 3.3-V LVTTL at AA5 File: C:/Users/A02395949/Documents/advanced/ECE_6740/Lab9/DLX.vhd Line: 13
    Info (169178): Pin GPIO[31] uses I/O standard 3.3-V LVTTL at Y4 File: C:/Users/A02395949/Documents/advanced/ECE_6740/Lab9/DLX.vhd Line: 13
    Info (169178): Pin GPIO[32] uses I/O standard 3.3-V LVTTL at AB3 File: C:/Users/A02395949/Documents/advanced/ECE_6740/Lab9/DLX.vhd Line: 13
    Info (169178): Pin GPIO[33] uses I/O standard 3.3-V LVTTL at Y3 File: C:/Users/A02395949/Documents/advanced/ECE_6740/Lab9/DLX.vhd Line: 13
    Info (169178): Pin GPIO[34] uses I/O standard 3.3-V LVTTL at AB2 File: C:/Users/A02395949/Documents/advanced/ECE_6740/Lab9/DLX.vhd Line: 13
    Info (169178): Pin GPIO[35] uses I/O standard 3.3-V LVTTL at AA2 File: C:/Users/A02395949/Documents/advanced/ECE_6740/Lab9/DLX.vhd Line: 13
    Info (169178): Pin GPIO[0] uses I/O standard 3.3-V LVTTL at V10 File: C:/Users/A02395949/Documents/advanced/ECE_6740/Lab9/DLX.vhd Line: 13
    Info (169178): Pin GPIO[1] uses I/O standard 3.3-V LVTTL at W10 File: C:/Users/A02395949/Documents/advanced/ECE_6740/Lab9/DLX.vhd Line: 13
    Info (169178): Pin MAX10_CLK1_50 uses I/O standard 3.3-V LVTTL at P11 File: C:/Users/A02395949/Documents/advanced/ECE_6740/Lab9/DLX.vhd Line: 11
    Info (169178): Pin KEY[0] uses I/O standard 3.3 V Schmitt Trigger at B8 File: C:/Users/A02395949/Documents/advanced/ECE_6740/Lab9/DLX.vhd Line: 9
Warning (169064): Following 36 pins have no output enable or a GND or VCC output enable - later changes to this connectivity may change fitting results
    Info (169065): Pin GPIO[2] has a permanently disabled output enable File: C:/Users/A02395949/Documents/advanced/ECE_6740/Lab9/DLX.vhd Line: 13
    Info (169065): Pin GPIO[3] has a permanently disabled output enable File: C:/Users/A02395949/Documents/advanced/ECE_6740/Lab9/DLX.vhd Line: 13
    Info (169065): Pin GPIO[4] has a permanently disabled output enable File: C:/Users/A02395949/Documents/advanced/ECE_6740/Lab9/DLX.vhd Line: 13
    Info (169065): Pin GPIO[5] has a permanently disabled output enable File: C:/Users/A02395949/Documents/advanced/ECE_6740/Lab9/DLX.vhd Line: 13
    Info (169065): Pin GPIO[6] has a permanently disabled output enable File: C:/Users/A02395949/Documents/advanced/ECE_6740/Lab9/DLX.vhd Line: 13
    Info (169065): Pin GPIO[7] has a permanently disabled output enable File: C:/Users/A02395949/Documents/advanced/ECE_6740/Lab9/DLX.vhd Line: 13
    Info (169065): Pin GPIO[8] has a permanently disabled output enable File: C:/Users/A02395949/Documents/advanced/ECE_6740/Lab9/DLX.vhd Line: 13
    Info (169065): Pin GPIO[9] has a permanently disabled output enable File: C:/Users/A02395949/Documents/advanced/ECE_6740/Lab9/DLX.vhd Line: 13
    Info (169065): Pin GPIO[10] has a permanently disabled output enable File: C:/Users/A02395949/Documents/advanced/ECE_6740/Lab9/DLX.vhd Line: 13
    Info (169065): Pin GPIO[11] has a permanently disabled output enable File: C:/Users/A02395949/Documents/advanced/ECE_6740/Lab9/DLX.vhd Line: 13
    Info (169065): Pin GPIO[12] has a permanently disabled output enable File: C:/Users/A02395949/Documents/advanced/ECE_6740/Lab9/DLX.vhd Line: 13
    Info (169065): Pin GPIO[13] has a permanently disabled output enable File: C:/Users/A02395949/Documents/advanced/ECE_6740/Lab9/DLX.vhd Line: 13
    Info (169065): Pin GPIO[14] has a permanently disabled output enable File: C:/Users/A02395949/Documents/advanced/ECE_6740/Lab9/DLX.vhd Line: 13
    Info (169065): Pin GPIO[15] has a permanently disabled output enable File: C:/Users/A02395949/Documents/advanced/ECE_6740/Lab9/DLX.vhd Line: 13
    Info (169065): Pin GPIO[16] has a permanently disabled output enable File: C:/Users/A02395949/Documents/advanced/ECE_6740/Lab9/DLX.vhd Line: 13
    Info (169065): Pin GPIO[17] has a permanently disabled output enable File: C:/Users/A02395949/Documents/advanced/ECE_6740/Lab9/DLX.vhd Line: 13
    Info (169065): Pin GPIO[18] has a permanently disabled output enable File: C:/Users/A02395949/Documents/advanced/ECE_6740/Lab9/DLX.vhd Line: 13
    Info (169065): Pin GPIO[19] has a permanently disabled output enable File: C:/Users/A02395949/Documents/advanced/ECE_6740/Lab9/DLX.vhd Line: 13
    Info (169065): Pin GPIO[20] has a permanently disabled output enable File: C:/Users/A02395949/Documents/advanced/ECE_6740/Lab9/DLX.vhd Line: 13
    Info (169065): Pin GPIO[21] has a permanently disabled output enable File: C:/Users/A02395949/Documents/advanced/ECE_6740/Lab9/DLX.vhd Line: 13
    Info (169065): Pin GPIO[22] has a permanently disabled output enable File: C:/Users/A02395949/Documents/advanced/ECE_6740/Lab9/DLX.vhd Line: 13
    Info (169065): Pin GPIO[23] has a permanently disabled output enable File: C:/Users/A02395949/Documents/advanced/ECE_6740/Lab9/DLX.vhd Line: 13
    Info (169065): Pin GPIO[24] has a permanently disabled output enable File: C:/Users/A02395949/Documents/advanced/ECE_6740/Lab9/DLX.vhd Line: 13
    Info (169065): Pin GPIO[25] has a permanently disabled output enable File: C:/Users/A02395949/Documents/advanced/ECE_6740/Lab9/DLX.vhd Line: 13
    Info (169065): Pin GPIO[26] has a permanently disabled output enable File: C:/Users/A02395949/Documents/advanced/ECE_6740/Lab9/DLX.vhd Line: 13
    Info (169065): Pin GPIO[27] has a permanently disabled output enable File: C:/Users/A02395949/Documents/advanced/ECE_6740/Lab9/DLX.vhd Line: 13
    Info (169065): Pin GPIO[28] has a permanently disabled output enable File: C:/Users/A02395949/Documents/advanced/ECE_6740/Lab9/DLX.vhd Line: 13
    Info (169065): Pin GPIO[29] has a permanently disabled output enable File: C:/Users/A02395949/Documents/advanced/ECE_6740/Lab9/DLX.vhd Line: 13
    Info (169065): Pin GPIO[30] has a permanently disabled output enable File: C:/Users/A02395949/Documents/advanced/ECE_6740/Lab9/DLX.vhd Line: 13
    Info (169065): Pin GPIO[31] has a permanently disabled output enable File: C:/Users/A02395949/Documents/advanced/ECE_6740/Lab9/DLX.vhd Line: 13
    Info (169065): Pin GPIO[32] has a permanently disabled output enable File: C:/Users/A02395949/Documents/advanced/ECE_6740/Lab9/DLX.vhd Line: 13
    Info (169065): Pin GPIO[33] has a permanently disabled output enable File: C:/Users/A02395949/Documents/advanced/ECE_6740/Lab9/DLX.vhd Line: 13
    Info (169065): Pin GPIO[34] has a permanently disabled output enable File: C:/Users/A02395949/Documents/advanced/ECE_6740/Lab9/DLX.vhd Line: 13
    Info (169065): Pin GPIO[35] has a permanently disabled output enable File: C:/Users/A02395949/Documents/advanced/ECE_6740/Lab9/DLX.vhd Line: 13
    Info (169065): Pin GPIO[0] has a permanently disabled output enable File: C:/Users/A02395949/Documents/advanced/ECE_6740/Lab9/DLX.vhd Line: 13
    Info (169065): Pin GPIO[1] has a permanently enabled output enable File: C:/Users/A02395949/Documents/advanced/ECE_6740/Lab9/DLX.vhd Line: 13
Info (144001): Generated suppressed messages file C:/Users/A02395949/Documents/advanced/ECE_6740/Lab9/DLX.fit.smsg
Info: Quartus Prime Fitter was successful. 0 errors, 131 warnings
    Info: Peak virtual memory: 6561 megabytes
    Info: Processing ended: Tue Mar 31 13:12:21 2026
    Info: Elapsed time: 00:00:21
    Info: Total CPU time (on all processors): 00:00:50


+----------------------------+
; Fitter Suppressed Messages ;
+----------------------------+
The suppressed messages can be found in C:/Users/A02395949/Documents/advanced/ECE_6740/Lab9/DLX.fit.smsg.


