Analysis & Synthesis report for DLX
Thu Mar 19 00:08:34 2026
Quartus Prime Version 24.1std.0 Build 1077 03/04/2025 SC Lite Edition


---------------------
; Table of Contents ;
---------------------
  1. Legal Notice
  2. Analysis & Synthesis Summary
  3. Analysis & Synthesis Settings
  4. Parallel Compilation
  5. Analysis & Synthesis Source Files Read
  6. Analysis & Synthesis Resource Usage Summary
  7. Analysis & Synthesis Resource Utilization by Entity
  8. Analysis & Synthesis RAM Summary
  9. Analysis & Synthesis IP Cores Summary
 10. State Machine - |DLX|print_FSM:FSM|state
 11. Registers Protected by Synthesis
 12. Registers Removed During Synthesis
 13. Removed Registers Triggering Further Register Optimizations
 14. General Register Statistics
 15. Inverted Register Statistics
 16. Registers Added for RAM Pass-Through Logic
 17. Registers Packed Into Inferred Megafunctions
 18. Multiplexer Restructuring Statistics (Restructuring Performed)
 19. Source assignments for fetch:FETCH|my_ROM:U1|altsyncram:altsyncram_component|altsyncram_d5s3:auto_generated
 20. Source assignments for memory:MEMORY|my_ram:RAM|altsyncram:altsyncram_component|altsyncram_29s3:auto_generated
 21. Source assignments for print_FSM:FSM|fifo_word:FIFO1|scfifo:scfifo_component|scfifo_4k51:auto_generated|a_dpfifo_jj21:dpfifo|altsyncram_o2m1:FIFOram
 22. Source assignments for print_FSM:FSM|fifo_char:FIFO2|dcfifo:dcfifo_component
 23. Source assignments for print_FSM:FSM|fifo_char:FIFO2|dcfifo:dcfifo_component|dcfifo_f1f1:auto_generated
 24. Source assignments for print_FSM:FSM|fifo_char:FIFO2|dcfifo:dcfifo_component|dcfifo_f1f1:auto_generated|a_graycounter_h26:rdptr_g1p
 25. Source assignments for print_FSM:FSM|fifo_char:FIFO2|dcfifo:dcfifo_component|dcfifo_f1f1:auto_generated|a_graycounter_dgb:wrptr_g1p
 26. Source assignments for print_FSM:FSM|fifo_char:FIFO2|dcfifo:dcfifo_component|dcfifo_f1f1:auto_generated|altsyncram_qj31:fifo_ram
 27. Source assignments for print_FSM:FSM|fifo_char:FIFO2|dcfifo:dcfifo_component|dcfifo_f1f1:auto_generated|alt_synch_pipe_h9l:rs_dgwp
 28. Source assignments for print_FSM:FSM|fifo_char:FIFO2|dcfifo:dcfifo_component|dcfifo_f1f1:auto_generated|alt_synch_pipe_h9l:rs_dgwp|dffpipe_2v8:dffpipe12
 29. Source assignments for print_FSM:FSM|fifo_char:FIFO2|dcfifo:dcfifo_component|dcfifo_f1f1:auto_generated|dffpipe_1v8:ws_brp
 30. Source assignments for print_FSM:FSM|fifo_char:FIFO2|dcfifo:dcfifo_component|dcfifo_f1f1:auto_generated|dffpipe_1v8:ws_bwp
 31. Source assignments for print_FSM:FSM|fifo_char:FIFO2|dcfifo:dcfifo_component|dcfifo_f1f1:auto_generated|alt_synch_pipe_i9l:ws_dgrp
 32. Source assignments for print_FSM:FSM|fifo_char:FIFO2|dcfifo:dcfifo_component|dcfifo_f1f1:auto_generated|alt_synch_pipe_i9l:ws_dgrp|dffpipe_3v8:dffpipe16
 33. Source assignments for print_FSM:FSM|diva:DIVIDER|lpm_divide:LPM_DIVIDE_component|lpm_divide_ous:auto_generated|sign_div_unsign_q8i:divider|alt_u_div_d6f:divider
 34. Source assignments for decode:DECODE|registers:R|altsyncram:ram_block_rtl_0|altsyncram_23g1:auto_generated
 35. Source assignments for decode:DECODE|registers:R|altsyncram:ram_block_rtl_1|altsyncram_23g1:auto_generated
 36. Source assignments for print_FSM:FSM|diva:DIVIDER|lpm_divide:LPM_DIVIDE_component|lpm_divide_ous:auto_generated|sign_div_unsign_q8i:divider|alt_u_div_d6f:divider|altshift_taps:DFFQuotient_rtl_0|shift_taps_53o:auto_generated|altsyncram_pv21:altsyncram4
 37. Parameter Settings for User Entity Instance: fetch:FETCH|my_ROM:U1|altsyncram:altsyncram_component
 38. Parameter Settings for User Entity Instance: memory:MEMORY|my_ram:RAM|altsyncram:altsyncram_component
 39. Parameter Settings for User Entity Instance: print_FSM:FSM|fifo_word:FIFO1|scfifo:scfifo_component
 40. Parameter Settings for User Entity Instance: print_FSM:FSM|fifo_char:FIFO2|dcfifo:dcfifo_component
 41. Parameter Settings for User Entity Instance: print_FSM:FSM|diva:DIVIDER|lpm_divide:LPM_DIVIDE_component
 42. Parameter Settings for User Entity Instance: pll:PLLTX|altpll:altpll_component
 43. Parameter Settings for Inferred Entity Instance: decode:DECODE|registers:R|altsyncram:ram_block_rtl_0
 44. Parameter Settings for Inferred Entity Instance: decode:DECODE|registers:R|altsyncram:ram_block_rtl_1
 45. Parameter Settings for Inferred Entity Instance: print_FSM:FSM|diva:DIVIDER|lpm_divide:LPM_DIVIDE_component|lpm_divide_ous:auto_generated|sign_div_unsign_q8i:divider|alt_u_div_d6f:divider|altshift_taps:DFFQuotient_rtl_0
 46. altsyncram Parameter Settings by Entity Instance
 47. scfifo Parameter Settings by Entity Instance
 48. dcfifo Parameter Settings by Entity Instance
 49. altpll Parameter Settings by Entity Instance
 50. altshift_taps Parameter Settings by Entity Instance
 51. Port Connectivity Checks: "pll:PLLTX"
 52. Port Connectivity Checks: "print_FSM:FSM|diva:DIVIDER"
 53. Port Connectivity Checks: "print_FSM:FSM|fifo_word:FIFO1"
 54. Post-Synthesis Netlist Statistics for Top Partition
 55. Elapsed Time Per Partition
 56. Analysis & Synthesis Messages



----------------
; Legal Notice ;
----------------
Copyright (C) 2025  Altera Corporation. All rights reserved.
Your use of Altera Corporation's design tools, logic functions 
and other software and tools, and any partner logic 
functions, and any output files from any of the foregoing 
(including device programming or simulation files), and any 
associated documentation or information are expressly subject 
to the terms and conditions of the Altera Program License 
Subscription Agreement, the Altera Quartus Prime License Agreement,
the Altera IP License Agreement, or other applicable license
agreement, including, without limitation, that your use is for
the sole purpose of programming logic devices manufactured by
Altera and sold by Altera or its authorized distributors.  Please
refer to the Altera Software License Subscription Agreements 
on the Quartus Prime software download page.



+--------------------------------------------------------------------------------------+
; Analysis & Synthesis Summary                                                         ;
+------------------------------------+-------------------------------------------------+
; Analysis & Synthesis Status        ; Successful - Thu Mar 19 00:08:34 2026           ;
; Quartus Prime Version              ; 24.1std.0 Build 1077 03/04/2025 SC Lite Edition ;
; Revision Name                      ; DLX                                             ;
; Top-level Entity Name              ; DLX                                             ;
; Family                             ; MAX 10                                          ;
; Total logic elements               ; 3,137                                           ;
;     Total combinational functions  ; 2,830                                           ;
;     Dedicated logic registers      ; 757                                             ;
; Total registers                    ; 757                                             ;
; Total pins                         ; 41                                              ;
; Total virtual pins                 ; 0                                               ;
; Total memory bits                  ; 79,408                                          ;
; Embedded Multiplier 9-bit elements ; 0                                               ;
; Total PLLs                         ; 1                                               ;
; UFM blocks                         ; 0                                               ;
; ADC blocks                         ; 0                                               ;
+------------------------------------+-------------------------------------------------+


+------------------------------------------------------------------------------------------------------------+
; Analysis & Synthesis Settings                                                                              ;
+------------------------------------------------------------------+--------------------+--------------------+
; Option                                                           ; Setting            ; Default Value      ;
+------------------------------------------------------------------+--------------------+--------------------+
; Device                                                           ; 10M50DAF484C7G     ;                    ;
; Top-level entity name                                            ; DLX                ; DLX                ;
; Family name                                                      ; MAX 10             ; Cyclone V          ;
; Use smart compilation                                            ; Off                ; Off                ;
; Enable parallel Assembler and Timing Analyzer during compilation ; On                 ; On                 ;
; Enable compact report table                                      ; Off                ; Off                ;
; Restructure Multiplexers                                         ; Auto               ; Auto               ;
; Create Debugging Nodes for IP Cores                              ; Off                ; Off                ;
; Preserve fewer node names                                        ; On                 ; On                 ;
; Intel FPGA IP Evaluation Mode                                    ; Enable             ; Enable             ;
; Verilog Version                                                  ; Verilog_2001       ; Verilog_2001       ;
; VHDL Version                                                     ; VHDL_1993          ; VHDL_1993          ;
; State Machine Processing                                         ; Auto               ; Auto               ;
; Safe State Machine                                               ; Off                ; Off                ;
; Extract Verilog State Machines                                   ; On                 ; On                 ;
; Extract VHDL State Machines                                      ; On                 ; On                 ;
; Ignore Verilog initial constructs                                ; Off                ; Off                ;
; Iteration limit for constant Verilog loops                       ; 5000               ; 5000               ;
; Iteration limit for non-constant Verilog loops                   ; 250                ; 250                ;
; Add Pass-Through Logic to Inferred RAMs                          ; On                 ; On                 ;
; Infer RAMs from Raw Logic                                        ; On                 ; On                 ;
; Parallel Synthesis                                               ; On                 ; On                 ;
; DSP Block Balancing                                              ; Auto               ; Auto               ;
; NOT Gate Push-Back                                               ; On                 ; On                 ;
; Power-Up Don't Care                                              ; On                 ; On                 ;
; Remove Redundant Logic Cells                                     ; Off                ; Off                ;
; Remove Duplicate Registers                                       ; On                 ; On                 ;
; Ignore CARRY Buffers                                             ; Off                ; Off                ;
; Ignore CASCADE Buffers                                           ; Off                ; Off                ;
; Ignore GLOBAL Buffers                                            ; Off                ; Off                ;
; Ignore ROW GLOBAL Buffers                                        ; Off                ; Off                ;
; Ignore LCELL Buffers                                             ; Off                ; Off                ;
; Ignore SOFT Buffers                                              ; On                 ; On                 ;
; Limit AHDL Integers to 32 Bits                                   ; Off                ; Off                ;
; Optimization Technique                                           ; Balanced           ; Balanced           ;
; Carry Chain Length                                               ; 70                 ; 70                 ;
; Auto Carry Chains                                                ; On                 ; On                 ;
; Auto Open-Drain Pins                                             ; On                 ; On                 ;
; Perform WYSIWYG Primitive Resynthesis                            ; Off                ; Off                ;
; Auto ROM Replacement                                             ; On                 ; On                 ;
; Auto RAM Replacement                                             ; On                 ; On                 ;
; Auto DSP Block Replacement                                       ; On                 ; On                 ;
; Auto Shift Register Replacement                                  ; Auto               ; Auto               ;
; Allow Shift Register Merging across Hierarchies                  ; Auto               ; Auto               ;
; Auto Clock Enable Replacement                                    ; On                 ; On                 ;
; Strict RAM Replacement                                           ; Off                ; Off                ;
; Allow Synchronous Control Signals                                ; On                 ; On                 ;
; Force Use of Synchronous Clear Signals                           ; Off                ; Off                ;
; Auto RAM Block Balancing                                         ; On                 ; On                 ;
; Auto RAM to Logic Cell Conversion                                ; Off                ; Off                ;
; Auto Resource Sharing                                            ; Off                ; Off                ;
; Allow Any RAM Size For Recognition                               ; Off                ; Off                ;
; Allow Any ROM Size For Recognition                               ; Off                ; Off                ;
; Allow Any Shift Register Size For Recognition                    ; Off                ; Off                ;
; Use LogicLock Constraints during Resource Balancing              ; On                 ; On                 ;
; Ignore translate_off and synthesis_off directives                ; Off                ; Off                ;
; Timing-Driven Synthesis                                          ; On                 ; On                 ;
; Report Parameter Settings                                        ; On                 ; On                 ;
; Report Source Assignments                                        ; On                 ; On                 ;
; Report Connectivity Checks                                       ; On                 ; On                 ;
; Ignore Maximum Fan-Out Assignments                               ; Off                ; Off                ;
; Synchronization Register Chain Length                            ; 2                  ; 2                  ;
; Power Optimization During Synthesis                              ; Normal compilation ; Normal compilation ;
; HDL message level                                                ; Level2             ; Level2             ;
; Suppress Register Optimization Related Messages                  ; Off                ; Off                ;
; Number of Removed Registers Reported in Synthesis Report         ; 5000               ; 5000               ;
; Number of Swept Nodes Reported in Synthesis Report               ; 5000               ; 5000               ;
; Number of Inverted Registers Reported in Synthesis Report        ; 100                ; 100                ;
; Clock MUX Protection                                             ; On                 ; On                 ;
; Auto Gated Clock Conversion                                      ; Off                ; Off                ;
; Block Design Naming                                              ; Auto               ; Auto               ;
; SDC constraint protection                                        ; Off                ; Off                ;
; Synthesis Effort                                                 ; Auto               ; Auto               ;
; Shift Register Replacement - Allow Asynchronous Clear Signal     ; On                 ; On                 ;
; Pre-Mapping Resynthesis Optimization                             ; Off                ; Off                ;
; Analysis & Synthesis Message Level                               ; Medium             ; Medium             ;
; Disable Register Merging Across Hierarchies                      ; Auto               ; Auto               ;
; Resource Aware Inference For Block RAM                           ; On                 ; On                 ;
+------------------------------------------------------------------+--------------------+--------------------+


+------------------------------------------+
; Parallel Compilation                     ;
+----------------------------+-------------+
; Processors                 ; Number      ;
+----------------------------+-------------+
; Number detected on machine ; 14          ;
; Maximum allowed            ; 14          ;
;                            ;             ;
; Average used               ; 1.01        ;
; Maximum used               ; 14          ;
;                            ;             ;
; Usage by Processor         ; % Time Used ;
;     Processor 1            ; 100.0%      ;
;     Processor 2            ;   0.1%      ;
;     Processor 3            ;   0.1%      ;
;     Processor 4            ;   0.1%      ;
;     Processor 5            ;   0.1%      ;
;     Processor 6            ;   0.1%      ;
;     Processor 7            ;   0.1%      ;
;     Processor 8            ;   0.0%      ;
;     Processors 9-14        ;   0.0%      ;
+----------------------------+-------------+


+-------------------------------------------------------------------------------------------------------------------------------------------------------------------------------------------------------------------------+
; Analysis & Synthesis Source Files Read                                                                                                                                                                                  ;
+----------------------------------------+-----------------+-------------------------------------------------------+--------------------------------------------------------------------------------------------+---------+
; File Name with User-Entered Path       ; Used in Netlist ; File Type                                             ; File Name with Absolute Path                                                               ; Library ;
+----------------------------------------+-----------------+-------------------------------------------------------+--------------------------------------------------------------------------------------------+---------+
; pll.vhd                                ; yes             ; User Wizard-Generated File                            ; C:/Users/A02395949/Documents/advanced/ECE_6740/Lab8/pll.vhd                                ;         ;
; UART_trans.vhd                         ; yes             ; User VHDL File                                        ; C:/Users/A02395949/Documents/advanced/ECE_6740/Lab8/UART_trans.vhd                         ;         ;
; Overseer.vhd                           ; yes             ; User VHDL File                                        ; C:/Users/A02395949/Documents/advanced/ECE_6740/Lab8/Overseer.vhd                           ;         ;
; write_back.vhd                         ; yes             ; User VHDL File                                        ; C:/Users/A02395949/Documents/advanced/ECE_6740/Lab8/write_back.vhd                         ;         ;
; memory.vhd                             ; yes             ; User VHDL File                                        ; C:/Users/A02395949/Documents/advanced/ECE_6740/Lab8/memory.vhd                             ;         ;
; Zeros.vhd                              ; yes             ; User VHDL File                                        ; C:/Users/A02395949/Documents/advanced/ECE_6740/Lab8/Zeros.vhd                              ;         ;
; PC_mux.vhd                             ; yes             ; User VHDL File                                        ; C:/Users/A02395949/Documents/advanced/ECE_6740/Lab8/PC_mux.vhd                             ;         ;
; imm_mux.vhd                            ; yes             ; User VHDL File                                        ; C:/Users/A02395949/Documents/advanced/ECE_6740/Lab8/imm_mux.vhd                            ;         ;
; Execute.vhd                            ; yes             ; User VHDL File                                        ; C:/Users/A02395949/Documents/advanced/ECE_6740/Lab8/Execute.vhd                            ;         ;
; ALU.vhd                                ; yes             ; User VHDL File                                        ; C:/Users/A02395949/Documents/advanced/ECE_6740/Lab8/ALU.vhd                                ;         ;
; sign_extend.vhd                        ; yes             ; User VHDL File                                        ; C:/Users/A02395949/Documents/advanced/ECE_6740/Lab8/sign_extend.vhd                        ;         ;
; registers.vhd                          ; yes             ; User VHDL File                                        ; C:/Users/A02395949/Documents/advanced/ECE_6740/Lab8/registers.vhd                          ;         ;
; OPCODE_PACKAGE.vhd                     ; yes             ; User VHDL File                                        ; C:/Users/A02395949/Documents/advanced/ECE_6740/Lab8/OPCODE_PACKAGE.vhd                     ;         ;
; fetch.vhd                              ; yes             ; User VHDL File                                        ; C:/Users/A02395949/Documents/advanced/ECE_6740/Lab8/fetch.vhd                              ;         ;
; DLX.vhd                                ; yes             ; User VHDL File                                        ; C:/Users/A02395949/Documents/advanced/ECE_6740/Lab8/DLX.vhd                                ;         ;
; Decode.vhd                             ; yes             ; User VHDL File                                        ; C:/Users/A02395949/Documents/advanced/ECE_6740/Lab8/Decode.vhd                             ;         ;
; my_ROM.vhd                             ; yes             ; User Wizard-Generated File                            ; C:/Users/A02395949/Documents/advanced/ECE_6740/Lab8/my_ROM.vhd                             ;         ;
; my_ram.vhd                             ; yes             ; User Wizard-Generated File                            ; C:/Users/A02395949/Documents/advanced/ECE_6740/Lab8/my_ram.vhd                             ;         ;
; fifo_word.vhd                          ; yes             ; User Wizard-Generated File                            ; C:/Users/A02395949/Documents/advanced/ECE_6740/Lab8/fifo_word.vhd                          ;         ;
; fifo_char.vhd                          ; yes             ; User Wizard-Generated File                            ; C:/Users/A02395949/Documents/advanced/ECE_6740/Lab8/fifo_char.vhd                          ;         ;
; diva.vhd                               ; yes             ; User Wizard-Generated File                            ; C:/Users/A02395949/Documents/advanced/ECE_6740/Lab8/diva.vhd                               ;         ;
; print_FSM.vhd                          ; yes             ; User VHDL File                                        ; C:/Users/A02395949/Documents/advanced/ECE_6740/Lab8/print_FSM.vhd                          ;         ;
; altsyncram.tdf                         ; yes             ; Megafunction                                          ; c:/intelfpga/20.1/quartus/libraries/megafunctions/altsyncram.tdf                           ;         ;
; stratix_ram_block.inc                  ; yes             ; Megafunction                                          ; c:/intelfpga/20.1/quartus/libraries/megafunctions/stratix_ram_block.inc                    ;         ;
; lpm_mux.inc                            ; yes             ; Megafunction                                          ; c:/intelfpga/20.1/quartus/libraries/megafunctions/lpm_mux.inc                              ;         ;
; lpm_decode.inc                         ; yes             ; Megafunction                                          ; c:/intelfpga/20.1/quartus/libraries/megafunctions/lpm_decode.inc                           ;         ;
; aglobal241.inc                         ; yes             ; Megafunction                                          ; c:/intelfpga/20.1/quartus/libraries/megafunctions/aglobal241.inc                           ;         ;
; a_rdenreg.inc                          ; yes             ; Megafunction                                          ; c:/intelfpga/20.1/quartus/libraries/megafunctions/a_rdenreg.inc                            ;         ;
; altrom.inc                             ; yes             ; Megafunction                                          ; c:/intelfpga/20.1/quartus/libraries/megafunctions/altrom.inc                               ;         ;
; altram.inc                             ; yes             ; Megafunction                                          ; c:/intelfpga/20.1/quartus/libraries/megafunctions/altram.inc                               ;         ;
; altdpram.inc                           ; yes             ; Megafunction                                          ; c:/intelfpga/20.1/quartus/libraries/megafunctions/altdpram.inc                             ;         ;
; db/altsyncram_d5s3.tdf                 ; yes             ; Auto-Generated Megafunction                           ; C:/Users/A02395949/Documents/advanced/ECE_6740/Lab8/db/altsyncram_d5s3.tdf                 ;         ;
; factorial_code.mif                     ; yes             ; Auto-Found Memory Initialization File                 ; C:/Users/A02395949/Documents/advanced/ECE_6740/Lab8/factorial_code.mif                     ;         ;
; db/altsyncram_29s3.tdf                 ; yes             ; Auto-Generated Megafunction                           ; C:/Users/A02395949/Documents/advanced/ECE_6740/Lab8/db/altsyncram_29s3.tdf                 ;         ;
; factorial_data.mif                     ; yes             ; Auto-Found Memory Initialization File                 ; C:/Users/A02395949/Documents/advanced/ECE_6740/Lab8/factorial_data.mif                     ;         ;
; scfifo.tdf                             ; yes             ; Megafunction                                          ; c:/intelfpga/20.1/quartus/libraries/megafunctions/scfifo.tdf                               ;         ;
; a_regfifo.inc                          ; yes             ; Megafunction                                          ; c:/intelfpga/20.1/quartus/libraries/megafunctions/a_regfifo.inc                            ;         ;
; a_dpfifo.inc                           ; yes             ; Megafunction                                          ; c:/intelfpga/20.1/quartus/libraries/megafunctions/a_dpfifo.inc                             ;         ;
; a_i2fifo.inc                           ; yes             ; Megafunction                                          ; c:/intelfpga/20.1/quartus/libraries/megafunctions/a_i2fifo.inc                             ;         ;
; a_fffifo.inc                           ; yes             ; Megafunction                                          ; c:/intelfpga/20.1/quartus/libraries/megafunctions/a_fffifo.inc                             ;         ;
; a_f2fifo.inc                           ; yes             ; Megafunction                                          ; c:/intelfpga/20.1/quartus/libraries/megafunctions/a_f2fifo.inc                             ;         ;
; db/scfifo_4k51.tdf                     ; yes             ; Auto-Generated Megafunction                           ; C:/Users/A02395949/Documents/advanced/ECE_6740/Lab8/db/scfifo_4k51.tdf                     ;         ;
; db/a_dpfifo_jj21.tdf                   ; yes             ; Auto-Generated Megafunction                           ; C:/Users/A02395949/Documents/advanced/ECE_6740/Lab8/db/a_dpfifo_jj21.tdf                   ;         ;
; db/a_fefifo_08f.tdf                    ; yes             ; Auto-Generated Megafunction                           ; C:/Users/A02395949/Documents/advanced/ECE_6740/Lab8/db/a_fefifo_08f.tdf                    ;         ;
; db/cntr_537.tdf                        ; yes             ; Auto-Generated Megafunction                           ; C:/Users/A02395949/Documents/advanced/ECE_6740/Lab8/db/cntr_537.tdf                        ;         ;
; db/altsyncram_o2m1.tdf                 ; yes             ; Auto-Generated Megafunction                           ; C:/Users/A02395949/Documents/advanced/ECE_6740/Lab8/db/altsyncram_o2m1.tdf                 ;         ;
; db/cntr_p2b.tdf                        ; yes             ; Auto-Generated Megafunction                           ; C:/Users/A02395949/Documents/advanced/ECE_6740/Lab8/db/cntr_p2b.tdf                        ;         ;
; dcfifo.tdf                             ; yes             ; Megafunction                                          ; c:/intelfpga/20.1/quartus/libraries/megafunctions/dcfifo.tdf                               ;         ;
; lpm_counter.inc                        ; yes             ; Megafunction                                          ; c:/intelfpga/20.1/quartus/libraries/megafunctions/lpm_counter.inc                          ;         ;
; lpm_add_sub.inc                        ; yes             ; Megafunction                                          ; c:/intelfpga/20.1/quartus/libraries/megafunctions/lpm_add_sub.inc                          ;         ;
; a_graycounter.inc                      ; yes             ; Megafunction                                          ; c:/intelfpga/20.1/quartus/libraries/megafunctions/a_graycounter.inc                        ;         ;
; a_fefifo.inc                           ; yes             ; Megafunction                                          ; c:/intelfpga/20.1/quartus/libraries/megafunctions/a_fefifo.inc                             ;         ;
; a_gray2bin.inc                         ; yes             ; Megafunction                                          ; c:/intelfpga/20.1/quartus/libraries/megafunctions/a_gray2bin.inc                           ;         ;
; dffpipe.inc                            ; yes             ; Megafunction                                          ; c:/intelfpga/20.1/quartus/libraries/megafunctions/dffpipe.inc                              ;         ;
; alt_sync_fifo.inc                      ; yes             ; Megafunction                                          ; c:/intelfpga/20.1/quartus/libraries/megafunctions/alt_sync_fifo.inc                        ;         ;
; lpm_compare.inc                        ; yes             ; Megafunction                                          ; c:/intelfpga/20.1/quartus/libraries/megafunctions/lpm_compare.inc                          ;         ;
; altsyncram_fifo.inc                    ; yes             ; Megafunction                                          ; c:/intelfpga/20.1/quartus/libraries/megafunctions/altsyncram_fifo.inc                      ;         ;
; db/dcfifo_f1f1.tdf                     ; yes             ; Auto-Generated Megafunction                           ; C:/Users/A02395949/Documents/advanced/ECE_6740/Lab8/db/dcfifo_f1f1.tdf                     ;         ;
; db/a_gray2bin_kra.tdf                  ; yes             ; Auto-Generated Megafunction                           ; C:/Users/A02395949/Documents/advanced/ECE_6740/Lab8/db/a_gray2bin_kra.tdf                  ;         ;
; db/a_graycounter_h26.tdf               ; yes             ; Auto-Generated Megafunction                           ; C:/Users/A02395949/Documents/advanced/ECE_6740/Lab8/db/a_graycounter_h26.tdf               ;         ;
; db/a_graycounter_dgb.tdf               ; yes             ; Auto-Generated Megafunction                           ; C:/Users/A02395949/Documents/advanced/ECE_6740/Lab8/db/a_graycounter_dgb.tdf               ;         ;
; db/altsyncram_qj31.tdf                 ; yes             ; Auto-Generated Megafunction                           ; C:/Users/A02395949/Documents/advanced/ECE_6740/Lab8/db/altsyncram_qj31.tdf                 ;         ;
; db/alt_synch_pipe_h9l.tdf              ; yes             ; Auto-Generated Megafunction                           ; C:/Users/A02395949/Documents/advanced/ECE_6740/Lab8/db/alt_synch_pipe_h9l.tdf              ;         ;
; db/dffpipe_2v8.tdf                     ; yes             ; Auto-Generated Megafunction                           ; C:/Users/A02395949/Documents/advanced/ECE_6740/Lab8/db/dffpipe_2v8.tdf                     ;         ;
; db/dffpipe_1v8.tdf                     ; yes             ; Auto-Generated Megafunction                           ; C:/Users/A02395949/Documents/advanced/ECE_6740/Lab8/db/dffpipe_1v8.tdf                     ;         ;
; db/alt_synch_pipe_i9l.tdf              ; yes             ; Auto-Generated Megafunction                           ; C:/Users/A02395949/Documents/advanced/ECE_6740/Lab8/db/alt_synch_pipe_i9l.tdf              ;         ;
; db/dffpipe_3v8.tdf                     ; yes             ; Auto-Generated Megafunction                           ; C:/Users/A02395949/Documents/advanced/ECE_6740/Lab8/db/dffpipe_3v8.tdf                     ;         ;
; db/cmpr_5h5.tdf                        ; yes             ; Auto-Generated Megafunction                           ; C:/Users/A02395949/Documents/advanced/ECE_6740/Lab8/db/cmpr_5h5.tdf                        ;         ;
; lpm_divide.tdf                         ; yes             ; Megafunction                                          ; c:/intelfpga/20.1/quartus/libraries/megafunctions/lpm_divide.tdf                           ;         ;
; abs_divider.inc                        ; yes             ; Megafunction                                          ; c:/intelfpga/20.1/quartus/libraries/megafunctions/abs_divider.inc                          ;         ;
; sign_div_unsign.inc                    ; yes             ; Megafunction                                          ; c:/intelfpga/20.1/quartus/libraries/megafunctions/sign_div_unsign.inc                      ;         ;
; db/lpm_divide_ous.tdf                  ; yes             ; Auto-Generated Megafunction                           ; C:/Users/A02395949/Documents/advanced/ECE_6740/Lab8/db/lpm_divide_ous.tdf                  ;         ;
; db/sign_div_unsign_q8i.tdf             ; yes             ; Auto-Generated Megafunction                           ; C:/Users/A02395949/Documents/advanced/ECE_6740/Lab8/db/sign_div_unsign_q8i.tdf             ;         ;
; db/alt_u_div_d6f.tdf                   ; yes             ; Auto-Generated Megafunction                           ; C:/Users/A02395949/Documents/advanced/ECE_6740/Lab8/db/alt_u_div_d6f.tdf                   ;         ;
; db/add_sub_t3c.tdf                     ; yes             ; Auto-Generated Megafunction                           ; C:/Users/A02395949/Documents/advanced/ECE_6740/Lab8/db/add_sub_t3c.tdf                     ;         ;
; db/add_sub_u3c.tdf                     ; yes             ; Auto-Generated Megafunction                           ; C:/Users/A02395949/Documents/advanced/ECE_6740/Lab8/db/add_sub_u3c.tdf                     ;         ;
; altpll.tdf                             ; yes             ; Megafunction                                          ; c:/intelfpga/20.1/quartus/libraries/megafunctions/altpll.tdf                               ;         ;
; stratix_pll.inc                        ; yes             ; Megafunction                                          ; c:/intelfpga/20.1/quartus/libraries/megafunctions/stratix_pll.inc                          ;         ;
; stratixii_pll.inc                      ; yes             ; Megafunction                                          ; c:/intelfpga/20.1/quartus/libraries/megafunctions/stratixii_pll.inc                        ;         ;
; cycloneii_pll.inc                      ; yes             ; Megafunction                                          ; c:/intelfpga/20.1/quartus/libraries/megafunctions/cycloneii_pll.inc                        ;         ;
; db/pll_altpll.v                        ; yes             ; Auto-Generated Megafunction                           ; C:/Users/A02395949/Documents/advanced/ECE_6740/Lab8/db/pll_altpll.v                        ;         ;
; db/altsyncram_23g1.tdf                 ; yes             ; Auto-Generated Megafunction                           ; C:/Users/A02395949/Documents/advanced/ECE_6740/Lab8/db/altsyncram_23g1.tdf                 ;         ;
; db/dlx.ram0_registers_6989617c.hdl.mif ; yes             ; Auto-Generated Auto-Found Memory Initialization File  ; C:/Users/A02395949/Documents/advanced/ECE_6740/Lab8/db/dlx.ram0_registers_6989617c.hdl.mif ;         ;
; altshift_taps.tdf                      ; yes             ; Megafunction                                          ; c:/intelfpga/20.1/quartus/libraries/megafunctions/altshift_taps.tdf                        ;         ;
; lpm_constant.inc                       ; yes             ; Megafunction                                          ; c:/intelfpga/20.1/quartus/libraries/megafunctions/lpm_constant.inc                         ;         ;
; db/shift_taps_53o.tdf                  ; yes             ; Auto-Generated Megafunction                           ; C:/Users/A02395949/Documents/advanced/ECE_6740/Lab8/db/shift_taps_53o.tdf                  ;         ;
; db/altsyncram_pv21.tdf                 ; yes             ; Auto-Generated Megafunction                           ; C:/Users/A02395949/Documents/advanced/ECE_6740/Lab8/db/altsyncram_pv21.tdf                 ;         ;
; db/add_sub_oed.tdf                     ; yes             ; Auto-Generated Megafunction                           ; C:/Users/A02395949/Documents/advanced/ECE_6740/Lab8/db/add_sub_oed.tdf                     ;         ;
; db/cntr_s3f.tdf                        ; yes             ; Auto-Generated Megafunction                           ; C:/Users/A02395949/Documents/advanced/ECE_6740/Lab8/db/cntr_s3f.tdf                        ;         ;
; db/cmpr_erb.tdf                        ; yes             ; Auto-Generated Megafunction                           ; C:/Users/A02395949/Documents/advanced/ECE_6740/Lab8/db/cmpr_erb.tdf                        ;         ;
+----------------------------------------+-----------------+-------------------------------------------------------+--------------------------------------------------------------------------------------------+---------+


+-------------------------------------------------------------------+
; Analysis & Synthesis Resource Usage Summary                       ;
+---------------------------------------------+---------------------+
; Resource                                    ; Usage               ;
+---------------------------------------------+---------------------+
; Estimated Total logic elements              ; 3,137               ;
;                                             ;                     ;
; Total combinational functions               ; 2830                ;
; Logic element usage by number of LUT inputs ;                     ;
;     -- 4 input functions                    ; 1416                ;
;     -- 3 input functions                    ; 987                 ;
;     -- <=2 input functions                  ; 427                 ;
;                                             ;                     ;
; Logic elements by mode                      ;                     ;
;     -- normal mode                          ; 2015                ;
;     -- arithmetic mode                      ; 815                 ;
;                                             ;                     ;
; Total registers                             ; 757                 ;
;     -- Dedicated logic registers            ; 757                 ;
;     -- I/O registers                        ; 0                   ;
;                                             ;                     ;
; I/O pins                                    ; 41                  ;
; Total memory bits                           ; 79408               ;
;                                             ;                     ;
; Embedded Multiplier 9-bit elements          ; 0                   ;
;                                             ;                     ;
; Total PLLs                                  ; 1                   ;
;     -- PLLs                                 ; 1                   ;
;                                             ;                     ;
; Maximum fan-out node                        ; MAX10_CLK1_50~input ;
; Maximum fan-out                             ; 871                 ;
; Total fan-out                               ; 14423               ;
; Average fan-out                             ; 3.70                ;
+---------------------------------------------+---------------------+


+------------------------------------------------------------------------------------------------------------------------------------------------------------------------------------------------------------------------------------------------------------------------------------------------------------------------------------------------------------------------------------------------------------------------------------------------------------------------------------------------+
; Analysis & Synthesis Resource Utilization by Entity                                                                                                                                                                                                                                                                                                                                                                                                                                            ;
+----------------------------------------------------------+---------------------+---------------------------+-------------+------------+--------------+---------+-----------+------+--------------+------------+-------------------------------------------------------------------------------------------------------------------------------------------------------------------------------------------------------------------------------------------+---------------------+--------------+
; Compilation Hierarchy Node                               ; Combinational ALUTs ; Dedicated Logic Registers ; Memory Bits ; UFM Blocks ; DSP Elements ; DSP 9x9 ; DSP 18x18 ; Pins ; Virtual Pins ; ADC blocks ; Full Hierarchy Name                                                                                                                                                                                                                       ; Entity Name         ; Library Name ;
+----------------------------------------------------------+---------------------+---------------------------+-------------+------------+--------------+---------+-----------+------+--------------+------------+-------------------------------------------------------------------------------------------------------------------------------------------------------------------------------------------------------------------------------------------+---------------------+--------------+
; |DLX                                                     ; 2830 (2)            ; 757 (0)                   ; 79408       ; 0          ; 0            ; 0       ; 0         ; 41   ; 0            ; 0          ; |DLX                                                                                                                                                                                                                                      ; DLX                 ; work         ;
;    |OVERSEER:OOO|                                        ; 19 (19)             ; 0 (0)                     ; 0           ; 0          ; 0            ; 0       ; 0         ; 0    ; 0            ; 0          ; |DLX|OVERSEER:OOO                                                                                                                                                                                                                         ; OVERSEER            ; work         ;
;    |decode:DECODE|                                       ; 79 (34)             ; 134 (31)                  ; 2048        ; 0          ; 0            ; 0       ; 0         ; 0    ; 0            ; 0          ; |DLX|decode:DECODE                                                                                                                                                                                                                        ; decode              ; work         ;
;       |registers:R|                                      ; 40 (40)             ; 86 (86)                   ; 2048        ; 0          ; 0            ; 0       ; 0         ; 0    ; 0            ; 0          ; |DLX|decode:DECODE|registers:R                                                                                                                                                                                                            ; registers           ; work         ;
;          |altsyncram:ram_block_rtl_0|                    ; 0 (0)               ; 0 (0)                     ; 1024        ; 0          ; 0            ; 0       ; 0         ; 0    ; 0            ; 0          ; |DLX|decode:DECODE|registers:R|altsyncram:ram_block_rtl_0                                                                                                                                                                                 ; altsyncram          ; work         ;
;             |altsyncram_23g1:auto_generated|             ; 0 (0)               ; 0 (0)                     ; 1024        ; 0          ; 0            ; 0       ; 0         ; 0    ; 0            ; 0          ; |DLX|decode:DECODE|registers:R|altsyncram:ram_block_rtl_0|altsyncram_23g1:auto_generated                                                                                                                                                  ; altsyncram_23g1     ; work         ;
;          |altsyncram:ram_block_rtl_1|                    ; 0 (0)               ; 0 (0)                     ; 1024        ; 0          ; 0            ; 0       ; 0         ; 0    ; 0            ; 0          ; |DLX|decode:DECODE|registers:R|altsyncram:ram_block_rtl_1                                                                                                                                                                                 ; altsyncram          ; work         ;
;             |altsyncram_23g1:auto_generated|             ; 0 (0)               ; 0 (0)                     ; 1024        ; 0          ; 0            ; 0       ; 0         ; 0    ; 0            ; 0          ; |DLX|decode:DECODE|registers:R|altsyncram:ram_block_rtl_1|altsyncram_23g1:auto_generated                                                                                                                                                  ; altsyncram_23g1     ; work         ;
;       |sign_extend:SE|                                   ; 5 (5)               ; 17 (17)                   ; 0           ; 0          ; 0            ; 0       ; 0         ; 0    ; 0            ; 0          ; |DLX|decode:DECODE|sign_extend:SE                                                                                                                                                                                                         ; sign_extend         ; work         ;
;    |execute:EXECUTE|                                     ; 1179 (11)           ; 87 (43)                   ; 0           ; 0          ; 0            ; 0       ; 0         ; 0    ; 0            ; 0          ; |DLX|execute:EXECUTE                                                                                                                                                                                                                      ; execute             ; work         ;
;       |ALU:ALU|                                          ; 936 (936)           ; 33 (33)                   ; 0           ; 0          ; 0            ; 0       ; 0         ; 0    ; 0            ; 0          ; |DLX|execute:EXECUTE|ALU:ALU                                                                                                                                                                                                              ; ALU                 ; work         ;
;       |PC_mux:MUX1|                                      ; 120 (120)           ; 0 (0)                     ; 0           ; 0          ; 0            ; 0       ; 0         ; 0    ; 0            ; 0          ; |DLX|execute:EXECUTE|PC_mux:MUX1                                                                                                                                                                                                          ; PC_mux              ; work         ;
;       |Zeros:ZEROS|                                      ; 24 (24)             ; 11 (11)                   ; 0           ; 0          ; 0            ; 0       ; 0         ; 0    ; 0            ; 0          ; |DLX|execute:EXECUTE|Zeros:ZEROS                                                                                                                                                                                                          ; Zeros               ; work         ;
;       |imm_mux:MUX2|                                     ; 88 (88)             ; 0 (0)                     ; 0           ; 0          ; 0            ; 0       ; 0         ; 0    ; 0            ; 0          ; |DLX|execute:EXECUTE|imm_mux:MUX2                                                                                                                                                                                                         ; imm_mux             ; work         ;
;    |fetch:FETCH|                                         ; 30 (30)             ; 11 (11)                   ; 32768       ; 0          ; 0            ; 0       ; 0         ; 0    ; 0            ; 0          ; |DLX|fetch:FETCH                                                                                                                                                                                                                          ; fetch               ; work         ;
;       |my_ROM:U1|                                        ; 0 (0)               ; 0 (0)                     ; 32768       ; 0          ; 0            ; 0       ; 0         ; 0    ; 0            ; 0          ; |DLX|fetch:FETCH|my_ROM:U1                                                                                                                                                                                                                ; my_ROM              ; work         ;
;          |altsyncram:altsyncram_component|               ; 0 (0)               ; 0 (0)                     ; 32768       ; 0          ; 0            ; 0       ; 0         ; 0    ; 0            ; 0          ; |DLX|fetch:FETCH|my_ROM:U1|altsyncram:altsyncram_component                                                                                                                                                                                ; altsyncram          ; work         ;
;             |altsyncram_d5s3:auto_generated|             ; 0 (0)               ; 0 (0)                     ; 32768       ; 0          ; 0            ; 0       ; 0         ; 0    ; 0            ; 0          ; |DLX|fetch:FETCH|my_ROM:U1|altsyncram:altsyncram_component|altsyncram_d5s3:auto_generated                                                                                                                                                 ; altsyncram_d5s3     ; work         ;
;    |memory:MEMORY|                                       ; 0 (0)               ; 43 (43)                   ; 32768       ; 0          ; 0            ; 0       ; 0         ; 0    ; 0            ; 0          ; |DLX|memory:MEMORY                                                                                                                                                                                                                        ; memory              ; work         ;
;       |my_ram:RAM|                                       ; 0 (0)               ; 0 (0)                     ; 32768       ; 0          ; 0            ; 0       ; 0         ; 0    ; 0            ; 0          ; |DLX|memory:MEMORY|my_ram:RAM                                                                                                                                                                                                             ; my_ram              ; work         ;
;          |altsyncram:altsyncram_component|               ; 0 (0)               ; 0 (0)                     ; 32768       ; 0          ; 0            ; 0       ; 0         ; 0    ; 0            ; 0          ; |DLX|memory:MEMORY|my_ram:RAM|altsyncram:altsyncram_component                                                                                                                                                                             ; altsyncram          ; work         ;
;             |altsyncram_29s3:auto_generated|             ; 0 (0)               ; 0 (0)                     ; 32768       ; 0          ; 0            ; 0       ; 0         ; 0    ; 0            ; 0          ; |DLX|memory:MEMORY|my_ram:RAM|altsyncram:altsyncram_component|altsyncram_29s3:auto_generated                                                                                                                                              ; altsyncram_29s3     ; work         ;
;    |pll:PLLTX|                                           ; 0 (0)               ; 1 (0)                     ; 0           ; 0          ; 0            ; 0       ; 0         ; 0    ; 0            ; 0          ; |DLX|pll:PLLTX                                                                                                                                                                                                                            ; pll                 ; work         ;
;       |altpll:altpll_component|                          ; 0 (0)               ; 1 (0)                     ; 0           ; 0          ; 0            ; 0       ; 0         ; 0    ; 0            ; 0          ; |DLX|pll:PLLTX|altpll:altpll_component                                                                                                                                                                                                    ; altpll              ; work         ;
;          |pll_altpll:auto_generated|                     ; 0 (0)               ; 1 (1)                     ; 0           ; 0          ; 0            ; 0       ; 0         ; 0    ; 0            ; 0          ; |DLX|pll:PLLTX|altpll:altpll_component|pll_altpll:auto_generated                                                                                                                                                                          ; pll_altpll          ; work         ;
;    |print_FSM:FSM|                                       ; 1475 (291)          ; 481 (174)                 ; 11824       ; 0          ; 0            ; 0       ; 0         ; 0    ; 0            ; 0          ; |DLX|print_FSM:FSM                                                                                                                                                                                                                        ; print_FSM           ; work         ;
;       |UART_trans:U|                                     ; 52 (52)             ; 35 (35)                   ; 0           ; 0          ; 0            ; 0       ; 0         ; 0    ; 0            ; 0          ; |DLX|print_FSM:FSM|UART_trans:U                                                                                                                                                                                                           ; UART_trans          ; work         ;
;       |diva:DIVIDER|                                     ; 1020 (0)            ; 140 (0)                   ; 48          ; 0          ; 0            ; 0       ; 0         ; 0    ; 0            ; 0          ; |DLX|print_FSM:FSM|diva:DIVIDER                                                                                                                                                                                                           ; diva                ; work         ;
;          |lpm_divide:LPM_DIVIDE_component|               ; 1020 (0)            ; 140 (0)                   ; 48          ; 0          ; 0            ; 0       ; 0         ; 0    ; 0            ; 0          ; |DLX|print_FSM:FSM|diva:DIVIDER|lpm_divide:LPM_DIVIDE_component                                                                                                                                                                           ; lpm_divide          ; work         ;
;             |lpm_divide_ous:auto_generated|              ; 1020 (0)            ; 140 (0)                   ; 48          ; 0          ; 0            ; 0       ; 0         ; 0    ; 0            ; 0          ; |DLX|print_FSM:FSM|diva:DIVIDER|lpm_divide:LPM_DIVIDE_component|lpm_divide_ous:auto_generated                                                                                                                                             ; lpm_divide_ous      ; work         ;
;                |sign_div_unsign_q8i:divider|             ; 1020 (0)            ; 140 (0)                   ; 48          ; 0          ; 0            ; 0       ; 0         ; 0    ; 0            ; 0          ; |DLX|print_FSM:FSM|diva:DIVIDER|lpm_divide:LPM_DIVIDE_component|lpm_divide_ous:auto_generated|sign_div_unsign_q8i:divider                                                                                                                 ; sign_div_unsign_q8i ; work         ;
;                   |alt_u_div_d6f:divider|                ; 1020 (1013)         ; 140 (136)                 ; 48          ; 0          ; 0            ; 0       ; 0         ; 0    ; 0            ; 0          ; |DLX|print_FSM:FSM|diva:DIVIDER|lpm_divide:LPM_DIVIDE_component|lpm_divide_ous:auto_generated|sign_div_unsign_q8i:divider|alt_u_div_d6f:divider                                                                                           ; alt_u_div_d6f       ; work         ;
;                      |altshift_taps:DFFQuotient_rtl_0|   ; 7 (0)               ; 4 (0)                     ; 48          ; 0          ; 0            ; 0       ; 0         ; 0    ; 0            ; 0          ; |DLX|print_FSM:FSM|diva:DIVIDER|lpm_divide:LPM_DIVIDE_component|lpm_divide_ous:auto_generated|sign_div_unsign_q8i:divider|alt_u_div_d6f:divider|altshift_taps:DFFQuotient_rtl_0                                                           ; altshift_taps       ; work         ;
;                         |shift_taps_53o:auto_generated|  ; 7 (2)               ; 4 (2)                     ; 48          ; 0          ; 0            ; 0       ; 0         ; 0    ; 0            ; 0          ; |DLX|print_FSM:FSM|diva:DIVIDER|lpm_divide:LPM_DIVIDE_component|lpm_divide_ous:auto_generated|sign_div_unsign_q8i:divider|alt_u_div_d6f:divider|altshift_taps:DFFQuotient_rtl_0|shift_taps_53o:auto_generated                             ; shift_taps_53o      ; work         ;
;                            |altsyncram_pv21:altsyncram4| ; 0 (0)               ; 0 (0)                     ; 48          ; 0          ; 0            ; 0       ; 0         ; 0    ; 0            ; 0          ; |DLX|print_FSM:FSM|diva:DIVIDER|lpm_divide:LPM_DIVIDE_component|lpm_divide_ous:auto_generated|sign_div_unsign_q8i:divider|alt_u_div_d6f:divider|altshift_taps:DFFQuotient_rtl_0|shift_taps_53o:auto_generated|altsyncram_pv21:altsyncram4 ; altsyncram_pv21     ; work         ;
;                            |cntr_s3f:cntr1|              ; 5 (5)               ; 2 (2)                     ; 0           ; 0          ; 0            ; 0       ; 0         ; 0    ; 0            ; 0          ; |DLX|print_FSM:FSM|diva:DIVIDER|lpm_divide:LPM_DIVIDE_component|lpm_divide_ous:auto_generated|sign_div_unsign_q8i:divider|alt_u_div_d6f:divider|altshift_taps:DFFQuotient_rtl_0|shift_taps_53o:auto_generated|cntr_s3f:cntr1              ; cntr_s3f            ; work         ;
;       |fifo_char:FIFO2|                                  ; 73 (0)              ; 105 (0)                   ; 2048        ; 0          ; 0            ; 0       ; 0         ; 0    ; 0            ; 0          ; |DLX|print_FSM:FSM|fifo_char:FIFO2                                                                                                                                                                                                        ; fifo_char           ; work         ;
;          |dcfifo:dcfifo_component|                       ; 73 (0)              ; 105 (0)                   ; 2048        ; 0          ; 0            ; 0       ; 0         ; 0    ; 0            ; 0          ; |DLX|print_FSM:FSM|fifo_char:FIFO2|dcfifo:dcfifo_component                                                                                                                                                                                ; dcfifo              ; work         ;
;             |dcfifo_f1f1:auto_generated|                 ; 73 (13)             ; 105 (27)                  ; 2048        ; 0          ; 0            ; 0       ; 0         ; 0    ; 0            ; 0          ; |DLX|print_FSM:FSM|fifo_char:FIFO2|dcfifo:dcfifo_component|dcfifo_f1f1:auto_generated                                                                                                                                                     ; dcfifo_f1f1         ; work         ;
;                |a_gray2bin_kra:wrptr_g_gray2bin|         ; 8 (8)               ; 0 (0)                     ; 0           ; 0          ; 0            ; 0       ; 0         ; 0    ; 0            ; 0          ; |DLX|print_FSM:FSM|fifo_char:FIFO2|dcfifo:dcfifo_component|dcfifo_f1f1:auto_generated|a_gray2bin_kra:wrptr_g_gray2bin                                                                                                                     ; a_gray2bin_kra      ; work         ;
;                |a_gray2bin_kra:ws_dgrp_gray2bin|         ; 8 (8)               ; 0 (0)                     ; 0           ; 0          ; 0            ; 0       ; 0         ; 0    ; 0            ; 0          ; |DLX|print_FSM:FSM|fifo_char:FIFO2|dcfifo:dcfifo_component|dcfifo_f1f1:auto_generated|a_gray2bin_kra:ws_dgrp_gray2bin                                                                                                                     ; a_gray2bin_kra      ; work         ;
;                |a_graycounter_dgb:wrptr_g1p|             ; 16 (16)             ; 13 (13)                   ; 0           ; 0          ; 0            ; 0       ; 0         ; 0    ; 0            ; 0          ; |DLX|print_FSM:FSM|fifo_char:FIFO2|dcfifo:dcfifo_component|dcfifo_f1f1:auto_generated|a_graycounter_dgb:wrptr_g1p                                                                                                                         ; a_graycounter_dgb   ; work         ;
;                |a_graycounter_h26:rdptr_g1p|             ; 17 (17)             ; 13 (13)                   ; 0           ; 0          ; 0            ; 0       ; 0         ; 0    ; 0            ; 0          ; |DLX|print_FSM:FSM|fifo_char:FIFO2|dcfifo:dcfifo_component|dcfifo_f1f1:auto_generated|a_graycounter_h26:rdptr_g1p                                                                                                                         ; a_graycounter_h26   ; work         ;
;                |alt_synch_pipe_h9l:rs_dgwp|              ; 0 (0)               ; 18 (0)                    ; 0           ; 0          ; 0            ; 0       ; 0         ; 0    ; 0            ; 0          ; |DLX|print_FSM:FSM|fifo_char:FIFO2|dcfifo:dcfifo_component|dcfifo_f1f1:auto_generated|alt_synch_pipe_h9l:rs_dgwp                                                                                                                          ; alt_synch_pipe_h9l  ; work         ;
;                   |dffpipe_2v8:dffpipe12|                ; 0 (0)               ; 18 (18)                   ; 0           ; 0          ; 0            ; 0       ; 0         ; 0    ; 0            ; 0          ; |DLX|print_FSM:FSM|fifo_char:FIFO2|dcfifo:dcfifo_component|dcfifo_f1f1:auto_generated|alt_synch_pipe_h9l:rs_dgwp|dffpipe_2v8:dffpipe12                                                                                                    ; dffpipe_2v8         ; work         ;
;                |alt_synch_pipe_i9l:ws_dgrp|              ; 0 (0)               ; 18 (0)                    ; 0           ; 0          ; 0            ; 0       ; 0         ; 0    ; 0            ; 0          ; |DLX|print_FSM:FSM|fifo_char:FIFO2|dcfifo:dcfifo_component|dcfifo_f1f1:auto_generated|alt_synch_pipe_i9l:ws_dgrp                                                                                                                          ; alt_synch_pipe_i9l  ; work         ;
;                   |dffpipe_3v8:dffpipe16|                ; 0 (0)               ; 18 (18)                   ; 0           ; 0          ; 0            ; 0       ; 0         ; 0    ; 0            ; 0          ; |DLX|print_FSM:FSM|fifo_char:FIFO2|dcfifo:dcfifo_component|dcfifo_f1f1:auto_generated|alt_synch_pipe_i9l:ws_dgrp|dffpipe_3v8:dffpipe16                                                                                                    ; dffpipe_3v8         ; work         ;
;                |altsyncram_qj31:fifo_ram|                ; 0 (0)               ; 0 (0)                     ; 2048        ; 0          ; 0            ; 0       ; 0         ; 0    ; 0            ; 0          ; |DLX|print_FSM:FSM|fifo_char:FIFO2|dcfifo:dcfifo_component|dcfifo_f1f1:auto_generated|altsyncram_qj31:fifo_ram                                                                                                                            ; altsyncram_qj31     ; work         ;
;                |cmpr_5h5:rdempty_eq_comp|                ; 5 (5)               ; 0 (0)                     ; 0           ; 0          ; 0            ; 0       ; 0         ; 0    ; 0            ; 0          ; |DLX|print_FSM:FSM|fifo_char:FIFO2|dcfifo:dcfifo_component|dcfifo_f1f1:auto_generated|cmpr_5h5:rdempty_eq_comp                                                                                                                            ; cmpr_5h5            ; work         ;
;                |cmpr_5h5:wrfull_eq_comp|                 ; 6 (6)               ; 0 (0)                     ; 0           ; 0          ; 0            ; 0       ; 0         ; 0    ; 0            ; 0          ; |DLX|print_FSM:FSM|fifo_char:FIFO2|dcfifo:dcfifo_component|dcfifo_f1f1:auto_generated|cmpr_5h5:wrfull_eq_comp                                                                                                                             ; cmpr_5h5            ; work         ;
;                |dffpipe_1v8:ws_brp|                      ; 0 (0)               ; 8 (8)                     ; 0           ; 0          ; 0            ; 0       ; 0         ; 0    ; 0            ; 0          ; |DLX|print_FSM:FSM|fifo_char:FIFO2|dcfifo:dcfifo_component|dcfifo_f1f1:auto_generated|dffpipe_1v8:ws_brp                                                                                                                                  ; dffpipe_1v8         ; work         ;
;                |dffpipe_1v8:ws_bwp|                      ; 0 (0)               ; 8 (8)                     ; 0           ; 0          ; 0            ; 0       ; 0         ; 0    ; 0            ; 0          ; |DLX|print_FSM:FSM|fifo_char:FIFO2|dcfifo:dcfifo_component|dcfifo_f1f1:auto_generated|dffpipe_1v8:ws_bwp                                                                                                                                  ; dffpipe_1v8         ; work         ;
;       |fifo_word:FIFO1|                                  ; 39 (0)              ; 27 (0)                    ; 9728        ; 0          ; 0            ; 0       ; 0         ; 0    ; 0            ; 0          ; |DLX|print_FSM:FSM|fifo_word:FIFO1                                                                                                                                                                                                        ; fifo_word           ; work         ;
;          |scfifo:scfifo_component|                       ; 39 (0)              ; 27 (0)                    ; 9728        ; 0          ; 0            ; 0       ; 0         ; 0    ; 0            ; 0          ; |DLX|print_FSM:FSM|fifo_word:FIFO1|scfifo:scfifo_component                                                                                                                                                                                ; scfifo              ; work         ;
;             |scfifo_4k51:auto_generated|                 ; 39 (6)              ; 27 (1)                    ; 9728        ; 0          ; 0            ; 0       ; 0         ; 0    ; 0            ; 0          ; |DLX|print_FSM:FSM|fifo_word:FIFO1|scfifo:scfifo_component|scfifo_4k51:auto_generated                                                                                                                                                     ; scfifo_4k51         ; work         ;
;                |a_dpfifo_jj21:dpfifo|                    ; 33 (2)              ; 26 (0)                    ; 9728        ; 0          ; 0            ; 0       ; 0         ; 0    ; 0            ; 0          ; |DLX|print_FSM:FSM|fifo_word:FIFO1|scfifo:scfifo_component|scfifo_4k51:auto_generated|a_dpfifo_jj21:dpfifo                                                                                                                                ; a_dpfifo_jj21       ; work         ;
;                   |a_fefifo_08f:fifo_state|              ; 15 (7)              ; 10 (2)                    ; 0           ; 0          ; 0            ; 0       ; 0         ; 0    ; 0            ; 0          ; |DLX|print_FSM:FSM|fifo_word:FIFO1|scfifo:scfifo_component|scfifo_4k51:auto_generated|a_dpfifo_jj21:dpfifo|a_fefifo_08f:fifo_state                                                                                                        ; a_fefifo_08f        ; work         ;
;                      |cntr_537:count_usedw|              ; 8 (8)               ; 8 (8)                     ; 0           ; 0          ; 0            ; 0       ; 0         ; 0    ; 0            ; 0          ; |DLX|print_FSM:FSM|fifo_word:FIFO1|scfifo:scfifo_component|scfifo_4k51:auto_generated|a_dpfifo_jj21:dpfifo|a_fefifo_08f:fifo_state|cntr_537:count_usedw                                                                                   ; cntr_537            ; work         ;
;                   |altsyncram_o2m1:FIFOram|              ; 0 (0)               ; 0 (0)                     ; 9728        ; 0          ; 0            ; 0       ; 0         ; 0    ; 0            ; 0          ; |DLX|print_FSM:FSM|fifo_word:FIFO1|scfifo:scfifo_component|scfifo_4k51:auto_generated|a_dpfifo_jj21:dpfifo|altsyncram_o2m1:FIFOram                                                                                                        ; altsyncram_o2m1     ; work         ;
;                   |cntr_p2b:rd_ptr_count|                ; 8 (8)               ; 8 (8)                     ; 0           ; 0          ; 0            ; 0       ; 0         ; 0    ; 0            ; 0          ; |DLX|print_FSM:FSM|fifo_word:FIFO1|scfifo:scfifo_component|scfifo_4k51:auto_generated|a_dpfifo_jj21:dpfifo|cntr_p2b:rd_ptr_count                                                                                                          ; cntr_p2b            ; work         ;
;                   |cntr_p2b:wr_ptr|                      ; 8 (8)               ; 8 (8)                     ; 0           ; 0          ; 0            ; 0       ; 0         ; 0    ; 0            ; 0          ; |DLX|print_FSM:FSM|fifo_word:FIFO1|scfifo:scfifo_component|scfifo_4k51:auto_generated|a_dpfifo_jj21:dpfifo|cntr_p2b:wr_ptr                                                                                                                ; cntr_p2b            ; work         ;
;    |write_back:WB|                                       ; 46 (46)             ; 0 (0)                     ; 0           ; 0          ; 0            ; 0       ; 0         ; 0    ; 0            ; 0          ; |DLX|write_back:WB                                                                                                                                                                                                                        ; write_back          ; work         ;
+----------------------------------------------------------+---------------------+---------------------------+-------------+------------+--------------+---------+-----------+------+--------------+------------+-------------------------------------------------------------------------------------------------------------------------------------------------------------------------------------------------------------------------------------------+---------------------+--------------+
Note: For table entries with two numbers listed, the numbers in parentheses indicate the number of resources of the given type used by the specific entity alone. The numbers listed outside of parentheses indicate the total resources of the given type used by the specific entity and all of its sub-entities in the hierarchy.


+----------------------------------------------------------------------------------------------------------------------------------------------------------------------------------------------------------------------------------------------------------------------------------------------------------------------------------------------------------------------------------------+
; Analysis & Synthesis RAM Summary                                                                                                                                                                                                                                                                                                                                                       ;
+-------------------------------------------------------------------------------------------------------------------------------------------------------------------------------------------------------------------------------------------------+------+------------------+--------------+--------------+--------------+--------------+-------+----------------------------------------+
; Name                                                                                                                                                                                                                                            ; Type ; Mode             ; Port A Depth ; Port A Width ; Port B Depth ; Port B Width ; Size  ; MIF                                    ;
+-------------------------------------------------------------------------------------------------------------------------------------------------------------------------------------------------------------------------------------------------+------+------------------+--------------+--------------+--------------+--------------+-------+----------------------------------------+
; decode:DECODE|registers:R|altsyncram:ram_block_rtl_0|altsyncram_23g1:auto_generated|ALTSYNCRAM                                                                                                                                                  ; AUTO ; Simple Dual Port ; 32           ; 32           ; 32           ; 32           ; 1024  ; db/DLX.ram0_registers_6989617c.hdl.mif ;
; decode:DECODE|registers:R|altsyncram:ram_block_rtl_1|altsyncram_23g1:auto_generated|ALTSYNCRAM                                                                                                                                                  ; AUTO ; Simple Dual Port ; 32           ; 32           ; 32           ; 32           ; 1024  ; db/DLX.ram0_registers_6989617c.hdl.mif ;
; fetch:FETCH|my_ROM:U1|altsyncram:altsyncram_component|altsyncram_d5s3:auto_generated|ALTSYNCRAM                                                                                                                                                 ; AUTO ; ROM              ; 1024         ; 32           ; --           ; --           ; 32768 ; factorial_code.mif                     ;
; memory:MEMORY|my_ram:RAM|altsyncram:altsyncram_component|altsyncram_29s3:auto_generated|ALTSYNCRAM                                                                                                                                              ; AUTO ; Single Port      ; 1024         ; 32           ; --           ; --           ; 32768 ; factorial_data.mif                     ;
; print_FSM:FSM|diva:DIVIDER|lpm_divide:LPM_DIVIDE_component|lpm_divide_ous:auto_generated|sign_div_unsign_q8i:divider|alt_u_div_d6f:divider|altshift_taps:DFFQuotient_rtl_0|shift_taps_53o:auto_generated|altsyncram_pv21:altsyncram4|ALTSYNCRAM ; AUTO ; Simple Dual Port ; 3            ; 16           ; 3            ; 16           ; 48    ; None                                   ;
; print_FSM:FSM|fifo_char:FIFO2|dcfifo:dcfifo_component|dcfifo_f1f1:auto_generated|altsyncram_qj31:fifo_ram|ALTSYNCRAM                                                                                                                            ; AUTO ; Simple Dual Port ; 256          ; 8            ; 256          ; 8            ; 2048  ; None                                   ;
; print_FSM:FSM|fifo_word:FIFO1|scfifo:scfifo_component|scfifo_4k51:auto_generated|a_dpfifo_jj21:dpfifo|altsyncram_o2m1:FIFOram|ALTSYNCRAM                                                                                                        ; AUTO ; Simple Dual Port ; 256          ; 38           ; 256          ; 38           ; 9728  ; None                                   ;
+-------------------------------------------------------------------------------------------------------------------------------------------------------------------------------------------------------------------------------------------------+------+------------------+--------------+--------------+--------------+--------------+-------+----------------------------------------+


+----------------------------------------------------------------------------------------------------------------------+
; Analysis & Synthesis IP Cores Summary                                                                                ;
+--------+--------------+---------+--------------+--------------+------------------------------------+-----------------+
; Vendor ; IP Core Name ; Version ; Release Date ; License Type ; Entity Instance                    ; IP Include File ;
+--------+--------------+---------+--------------+--------------+------------------------------------+-----------------+
; Altera ; ROM: 1-PORT  ; 24.1    ; N/A          ; N/A          ; |DLX|fetch:FETCH|my_ROM:U1         ; my_ROM.vhd      ;
; Altera ; LPM_DIVIDE   ; 24.1    ; N/A          ; N/A          ; |DLX|print_FSM:FSM|diva:DIVIDER    ; diva.vhd        ;
; Altera ; FIFO         ; 24.1    ; N/A          ; N/A          ; |DLX|print_FSM:FSM|fifo_word:FIFO1 ; fifo_word.vhd   ;
; Altera ; FIFO         ; 24.1    ; N/A          ; N/A          ; |DLX|print_FSM:FSM|fifo_char:FIFO2 ; fifo_char.vhd   ;
; Altera ; RAM: 1-PORT  ; 24.1    ; N/A          ; N/A          ; |DLX|memory:MEMORY|my_ram:RAM      ; my_ram.vhd      ;
; Altera ; ALTPLL       ; 24.1    ; N/A          ; N/A          ; |DLX|pll:PLLTX                     ; pll.vhd         ;
+--------+--------------+---------+--------------+--------------+------------------------------------+-----------------+


Encoding Type:  One-Hot
+-----------------------------------------------------------------------------+
; State Machine - |DLX|print_FSM:FSM|state                                    ;
+-------------+-----------+-----------+-------------+------------+------------+
; Name        ; state.POP ; state.DIV ; state.MAGIC ; state.LOAD ; state.IDLE ;
+-------------+-----------+-----------+-------------+------------+------------+
; state.IDLE  ; 0         ; 0         ; 0           ; 0          ; 0          ;
; state.LOAD  ; 0         ; 0         ; 0           ; 1          ; 1          ;
; state.MAGIC ; 0         ; 0         ; 1           ; 0          ; 1          ;
; state.DIV   ; 0         ; 1         ; 0           ; 0          ; 1          ;
; state.POP   ; 1         ; 0         ; 0           ; 0          ; 1          ;
+-------------+-----------+-----------+-------------+------------+------------+


+--------------------------------------------------------------------------------------------------------------------------------------------------------------------------------------------------------------------------------------------------------------+
; Registers Protected by Synthesis                                                                                                                                                                                                                             ;
+----------------------------------------------------------------------------------------------------------------------------------------------+------------------------------------------------------------------+--------------------------------------------+
; Register Name                                                                                                                                ; Protected by Synthesis Attribute or Preserve Register Assignment ; Not to be Touched by Netlist Optimizations ;
+----------------------------------------------------------------------------------------------------------------------------------------------+------------------------------------------------------------------+--------------------------------------------+
; print_FSM:FSM|fifo_char:FIFO2|dcfifo:dcfifo_component|dcfifo_f1f1:auto_generated|alt_synch_pipe_h9l:rs_dgwp|dffpipe_2v8:dffpipe12|dffe14a[8] ; yes                                                              ; yes                                        ;
; print_FSM:FSM|fifo_char:FIFO2|dcfifo:dcfifo_component|dcfifo_f1f1:auto_generated|alt_synch_pipe_h9l:rs_dgwp|dffpipe_2v8:dffpipe12|dffe14a[6] ; yes                                                              ; yes                                        ;
; print_FSM:FSM|fifo_char:FIFO2|dcfifo:dcfifo_component|dcfifo_f1f1:auto_generated|alt_synch_pipe_h9l:rs_dgwp|dffpipe_2v8:dffpipe12|dffe14a[7] ; yes                                                              ; yes                                        ;
; print_FSM:FSM|fifo_char:FIFO2|dcfifo:dcfifo_component|dcfifo_f1f1:auto_generated|alt_synch_pipe_h9l:rs_dgwp|dffpipe_2v8:dffpipe12|dffe14a[4] ; yes                                                              ; yes                                        ;
; print_FSM:FSM|fifo_char:FIFO2|dcfifo:dcfifo_component|dcfifo_f1f1:auto_generated|alt_synch_pipe_h9l:rs_dgwp|dffpipe_2v8:dffpipe12|dffe14a[5] ; yes                                                              ; yes                                        ;
; print_FSM:FSM|fifo_char:FIFO2|dcfifo:dcfifo_component|dcfifo_f1f1:auto_generated|alt_synch_pipe_h9l:rs_dgwp|dffpipe_2v8:dffpipe12|dffe14a[2] ; yes                                                              ; yes                                        ;
; print_FSM:FSM|fifo_char:FIFO2|dcfifo:dcfifo_component|dcfifo_f1f1:auto_generated|alt_synch_pipe_h9l:rs_dgwp|dffpipe_2v8:dffpipe12|dffe14a[3] ; yes                                                              ; yes                                        ;
; print_FSM:FSM|fifo_char:FIFO2|dcfifo:dcfifo_component|dcfifo_f1f1:auto_generated|alt_synch_pipe_h9l:rs_dgwp|dffpipe_2v8:dffpipe12|dffe14a[0] ; yes                                                              ; yes                                        ;
; print_FSM:FSM|fifo_char:FIFO2|dcfifo:dcfifo_component|dcfifo_f1f1:auto_generated|alt_synch_pipe_h9l:rs_dgwp|dffpipe_2v8:dffpipe12|dffe14a[1] ; yes                                                              ; yes                                        ;
; print_FSM:FSM|fifo_char:FIFO2|dcfifo:dcfifo_component|dcfifo_f1f1:auto_generated|alt_synch_pipe_i9l:ws_dgrp|dffpipe_3v8:dffpipe16|dffe18a[8] ; yes                                                              ; yes                                        ;
; print_FSM:FSM|fifo_char:FIFO2|dcfifo:dcfifo_component|dcfifo_f1f1:auto_generated|alt_synch_pipe_i9l:ws_dgrp|dffpipe_3v8:dffpipe16|dffe18a[6] ; yes                                                              ; yes                                        ;
; print_FSM:FSM|fifo_char:FIFO2|dcfifo:dcfifo_component|dcfifo_f1f1:auto_generated|alt_synch_pipe_i9l:ws_dgrp|dffpipe_3v8:dffpipe16|dffe18a[7] ; yes                                                              ; yes                                        ;
; print_FSM:FSM|fifo_char:FIFO2|dcfifo:dcfifo_component|dcfifo_f1f1:auto_generated|alt_synch_pipe_i9l:ws_dgrp|dffpipe_3v8:dffpipe16|dffe18a[4] ; yes                                                              ; yes                                        ;
; print_FSM:FSM|fifo_char:FIFO2|dcfifo:dcfifo_component|dcfifo_f1f1:auto_generated|alt_synch_pipe_i9l:ws_dgrp|dffpipe_3v8:dffpipe16|dffe18a[5] ; yes                                                              ; yes                                        ;
; print_FSM:FSM|fifo_char:FIFO2|dcfifo:dcfifo_component|dcfifo_f1f1:auto_generated|alt_synch_pipe_i9l:ws_dgrp|dffpipe_3v8:dffpipe16|dffe18a[2] ; yes                                                              ; yes                                        ;
; print_FSM:FSM|fifo_char:FIFO2|dcfifo:dcfifo_component|dcfifo_f1f1:auto_generated|alt_synch_pipe_i9l:ws_dgrp|dffpipe_3v8:dffpipe16|dffe18a[3] ; yes                                                              ; yes                                        ;
; print_FSM:FSM|fifo_char:FIFO2|dcfifo:dcfifo_component|dcfifo_f1f1:auto_generated|alt_synch_pipe_i9l:ws_dgrp|dffpipe_3v8:dffpipe16|dffe18a[0] ; yes                                                              ; yes                                        ;
; print_FSM:FSM|fifo_char:FIFO2|dcfifo:dcfifo_component|dcfifo_f1f1:auto_generated|alt_synch_pipe_i9l:ws_dgrp|dffpipe_3v8:dffpipe16|dffe18a[1] ; yes                                                              ; yes                                        ;
; print_FSM:FSM|fifo_char:FIFO2|dcfifo:dcfifo_component|dcfifo_f1f1:auto_generated|alt_synch_pipe_h9l:rs_dgwp|dffpipe_2v8:dffpipe12|dffe13a[8] ; yes                                                              ; yes                                        ;
; print_FSM:FSM|fifo_char:FIFO2|dcfifo:dcfifo_component|dcfifo_f1f1:auto_generated|alt_synch_pipe_h9l:rs_dgwp|dffpipe_2v8:dffpipe12|dffe13a[6] ; yes                                                              ; yes                                        ;
; print_FSM:FSM|fifo_char:FIFO2|dcfifo:dcfifo_component|dcfifo_f1f1:auto_generated|alt_synch_pipe_h9l:rs_dgwp|dffpipe_2v8:dffpipe12|dffe13a[7] ; yes                                                              ; yes                                        ;
; print_FSM:FSM|fifo_char:FIFO2|dcfifo:dcfifo_component|dcfifo_f1f1:auto_generated|alt_synch_pipe_h9l:rs_dgwp|dffpipe_2v8:dffpipe12|dffe13a[4] ; yes                                                              ; yes                                        ;
; print_FSM:FSM|fifo_char:FIFO2|dcfifo:dcfifo_component|dcfifo_f1f1:auto_generated|alt_synch_pipe_h9l:rs_dgwp|dffpipe_2v8:dffpipe12|dffe13a[5] ; yes                                                              ; yes                                        ;
; print_FSM:FSM|fifo_char:FIFO2|dcfifo:dcfifo_component|dcfifo_f1f1:auto_generated|alt_synch_pipe_h9l:rs_dgwp|dffpipe_2v8:dffpipe12|dffe13a[2] ; yes                                                              ; yes                                        ;
; print_FSM:FSM|fifo_char:FIFO2|dcfifo:dcfifo_component|dcfifo_f1f1:auto_generated|alt_synch_pipe_h9l:rs_dgwp|dffpipe_2v8:dffpipe12|dffe13a[3] ; yes                                                              ; yes                                        ;
; print_FSM:FSM|fifo_char:FIFO2|dcfifo:dcfifo_component|dcfifo_f1f1:auto_generated|alt_synch_pipe_h9l:rs_dgwp|dffpipe_2v8:dffpipe12|dffe13a[0] ; yes                                                              ; yes                                        ;
; print_FSM:FSM|fifo_char:FIFO2|dcfifo:dcfifo_component|dcfifo_f1f1:auto_generated|alt_synch_pipe_h9l:rs_dgwp|dffpipe_2v8:dffpipe12|dffe13a[1] ; yes                                                              ; yes                                        ;
; print_FSM:FSM|fifo_char:FIFO2|dcfifo:dcfifo_component|dcfifo_f1f1:auto_generated|alt_synch_pipe_i9l:ws_dgrp|dffpipe_3v8:dffpipe16|dffe17a[8] ; yes                                                              ; yes                                        ;
; print_FSM:FSM|fifo_char:FIFO2|dcfifo:dcfifo_component|dcfifo_f1f1:auto_generated|alt_synch_pipe_i9l:ws_dgrp|dffpipe_3v8:dffpipe16|dffe17a[6] ; yes                                                              ; yes                                        ;
; print_FSM:FSM|fifo_char:FIFO2|dcfifo:dcfifo_component|dcfifo_f1f1:auto_generated|alt_synch_pipe_i9l:ws_dgrp|dffpipe_3v8:dffpipe16|dffe17a[7] ; yes                                                              ; yes                                        ;
; print_FSM:FSM|fifo_char:FIFO2|dcfifo:dcfifo_component|dcfifo_f1f1:auto_generated|alt_synch_pipe_i9l:ws_dgrp|dffpipe_3v8:dffpipe16|dffe17a[4] ; yes                                                              ; yes                                        ;
; print_FSM:FSM|fifo_char:FIFO2|dcfifo:dcfifo_component|dcfifo_f1f1:auto_generated|alt_synch_pipe_i9l:ws_dgrp|dffpipe_3v8:dffpipe16|dffe17a[5] ; yes                                                              ; yes                                        ;
; print_FSM:FSM|fifo_char:FIFO2|dcfifo:dcfifo_component|dcfifo_f1f1:auto_generated|alt_synch_pipe_i9l:ws_dgrp|dffpipe_3v8:dffpipe16|dffe17a[2] ; yes                                                              ; yes                                        ;
; print_FSM:FSM|fifo_char:FIFO2|dcfifo:dcfifo_component|dcfifo_f1f1:auto_generated|alt_synch_pipe_i9l:ws_dgrp|dffpipe_3v8:dffpipe16|dffe17a[3] ; yes                                                              ; yes                                        ;
; print_FSM:FSM|fifo_char:FIFO2|dcfifo:dcfifo_component|dcfifo_f1f1:auto_generated|alt_synch_pipe_i9l:ws_dgrp|dffpipe_3v8:dffpipe16|dffe17a[0] ; yes                                                              ; yes                                        ;
; print_FSM:FSM|fifo_char:FIFO2|dcfifo:dcfifo_component|dcfifo_f1f1:auto_generated|alt_synch_pipe_i9l:ws_dgrp|dffpipe_3v8:dffpipe16|dffe17a[1] ; yes                                                              ; yes                                        ;
; Total number of protected registers is 36                                                                                                    ;                                                                  ;                                            ;
+----------------------------------------------------------------------------------------------------------------------------------------------+------------------------------------------------------------------+--------------------------------------------+


+--------------------------------------------------------------------------------------------------------------------------------------------------------------------------------------------------------------------------------------------------------------------------------------------------------------------------------------------------------+
; Registers Removed During Synthesis                                                                                                                                                                                                                                                                                                                     ;
+---------------------------------------------------------------------------------------------------------------------------------------------------------------------------+----------------------------------------------------------------------------------------------------------------------------------------------------------------------------+
; Register name                                                                                                                                                             ; Reason for Removal                                                                                                                                                         ;
+---------------------------------------------------------------------------------------------------------------------------------------------------------------------------+----------------------------------------------------------------------------------------------------------------------------------------------------------------------------+
; print_FSM:FSM|diva:DIVIDER|lpm_divide:LPM_DIVIDE_component|lpm_divide_ous:auto_generated|sign_div_unsign_q8i:divider|alt_u_div_d6f:divider|DFFDenominator[1,3]            ; Stuck at VCC due to stuck port data_in                                                                                                                                     ;
; print_FSM:FSM|diva:DIVIDER|lpm_divide:LPM_DIVIDE_component|lpm_divide_ous:auto_generated|sign_div_unsign_q8i:divider|alt_u_div_d6f:divider|DFFQuotient[29..31]            ; Stuck at GND due to stuck port data_in                                                                                                                                     ;
; print_FSM:FSM|diva:DIVIDER|lpm_divide:LPM_DIVIDE_component|lpm_divide_ous:auto_generated|sign_div_unsign_q8i:divider|alt_u_div_d6f:divider|DFFDenominator[33,35]          ; Stuck at VCC due to stuck port data_in                                                                                                                                     ;
; print_FSM:FSM|diva:DIVIDER|lpm_divide:LPM_DIVIDE_component|lpm_divide_ous:auto_generated|sign_div_unsign_q8i:divider|alt_u_div_d6f:divider|DFFQuotient[61..63]            ; Stuck at GND due to stuck port data_in                                                                                                                                     ;
; print_FSM:FSM|diva:DIVIDER|lpm_divide:LPM_DIVIDE_component|lpm_divide_ous:auto_generated|sign_div_unsign_q8i:divider|alt_u_div_d6f:divider|DFFDenominator[65,67]          ; Stuck at VCC due to stuck port data_in                                                                                                                                     ;
; print_FSM:FSM|diva:DIVIDER|lpm_divide:LPM_DIVIDE_component|lpm_divide_ous:auto_generated|sign_div_unsign_q8i:divider|alt_u_div_d6f:divider|DFFQuotient[93..95]            ; Stuck at GND due to stuck port data_in                                                                                                                                     ;
; print_FSM:FSM|diva:DIVIDER|lpm_divide:LPM_DIVIDE_component|lpm_divide_ous:auto_generated|sign_div_unsign_q8i:divider|alt_u_div_d6f:divider|DFFDenominator[97,99]          ; Stuck at VCC due to stuck port data_in                                                                                                                                     ;
; print_FSM:FSM|diva:DIVIDER|lpm_divide:LPM_DIVIDE_component|lpm_divide_ous:auto_generated|sign_div_unsign_q8i:divider|alt_u_div_d6f:divider|DFFQuotient[125..127]          ; Stuck at GND due to stuck port data_in                                                                                                                                     ;
; print_FSM:FSM|fifo_char:FIFO2|dcfifo:dcfifo_component|dcfifo_f1f1:auto_generated|dffpipe_1v8:ws_bwp|dffe15a[8]                                                            ; Lost fanout                                                                                                                                                                ;
; print_FSM:FSM|fifo_char:FIFO2|dcfifo:dcfifo_component|dcfifo_f1f1:auto_generated|dffpipe_1v8:ws_brp|dffe15a[8]                                                            ; Lost fanout                                                                                                                                                                ;
; print_FSM:FSM|diva:DIVIDER|lpm_divide:LPM_DIVIDE_component|lpm_divide_ous:auto_generated|sign_div_unsign_q8i:divider|alt_u_div_d6f:divider|DFFDenominator[0]              ; Merged with print_FSM:FSM|diva:DIVIDER|lpm_divide:LPM_DIVIDE_component|lpm_divide_ous:auto_generated|sign_div_unsign_q8i:divider|alt_u_div_d6f:divider|DFFDenominator[2]   ;
; print_FSM:FSM|diva:DIVIDER|lpm_divide:LPM_DIVIDE_component|lpm_divide_ous:auto_generated|sign_div_unsign_q8i:divider|alt_u_div_d6f:divider|DFFDenominator[2]              ; Merged with print_FSM:FSM|diva:DIVIDER|lpm_divide:LPM_DIVIDE_component|lpm_divide_ous:auto_generated|sign_div_unsign_q8i:divider|alt_u_div_d6f:divider|DFFDenominator[4]   ;
; print_FSM:FSM|diva:DIVIDER|lpm_divide:LPM_DIVIDE_component|lpm_divide_ous:auto_generated|sign_div_unsign_q8i:divider|alt_u_div_d6f:divider|DFFDenominator[4]              ; Merged with print_FSM:FSM|diva:DIVIDER|lpm_divide:LPM_DIVIDE_component|lpm_divide_ous:auto_generated|sign_div_unsign_q8i:divider|alt_u_div_d6f:divider|DFFDenominator[5]   ;
; print_FSM:FSM|diva:DIVIDER|lpm_divide:LPM_DIVIDE_component|lpm_divide_ous:auto_generated|sign_div_unsign_q8i:divider|alt_u_div_d6f:divider|DFFDenominator[5]              ; Merged with print_FSM:FSM|diva:DIVIDER|lpm_divide:LPM_DIVIDE_component|lpm_divide_ous:auto_generated|sign_div_unsign_q8i:divider|alt_u_div_d6f:divider|DFFDenominator[6]   ;
; print_FSM:FSM|diva:DIVIDER|lpm_divide:LPM_DIVIDE_component|lpm_divide_ous:auto_generated|sign_div_unsign_q8i:divider|alt_u_div_d6f:divider|DFFDenominator[6]              ; Merged with print_FSM:FSM|diva:DIVIDER|lpm_divide:LPM_DIVIDE_component|lpm_divide_ous:auto_generated|sign_div_unsign_q8i:divider|alt_u_div_d6f:divider|DFFDenominator[7]   ;
; print_FSM:FSM|diva:DIVIDER|lpm_divide:LPM_DIVIDE_component|lpm_divide_ous:auto_generated|sign_div_unsign_q8i:divider|alt_u_div_d6f:divider|DFFDenominator[7]              ; Merged with print_FSM:FSM|diva:DIVIDER|lpm_divide:LPM_DIVIDE_component|lpm_divide_ous:auto_generated|sign_div_unsign_q8i:divider|alt_u_div_d6f:divider|DFFDenominator[8]   ;
; print_FSM:FSM|diva:DIVIDER|lpm_divide:LPM_DIVIDE_component|lpm_divide_ous:auto_generated|sign_div_unsign_q8i:divider|alt_u_div_d6f:divider|DFFDenominator[8]              ; Merged with print_FSM:FSM|diva:DIVIDER|lpm_divide:LPM_DIVIDE_component|lpm_divide_ous:auto_generated|sign_div_unsign_q8i:divider|alt_u_div_d6f:divider|DFFDenominator[9]   ;
; print_FSM:FSM|diva:DIVIDER|lpm_divide:LPM_DIVIDE_component|lpm_divide_ous:auto_generated|sign_div_unsign_q8i:divider|alt_u_div_d6f:divider|DFFDenominator[9]              ; Merged with print_FSM:FSM|diva:DIVIDER|lpm_divide:LPM_DIVIDE_component|lpm_divide_ous:auto_generated|sign_div_unsign_q8i:divider|alt_u_div_d6f:divider|DFFDenominator[10]  ;
; print_FSM:FSM|diva:DIVIDER|lpm_divide:LPM_DIVIDE_component|lpm_divide_ous:auto_generated|sign_div_unsign_q8i:divider|alt_u_div_d6f:divider|DFFDenominator[10]             ; Merged with print_FSM:FSM|diva:DIVIDER|lpm_divide:LPM_DIVIDE_component|lpm_divide_ous:auto_generated|sign_div_unsign_q8i:divider|alt_u_div_d6f:divider|DFFDenominator[11]  ;
; print_FSM:FSM|diva:DIVIDER|lpm_divide:LPM_DIVIDE_component|lpm_divide_ous:auto_generated|sign_div_unsign_q8i:divider|alt_u_div_d6f:divider|DFFDenominator[11]             ; Merged with print_FSM:FSM|diva:DIVIDER|lpm_divide:LPM_DIVIDE_component|lpm_divide_ous:auto_generated|sign_div_unsign_q8i:divider|alt_u_div_d6f:divider|DFFDenominator[12]  ;
; print_FSM:FSM|diva:DIVIDER|lpm_divide:LPM_DIVIDE_component|lpm_divide_ous:auto_generated|sign_div_unsign_q8i:divider|alt_u_div_d6f:divider|DFFDenominator[12]             ; Merged with print_FSM:FSM|diva:DIVIDER|lpm_divide:LPM_DIVIDE_component|lpm_divide_ous:auto_generated|sign_div_unsign_q8i:divider|alt_u_div_d6f:divider|DFFDenominator[13]  ;
; print_FSM:FSM|diva:DIVIDER|lpm_divide:LPM_DIVIDE_component|lpm_divide_ous:auto_generated|sign_div_unsign_q8i:divider|alt_u_div_d6f:divider|DFFDenominator[13]             ; Merged with print_FSM:FSM|diva:DIVIDER|lpm_divide:LPM_DIVIDE_component|lpm_divide_ous:auto_generated|sign_div_unsign_q8i:divider|alt_u_div_d6f:divider|DFFDenominator[14]  ;
; print_FSM:FSM|diva:DIVIDER|lpm_divide:LPM_DIVIDE_component|lpm_divide_ous:auto_generated|sign_div_unsign_q8i:divider|alt_u_div_d6f:divider|DFFDenominator[14]             ; Merged with print_FSM:FSM|diva:DIVIDER|lpm_divide:LPM_DIVIDE_component|lpm_divide_ous:auto_generated|sign_div_unsign_q8i:divider|alt_u_div_d6f:divider|DFFDenominator[15]  ;
; print_FSM:FSM|diva:DIVIDER|lpm_divide:LPM_DIVIDE_component|lpm_divide_ous:auto_generated|sign_div_unsign_q8i:divider|alt_u_div_d6f:divider|DFFDenominator[15]             ; Merged with print_FSM:FSM|diva:DIVIDER|lpm_divide:LPM_DIVIDE_component|lpm_divide_ous:auto_generated|sign_div_unsign_q8i:divider|alt_u_div_d6f:divider|DFFDenominator[16]  ;
; print_FSM:FSM|diva:DIVIDER|lpm_divide:LPM_DIVIDE_component|lpm_divide_ous:auto_generated|sign_div_unsign_q8i:divider|alt_u_div_d6f:divider|DFFDenominator[16]             ; Merged with print_FSM:FSM|diva:DIVIDER|lpm_divide:LPM_DIVIDE_component|lpm_divide_ous:auto_generated|sign_div_unsign_q8i:divider|alt_u_div_d6f:divider|DFFDenominator[17]  ;
; print_FSM:FSM|diva:DIVIDER|lpm_divide:LPM_DIVIDE_component|lpm_divide_ous:auto_generated|sign_div_unsign_q8i:divider|alt_u_div_d6f:divider|DFFDenominator[17]             ; Merged with print_FSM:FSM|diva:DIVIDER|lpm_divide:LPM_DIVIDE_component|lpm_divide_ous:auto_generated|sign_div_unsign_q8i:divider|alt_u_div_d6f:divider|DFFDenominator[18]  ;
; print_FSM:FSM|diva:DIVIDER|lpm_divide:LPM_DIVIDE_component|lpm_divide_ous:auto_generated|sign_div_unsign_q8i:divider|alt_u_div_d6f:divider|DFFDenominator[18]             ; Merged with print_FSM:FSM|diva:DIVIDER|lpm_divide:LPM_DIVIDE_component|lpm_divide_ous:auto_generated|sign_div_unsign_q8i:divider|alt_u_div_d6f:divider|DFFDenominator[19]  ;
; print_FSM:FSM|diva:DIVIDER|lpm_divide:LPM_DIVIDE_component|lpm_divide_ous:auto_generated|sign_div_unsign_q8i:divider|alt_u_div_d6f:divider|DFFDenominator[19]             ; Merged with print_FSM:FSM|diva:DIVIDER|lpm_divide:LPM_DIVIDE_component|lpm_divide_ous:auto_generated|sign_div_unsign_q8i:divider|alt_u_div_d6f:divider|DFFDenominator[20]  ;
; print_FSM:FSM|diva:DIVIDER|lpm_divide:LPM_DIVIDE_component|lpm_divide_ous:auto_generated|sign_div_unsign_q8i:divider|alt_u_div_d6f:divider|DFFDenominator[20]             ; Merged with print_FSM:FSM|diva:DIVIDER|lpm_divide:LPM_DIVIDE_component|lpm_divide_ous:auto_generated|sign_div_unsign_q8i:divider|alt_u_div_d6f:divider|DFFDenominator[21]  ;
; print_FSM:FSM|diva:DIVIDER|lpm_divide:LPM_DIVIDE_component|lpm_divide_ous:auto_generated|sign_div_unsign_q8i:divider|alt_u_div_d6f:divider|DFFDenominator[21]             ; Merged with print_FSM:FSM|diva:DIVIDER|lpm_divide:LPM_DIVIDE_component|lpm_divide_ous:auto_generated|sign_div_unsign_q8i:divider|alt_u_div_d6f:divider|DFFDenominator[22]  ;
; print_FSM:FSM|diva:DIVIDER|lpm_divide:LPM_DIVIDE_component|lpm_divide_ous:auto_generated|sign_div_unsign_q8i:divider|alt_u_div_d6f:divider|DFFDenominator[22]             ; Merged with print_FSM:FSM|diva:DIVIDER|lpm_divide:LPM_DIVIDE_component|lpm_divide_ous:auto_generated|sign_div_unsign_q8i:divider|alt_u_div_d6f:divider|DFFDenominator[23]  ;
; print_FSM:FSM|diva:DIVIDER|lpm_divide:LPM_DIVIDE_component|lpm_divide_ous:auto_generated|sign_div_unsign_q8i:divider|alt_u_div_d6f:divider|DFFDenominator[23]             ; Merged with print_FSM:FSM|diva:DIVIDER|lpm_divide:LPM_DIVIDE_component|lpm_divide_ous:auto_generated|sign_div_unsign_q8i:divider|alt_u_div_d6f:divider|DFFDenominator[24]  ;
; print_FSM:FSM|diva:DIVIDER|lpm_divide:LPM_DIVIDE_component|lpm_divide_ous:auto_generated|sign_div_unsign_q8i:divider|alt_u_div_d6f:divider|DFFDenominator[24]             ; Merged with print_FSM:FSM|diva:DIVIDER|lpm_divide:LPM_DIVIDE_component|lpm_divide_ous:auto_generated|sign_div_unsign_q8i:divider|alt_u_div_d6f:divider|DFFDenominator[25]  ;
; print_FSM:FSM|diva:DIVIDER|lpm_divide:LPM_DIVIDE_component|lpm_divide_ous:auto_generated|sign_div_unsign_q8i:divider|alt_u_div_d6f:divider|DFFDenominator[25]             ; Merged with print_FSM:FSM|diva:DIVIDER|lpm_divide:LPM_DIVIDE_component|lpm_divide_ous:auto_generated|sign_div_unsign_q8i:divider|alt_u_div_d6f:divider|DFFDenominator[26]  ;
; print_FSM:FSM|diva:DIVIDER|lpm_divide:LPM_DIVIDE_component|lpm_divide_ous:auto_generated|sign_div_unsign_q8i:divider|alt_u_div_d6f:divider|DFFDenominator[26]             ; Merged with print_FSM:FSM|diva:DIVIDER|lpm_divide:LPM_DIVIDE_component|lpm_divide_ous:auto_generated|sign_div_unsign_q8i:divider|alt_u_div_d6f:divider|DFFDenominator[27]  ;
; print_FSM:FSM|diva:DIVIDER|lpm_divide:LPM_DIVIDE_component|lpm_divide_ous:auto_generated|sign_div_unsign_q8i:divider|alt_u_div_d6f:divider|DFFDenominator[27]             ; Merged with print_FSM:FSM|diva:DIVIDER|lpm_divide:LPM_DIVIDE_component|lpm_divide_ous:auto_generated|sign_div_unsign_q8i:divider|alt_u_div_d6f:divider|DFFDenominator[28]  ;
; print_FSM:FSM|diva:DIVIDER|lpm_divide:LPM_DIVIDE_component|lpm_divide_ous:auto_generated|sign_div_unsign_q8i:divider|alt_u_div_d6f:divider|DFFDenominator[28]             ; Merged with print_FSM:FSM|diva:DIVIDER|lpm_divide:LPM_DIVIDE_component|lpm_divide_ous:auto_generated|sign_div_unsign_q8i:divider|alt_u_div_d6f:divider|DFFDenominator[29]  ;
; print_FSM:FSM|diva:DIVIDER|lpm_divide:LPM_DIVIDE_component|lpm_divide_ous:auto_generated|sign_div_unsign_q8i:divider|alt_u_div_d6f:divider|DFFDenominator[29]             ; Merged with print_FSM:FSM|diva:DIVIDER|lpm_divide:LPM_DIVIDE_component|lpm_divide_ous:auto_generated|sign_div_unsign_q8i:divider|alt_u_div_d6f:divider|DFFDenominator[30]  ;
; print_FSM:FSM|diva:DIVIDER|lpm_divide:LPM_DIVIDE_component|lpm_divide_ous:auto_generated|sign_div_unsign_q8i:divider|alt_u_div_d6f:divider|DFFDenominator[30]             ; Merged with print_FSM:FSM|diva:DIVIDER|lpm_divide:LPM_DIVIDE_component|lpm_divide_ous:auto_generated|sign_div_unsign_q8i:divider|alt_u_div_d6f:divider|DFFDenominator[31]  ;
; print_FSM:FSM|send_flag                                                                                                                                                   ; Merged with print_FSM:FSM|rdreq_char                                                                                                                                       ;
; print_FSM:FSM|diva:DIVIDER|lpm_divide:LPM_DIVIDE_component|lpm_divide_ous:auto_generated|sign_div_unsign_q8i:divider|alt_u_div_d6f:divider|DFFDenominator[32,34,36..62]   ; Merged with print_FSM:FSM|diva:DIVIDER|lpm_divide:LPM_DIVIDE_component|lpm_divide_ous:auto_generated|sign_div_unsign_q8i:divider|alt_u_div_d6f:divider|DFFDenominator[63]  ;
; decode:DECODE|sign_extend:SE|imm_extended[16..30]                                                                                                                         ; Merged with decode:DECODE|sign_extend:SE|imm_extended[31]                                                                                                                  ;
; print_FSM:FSM|diva:DIVIDER|lpm_divide:LPM_DIVIDE_component|lpm_divide_ous:auto_generated|sign_div_unsign_q8i:divider|alt_u_div_d6f:divider|DFFDenominator[64,66,68..94]   ; Merged with print_FSM:FSM|diva:DIVIDER|lpm_divide:LPM_DIVIDE_component|lpm_divide_ous:auto_generated|sign_div_unsign_q8i:divider|alt_u_div_d6f:divider|DFFDenominator[95]  ;
; print_FSM:FSM|diva:DIVIDER|lpm_divide:LPM_DIVIDE_component|lpm_divide_ous:auto_generated|sign_div_unsign_q8i:divider|alt_u_div_d6f:divider|DFFDenominator[96,98,100..126] ; Merged with print_FSM:FSM|diva:DIVIDER|lpm_divide:LPM_DIVIDE_component|lpm_divide_ous:auto_generated|sign_div_unsign_q8i:divider|alt_u_div_d6f:divider|DFFDenominator[127] ;
; print_FSM:FSM|state.LOAD                                                                                                                                                  ; Merged with print_FSM:FSM|rdreq_word                                                                                                                                       ;
; Total Number of Removed Registers = 155                                                                                                                                   ;                                                                                                                                                                            ;
+---------------------------------------------------------------------------------------------------------------------------------------------------------------------------+----------------------------------------------------------------------------------------------------------------------------------------------------------------------------+


+-----------------------------------------------------------------------------------------------------------------------------------------------------------------------------------------------------------------------------------------------------------------------------------------------------------------------------------------------------------+
; Removed Registers Triggering Further Register Optimizations                                                                                                                                                                                                                                                                                               ;
+--------------------------------------------------------------------------------------------------------------------------------------------------------------+---------------------------+----------------------------------------------------------------------------------------------------------------------------------------------------------------+
; Register name                                                                                                                                                ; Reason for Removal        ; Registers Removed due to This Register                                                                                                                         ;
+--------------------------------------------------------------------------------------------------------------------------------------------------------------+---------------------------+----------------------------------------------------------------------------------------------------------------------------------------------------------------+
; print_FSM:FSM|diva:DIVIDER|lpm_divide:LPM_DIVIDE_component|lpm_divide_ous:auto_generated|sign_div_unsign_q8i:divider|alt_u_div_d6f:divider|DFFDenominator[3] ; Stuck at VCC              ; print_FSM:FSM|diva:DIVIDER|lpm_divide:LPM_DIVIDE_component|lpm_divide_ous:auto_generated|sign_div_unsign_q8i:divider|alt_u_div_d6f:divider|DFFDenominator[35], ;
;                                                                                                                                                              ; due to stuck port data_in ; print_FSM:FSM|diva:DIVIDER|lpm_divide:LPM_DIVIDE_component|lpm_divide_ous:auto_generated|sign_div_unsign_q8i:divider|alt_u_div_d6f:divider|DFFDenominator[67], ;
;                                                                                                                                                              ;                           ; print_FSM:FSM|diva:DIVIDER|lpm_divide:LPM_DIVIDE_component|lpm_divide_ous:auto_generated|sign_div_unsign_q8i:divider|alt_u_div_d6f:divider|DFFDenominator[99]  ;
; print_FSM:FSM|diva:DIVIDER|lpm_divide:LPM_DIVIDE_component|lpm_divide_ous:auto_generated|sign_div_unsign_q8i:divider|alt_u_div_d6f:divider|DFFDenominator[1] ; Stuck at VCC              ; print_FSM:FSM|diva:DIVIDER|lpm_divide:LPM_DIVIDE_component|lpm_divide_ous:auto_generated|sign_div_unsign_q8i:divider|alt_u_div_d6f:divider|DFFDenominator[33], ;
;                                                                                                                                                              ; due to stuck port data_in ; print_FSM:FSM|diva:DIVIDER|lpm_divide:LPM_DIVIDE_component|lpm_divide_ous:auto_generated|sign_div_unsign_q8i:divider|alt_u_div_d6f:divider|DFFDenominator[65], ;
;                                                                                                                                                              ;                           ; print_FSM:FSM|diva:DIVIDER|lpm_divide:LPM_DIVIDE_component|lpm_divide_ous:auto_generated|sign_div_unsign_q8i:divider|alt_u_div_d6f:divider|DFFDenominator[97]  ;
; print_FSM:FSM|diva:DIVIDER|lpm_divide:LPM_DIVIDE_component|lpm_divide_ous:auto_generated|sign_div_unsign_q8i:divider|alt_u_div_d6f:divider|DFFQuotient[31]   ; Stuck at GND              ; print_FSM:FSM|diva:DIVIDER|lpm_divide:LPM_DIVIDE_component|lpm_divide_ous:auto_generated|sign_div_unsign_q8i:divider|alt_u_div_d6f:divider|DFFQuotient[63],    ;
;                                                                                                                                                              ; due to stuck port data_in ; print_FSM:FSM|diva:DIVIDER|lpm_divide:LPM_DIVIDE_component|lpm_divide_ous:auto_generated|sign_div_unsign_q8i:divider|alt_u_div_d6f:divider|DFFQuotient[95],    ;
;                                                                                                                                                              ;                           ; print_FSM:FSM|diva:DIVIDER|lpm_divide:LPM_DIVIDE_component|lpm_divide_ous:auto_generated|sign_div_unsign_q8i:divider|alt_u_div_d6f:divider|DFFQuotient[127]    ;
; print_FSM:FSM|diva:DIVIDER|lpm_divide:LPM_DIVIDE_component|lpm_divide_ous:auto_generated|sign_div_unsign_q8i:divider|alt_u_div_d6f:divider|DFFQuotient[30]   ; Stuck at GND              ; print_FSM:FSM|diva:DIVIDER|lpm_divide:LPM_DIVIDE_component|lpm_divide_ous:auto_generated|sign_div_unsign_q8i:divider|alt_u_div_d6f:divider|DFFQuotient[62],    ;
;                                                                                                                                                              ; due to stuck port data_in ; print_FSM:FSM|diva:DIVIDER|lpm_divide:LPM_DIVIDE_component|lpm_divide_ous:auto_generated|sign_div_unsign_q8i:divider|alt_u_div_d6f:divider|DFFQuotient[94],    ;
;                                                                                                                                                              ;                           ; print_FSM:FSM|diva:DIVIDER|lpm_divide:LPM_DIVIDE_component|lpm_divide_ous:auto_generated|sign_div_unsign_q8i:divider|alt_u_div_d6f:divider|DFFQuotient[126]    ;
; print_FSM:FSM|diva:DIVIDER|lpm_divide:LPM_DIVIDE_component|lpm_divide_ous:auto_generated|sign_div_unsign_q8i:divider|alt_u_div_d6f:divider|DFFQuotient[29]   ; Stuck at GND              ; print_FSM:FSM|diva:DIVIDER|lpm_divide:LPM_DIVIDE_component|lpm_divide_ous:auto_generated|sign_div_unsign_q8i:divider|alt_u_div_d6f:divider|DFFQuotient[61],    ;
;                                                                                                                                                              ; due to stuck port data_in ; print_FSM:FSM|diva:DIVIDER|lpm_divide:LPM_DIVIDE_component|lpm_divide_ous:auto_generated|sign_div_unsign_q8i:divider|alt_u_div_d6f:divider|DFFQuotient[93],    ;
;                                                                                                                                                              ;                           ; print_FSM:FSM|diva:DIVIDER|lpm_divide:LPM_DIVIDE_component|lpm_divide_ous:auto_generated|sign_div_unsign_q8i:divider|alt_u_div_d6f:divider|DFFQuotient[125]    ;
+--------------------------------------------------------------------------------------------------------------------------------------------------------------+---------------------------+----------------------------------------------------------------------------------------------------------------------------------------------------------------+


+------------------------------------------------------+
; General Register Statistics                          ;
+----------------------------------------------+-------+
; Statistic                                    ; Value ;
+----------------------------------------------+-------+
; Total registers                              ; 757   ;
; Number of registers using Synchronous Clear  ; 44    ;
; Number of registers using Synchronous Load   ; 113   ;
; Number of registers using Asynchronous Clear ; 276   ;
; Number of registers using Asynchronous Load  ; 0     ;
; Number of registers using Clock Enable       ; 253   ;
; Number of registers using Preset             ; 0     ;
+----------------------------------------------+-------+


+--------------------------------------------------------------------------------------------------------------------------------------------------------------------------+
; Inverted Register Statistics                                                                                                                                             ;
+----------------------------------------------------------------------------------------------------------------------------------------------------------------+---------+
; Inverted Register                                                                                                                                              ; Fan out ;
+----------------------------------------------------------------------------------------------------------------------------------------------------------------+---------+
; print_FSM:FSM|fifo_char:FIFO2|dcfifo:dcfifo_component|dcfifo_f1f1:auto_generated|a_graycounter_h26:rdptr_g1p|counter5a0                                        ; 7       ;
; print_FSM:FSM|fifo_char:FIFO2|dcfifo:dcfifo_component|dcfifo_f1f1:auto_generated|a_graycounter_dgb:wrptr_g1p|counter8a0                                        ; 6       ;
; print_FSM:FSM|fifo_char:FIFO2|dcfifo:dcfifo_component|dcfifo_f1f1:auto_generated|a_graycounter_h26:rdptr_g1p|parity6                                           ; 4       ;
; print_FSM:FSM|diva:DIVIDER|lpm_divide:LPM_DIVIDE_component|lpm_divide_ous:auto_generated|sign_div_unsign_q8i:divider|alt_u_div_d6f:divider|DFFDenominator[127] ; 208     ;
; print_FSM:FSM|fifo_char:FIFO2|dcfifo:dcfifo_component|dcfifo_f1f1:auto_generated|a_graycounter_dgb:wrptr_g1p|parity9                                           ; 4       ;
; print_FSM:FSM|diva:DIVIDER|lpm_divide:LPM_DIVIDE_component|lpm_divide_ous:auto_generated|sign_div_unsign_q8i:divider|alt_u_div_d6f:divider|DFFDenominator[95]  ; 358     ;
; print_FSM:FSM|diva:DIVIDER|lpm_divide:LPM_DIVIDE_component|lpm_divide_ous:auto_generated|sign_div_unsign_q8i:divider|alt_u_div_d6f:divider|DFFDenominator[31]  ; 107     ;
; print_FSM:FSM|diva:DIVIDER|lpm_divide:LPM_DIVIDE_component|lpm_divide_ous:auto_generated|sign_div_unsign_q8i:divider|alt_u_div_d6f:divider|DFFDenominator[63]  ; 228     ;
; Total number of inverted registers = 8                                                                                                                         ;         ;
+----------------------------------------------------------------------------------------------------------------------------------------------------------------+---------+


+--------------------------------------------------------------------------------------------------+
; Registers Added for RAM Pass-Through Logic                                                       ;
+------------------------------------------------------+-------------------------------------------+
; Register Name                                        ; RAM Name                                  ;
+------------------------------------------------------+-------------------------------------------+
; decode:DECODE|registers:R|ram_block_rtl_0_bypass[0]  ; decode:DECODE|registers:R|ram_block_rtl_0 ;
; decode:DECODE|registers:R|ram_block_rtl_0_bypass[1]  ; decode:DECODE|registers:R|ram_block_rtl_0 ;
; decode:DECODE|registers:R|ram_block_rtl_0_bypass[2]  ; decode:DECODE|registers:R|ram_block_rtl_0 ;
; decode:DECODE|registers:R|ram_block_rtl_0_bypass[3]  ; decode:DECODE|registers:R|ram_block_rtl_0 ;
; decode:DECODE|registers:R|ram_block_rtl_0_bypass[4]  ; decode:DECODE|registers:R|ram_block_rtl_0 ;
; decode:DECODE|registers:R|ram_block_rtl_0_bypass[5]  ; decode:DECODE|registers:R|ram_block_rtl_0 ;
; decode:DECODE|registers:R|ram_block_rtl_0_bypass[6]  ; decode:DECODE|registers:R|ram_block_rtl_0 ;
; decode:DECODE|registers:R|ram_block_rtl_0_bypass[7]  ; decode:DECODE|registers:R|ram_block_rtl_0 ;
; decode:DECODE|registers:R|ram_block_rtl_0_bypass[8]  ; decode:DECODE|registers:R|ram_block_rtl_0 ;
; decode:DECODE|registers:R|ram_block_rtl_0_bypass[9]  ; decode:DECODE|registers:R|ram_block_rtl_0 ;
; decode:DECODE|registers:R|ram_block_rtl_0_bypass[10] ; decode:DECODE|registers:R|ram_block_rtl_0 ;
; decode:DECODE|registers:R|ram_block_rtl_0_bypass[11] ; decode:DECODE|registers:R|ram_block_rtl_0 ;
; decode:DECODE|registers:R|ram_block_rtl_0_bypass[12] ; decode:DECODE|registers:R|ram_block_rtl_0 ;
; decode:DECODE|registers:R|ram_block_rtl_0_bypass[13] ; decode:DECODE|registers:R|ram_block_rtl_0 ;
; decode:DECODE|registers:R|ram_block_rtl_0_bypass[14] ; decode:DECODE|registers:R|ram_block_rtl_0 ;
; decode:DECODE|registers:R|ram_block_rtl_0_bypass[15] ; decode:DECODE|registers:R|ram_block_rtl_0 ;
; decode:DECODE|registers:R|ram_block_rtl_0_bypass[16] ; decode:DECODE|registers:R|ram_block_rtl_0 ;
; decode:DECODE|registers:R|ram_block_rtl_0_bypass[17] ; decode:DECODE|registers:R|ram_block_rtl_0 ;
; decode:DECODE|registers:R|ram_block_rtl_0_bypass[18] ; decode:DECODE|registers:R|ram_block_rtl_0 ;
; decode:DECODE|registers:R|ram_block_rtl_0_bypass[19] ; decode:DECODE|registers:R|ram_block_rtl_0 ;
; decode:DECODE|registers:R|ram_block_rtl_0_bypass[20] ; decode:DECODE|registers:R|ram_block_rtl_0 ;
; decode:DECODE|registers:R|ram_block_rtl_0_bypass[21] ; decode:DECODE|registers:R|ram_block_rtl_0 ;
; decode:DECODE|registers:R|ram_block_rtl_0_bypass[22] ; decode:DECODE|registers:R|ram_block_rtl_0 ;
; decode:DECODE|registers:R|ram_block_rtl_0_bypass[23] ; decode:DECODE|registers:R|ram_block_rtl_0 ;
; decode:DECODE|registers:R|ram_block_rtl_0_bypass[24] ; decode:DECODE|registers:R|ram_block_rtl_0 ;
; decode:DECODE|registers:R|ram_block_rtl_0_bypass[25] ; decode:DECODE|registers:R|ram_block_rtl_0 ;
; decode:DECODE|registers:R|ram_block_rtl_0_bypass[26] ; decode:DECODE|registers:R|ram_block_rtl_0 ;
; decode:DECODE|registers:R|ram_block_rtl_0_bypass[27] ; decode:DECODE|registers:R|ram_block_rtl_0 ;
; decode:DECODE|registers:R|ram_block_rtl_0_bypass[28] ; decode:DECODE|registers:R|ram_block_rtl_0 ;
; decode:DECODE|registers:R|ram_block_rtl_0_bypass[29] ; decode:DECODE|registers:R|ram_block_rtl_0 ;
; decode:DECODE|registers:R|ram_block_rtl_0_bypass[30] ; decode:DECODE|registers:R|ram_block_rtl_0 ;
; decode:DECODE|registers:R|ram_block_rtl_0_bypass[31] ; decode:DECODE|registers:R|ram_block_rtl_0 ;
; decode:DECODE|registers:R|ram_block_rtl_0_bypass[32] ; decode:DECODE|registers:R|ram_block_rtl_0 ;
; decode:DECODE|registers:R|ram_block_rtl_0_bypass[33] ; decode:DECODE|registers:R|ram_block_rtl_0 ;
; decode:DECODE|registers:R|ram_block_rtl_0_bypass[34] ; decode:DECODE|registers:R|ram_block_rtl_0 ;
; decode:DECODE|registers:R|ram_block_rtl_0_bypass[35] ; decode:DECODE|registers:R|ram_block_rtl_0 ;
; decode:DECODE|registers:R|ram_block_rtl_0_bypass[36] ; decode:DECODE|registers:R|ram_block_rtl_0 ;
; decode:DECODE|registers:R|ram_block_rtl_0_bypass[37] ; decode:DECODE|registers:R|ram_block_rtl_0 ;
; decode:DECODE|registers:R|ram_block_rtl_0_bypass[38] ; decode:DECODE|registers:R|ram_block_rtl_0 ;
; decode:DECODE|registers:R|ram_block_rtl_0_bypass[39] ; decode:DECODE|registers:R|ram_block_rtl_0 ;
; decode:DECODE|registers:R|ram_block_rtl_0_bypass[40] ; decode:DECODE|registers:R|ram_block_rtl_0 ;
; decode:DECODE|registers:R|ram_block_rtl_0_bypass[41] ; decode:DECODE|registers:R|ram_block_rtl_0 ;
; decode:DECODE|registers:R|ram_block_rtl_0_bypass[42] ; decode:DECODE|registers:R|ram_block_rtl_0 ;
; decode:DECODE|registers:R|ram_block_rtl_1_bypass[0]  ; decode:DECODE|registers:R|ram_block_rtl_1 ;
; decode:DECODE|registers:R|ram_block_rtl_1_bypass[1]  ; decode:DECODE|registers:R|ram_block_rtl_1 ;
; decode:DECODE|registers:R|ram_block_rtl_1_bypass[2]  ; decode:DECODE|registers:R|ram_block_rtl_1 ;
; decode:DECODE|registers:R|ram_block_rtl_1_bypass[3]  ; decode:DECODE|registers:R|ram_block_rtl_1 ;
; decode:DECODE|registers:R|ram_block_rtl_1_bypass[4]  ; decode:DECODE|registers:R|ram_block_rtl_1 ;
; decode:DECODE|registers:R|ram_block_rtl_1_bypass[5]  ; decode:DECODE|registers:R|ram_block_rtl_1 ;
; decode:DECODE|registers:R|ram_block_rtl_1_bypass[6]  ; decode:DECODE|registers:R|ram_block_rtl_1 ;
; decode:DECODE|registers:R|ram_block_rtl_1_bypass[7]  ; decode:DECODE|registers:R|ram_block_rtl_1 ;
; decode:DECODE|registers:R|ram_block_rtl_1_bypass[8]  ; decode:DECODE|registers:R|ram_block_rtl_1 ;
; decode:DECODE|registers:R|ram_block_rtl_1_bypass[9]  ; decode:DECODE|registers:R|ram_block_rtl_1 ;
; decode:DECODE|registers:R|ram_block_rtl_1_bypass[10] ; decode:DECODE|registers:R|ram_block_rtl_1 ;
; decode:DECODE|registers:R|ram_block_rtl_1_bypass[11] ; decode:DECODE|registers:R|ram_block_rtl_1 ;
; decode:DECODE|registers:R|ram_block_rtl_1_bypass[12] ; decode:DECODE|registers:R|ram_block_rtl_1 ;
; decode:DECODE|registers:R|ram_block_rtl_1_bypass[13] ; decode:DECODE|registers:R|ram_block_rtl_1 ;
; decode:DECODE|registers:R|ram_block_rtl_1_bypass[14] ; decode:DECODE|registers:R|ram_block_rtl_1 ;
; decode:DECODE|registers:R|ram_block_rtl_1_bypass[15] ; decode:DECODE|registers:R|ram_block_rtl_1 ;
; decode:DECODE|registers:R|ram_block_rtl_1_bypass[16] ; decode:DECODE|registers:R|ram_block_rtl_1 ;
; decode:DECODE|registers:R|ram_block_rtl_1_bypass[17] ; decode:DECODE|registers:R|ram_block_rtl_1 ;
; decode:DECODE|registers:R|ram_block_rtl_1_bypass[18] ; decode:DECODE|registers:R|ram_block_rtl_1 ;
; decode:DECODE|registers:R|ram_block_rtl_1_bypass[19] ; decode:DECODE|registers:R|ram_block_rtl_1 ;
; decode:DECODE|registers:R|ram_block_rtl_1_bypass[20] ; decode:DECODE|registers:R|ram_block_rtl_1 ;
; decode:DECODE|registers:R|ram_block_rtl_1_bypass[21] ; decode:DECODE|registers:R|ram_block_rtl_1 ;
; decode:DECODE|registers:R|ram_block_rtl_1_bypass[22] ; decode:DECODE|registers:R|ram_block_rtl_1 ;
; decode:DECODE|registers:R|ram_block_rtl_1_bypass[23] ; decode:DECODE|registers:R|ram_block_rtl_1 ;
; decode:DECODE|registers:R|ram_block_rtl_1_bypass[24] ; decode:DECODE|registers:R|ram_block_rtl_1 ;
; decode:DECODE|registers:R|ram_block_rtl_1_bypass[25] ; decode:DECODE|registers:R|ram_block_rtl_1 ;
; decode:DECODE|registers:R|ram_block_rtl_1_bypass[26] ; decode:DECODE|registers:R|ram_block_rtl_1 ;
; decode:DECODE|registers:R|ram_block_rtl_1_bypass[27] ; decode:DECODE|registers:R|ram_block_rtl_1 ;
; decode:DECODE|registers:R|ram_block_rtl_1_bypass[28] ; decode:DECODE|registers:R|ram_block_rtl_1 ;
; decode:DECODE|registers:R|ram_block_rtl_1_bypass[29] ; decode:DECODE|registers:R|ram_block_rtl_1 ;
; decode:DECODE|registers:R|ram_block_rtl_1_bypass[30] ; decode:DECODE|registers:R|ram_block_rtl_1 ;
; decode:DECODE|registers:R|ram_block_rtl_1_bypass[31] ; decode:DECODE|registers:R|ram_block_rtl_1 ;
; decode:DECODE|registers:R|ram_block_rtl_1_bypass[32] ; decode:DECODE|registers:R|ram_block_rtl_1 ;
; decode:DECODE|registers:R|ram_block_rtl_1_bypass[33] ; decode:DECODE|registers:R|ram_block_rtl_1 ;
; decode:DECODE|registers:R|ram_block_rtl_1_bypass[34] ; decode:DECODE|registers:R|ram_block_rtl_1 ;
; decode:DECODE|registers:R|ram_block_rtl_1_bypass[35] ; decode:DECODE|registers:R|ram_block_rtl_1 ;
; decode:DECODE|registers:R|ram_block_rtl_1_bypass[36] ; decode:DECODE|registers:R|ram_block_rtl_1 ;
; decode:DECODE|registers:R|ram_block_rtl_1_bypass[37] ; decode:DECODE|registers:R|ram_block_rtl_1 ;
; decode:DECODE|registers:R|ram_block_rtl_1_bypass[38] ; decode:DECODE|registers:R|ram_block_rtl_1 ;
; decode:DECODE|registers:R|ram_block_rtl_1_bypass[39] ; decode:DECODE|registers:R|ram_block_rtl_1 ;
; decode:DECODE|registers:R|ram_block_rtl_1_bypass[40] ; decode:DECODE|registers:R|ram_block_rtl_1 ;
; decode:DECODE|registers:R|ram_block_rtl_1_bypass[41] ; decode:DECODE|registers:R|ram_block_rtl_1 ;
; decode:DECODE|registers:R|ram_block_rtl_1_bypass[42] ; decode:DECODE|registers:R|ram_block_rtl_1 ;
+------------------------------------------------------+-------------------------------------------+


+------------------------------------------------------------------------------------------------------------------------------------------------------------------------------------------------------------------------------------------------------------------------------------------------------------------------------------------------------------+
; Registers Packed Into Inferred Megafunctions                                                                                                                                                                                                                                                                                                               ;
+--------------------------------------------------------------------------------------------------------------------------------------------------------------------------------+--------------------------------------------------------------------------------------------------------------------------------------------------------------+------------+
; Register Name                                                                                                                                                                  ; Megafunction                                                                                                                                                 ; Type       ;
+--------------------------------------------------------------------------------------------------------------------------------------------------------------------------------+--------------------------------------------------------------------------------------------------------------------------------------------------------------+------------+
; decode:DECODE|registers:R|q_1[0..31]                                                                                                                                           ; decode:DECODE|registers:R|ram_block_rtl_0                                                                                                                    ; RAM        ;
; decode:DECODE|registers:R|q_2[0..31]                                                                                                                                           ; decode:DECODE|registers:R|ram_block_rtl_1                                                                                                                    ; RAM        ;
; print_FSM:FSM|diva:DIVIDER|lpm_divide:LPM_DIVIDE_component|lpm_divide_ous:auto_generated|sign_div_unsign_q8i:divider|alt_u_div_d6f:divider|DFFQuotient[52..59,84..91,116..123] ; print_FSM:FSM|diva:DIVIDER|lpm_divide:LPM_DIVIDE_component|lpm_divide_ous:auto_generated|sign_div_unsign_q8i:divider|alt_u_div_d6f:divider|DFFQuotient_rtl_0 ; SHIFT_TAPS ;
; print_FSM:FSM|diva:DIVIDER|lpm_divide:LPM_DIVIDE_component|lpm_divide_ous:auto_generated|sign_div_unsign_q8i:divider|alt_u_div_d6f:divider|DFFNumerator[4..11,36..43,68..75]   ; print_FSM:FSM|diva:DIVIDER|lpm_divide:LPM_DIVIDE_component|lpm_divide_ous:auto_generated|sign_div_unsign_q8i:divider|alt_u_div_d6f:divider|DFFQuotient_rtl_0 ; SHIFT_TAPS ;
+--------------------------------------------------------------------------------------------------------------------------------------------------------------------------------+--------------------------------------------------------------------------------------------------------------------------------------------------------------+------------+


+-----------------------------------------------------------------------------------------------------------------------------------------------------------+
; Multiplexer Restructuring Statistics (Restructuring Performed)                                                                                            ;
+--------------------+-----------+---------------+----------------------+------------------------+------------+---------------------------------------------+
; Multiplexer Inputs ; Bus Width ; Baseline Area ; Area if Restructured ; Saving if Restructured ; Registered ; Example Multiplexer Output                  ;
+--------------------+-----------+---------------+----------------------+------------------------+------------+---------------------------------------------+
; 3:1                ; 6 bits    ; 12 LEs        ; 6 LEs                ; 6 LEs                  ; Yes        ; |DLX|decode:DECODE|instruction_out[23]      ;
; 4:1                ; 32 bits   ; 64 LEs        ; 32 LEs               ; 32 LEs                 ; Yes        ; |DLX|print_FSM:FSM|UART_trans:U|counter[20] ;
; 5:1                ; 10 bits   ; 30 LEs        ; 20 LEs               ; 10 LEs                 ; Yes        ; |DLX|fetch:FETCH|pc[0]                      ;
; 6:1                ; 8 bits    ; 32 LEs        ; 16 LEs               ; 16 LEs                 ; Yes        ; |DLX|print_FSM:FSM|data_char[3]             ;
; 6:1                ; 3 bits    ; 12 LEs        ; 6 LEs                ; 6 LEs                  ; Yes        ; |DLX|print_FSM:FSM|i[1]                     ;
; 8:1                ; 2 bits    ; 10 LEs        ; 4 LEs                ; 6 LEs                  ; Yes        ; |DLX|print_FSM:FSM|pos_val[29]              ;
; 8:1                ; 29 bits   ; 145 LEs       ; 58 LEs               ; 87 LEs                 ; Yes        ; |DLX|print_FSM:FSM|pos_val[0]               ;
; 53:1               ; 7 bits    ; 245 LEs       ; 56 LEs               ; 189 LEs                ; Yes        ; |DLX|execute:EXECUTE|ALU:ALU|alu_result[22] ;
; 52:1               ; 7 bits    ; 238 LEs       ; 56 LEs               ; 182 LEs                ; Yes        ; |DLX|execute:EXECUTE|ALU:ALU|alu_result[14] ;
; 54:1               ; 4 bits    ; 144 LEs       ; 32 LEs               ; 112 LEs                ; Yes        ; |DLX|execute:EXECUTE|ALU:ALU|alu_result[24] ;
; 53:1               ; 4 bits    ; 140 LEs       ; 32 LEs               ; 108 LEs                ; Yes        ; |DLX|execute:EXECUTE|ALU:ALU|alu_result[6]  ;
; 55:1               ; 2 bits    ; 72 LEs        ; 20 LEs               ; 52 LEs                 ; Yes        ; |DLX|execute:EXECUTE|ALU:ALU|alu_result[29] ;
; 54:1               ; 2 bits    ; 72 LEs        ; 20 LEs               ; 52 LEs                 ; Yes        ; |DLX|execute:EXECUTE|ALU:ALU|alu_result[3]  ;
; 4:1                ; 32 bits   ; 64 LEs        ; 64 LEs               ; 0 LEs                  ; No         ; |DLX|execute:EXECUTE|imm_mux:MUX2|op2[29]   ;
; 5:1                ; 22 bits   ; 66 LEs        ; 66 LEs               ; 0 LEs                  ; No         ; |DLX|execute:EXECUTE|PC_mux:MUX1|op1[18]    ;
; 5:1                ; 10 bits   ; 30 LEs        ; 30 LEs               ; 0 LEs                  ; No         ; |DLX|execute:EXECUTE|PC_mux:MUX1|op1[9]     ;
; 10:1               ; 32 bits   ; 192 LEs       ; 32 LEs               ; 160 LEs                ; No         ; |DLX|execute:EXECUTE|ALU:ALU|Add0           ;
; 8:1                ; 32 bits   ; 160 LEs       ; 0 LEs                ; 160 LEs                ; No         ; |DLX|execute:EXECUTE|ALU:ALU|Add0           ;
+--------------------+-----------+---------------+----------------------+------------------------+------------+---------------------------------------------+


+-------------------------------------------------------------------------------------------------------------+
; Source assignments for fetch:FETCH|my_ROM:U1|altsyncram:altsyncram_component|altsyncram_d5s3:auto_generated ;
+---------------------------------+--------------------+------+-----------------------------------------------+
; Assignment                      ; Value              ; From ; To                                            ;
+---------------------------------+--------------------+------+-----------------------------------------------+
; OPTIMIZE_POWER_DURING_SYNTHESIS ; NORMAL_COMPILATION ; -    ; -                                             ;
+---------------------------------+--------------------+------+-----------------------------------------------+


+----------------------------------------------------------------------------------------------------------------+
; Source assignments for memory:MEMORY|my_ram:RAM|altsyncram:altsyncram_component|altsyncram_29s3:auto_generated ;
+---------------------------------+--------------------+------+--------------------------------------------------+
; Assignment                      ; Value              ; From ; To                                               ;
+---------------------------------+--------------------+------+--------------------------------------------------+
; OPTIMIZE_POWER_DURING_SYNTHESIS ; NORMAL_COMPILATION ; -    ; -                                                ;
+---------------------------------+--------------------+------+--------------------------------------------------+


+------------------------------------------------------------------------------------------------------------------------------------------------------+
; Source assignments for print_FSM:FSM|fifo_word:FIFO1|scfifo:scfifo_component|scfifo_4k51:auto_generated|a_dpfifo_jj21:dpfifo|altsyncram_o2m1:FIFOram ;
+---------------------------------+--------------------+------+----------------------------------------------------------------------------------------+
; Assignment                      ; Value              ; From ; To                                                                                     ;
+---------------------------------+--------------------+------+----------------------------------------------------------------------------------------+
; OPTIMIZE_POWER_DURING_SYNTHESIS ; NORMAL_COMPILATION ; -    ; -                                                                                      ;
+---------------------------------+--------------------+------+----------------------------------------------------------------------------------------+


+------------------------------------------------------------------------------+
; Source assignments for print_FSM:FSM|fifo_char:FIFO2|dcfifo:dcfifo_component ;
+---------------------------------+-------+------+-----------------------------+
; Assignment                      ; Value ; From ; To                          ;
+---------------------------------+-------+------+-----------------------------+
; AUTO_SHIFT_REGISTER_RECOGNITION ; OFF   ; -    ; -                           ;
+---------------------------------+-------+------+-----------------------------+


+---------------------------------------------------------------------------------------------------------+
; Source assignments for print_FSM:FSM|fifo_char:FIFO2|dcfifo:dcfifo_component|dcfifo_f1f1:auto_generated ;
+---------------------------------------+-------+------+--------------------------------------------------+
; Assignment                            ; Value ; From ; To                                               ;
+---------------------------------------+-------+------+--------------------------------------------------+
; AUTO_SHIFT_REGISTER_RECOGNITION       ; OFF   ; -    ; -                                                ;
; REMOVE_DUPLICATE_REGISTERS            ; OFF   ; -    ; -                                                ;
; SYNCHRONIZER_IDENTIFICATION           ; OFF   ; -    ; -                                                ;
; SYNCHRONIZATION_REGISTER_CHAIN_LENGTH ; 2     ; -    ; -                                                ;
; POWER_UP_LEVEL                        ; LOW   ; -    ; wrptr_g                                          ;
+---------------------------------------+-------+------+--------------------------------------------------+


+-------------------------------------------------------------------------------------------------------------------------------------+
; Source assignments for print_FSM:FSM|fifo_char:FIFO2|dcfifo:dcfifo_component|dcfifo_f1f1:auto_generated|a_graycounter_h26:rdptr_g1p ;
+----------------+-------+------+-----------------------------------------------------------------------------------------------------+
; Assignment     ; Value ; From ; To                                                                                                  ;
+----------------+-------+------+-----------------------------------------------------------------------------------------------------+
; POWER_UP_LEVEL ; HIGH  ; -    ; counter5a0                                                                                          ;
; POWER_UP_LEVEL ; HIGH  ; -    ; parity6                                                                                             ;
+----------------+-------+------+-----------------------------------------------------------------------------------------------------+


+-------------------------------------------------------------------------------------------------------------------------------------+
; Source assignments for print_FSM:FSM|fifo_char:FIFO2|dcfifo:dcfifo_component|dcfifo_f1f1:auto_generated|a_graycounter_dgb:wrptr_g1p ;
+----------------+-------+------+-----------------------------------------------------------------------------------------------------+
; Assignment     ; Value ; From ; To                                                                                                  ;
+----------------+-------+------+-----------------------------------------------------------------------------------------------------+
; POWER_UP_LEVEL ; HIGH  ; -    ; counter8a0                                                                                          ;
; POWER_UP_LEVEL ; HIGH  ; -    ; parity9                                                                                             ;
+----------------+-------+------+-----------------------------------------------------------------------------------------------------+


+----------------------------------------------------------------------------------------------------------------------------------+
; Source assignments for print_FSM:FSM|fifo_char:FIFO2|dcfifo:dcfifo_component|dcfifo_f1f1:auto_generated|altsyncram_qj31:fifo_ram ;
+---------------------------------+--------------------+------+--------------------------------------------------------------------+
; Assignment                      ; Value              ; From ; To                                                                 ;
+---------------------------------+--------------------+------+--------------------------------------------------------------------+
; OPTIMIZE_POWER_DURING_SYNTHESIS ; NORMAL_COMPILATION ; -    ; -                                                                  ;
+---------------------------------+--------------------+------+--------------------------------------------------------------------+


+------------------------------------------------------------------------------------------------------------------------------------+
; Source assignments for print_FSM:FSM|fifo_char:FIFO2|dcfifo:dcfifo_component|dcfifo_f1f1:auto_generated|alt_synch_pipe_h9l:rs_dgwp ;
+-----------------------------+------------------------+------+----------------------------------------------------------------------+
; Assignment                  ; Value                  ; From ; To                                                                   ;
+-----------------------------+------------------------+------+----------------------------------------------------------------------+
; X_ON_VIOLATION_OPTION       ; OFF                    ; -    ; -                                                                    ;
; SYNCHRONIZER_IDENTIFICATION ; FORCED_IF_ASYNCHRONOUS ; -    ; -                                                                    ;
; PRESERVE_REGISTER           ; ON                     ; -    ; -                                                                    ;
; DONT_MERGE_REGISTER         ; ON                     ; -    ; -                                                                    ;
; ADV_NETLIST_OPT_ALLOWED     ; NEVER_ALLOW            ; -    ; -                                                                    ;
+-----------------------------+------------------------+------+----------------------------------------------------------------------+


+----------------------------------------------------------------------------------------------------------------------------------------------------------+
; Source assignments for print_FSM:FSM|fifo_char:FIFO2|dcfifo:dcfifo_component|dcfifo_f1f1:auto_generated|alt_synch_pipe_h9l:rs_dgwp|dffpipe_2v8:dffpipe12 ;
+---------------------------------+-------+------+---------------------------------------------------------------------------------------------------------+
; Assignment                      ; Value ; From ; To                                                                                                      ;
+---------------------------------+-------+------+---------------------------------------------------------------------------------------------------------+
; AUTO_SHIFT_REGISTER_RECOGNITION ; OFF   ; -    ; -                                                                                                       ;
+---------------------------------+-------+------+---------------------------------------------------------------------------------------------------------+


+----------------------------------------------------------------------------------------------------------------------------+
; Source assignments for print_FSM:FSM|fifo_char:FIFO2|dcfifo:dcfifo_component|dcfifo_f1f1:auto_generated|dffpipe_1v8:ws_brp ;
+---------------------------------+-------+------+---------------------------------------------------------------------------+
; Assignment                      ; Value ; From ; To                                                                        ;
+---------------------------------+-------+------+---------------------------------------------------------------------------+
; AUTO_SHIFT_REGISTER_RECOGNITION ; OFF   ; -    ; -                                                                         ;
+---------------------------------+-------+------+---------------------------------------------------------------------------+


+----------------------------------------------------------------------------------------------------------------------------+
; Source assignments for print_FSM:FSM|fifo_char:FIFO2|dcfifo:dcfifo_component|dcfifo_f1f1:auto_generated|dffpipe_1v8:ws_bwp ;
+---------------------------------+-------+------+---------------------------------------------------------------------------+
; Assignment                      ; Value ; From ; To                                                                        ;
+---------------------------------+-------+------+---------------------------------------------------------------------------+
; AUTO_SHIFT_REGISTER_RECOGNITION ; OFF   ; -    ; -                                                                         ;
+---------------------------------+-------+------+---------------------------------------------------------------------------+


+------------------------------------------------------------------------------------------------------------------------------------+
; Source assignments for print_FSM:FSM|fifo_char:FIFO2|dcfifo:dcfifo_component|dcfifo_f1f1:auto_generated|alt_synch_pipe_i9l:ws_dgrp ;
+-----------------------------+------------------------+------+----------------------------------------------------------------------+
; Assignment                  ; Value                  ; From ; To                                                                   ;
+-----------------------------+------------------------+------+----------------------------------------------------------------------+
; X_ON_VIOLATION_OPTION       ; OFF                    ; -    ; -                                                                    ;
; SYNCHRONIZER_IDENTIFICATION ; FORCED_IF_ASYNCHRONOUS ; -    ; -                                                                    ;
; PRESERVE_REGISTER           ; ON                     ; -    ; -                                                                    ;
; DONT_MERGE_REGISTER         ; ON                     ; -    ; -                                                                    ;
; ADV_NETLIST_OPT_ALLOWED     ; NEVER_ALLOW            ; -    ; -                                                                    ;
+-----------------------------+------------------------+------+----------------------------------------------------------------------+


+----------------------------------------------------------------------------------------------------------------------------------------------------------+
; Source assignments for print_FSM:FSM|fifo_char:FIFO2|dcfifo:dcfifo_component|dcfifo_f1f1:auto_generated|alt_synch_pipe_i9l:ws_dgrp|dffpipe_3v8:dffpipe16 ;
+---------------------------------+-------+------+---------------------------------------------------------------------------------------------------------+
; Assignment                      ; Value ; From ; To                                                                                                      ;
+---------------------------------+-------+------+---------------------------------------------------------------------------------------------------------+
; AUTO_SHIFT_REGISTER_RECOGNITION ; OFF   ; -    ; -                                                                                                       ;
+---------------------------------+-------+------+---------------------------------------------------------------------------------------------------------+


+-------------------------------------------------------------------------------------------------------------------------------------------------------------------+
; Source assignments for print_FSM:FSM|diva:DIVIDER|lpm_divide:LPM_DIVIDE_component|lpm_divide_ous:auto_generated|sign_div_unsign_q8i:divider|alt_u_div_d6f:divider ;
+----------------+-------+------+-----------------------------------------------------------------------------------------------------------------------------------+
; Assignment     ; Value ; From ; To                                                                                                                                ;
+----------------+-------+------+-----------------------------------------------------------------------------------------------------------------------------------+
; POWER_UP_LEVEL ; HIGH  ; -    ; DFFQuotient[0]                                                                                                                    ;
; POWER_UP_LEVEL ; HIGH  ; -    ; DFFQuotient[1]                                                                                                                    ;
; POWER_UP_LEVEL ; HIGH  ; -    ; DFFQuotient[2]                                                                                                                    ;
; POWER_UP_LEVEL ; HIGH  ; -    ; DFFQuotient[3]                                                                                                                    ;
; POWER_UP_LEVEL ; HIGH  ; -    ; DFFQuotient[4]                                                                                                                    ;
; POWER_UP_LEVEL ; HIGH  ; -    ; DFFQuotient[5]                                                                                                                    ;
; POWER_UP_LEVEL ; HIGH  ; -    ; DFFQuotient[6]                                                                                                                    ;
; POWER_UP_LEVEL ; HIGH  ; -    ; DFFQuotient[7]                                                                                                                    ;
; POWER_UP_LEVEL ; HIGH  ; -    ; DFFQuotient[8]                                                                                                                    ;
; POWER_UP_LEVEL ; HIGH  ; -    ; DFFQuotient[9]                                                                                                                    ;
; POWER_UP_LEVEL ; HIGH  ; -    ; DFFQuotient[10]                                                                                                                   ;
; POWER_UP_LEVEL ; HIGH  ; -    ; DFFQuotient[11]                                                                                                                   ;
; POWER_UP_LEVEL ; HIGH  ; -    ; DFFQuotient[12]                                                                                                                   ;
; POWER_UP_LEVEL ; HIGH  ; -    ; DFFQuotient[13]                                                                                                                   ;
; POWER_UP_LEVEL ; HIGH  ; -    ; DFFQuotient[14]                                                                                                                   ;
; POWER_UP_LEVEL ; HIGH  ; -    ; DFFQuotient[15]                                                                                                                   ;
; POWER_UP_LEVEL ; HIGH  ; -    ; DFFQuotient[16]                                                                                                                   ;
; POWER_UP_LEVEL ; HIGH  ; -    ; DFFQuotient[17]                                                                                                                   ;
; POWER_UP_LEVEL ; HIGH  ; -    ; DFFQuotient[18]                                                                                                                   ;
; POWER_UP_LEVEL ; HIGH  ; -    ; DFFQuotient[19]                                                                                                                   ;
; POWER_UP_LEVEL ; HIGH  ; -    ; DFFQuotient[20]                                                                                                                   ;
; POWER_UP_LEVEL ; HIGH  ; -    ; DFFQuotient[21]                                                                                                                   ;
; POWER_UP_LEVEL ; HIGH  ; -    ; DFFQuotient[22]                                                                                                                   ;
; POWER_UP_LEVEL ; HIGH  ; -    ; DFFQuotient[23]                                                                                                                   ;
; POWER_UP_LEVEL ; HIGH  ; -    ; DFFQuotient[24]                                                                                                                   ;
; POWER_UP_LEVEL ; HIGH  ; -    ; DFFQuotient[25]                                                                                                                   ;
; POWER_UP_LEVEL ; HIGH  ; -    ; DFFQuotient[26]                                                                                                                   ;
; POWER_UP_LEVEL ; HIGH  ; -    ; DFFQuotient[27]                                                                                                                   ;
; POWER_UP_LEVEL ; LOW   ; -    ; DFFQuotient[28]                                                                                                                   ;
; POWER_UP_LEVEL ; LOW   ; -    ; DFFQuotient[29]                                                                                                                   ;
; POWER_UP_LEVEL ; LOW   ; -    ; DFFQuotient[30]                                                                                                                   ;
; POWER_UP_LEVEL ; LOW   ; -    ; DFFQuotient[31]                                                                                                                   ;
; POWER_UP_LEVEL ; HIGH  ; -    ; DFFQuotient[32]                                                                                                                   ;
; POWER_UP_LEVEL ; HIGH  ; -    ; DFFQuotient[33]                                                                                                                   ;
; POWER_UP_LEVEL ; HIGH  ; -    ; DFFQuotient[34]                                                                                                                   ;
; POWER_UP_LEVEL ; HIGH  ; -    ; DFFQuotient[35]                                                                                                                   ;
; POWER_UP_LEVEL ; HIGH  ; -    ; DFFQuotient[36]                                                                                                                   ;
; POWER_UP_LEVEL ; HIGH  ; -    ; DFFQuotient[37]                                                                                                                   ;
; POWER_UP_LEVEL ; HIGH  ; -    ; DFFQuotient[38]                                                                                                                   ;
; POWER_UP_LEVEL ; HIGH  ; -    ; DFFQuotient[39]                                                                                                                   ;
; POWER_UP_LEVEL ; HIGH  ; -    ; DFFQuotient[40]                                                                                                                   ;
; POWER_UP_LEVEL ; HIGH  ; -    ; DFFQuotient[41]                                                                                                                   ;
; POWER_UP_LEVEL ; HIGH  ; -    ; DFFQuotient[42]                                                                                                                   ;
; POWER_UP_LEVEL ; HIGH  ; -    ; DFFQuotient[43]                                                                                                                   ;
; POWER_UP_LEVEL ; HIGH  ; -    ; DFFQuotient[44]                                                                                                                   ;
; POWER_UP_LEVEL ; HIGH  ; -    ; DFFQuotient[45]                                                                                                                   ;
; POWER_UP_LEVEL ; HIGH  ; -    ; DFFQuotient[46]                                                                                                                   ;
; POWER_UP_LEVEL ; HIGH  ; -    ; DFFQuotient[47]                                                                                                                   ;
; POWER_UP_LEVEL ; HIGH  ; -    ; DFFQuotient[48]                                                                                                                   ;
; POWER_UP_LEVEL ; HIGH  ; -    ; DFFQuotient[49]                                                                                                                   ;
; POWER_UP_LEVEL ; HIGH  ; -    ; DFFQuotient[50]                                                                                                                   ;
; POWER_UP_LEVEL ; HIGH  ; -    ; DFFQuotient[51]                                                                                                                   ;
; POWER_UP_LEVEL ; LOW   ; -    ; DFFQuotient[52]                                                                                                                   ;
; POWER_UP_LEVEL ; LOW   ; -    ; DFFQuotient[53]                                                                                                                   ;
; POWER_UP_LEVEL ; LOW   ; -    ; DFFQuotient[54]                                                                                                                   ;
; POWER_UP_LEVEL ; LOW   ; -    ; DFFQuotient[55]                                                                                                                   ;
; POWER_UP_LEVEL ; LOW   ; -    ; DFFQuotient[56]                                                                                                                   ;
; POWER_UP_LEVEL ; LOW   ; -    ; DFFQuotient[57]                                                                                                                   ;
; POWER_UP_LEVEL ; LOW   ; -    ; DFFQuotient[58]                                                                                                                   ;
; POWER_UP_LEVEL ; LOW   ; -    ; DFFQuotient[59]                                                                                                                   ;
; POWER_UP_LEVEL ; LOW   ; -    ; DFFQuotient[60]                                                                                                                   ;
; POWER_UP_LEVEL ; LOW   ; -    ; DFFQuotient[61]                                                                                                                   ;
; POWER_UP_LEVEL ; LOW   ; -    ; DFFQuotient[62]                                                                                                                   ;
; POWER_UP_LEVEL ; LOW   ; -    ; DFFQuotient[63]                                                                                                                   ;
; POWER_UP_LEVEL ; HIGH  ; -    ; DFFQuotient[64]                                                                                                                   ;
; POWER_UP_LEVEL ; HIGH  ; -    ; DFFQuotient[65]                                                                                                                   ;
; POWER_UP_LEVEL ; HIGH  ; -    ; DFFQuotient[66]                                                                                                                   ;
; POWER_UP_LEVEL ; HIGH  ; -    ; DFFQuotient[67]                                                                                                                   ;
; POWER_UP_LEVEL ; HIGH  ; -    ; DFFQuotient[68]                                                                                                                   ;
; POWER_UP_LEVEL ; HIGH  ; -    ; DFFQuotient[69]                                                                                                                   ;
; POWER_UP_LEVEL ; HIGH  ; -    ; DFFQuotient[70]                                                                                                                   ;
; POWER_UP_LEVEL ; HIGH  ; -    ; DFFQuotient[71]                                                                                                                   ;
; POWER_UP_LEVEL ; HIGH  ; -    ; DFFQuotient[72]                                                                                                                   ;
; POWER_UP_LEVEL ; HIGH  ; -    ; DFFQuotient[73]                                                                                                                   ;
; POWER_UP_LEVEL ; HIGH  ; -    ; DFFQuotient[74]                                                                                                                   ;
; POWER_UP_LEVEL ; HIGH  ; -    ; DFFQuotient[75]                                                                                                                   ;
; POWER_UP_LEVEL ; LOW   ; -    ; DFFQuotient[76]                                                                                                                   ;
; POWER_UP_LEVEL ; LOW   ; -    ; DFFQuotient[77]                                                                                                                   ;
; POWER_UP_LEVEL ; LOW   ; -    ; DFFQuotient[78]                                                                                                                   ;
; POWER_UP_LEVEL ; LOW   ; -    ; DFFQuotient[79]                                                                                                                   ;
; POWER_UP_LEVEL ; LOW   ; -    ; DFFQuotient[80]                                                                                                                   ;
; POWER_UP_LEVEL ; LOW   ; -    ; DFFQuotient[81]                                                                                                                   ;
; POWER_UP_LEVEL ; LOW   ; -    ; DFFQuotient[82]                                                                                                                   ;
; POWER_UP_LEVEL ; LOW   ; -    ; DFFQuotient[83]                                                                                                                   ;
; POWER_UP_LEVEL ; LOW   ; -    ; DFFQuotient[84]                                                                                                                   ;
; POWER_UP_LEVEL ; LOW   ; -    ; DFFQuotient[85]                                                                                                                   ;
; POWER_UP_LEVEL ; LOW   ; -    ; DFFQuotient[86]                                                                                                                   ;
; POWER_UP_LEVEL ; LOW   ; -    ; DFFQuotient[87]                                                                                                                   ;
; POWER_UP_LEVEL ; LOW   ; -    ; DFFQuotient[88]                                                                                                                   ;
; POWER_UP_LEVEL ; LOW   ; -    ; DFFQuotient[89]                                                                                                                   ;
; POWER_UP_LEVEL ; LOW   ; -    ; DFFQuotient[90]                                                                                                                   ;
; POWER_UP_LEVEL ; LOW   ; -    ; DFFQuotient[91]                                                                                                                   ;
; POWER_UP_LEVEL ; LOW   ; -    ; DFFQuotient[92]                                                                                                                   ;
; POWER_UP_LEVEL ; LOW   ; -    ; DFFQuotient[93]                                                                                                                   ;
; POWER_UP_LEVEL ; LOW   ; -    ; DFFQuotient[94]                                                                                                                   ;
; POWER_UP_LEVEL ; LOW   ; -    ; DFFQuotient[95]                                                                                                                   ;
; POWER_UP_LEVEL ; HIGH  ; -    ; DFFQuotient[96]                                                                                                                   ;
; POWER_UP_LEVEL ; HIGH  ; -    ; DFFQuotient[97]                                                                                                                   ;
; POWER_UP_LEVEL ; HIGH  ; -    ; DFFQuotient[98]                                                                                                                   ;
; POWER_UP_LEVEL ; HIGH  ; -    ; DFFQuotient[99]                                                                                                                   ;
; POWER_UP_LEVEL ; LOW   ; -    ; DFFQuotient[100]                                                                                                                  ;
; POWER_UP_LEVEL ; LOW   ; -    ; DFFQuotient[101]                                                                                                                  ;
; POWER_UP_LEVEL ; LOW   ; -    ; DFFQuotient[102]                                                                                                                  ;
; POWER_UP_LEVEL ; LOW   ; -    ; DFFQuotient[103]                                                                                                                  ;
; POWER_UP_LEVEL ; LOW   ; -    ; DFFQuotient[104]                                                                                                                  ;
; POWER_UP_LEVEL ; LOW   ; -    ; DFFQuotient[105]                                                                                                                  ;
; POWER_UP_LEVEL ; LOW   ; -    ; DFFQuotient[106]                                                                                                                  ;
; POWER_UP_LEVEL ; LOW   ; -    ; DFFQuotient[107]                                                                                                                  ;
; POWER_UP_LEVEL ; LOW   ; -    ; DFFQuotient[108]                                                                                                                  ;
; POWER_UP_LEVEL ; LOW   ; -    ; DFFQuotient[109]                                                                                                                  ;
; POWER_UP_LEVEL ; LOW   ; -    ; DFFQuotient[110]                                                                                                                  ;
; POWER_UP_LEVEL ; LOW   ; -    ; DFFQuotient[111]                                                                                                                  ;
; POWER_UP_LEVEL ; LOW   ; -    ; DFFQuotient[112]                                                                                                                  ;
; POWER_UP_LEVEL ; LOW   ; -    ; DFFQuotient[113]                                                                                                                  ;
; POWER_UP_LEVEL ; LOW   ; -    ; DFFQuotient[114]                                                                                                                  ;
; POWER_UP_LEVEL ; LOW   ; -    ; DFFQuotient[115]                                                                                                                  ;
; POWER_UP_LEVEL ; LOW   ; -    ; DFFQuotient[116]                                                                                                                  ;
; POWER_UP_LEVEL ; LOW   ; -    ; DFFQuotient[117]                                                                                                                  ;
; POWER_UP_LEVEL ; LOW   ; -    ; DFFQuotient[118]                                                                                                                  ;
; POWER_UP_LEVEL ; LOW   ; -    ; DFFQuotient[119]                                                                                                                  ;
; POWER_UP_LEVEL ; LOW   ; -    ; DFFQuotient[120]                                                                                                                  ;
; POWER_UP_LEVEL ; LOW   ; -    ; DFFQuotient[121]                                                                                                                  ;
; POWER_UP_LEVEL ; LOW   ; -    ; DFFQuotient[122]                                                                                                                  ;
; POWER_UP_LEVEL ; LOW   ; -    ; DFFQuotient[123]                                                                                                                  ;
; POWER_UP_LEVEL ; LOW   ; -    ; DFFQuotient[124]                                                                                                                  ;
; POWER_UP_LEVEL ; LOW   ; -    ; DFFQuotient[125]                                                                                                                  ;
; POWER_UP_LEVEL ; LOW   ; -    ; DFFQuotient[126]                                                                                                                  ;
; POWER_UP_LEVEL ; LOW   ; -    ; DFFQuotient[127]                                                                                                                  ;
; POWER_UP_LEVEL ; HIGH  ; -    ; DFFDenominator                                                                                                                    ;
+----------------+-------+------+-----------------------------------------------------------------------------------------------------------------------------------+


+------------------------------------------------------------------------------------------------------------+
; Source assignments for decode:DECODE|registers:R|altsyncram:ram_block_rtl_0|altsyncram_23g1:auto_generated ;
+---------------------------------+--------------------+------+----------------------------------------------+
; Assignment                      ; Value              ; From ; To                                           ;
+---------------------------------+--------------------+------+----------------------------------------------+
; OPTIMIZE_POWER_DURING_SYNTHESIS ; NORMAL_COMPILATION ; -    ; -                                            ;
+---------------------------------+--------------------+------+----------------------------------------------+


+------------------------------------------------------------------------------------------------------------+
; Source assignments for decode:DECODE|registers:R|altsyncram:ram_block_rtl_1|altsyncram_23g1:auto_generated ;
+---------------------------------+--------------------+------+----------------------------------------------+
; Assignment                      ; Value              ; From ; To                                           ;
+---------------------------------+--------------------+------+----------------------------------------------+
; OPTIMIZE_POWER_DURING_SYNTHESIS ; NORMAL_COMPILATION ; -    ; -                                            ;
+---------------------------------+--------------------+------+----------------------------------------------+


+-------------------------------------------------------------------------------------------------------------------------------------------------------------------------------------------------------------------------------------------------------------+
; Source assignments for print_FSM:FSM|diva:DIVIDER|lpm_divide:LPM_DIVIDE_component|lpm_divide_ous:auto_generated|sign_div_unsign_q8i:divider|alt_u_div_d6f:divider|altshift_taps:DFFQuotient_rtl_0|shift_taps_53o:auto_generated|altsyncram_pv21:altsyncram4 ;
+---------------------------------+--------------------+------+-----------------------------------------------------------------------------------------------------------------------------------------------------------------------------------------------+
; Assignment                      ; Value              ; From ; To                                                                                                                                                                                            ;
+---------------------------------+--------------------+------+-----------------------------------------------------------------------------------------------------------------------------------------------------------------------------------------------+
; OPTIMIZE_POWER_DURING_SYNTHESIS ; NORMAL_COMPILATION ; -    ; -                                                                                                                                                                                             ;
+---------------------------------+--------------------+------+-----------------------------------------------------------------------------------------------------------------------------------------------------------------------------------------------+


+----------------------------------------------------------------------------------------------------+
; Parameter Settings for User Entity Instance: fetch:FETCH|my_ROM:U1|altsyncram:altsyncram_component ;
+------------------------------------+----------------------+----------------------------------------+
; Parameter Name                     ; Value                ; Type                                   ;
+------------------------------------+----------------------+----------------------------------------+
; BYTE_SIZE_BLOCK                    ; 8                    ; Untyped                                ;
; AUTO_CARRY_CHAINS                  ; ON                   ; AUTO_CARRY                             ;
; IGNORE_CARRY_BUFFERS               ; OFF                  ; IGNORE_CARRY                           ;
; AUTO_CASCADE_CHAINS                ; ON                   ; AUTO_CASCADE                           ;
; IGNORE_CASCADE_BUFFERS             ; OFF                  ; IGNORE_CASCADE                         ;
; WIDTH_BYTEENA                      ; 1                    ; Untyped                                ;
; OPERATION_MODE                     ; ROM                  ; Untyped                                ;
; WIDTH_A                            ; 32                   ; Signed Integer                         ;
; WIDTHAD_A                          ; 10                   ; Signed Integer                         ;
; NUMWORDS_A                         ; 1024                 ; Signed Integer                         ;
; OUTDATA_REG_A                      ; UNREGISTERED         ; Untyped                                ;
; ADDRESS_ACLR_A                     ; NONE                 ; Untyped                                ;
; OUTDATA_ACLR_A                     ; NONE                 ; Untyped                                ;
; WRCONTROL_ACLR_A                   ; NONE                 ; Untyped                                ;
; INDATA_ACLR_A                      ; NONE                 ; Untyped                                ;
; BYTEENA_ACLR_A                     ; NONE                 ; Untyped                                ;
; WIDTH_B                            ; 1                    ; Signed Integer                         ;
; WIDTHAD_B                          ; 1                    ; Signed Integer                         ;
; NUMWORDS_B                         ; 0                    ; Signed Integer                         ;
; INDATA_REG_B                       ; CLOCK1               ; Untyped                                ;
; WRCONTROL_WRADDRESS_REG_B          ; CLOCK1               ; Untyped                                ;
; RDCONTROL_REG_B                    ; CLOCK1               ; Untyped                                ;
; ADDRESS_REG_B                      ; CLOCK1               ; Untyped                                ;
; OUTDATA_REG_B                      ; UNREGISTERED         ; Untyped                                ;
; BYTEENA_REG_B                      ; CLOCK1               ; Untyped                                ;
; INDATA_ACLR_B                      ; NONE                 ; Untyped                                ;
; WRCONTROL_ACLR_B                   ; NONE                 ; Untyped                                ;
; ADDRESS_ACLR_B                     ; NONE                 ; Untyped                                ;
; OUTDATA_ACLR_B                     ; NONE                 ; Untyped                                ;
; RDCONTROL_ACLR_B                   ; NONE                 ; Untyped                                ;
; BYTEENA_ACLR_B                     ; NONE                 ; Untyped                                ;
; WIDTH_BYTEENA_A                    ; 1                    ; Signed Integer                         ;
; WIDTH_BYTEENA_B                    ; 1                    ; Signed Integer                         ;
; RAM_BLOCK_TYPE                     ; AUTO                 ; Untyped                                ;
; BYTE_SIZE                          ; 8                    ; Signed Integer                         ;
; READ_DURING_WRITE_MODE_MIXED_PORTS ; DONT_CARE            ; Untyped                                ;
; READ_DURING_WRITE_MODE_PORT_A      ; NEW_DATA_NO_NBE_READ ; Untyped                                ;
; READ_DURING_WRITE_MODE_PORT_B      ; NEW_DATA_NO_NBE_READ ; Untyped                                ;
; INIT_FILE                          ; factorial_code.mif   ; Untyped                                ;
; INIT_FILE_LAYOUT                   ; PORT_A               ; Untyped                                ;
; MAXIMUM_DEPTH                      ; 0                    ; Signed Integer                         ;
; CLOCK_ENABLE_INPUT_A               ; BYPASS               ; Untyped                                ;
; CLOCK_ENABLE_INPUT_B               ; NORMAL               ; Untyped                                ;
; CLOCK_ENABLE_OUTPUT_A              ; BYPASS               ; Untyped                                ;
; CLOCK_ENABLE_OUTPUT_B              ; NORMAL               ; Untyped                                ;
; CLOCK_ENABLE_CORE_A                ; USE_INPUT_CLKEN      ; Untyped                                ;
; CLOCK_ENABLE_CORE_B                ; USE_INPUT_CLKEN      ; Untyped                                ;
; ENABLE_ECC                         ; FALSE                ; Untyped                                ;
; ECC_PIPELINE_STAGE_ENABLED         ; FALSE                ; Untyped                                ;
; WIDTH_ECCSTATUS                    ; 3                    ; Signed Integer                         ;
; DEVICE_FAMILY                      ; MAX 10               ; Untyped                                ;
; CBXI_PARAMETER                     ; altsyncram_d5s3      ; Untyped                                ;
+------------------------------------+----------------------+----------------------------------------+
Note: In order to hide this table in the UI and the text report file, please set the "Show Parameter Settings in Synthesis Report" option in "Analysis and Synthesis Settings -> More Settings" to "Off".


+-------------------------------------------------------------------------------------------------------+
; Parameter Settings for User Entity Instance: memory:MEMORY|my_ram:RAM|altsyncram:altsyncram_component ;
+------------------------------------+----------------------+-------------------------------------------+
; Parameter Name                     ; Value                ; Type                                      ;
+------------------------------------+----------------------+-------------------------------------------+
; BYTE_SIZE_BLOCK                    ; 8                    ; Untyped                                   ;
; AUTO_CARRY_CHAINS                  ; ON                   ; AUTO_CARRY                                ;
; IGNORE_CARRY_BUFFERS               ; OFF                  ; IGNORE_CARRY                              ;
; AUTO_CASCADE_CHAINS                ; ON                   ; AUTO_CASCADE                              ;
; IGNORE_CASCADE_BUFFERS             ; OFF                  ; IGNORE_CASCADE                            ;
; WIDTH_BYTEENA                      ; 1                    ; Untyped                                   ;
; OPERATION_MODE                     ; SINGLE_PORT          ; Untyped                                   ;
; WIDTH_A                            ; 32                   ; Signed Integer                            ;
; WIDTHAD_A                          ; 10                   ; Signed Integer                            ;
; NUMWORDS_A                         ; 1024                 ; Signed Integer                            ;
; OUTDATA_REG_A                      ; UNREGISTERED         ; Untyped                                   ;
; ADDRESS_ACLR_A                     ; NONE                 ; Untyped                                   ;
; OUTDATA_ACLR_A                     ; NONE                 ; Untyped                                   ;
; WRCONTROL_ACLR_A                   ; NONE                 ; Untyped                                   ;
; INDATA_ACLR_A                      ; NONE                 ; Untyped                                   ;
; BYTEENA_ACLR_A                     ; NONE                 ; Untyped                                   ;
; WIDTH_B                            ; 1                    ; Signed Integer                            ;
; WIDTHAD_B                          ; 1                    ; Signed Integer                            ;
; NUMWORDS_B                         ; 0                    ; Signed Integer                            ;
; INDATA_REG_B                       ; CLOCK1               ; Untyped                                   ;
; WRCONTROL_WRADDRESS_REG_B          ; CLOCK1               ; Untyped                                   ;
; RDCONTROL_REG_B                    ; CLOCK1               ; Untyped                                   ;
; ADDRESS_REG_B                      ; CLOCK1               ; Untyped                                   ;
; OUTDATA_REG_B                      ; UNREGISTERED         ; Untyped                                   ;
; BYTEENA_REG_B                      ; CLOCK1               ; Untyped                                   ;
; INDATA_ACLR_B                      ; NONE                 ; Untyped                                   ;
; WRCONTROL_ACLR_B                   ; NONE                 ; Untyped                                   ;
; ADDRESS_ACLR_B                     ; NONE                 ; Untyped                                   ;
; OUTDATA_ACLR_B                     ; NONE                 ; Untyped                                   ;
; RDCONTROL_ACLR_B                   ; NONE                 ; Untyped                                   ;
; BYTEENA_ACLR_B                     ; NONE                 ; Untyped                                   ;
; WIDTH_BYTEENA_A                    ; 1                    ; Signed Integer                            ;
; WIDTH_BYTEENA_B                    ; 1                    ; Signed Integer                            ;
; RAM_BLOCK_TYPE                     ; AUTO                 ; Untyped                                   ;
; BYTE_SIZE                          ; 8                    ; Signed Integer                            ;
; READ_DURING_WRITE_MODE_MIXED_PORTS ; DONT_CARE            ; Untyped                                   ;
; READ_DURING_WRITE_MODE_PORT_A      ; NEW_DATA_NO_NBE_READ ; Untyped                                   ;
; READ_DURING_WRITE_MODE_PORT_B      ; NEW_DATA_NO_NBE_READ ; Untyped                                   ;
; INIT_FILE                          ; factorial_data.mif   ; Untyped                                   ;
; INIT_FILE_LAYOUT                   ; PORT_A               ; Untyped                                   ;
; MAXIMUM_DEPTH                      ; 0                    ; Signed Integer                            ;
; CLOCK_ENABLE_INPUT_A               ; BYPASS               ; Untyped                                   ;
; CLOCK_ENABLE_INPUT_B               ; NORMAL               ; Untyped                                   ;
; CLOCK_ENABLE_OUTPUT_A              ; BYPASS               ; Untyped                                   ;
; CLOCK_ENABLE_OUTPUT_B              ; NORMAL               ; Untyped                                   ;
; CLOCK_ENABLE_CORE_A                ; USE_INPUT_CLKEN      ; Untyped                                   ;
; CLOCK_ENABLE_CORE_B                ; USE_INPUT_CLKEN      ; Untyped                                   ;
; ENABLE_ECC                         ; FALSE                ; Untyped                                   ;
; ECC_PIPELINE_STAGE_ENABLED         ; FALSE                ; Untyped                                   ;
; WIDTH_ECCSTATUS                    ; 3                    ; Signed Integer                            ;
; DEVICE_FAMILY                      ; MAX 10               ; Untyped                                   ;
; CBXI_PARAMETER                     ; altsyncram_29s3      ; Untyped                                   ;
+------------------------------------+----------------------+-------------------------------------------+
Note: In order to hide this table in the UI and the text report file, please set the "Show Parameter Settings in Synthesis Report" option in "Analysis and Synthesis Settings -> More Settings" to "Off".


+----------------------------------------------------------------------------------------------------+
; Parameter Settings for User Entity Instance: print_FSM:FSM|fifo_word:FIFO1|scfifo:scfifo_component ;
+-------------------------+-------------+------------------------------------------------------------+
; Parameter Name          ; Value       ; Type                                                       ;
+-------------------------+-------------+------------------------------------------------------------+
; AUTO_CARRY_CHAINS       ; ON          ; AUTO_CARRY                                                 ;
; IGNORE_CARRY_BUFFERS    ; OFF         ; IGNORE_CARRY                                               ;
; AUTO_CASCADE_CHAINS     ; ON          ; AUTO_CASCADE                                               ;
; IGNORE_CASCADE_BUFFERS  ; OFF         ; IGNORE_CASCADE                                             ;
; lpm_width               ; 38          ; Signed Integer                                             ;
; LPM_NUMWORDS            ; 256         ; Signed Integer                                             ;
; LPM_WIDTHU              ; 8           ; Signed Integer                                             ;
; LPM_SHOWAHEAD           ; OFF         ; Untyped                                                    ;
; UNDERFLOW_CHECKING      ; ON          ; Untyped                                                    ;
; OVERFLOW_CHECKING       ; ON          ; Untyped                                                    ;
; ALLOW_RWCYCLE_WHEN_FULL ; OFF         ; Untyped                                                    ;
; ADD_RAM_OUTPUT_REGISTER ; OFF         ; Untyped                                                    ;
; ALMOST_FULL_VALUE       ; 254         ; Signed Integer                                             ;
; ALMOST_EMPTY_VALUE      ; 0           ; Untyped                                                    ;
; ENABLE_ECC              ; FALSE       ; Untyped                                                    ;
; USE_EAB                 ; ON          ; Untyped                                                    ;
; MAXIMIZE_SPEED          ; 5           ; Untyped                                                    ;
; DEVICE_FAMILY           ; MAX 10      ; Untyped                                                    ;
; OPTIMIZE_FOR_SPEED      ; 5           ; Untyped                                                    ;
; CBXI_PARAMETER          ; scfifo_4k51 ; Untyped                                                    ;
+-------------------------+-------------+------------------------------------------------------------+
Note: In order to hide this table in the UI and the text report file, please set the "Show Parameter Settings in Synthesis Report" option in "Analysis and Synthesis Settings -> More Settings" to "Off".


+----------------------------------------------------------------------------------------------------+
; Parameter Settings for User Entity Instance: print_FSM:FSM|fifo_char:FIFO2|dcfifo:dcfifo_component ;
+-------------------------+-------------+------------------------------------------------------------+
; Parameter Name          ; Value       ; Type                                                       ;
+-------------------------+-------------+------------------------------------------------------------+
; WIDTH_BYTEENA           ; 1           ; Untyped                                                    ;
; AUTO_CARRY_CHAINS       ; ON          ; AUTO_CARRY                                                 ;
; IGNORE_CARRY_BUFFERS    ; OFF         ; IGNORE_CARRY                                               ;
; AUTO_CASCADE_CHAINS     ; ON          ; AUTO_CASCADE                                               ;
; IGNORE_CASCADE_BUFFERS  ; OFF         ; IGNORE_CASCADE                                             ;
; LPM_WIDTH               ; 8           ; Signed Integer                                             ;
; LPM_NUMWORDS            ; 256         ; Signed Integer                                             ;
; LPM_WIDTHU              ; 8           ; Signed Integer                                             ;
; LPM_SHOWAHEAD           ; OFF         ; Untyped                                                    ;
; UNDERFLOW_CHECKING      ; ON          ; Untyped                                                    ;
; OVERFLOW_CHECKING       ; ON          ; Untyped                                                    ;
; USE_EAB                 ; ON          ; Untyped                                                    ;
; ADD_RAM_OUTPUT_REGISTER ; OFF         ; Untyped                                                    ;
; ENABLE_ECC              ; FALSE       ; Untyped                                                    ;
; DELAY_RDUSEDW           ; 1           ; Untyped                                                    ;
; DELAY_WRUSEDW           ; 1           ; Untyped                                                    ;
; RDSYNC_DELAYPIPE        ; 4           ; Signed Integer                                             ;
; WRSYNC_DELAYPIPE        ; 4           ; Signed Integer                                             ;
; CLOCKS_ARE_SYNCHRONIZED ; FALSE       ; Untyped                                                    ;
; MAXIMIZE_SPEED          ; 5           ; Untyped                                                    ;
; DEVICE_FAMILY           ; MAX 10      ; Untyped                                                    ;
; ADD_USEDW_MSB_BIT       ; OFF         ; Untyped                                                    ;
; WRITE_ACLR_SYNCH        ; OFF         ; Untyped                                                    ;
; READ_ACLR_SYNCH         ; OFF         ; Untyped                                                    ;
; CBXI_PARAMETER          ; dcfifo_f1f1 ; Untyped                                                    ;
+-------------------------+-------------+------------------------------------------------------------+
Note: In order to hide this table in the UI and the text report file, please set the "Show Parameter Settings in Synthesis Report" option in "Analysis and Synthesis Settings -> More Settings" to "Off".


+---------------------------------------------------------------------------------------------------------+
; Parameter Settings for User Entity Instance: print_FSM:FSM|diva:DIVIDER|lpm_divide:LPM_DIVIDE_component ;
+------------------------+----------------+---------------------------------------------------------------+
; Parameter Name         ; Value          ; Type                                                          ;
+------------------------+----------------+---------------------------------------------------------------+
; LPM_WIDTHN             ; 32             ; Signed Integer                                                ;
; LPM_WIDTHD             ; 32             ; Signed Integer                                                ;
; LPM_NREPRESENTATION    ; UNSIGNED       ; Untyped                                                       ;
; LPM_DREPRESENTATION    ; UNSIGNED       ; Untyped                                                       ;
; LPM_PIPELINE           ; 4              ; Signed Integer                                                ;
; LPM_REMAINDERPOSITIVE  ; TRUE           ; Untyped                                                       ;
; MAXIMIZE_SPEED         ; 6              ; Untyped                                                       ;
; CBXI_PARAMETER         ; lpm_divide_ous ; Untyped                                                       ;
; CARRY_CHAIN            ; MANUAL         ; Untyped                                                       ;
; OPTIMIZE_FOR_SPEED     ; 5              ; Untyped                                                       ;
; AUTO_CARRY_CHAINS      ; ON             ; AUTO_CARRY                                                    ;
; IGNORE_CARRY_BUFFERS   ; OFF            ; IGNORE_CARRY                                                  ;
; AUTO_CASCADE_CHAINS    ; ON             ; AUTO_CASCADE                                                  ;
; IGNORE_CASCADE_BUFFERS ; OFF            ; IGNORE_CASCADE                                                ;
+------------------------+----------------+---------------------------------------------------------------+
Note: In order to hide this table in the UI and the text report file, please set the "Show Parameter Settings in Synthesis Report" option in "Analysis and Synthesis Settings -> More Settings" to "Off".


+--------------------------------------------------------------------------------+
; Parameter Settings for User Entity Instance: pll:PLLTX|altpll:altpll_component ;
+-------------------------------+-----------------------+------------------------+
; Parameter Name                ; Value                 ; Type                   ;
+-------------------------------+-----------------------+------------------------+
; OPERATION_MODE                ; NORMAL                ; Untyped                ;
; PLL_TYPE                      ; AUTO                  ; Untyped                ;
; LPM_HINT                      ; CBX_MODULE_PREFIX=pll ; Untyped                ;
; QUALIFY_CONF_DONE             ; OFF                   ; Untyped                ;
; COMPENSATE_CLOCK              ; CLK0                  ; Untyped                ;
; SCAN_CHAIN                    ; LONG                  ; Untyped                ;
; PRIMARY_CLOCK                 ; INCLK0                ; Untyped                ;
; INCLK0_INPUT_FREQUENCY        ; 20000                 ; Signed Integer         ;
; INCLK1_INPUT_FREQUENCY        ; 0                     ; Untyped                ;
; GATE_LOCK_SIGNAL              ; NO                    ; Untyped                ;
; GATE_LOCK_COUNTER             ; 0                     ; Untyped                ;
; LOCK_HIGH                     ; 1                     ; Untyped                ;
; LOCK_LOW                      ; 1                     ; Untyped                ;
; VALID_LOCK_MULTIPLIER         ; 1                     ; Untyped                ;
; INVALID_LOCK_MULTIPLIER       ; 5                     ; Untyped                ;
; SWITCH_OVER_ON_LOSSCLK        ; OFF                   ; Untyped                ;
; SWITCH_OVER_ON_GATED_LOCK     ; OFF                   ; Untyped                ;
; ENABLE_SWITCH_OVER_COUNTER    ; OFF                   ; Untyped                ;
; SKIP_VCO                      ; OFF                   ; Untyped                ;
; SWITCH_OVER_COUNTER           ; 0                     ; Untyped                ;
; SWITCH_OVER_TYPE              ; AUTO                  ; Untyped                ;
; FEEDBACK_SOURCE               ; EXTCLK0               ; Untyped                ;
; BANDWIDTH                     ; 0                     ; Untyped                ;
; BANDWIDTH_TYPE                ; AUTO                  ; Untyped                ;
; SPREAD_FREQUENCY              ; 0                     ; Untyped                ;
; DOWN_SPREAD                   ; 0                     ; Untyped                ;
; SELF_RESET_ON_GATED_LOSS_LOCK ; OFF                   ; Untyped                ;
; SELF_RESET_ON_LOSS_LOCK       ; OFF                   ; Untyped                ;
; CLK9_MULTIPLY_BY              ; 0                     ; Untyped                ;
; CLK8_MULTIPLY_BY              ; 0                     ; Untyped                ;
; CLK7_MULTIPLY_BY              ; 0                     ; Untyped                ;
; CLK6_MULTIPLY_BY              ; 0                     ; Untyped                ;
; CLK5_MULTIPLY_BY              ; 1                     ; Untyped                ;
; CLK4_MULTIPLY_BY              ; 1                     ; Untyped                ;
; CLK3_MULTIPLY_BY              ; 1                     ; Untyped                ;
; CLK2_MULTIPLY_BY              ; 1                     ; Untyped                ;
; CLK1_MULTIPLY_BY              ; 36                    ; Signed Integer         ;
; CLK0_MULTIPLY_BY              ; 48                    ; Signed Integer         ;
; CLK9_DIVIDE_BY                ; 0                     ; Untyped                ;
; CLK8_DIVIDE_BY                ; 0                     ; Untyped                ;
; CLK7_DIVIDE_BY                ; 0                     ; Untyped                ;
; CLK6_DIVIDE_BY                ; 0                     ; Untyped                ;
; CLK5_DIVIDE_BY                ; 1                     ; Untyped                ;
; CLK4_DIVIDE_BY                ; 1                     ; Untyped                ;
; CLK3_DIVIDE_BY                ; 1                     ; Untyped                ;
; CLK2_DIVIDE_BY                ; 1                     ; Untyped                ;
; CLK1_DIVIDE_BY                ; 15625                 ; Signed Integer         ;
; CLK0_DIVIDE_BY                ; 15625                 ; Signed Integer         ;
; CLK9_PHASE_SHIFT              ; 0                     ; Untyped                ;
; CLK8_PHASE_SHIFT              ; 0                     ; Untyped                ;
; CLK7_PHASE_SHIFT              ; 0                     ; Untyped                ;
; CLK6_PHASE_SHIFT              ; 0                     ; Untyped                ;
; CLK5_PHASE_SHIFT              ; 0                     ; Untyped                ;
; CLK4_PHASE_SHIFT              ; 0                     ; Untyped                ;
; CLK3_PHASE_SHIFT              ; 0                     ; Untyped                ;
; CLK2_PHASE_SHIFT              ; 0                     ; Untyped                ;
; CLK1_PHASE_SHIFT              ; 0                     ; Untyped                ;
; CLK0_PHASE_SHIFT              ; 0                     ; Untyped                ;
; CLK5_TIME_DELAY               ; 0                     ; Untyped                ;
; CLK4_TIME_DELAY               ; 0                     ; Untyped                ;
; CLK3_TIME_DELAY               ; 0                     ; Untyped                ;
; CLK2_TIME_DELAY               ; 0                     ; Untyped                ;
; CLK1_TIME_DELAY               ; 0                     ; Untyped                ;
; CLK0_TIME_DELAY               ; 0                     ; Untyped                ;
; CLK9_DUTY_CYCLE               ; 50                    ; Untyped                ;
; CLK8_DUTY_CYCLE               ; 50                    ; Untyped                ;
; CLK7_DUTY_CYCLE               ; 50                    ; Untyped                ;
; CLK6_DUTY_CYCLE               ; 50                    ; Untyped                ;
; CLK5_DUTY_CYCLE               ; 50                    ; Untyped                ;
; CLK4_DUTY_CYCLE               ; 50                    ; Untyped                ;
; CLK3_DUTY_CYCLE               ; 50                    ; Untyped                ;
; CLK2_DUTY_CYCLE               ; 50                    ; Untyped                ;
; CLK1_DUTY_CYCLE               ; 50                    ; Signed Integer         ;
; CLK0_DUTY_CYCLE               ; 50                    ; Signed Integer         ;
; CLK9_USE_EVEN_COUNTER_MODE    ; OFF                   ; Untyped                ;
; CLK8_USE_EVEN_COUNTER_MODE    ; OFF                   ; Untyped                ;
; CLK7_USE_EVEN_COUNTER_MODE    ; OFF                   ; Untyped                ;
; CLK6_USE_EVEN_COUNTER_MODE    ; OFF                   ; Untyped                ;
; CLK5_USE_EVEN_COUNTER_MODE    ; OFF                   ; Untyped                ;
; CLK4_USE_EVEN_COUNTER_MODE    ; OFF                   ; Untyped                ;
; CLK3_USE_EVEN_COUNTER_MODE    ; OFF                   ; Untyped                ;
; CLK2_USE_EVEN_COUNTER_MODE    ; OFF                   ; Untyped                ;
; CLK1_USE_EVEN_COUNTER_MODE    ; OFF                   ; Untyped                ;
; CLK0_USE_EVEN_COUNTER_MODE    ; OFF                   ; Untyped                ;
; CLK9_USE_EVEN_COUNTER_VALUE   ; OFF                   ; Untyped                ;
; CLK8_USE_EVEN_COUNTER_VALUE   ; OFF                   ; Untyped                ;
; CLK7_USE_EVEN_COUNTER_VALUE   ; OFF                   ; Untyped                ;
; CLK6_USE_EVEN_COUNTER_VALUE   ; OFF                   ; Untyped                ;
; CLK5_USE_EVEN_COUNTER_VALUE   ; OFF                   ; Untyped                ;
; CLK4_USE_EVEN_COUNTER_VALUE   ; OFF                   ; Untyped                ;
; CLK3_USE_EVEN_COUNTER_VALUE   ; OFF                   ; Untyped                ;
; CLK2_USE_EVEN_COUNTER_VALUE   ; OFF                   ; Untyped                ;
; CLK1_USE_EVEN_COUNTER_VALUE   ; OFF                   ; Untyped                ;
; CLK0_USE_EVEN_COUNTER_VALUE   ; OFF                   ; Untyped                ;
; LOCK_WINDOW_UI                ;  0.05                 ; Untyped                ;
; LOCK_WINDOW_UI_BITS           ; UNUSED                ; Untyped                ;
; VCO_RANGE_DETECTOR_LOW_BITS   ; UNUSED                ; Untyped                ;
; VCO_RANGE_DETECTOR_HIGH_BITS  ; UNUSED                ; Untyped                ;
; DPA_MULTIPLY_BY               ; 0                     ; Untyped                ;
; DPA_DIVIDE_BY                 ; 1                     ; Untyped                ;
; DPA_DIVIDER                   ; 0                     ; Untyped                ;
; EXTCLK3_MULTIPLY_BY           ; 1                     ; Untyped                ;
; EXTCLK2_MULTIPLY_BY           ; 1                     ; Untyped                ;
; EXTCLK1_MULTIPLY_BY           ; 1                     ; Untyped                ;
; EXTCLK0_MULTIPLY_BY           ; 1                     ; Untyped                ;
; EXTCLK3_DIVIDE_BY             ; 1                     ; Untyped                ;
; EXTCLK2_DIVIDE_BY             ; 1                     ; Untyped                ;
; EXTCLK1_DIVIDE_BY             ; 1                     ; Untyped                ;
; EXTCLK0_DIVIDE_BY             ; 1                     ; Untyped                ;
; EXTCLK3_PHASE_SHIFT           ; 0                     ; Untyped                ;
; EXTCLK2_PHASE_SHIFT           ; 0                     ; Untyped                ;
; EXTCLK1_PHASE_SHIFT           ; 0                     ; Untyped                ;
; EXTCLK0_PHASE_SHIFT           ; 0                     ; Untyped                ;
; EXTCLK3_TIME_DELAY            ; 0                     ; Untyped                ;
; EXTCLK2_TIME_DELAY            ; 0                     ; Untyped                ;
; EXTCLK1_TIME_DELAY            ; 0                     ; Untyped                ;
; EXTCLK0_TIME_DELAY            ; 0                     ; Untyped                ;
; EXTCLK3_DUTY_CYCLE            ; 50                    ; Untyped                ;
; EXTCLK2_DUTY_CYCLE            ; 50                    ; Untyped                ;
; EXTCLK1_DUTY_CYCLE            ; 50                    ; Untyped                ;
; EXTCLK0_DUTY_CYCLE            ; 50                    ; Untyped                ;
; VCO_MULTIPLY_BY               ; 0                     ; Untyped                ;
; VCO_DIVIDE_BY                 ; 0                     ; Untyped                ;
; SCLKOUT0_PHASE_SHIFT          ; 0                     ; Untyped                ;
; SCLKOUT1_PHASE_SHIFT          ; 0                     ; Untyped                ;
; VCO_MIN                       ; 0                     ; Untyped                ;
; VCO_MAX                       ; 0                     ; Untyped                ;
; VCO_CENTER                    ; 0                     ; Untyped                ;
; PFD_MIN                       ; 0                     ; Untyped                ;
; PFD_MAX                       ; 0                     ; Untyped                ;
; M_INITIAL                     ; 0                     ; Untyped                ;
; M                             ; 0                     ; Untyped                ;
; N                             ; 1                     ; Untyped                ;
; M2                            ; 1                     ; Untyped                ;
; N2                            ; 1                     ; Untyped                ;
; SS                            ; 1                     ; Untyped                ;
; C0_HIGH                       ; 0                     ; Untyped                ;
; C1_HIGH                       ; 0                     ; Untyped                ;
; C2_HIGH                       ; 0                     ; Untyped                ;
; C3_HIGH                       ; 0                     ; Untyped                ;
; C4_HIGH                       ; 0                     ; Untyped                ;
; C5_HIGH                       ; 0                     ; Untyped                ;
; C6_HIGH                       ; 0                     ; Untyped                ;
; C7_HIGH                       ; 0                     ; Untyped                ;
; C8_HIGH                       ; 0                     ; Untyped                ;
; C9_HIGH                       ; 0                     ; Untyped                ;
; C0_LOW                        ; 0                     ; Untyped                ;
; C1_LOW                        ; 0                     ; Untyped                ;
; C2_LOW                        ; 0                     ; Untyped                ;
; C3_LOW                        ; 0                     ; Untyped                ;
; C4_LOW                        ; 0                     ; Untyped                ;
; C5_LOW                        ; 0                     ; Untyped                ;
; C6_LOW                        ; 0                     ; Untyped                ;
; C7_LOW                        ; 0                     ; Untyped                ;
; C8_LOW                        ; 0                     ; Untyped                ;
; C9_LOW                        ; 0                     ; Untyped                ;
; C0_INITIAL                    ; 0                     ; Untyped                ;
; C1_INITIAL                    ; 0                     ; Untyped                ;
; C2_INITIAL                    ; 0                     ; Untyped                ;
; C3_INITIAL                    ; 0                     ; Untyped                ;
; C4_INITIAL                    ; 0                     ; Untyped                ;
; C5_INITIAL                    ; 0                     ; Untyped                ;
; C6_INITIAL                    ; 0                     ; Untyped                ;
; C7_INITIAL                    ; 0                     ; Untyped                ;
; C8_INITIAL                    ; 0                     ; Untyped                ;
; C9_INITIAL                    ; 0                     ; Untyped                ;
; C0_MODE                       ; BYPASS                ; Untyped                ;
; C1_MODE                       ; BYPASS                ; Untyped                ;
; C2_MODE                       ; BYPASS                ; Untyped                ;
; C3_MODE                       ; BYPASS                ; Untyped                ;
; C4_MODE                       ; BYPASS                ; Untyped                ;
; C5_MODE                       ; BYPASS                ; Untyped                ;
; C6_MODE                       ; BYPASS                ; Untyped                ;
; C7_MODE                       ; BYPASS                ; Untyped                ;
; C8_MODE                       ; BYPASS                ; Untyped                ;
; C9_MODE                       ; BYPASS                ; Untyped                ;
; C0_PH                         ; 0                     ; Untyped                ;
; C1_PH                         ; 0                     ; Untyped                ;
; C2_PH                         ; 0                     ; Untyped                ;
; C3_PH                         ; 0                     ; Untyped                ;
; C4_PH                         ; 0                     ; Untyped                ;
; C5_PH                         ; 0                     ; Untyped                ;
; C6_PH                         ; 0                     ; Untyped                ;
; C7_PH                         ; 0                     ; Untyped                ;
; C8_PH                         ; 0                     ; Untyped                ;
; C9_PH                         ; 0                     ; Untyped                ;
; L0_HIGH                       ; 1                     ; Untyped                ;
; L1_HIGH                       ; 1                     ; Untyped                ;
; G0_HIGH                       ; 1                     ; Untyped                ;
; G1_HIGH                       ; 1                     ; Untyped                ;
; G2_HIGH                       ; 1                     ; Untyped                ;
; G3_HIGH                       ; 1                     ; Untyped                ;
; E0_HIGH                       ; 1                     ; Untyped                ;
; E1_HIGH                       ; 1                     ; Untyped                ;
; E2_HIGH                       ; 1                     ; Untyped                ;
; E3_HIGH                       ; 1                     ; Untyped                ;
; L0_LOW                        ; 1                     ; Untyped                ;
; L1_LOW                        ; 1                     ; Untyped                ;
; G0_LOW                        ; 1                     ; Untyped                ;
; G1_LOW                        ; 1                     ; Untyped                ;
; G2_LOW                        ; 1                     ; Untyped                ;
; G3_LOW                        ; 1                     ; Untyped                ;
; E0_LOW                        ; 1                     ; Untyped                ;
; E1_LOW                        ; 1                     ; Untyped                ;
; E2_LOW                        ; 1                     ; Untyped                ;
; E3_LOW                        ; 1                     ; Untyped                ;
; L0_INITIAL                    ; 1                     ; Untyped                ;
; L1_INITIAL                    ; 1                     ; Untyped                ;
; G0_INITIAL                    ; 1                     ; Untyped                ;
; G1_INITIAL                    ; 1                     ; Untyped                ;
; G2_INITIAL                    ; 1                     ; Untyped                ;
; G3_INITIAL                    ; 1                     ; Untyped                ;
; E0_INITIAL                    ; 1                     ; Untyped                ;
; E1_INITIAL                    ; 1                     ; Untyped                ;
; E2_INITIAL                    ; 1                     ; Untyped                ;
; E3_INITIAL                    ; 1                     ; Untyped                ;
; L0_MODE                       ; BYPASS                ; Untyped                ;
; L1_MODE                       ; BYPASS                ; Untyped                ;
; G0_MODE                       ; BYPASS                ; Untyped                ;
; G1_MODE                       ; BYPASS                ; Untyped                ;
; G2_MODE                       ; BYPASS                ; Untyped                ;
; G3_MODE                       ; BYPASS                ; Untyped                ;
; E0_MODE                       ; BYPASS                ; Untyped                ;
; E1_MODE                       ; BYPASS                ; Untyped                ;
; E2_MODE                       ; BYPASS                ; Untyped                ;
; E3_MODE                       ; BYPASS                ; Untyped                ;
; L0_PH                         ; 0                     ; Untyped                ;
; L1_PH                         ; 0                     ; Untyped                ;
; G0_PH                         ; 0                     ; Untyped                ;
; G1_PH                         ; 0                     ; Untyped                ;
; G2_PH                         ; 0                     ; Untyped                ;
; G3_PH                         ; 0                     ; Untyped                ;
; E0_PH                         ; 0                     ; Untyped                ;
; E1_PH                         ; 0                     ; Untyped                ;
; E2_PH                         ; 0                     ; Untyped                ;
; E3_PH                         ; 0                     ; Untyped                ;
; M_PH                          ; 0                     ; Untyped                ;
; C1_USE_CASC_IN                ; OFF                   ; Untyped                ;
; C2_USE_CASC_IN                ; OFF                   ; Untyped                ;
; C3_USE_CASC_IN                ; OFF                   ; Untyped                ;
; C4_USE_CASC_IN                ; OFF                   ; Untyped                ;
; C5_USE_CASC_IN                ; OFF                   ; Untyped                ;
; C6_USE_CASC_IN                ; OFF                   ; Untyped                ;
; C7_USE_CASC_IN                ; OFF                   ; Untyped                ;
; C8_USE_CASC_IN                ; OFF                   ; Untyped                ;
; C9_USE_CASC_IN                ; OFF                   ; Untyped                ;
; CLK0_COUNTER                  ; G0                    ; Untyped                ;
; CLK1_COUNTER                  ; G0                    ; Untyped                ;
; CLK2_COUNTER                  ; G0                    ; Untyped                ;
; CLK3_COUNTER                  ; G0                    ; Untyped                ;
; CLK4_COUNTER                  ; G0                    ; Untyped                ;
; CLK5_COUNTER                  ; G0                    ; Untyped                ;
; CLK6_COUNTER                  ; E0                    ; Untyped                ;
; CLK7_COUNTER                  ; E1                    ; Untyped                ;
; CLK8_COUNTER                  ; E2                    ; Untyped                ;
; CLK9_COUNTER                  ; E3                    ; Untyped                ;
; L0_TIME_DELAY                 ; 0                     ; Untyped                ;
; L1_TIME_DELAY                 ; 0                     ; Untyped                ;
; G0_TIME_DELAY                 ; 0                     ; Untyped                ;
; G1_TIME_DELAY                 ; 0                     ; Untyped                ;
; G2_TIME_DELAY                 ; 0                     ; Untyped                ;
; G3_TIME_DELAY                 ; 0                     ; Untyped                ;
; E0_TIME_DELAY                 ; 0                     ; Untyped                ;
; E1_TIME_DELAY                 ; 0                     ; Untyped                ;
; E2_TIME_DELAY                 ; 0                     ; Untyped                ;
; E3_TIME_DELAY                 ; 0                     ; Untyped                ;
; M_TIME_DELAY                  ; 0                     ; Untyped                ;
; N_TIME_DELAY                  ; 0                     ; Untyped                ;
; EXTCLK3_COUNTER               ; E3                    ; Untyped                ;
; EXTCLK2_COUNTER               ; E2                    ; Untyped                ;
; EXTCLK1_COUNTER               ; E1                    ; Untyped                ;
; EXTCLK0_COUNTER               ; E0                    ; Untyped                ;
; ENABLE0_COUNTER               ; L0                    ; Untyped                ;
; ENABLE1_COUNTER               ; L0                    ; Untyped                ;
; CHARGE_PUMP_CURRENT           ; 2                     ; Untyped                ;
; LOOP_FILTER_R                 ;  1.000000             ; Untyped                ;
; LOOP_FILTER_C                 ; 5                     ; Untyped                ;
; CHARGE_PUMP_CURRENT_BITS      ; 9999                  ; Untyped                ;
; LOOP_FILTER_R_BITS            ; 9999                  ; Untyped                ;
; LOOP_FILTER_C_BITS            ; 9999                  ; Untyped                ;
; VCO_POST_SCALE                ; 0                     ; Untyped                ;
; CLK2_OUTPUT_FREQUENCY         ; 0                     ; Untyped                ;
; CLK1_OUTPUT_FREQUENCY         ; 0                     ; Untyped                ;
; CLK0_OUTPUT_FREQUENCY         ; 0                     ; Untyped                ;
; INTENDED_DEVICE_FAMILY        ; MAX 10                ; Untyped                ;
; PORT_CLKENA0                  ; PORT_UNUSED           ; Untyped                ;
; PORT_CLKENA1                  ; PORT_UNUSED           ; Untyped                ;
; PORT_CLKENA2                  ; PORT_UNUSED           ; Untyped                ;
; PORT_CLKENA3                  ; PORT_UNUSED           ; Untyped                ;
; PORT_CLKENA4                  ; PORT_UNUSED           ; Untyped                ;
; PORT_CLKENA5                  ; PORT_UNUSED           ; Untyped                ;
; PORT_EXTCLKENA0               ; PORT_CONNECTIVITY     ; Untyped                ;
; PORT_EXTCLKENA1               ; PORT_CONNECTIVITY     ; Untyped                ;
; PORT_EXTCLKENA2               ; PORT_CONNECTIVITY     ; Untyped                ;
; PORT_EXTCLKENA3               ; PORT_CONNECTIVITY     ; Untyped                ;
; PORT_EXTCLK0                  ; PORT_UNUSED           ; Untyped                ;
; PORT_EXTCLK1                  ; PORT_UNUSED           ; Untyped                ;
; PORT_EXTCLK2                  ; PORT_UNUSED           ; Untyped                ;
; PORT_EXTCLK3                  ; PORT_UNUSED           ; Untyped                ;
; PORT_CLKBAD0                  ; PORT_UNUSED           ; Untyped                ;
; PORT_CLKBAD1                  ; PORT_UNUSED           ; Untyped                ;
; PORT_CLK0                     ; PORT_USED             ; Untyped                ;
; PORT_CLK1                     ; PORT_USED             ; Untyped                ;
; PORT_CLK2                     ; PORT_UNUSED           ; Untyped                ;
; PORT_CLK3                     ; PORT_UNUSED           ; Untyped                ;
; PORT_CLK4                     ; PORT_UNUSED           ; Untyped                ;
; PORT_CLK5                     ; PORT_UNUSED           ; Untyped                ;
; PORT_CLK6                     ; PORT_UNUSED           ; Untyped                ;
; PORT_CLK7                     ; PORT_UNUSED           ; Untyped                ;
; PORT_CLK8                     ; PORT_UNUSED           ; Untyped                ;
; PORT_CLK9                     ; PORT_UNUSED           ; Untyped                ;
; PORT_SCANDATA                 ; PORT_UNUSED           ; Untyped                ;
; PORT_SCANDATAOUT              ; PORT_UNUSED           ; Untyped                ;
; PORT_SCANDONE                 ; PORT_UNUSED           ; Untyped                ;
; PORT_SCLKOUT1                 ; PORT_CONNECTIVITY     ; Untyped                ;
; PORT_SCLKOUT0                 ; PORT_CONNECTIVITY     ; Untyped                ;
; PORT_ACTIVECLOCK              ; PORT_UNUSED           ; Untyped                ;
; PORT_CLKLOSS                  ; PORT_UNUSED           ; Untyped                ;
; PORT_INCLK1                   ; PORT_UNUSED           ; Untyped                ;
; PORT_INCLK0                   ; PORT_USED             ; Untyped                ;
; PORT_FBIN                     ; PORT_UNUSED           ; Untyped                ;
; PORT_PLLENA                   ; PORT_UNUSED           ; Untyped                ;
; PORT_CLKSWITCH                ; PORT_UNUSED           ; Untyped                ;
; PORT_ARESET                   ; PORT_USED             ; Untyped                ;
; PORT_PFDENA                   ; PORT_UNUSED           ; Untyped                ;
; PORT_SCANCLK                  ; PORT_UNUSED           ; Untyped                ;
; PORT_SCANACLR                 ; PORT_UNUSED           ; Untyped                ;
; PORT_SCANREAD                 ; PORT_UNUSED           ; Untyped                ;
; PORT_SCANWRITE                ; PORT_UNUSED           ; Untyped                ;
; PORT_ENABLE0                  ; PORT_CONNECTIVITY     ; Untyped                ;
; PORT_ENABLE1                  ; PORT_CONNECTIVITY     ; Untyped                ;
; PORT_LOCKED                   ; PORT_USED             ; Untyped                ;
; PORT_CONFIGUPDATE             ; PORT_UNUSED           ; Untyped                ;
; PORT_FBOUT                    ; PORT_CONNECTIVITY     ; Untyped                ;
; PORT_PHASEDONE                ; PORT_UNUSED           ; Untyped                ;
; PORT_PHASESTEP                ; PORT_UNUSED           ; Untyped                ;
; PORT_PHASEUPDOWN              ; PORT_UNUSED           ; Untyped                ;
; PORT_SCANCLKENA               ; PORT_UNUSED           ; Untyped                ;
; PORT_PHASECOUNTERSELECT       ; PORT_UNUSED           ; Untyped                ;
; PORT_VCOOVERRANGE             ; PORT_CONNECTIVITY     ; Untyped                ;
; PORT_VCOUNDERRANGE            ; PORT_CONNECTIVITY     ; Untyped                ;
; M_TEST_SOURCE                 ; 5                     ; Untyped                ;
; C0_TEST_SOURCE                ; 5                     ; Untyped                ;
; C1_TEST_SOURCE                ; 5                     ; Untyped                ;
; C2_TEST_SOURCE                ; 5                     ; Untyped                ;
; C3_TEST_SOURCE                ; 5                     ; Untyped                ;
; C4_TEST_SOURCE                ; 5                     ; Untyped                ;
; C5_TEST_SOURCE                ; 5                     ; Untyped                ;
; C6_TEST_SOURCE                ; 5                     ; Untyped                ;
; C7_TEST_SOURCE                ; 5                     ; Untyped                ;
; C8_TEST_SOURCE                ; 5                     ; Untyped                ;
; C9_TEST_SOURCE                ; 5                     ; Untyped                ;
; CBXI_PARAMETER                ; pll_altpll            ; Untyped                ;
; VCO_FREQUENCY_CONTROL         ; AUTO                  ; Untyped                ;
; VCO_PHASE_SHIFT_STEP          ; 0                     ; Untyped                ;
; WIDTH_CLOCK                   ; 5                     ; Signed Integer         ;
; WIDTH_PHASECOUNTERSELECT      ; 4                     ; Untyped                ;
; USING_FBMIMICBIDIR_PORT       ; OFF                   ; Untyped                ;
; DEVICE_FAMILY                 ; MAX 10                ; Untyped                ;
; SCAN_CHAIN_MIF_FILE           ; UNUSED                ; Untyped                ;
; SIM_GATE_LOCK_DEVICE_BEHAVIOR ; OFF                   ; Untyped                ;
; AUTO_CARRY_CHAINS             ; ON                    ; AUTO_CARRY             ;
; IGNORE_CARRY_BUFFERS          ; OFF                   ; IGNORE_CARRY           ;
; AUTO_CASCADE_CHAINS           ; ON                    ; AUTO_CASCADE           ;
; IGNORE_CASCADE_BUFFERS        ; OFF                   ; IGNORE_CASCADE         ;
+-------------------------------+-----------------------+------------------------+
Note: In order to hide this table in the UI and the text report file, please set the "Show Parameter Settings in Synthesis Report" option in "Analysis and Synthesis Settings -> More Settings" to "Off".


+-------------------------------------------------------------------------------------------------------+
; Parameter Settings for Inferred Entity Instance: decode:DECODE|registers:R|altsyncram:ram_block_rtl_0 ;
+------------------------------------+----------------------------------------+-------------------------+
; Parameter Name                     ; Value                                  ; Type                    ;
+------------------------------------+----------------------------------------+-------------------------+
; BYTE_SIZE_BLOCK                    ; 8                                      ; Untyped                 ;
; AUTO_CARRY_CHAINS                  ; ON                                     ; AUTO_CARRY              ;
; IGNORE_CARRY_BUFFERS               ; OFF                                    ; IGNORE_CARRY            ;
; AUTO_CASCADE_CHAINS                ; ON                                     ; AUTO_CASCADE            ;
; IGNORE_CASCADE_BUFFERS             ; OFF                                    ; IGNORE_CASCADE          ;
; WIDTH_BYTEENA                      ; 1                                      ; Untyped                 ;
; OPERATION_MODE                     ; DUAL_PORT                              ; Untyped                 ;
; WIDTH_A                            ; 32                                     ; Untyped                 ;
; WIDTHAD_A                          ; 5                                      ; Untyped                 ;
; NUMWORDS_A                         ; 32                                     ; Untyped                 ;
; OUTDATA_REG_A                      ; UNREGISTERED                           ; Untyped                 ;
; ADDRESS_ACLR_A                     ; NONE                                   ; Untyped                 ;
; OUTDATA_ACLR_A                     ; NONE                                   ; Untyped                 ;
; WRCONTROL_ACLR_A                   ; NONE                                   ; Untyped                 ;
; INDATA_ACLR_A                      ; NONE                                   ; Untyped                 ;
; BYTEENA_ACLR_A                     ; NONE                                   ; Untyped                 ;
; WIDTH_B                            ; 32                                     ; Untyped                 ;
; WIDTHAD_B                          ; 5                                      ; Untyped                 ;
; NUMWORDS_B                         ; 32                                     ; Untyped                 ;
; INDATA_REG_B                       ; CLOCK1                                 ; Untyped                 ;
; WRCONTROL_WRADDRESS_REG_B          ; CLOCK1                                 ; Untyped                 ;
; RDCONTROL_REG_B                    ; CLOCK1                                 ; Untyped                 ;
; ADDRESS_REG_B                      ; CLOCK0                                 ; Untyped                 ;
; OUTDATA_REG_B                      ; UNREGISTERED                           ; Untyped                 ;
; BYTEENA_REG_B                      ; CLOCK1                                 ; Untyped                 ;
; INDATA_ACLR_B                      ; NONE                                   ; Untyped                 ;
; WRCONTROL_ACLR_B                   ; NONE                                   ; Untyped                 ;
; ADDRESS_ACLR_B                     ; NONE                                   ; Untyped                 ;
; OUTDATA_ACLR_B                     ; NONE                                   ; Untyped                 ;
; RDCONTROL_ACLR_B                   ; NONE                                   ; Untyped                 ;
; BYTEENA_ACLR_B                     ; NONE                                   ; Untyped                 ;
; WIDTH_BYTEENA_A                    ; 1                                      ; Untyped                 ;
; WIDTH_BYTEENA_B                    ; 1                                      ; Untyped                 ;
; RAM_BLOCK_TYPE                     ; AUTO                                   ; Untyped                 ;
; BYTE_SIZE                          ; 8                                      ; Untyped                 ;
; READ_DURING_WRITE_MODE_MIXED_PORTS ; DONT_CARE                              ; Untyped                 ;
; READ_DURING_WRITE_MODE_PORT_A      ; NEW_DATA_NO_NBE_READ                   ; Untyped                 ;
; READ_DURING_WRITE_MODE_PORT_B      ; NEW_DATA_NO_NBE_READ                   ; Untyped                 ;
; INIT_FILE                          ; db/DLX.ram0_registers_6989617c.hdl.mif ; Untyped                 ;
; INIT_FILE_LAYOUT                   ; PORT_A                                 ; Untyped                 ;
; MAXIMUM_DEPTH                      ; 0                                      ; Untyped                 ;
; CLOCK_ENABLE_INPUT_A               ; NORMAL                                 ; Untyped                 ;
; CLOCK_ENABLE_INPUT_B               ; NORMAL                                 ; Untyped                 ;
; CLOCK_ENABLE_OUTPUT_A              ; NORMAL                                 ; Untyped                 ;
; CLOCK_ENABLE_OUTPUT_B              ; NORMAL                                 ; Untyped                 ;
; CLOCK_ENABLE_CORE_A                ; USE_INPUT_CLKEN                        ; Untyped                 ;
; CLOCK_ENABLE_CORE_B                ; USE_INPUT_CLKEN                        ; Untyped                 ;
; ENABLE_ECC                         ; FALSE                                  ; Untyped                 ;
; ECC_PIPELINE_STAGE_ENABLED         ; FALSE                                  ; Untyped                 ;
; WIDTH_ECCSTATUS                    ; 3                                      ; Untyped                 ;
; DEVICE_FAMILY                      ; MAX 10                                 ; Untyped                 ;
; CBXI_PARAMETER                     ; altsyncram_23g1                        ; Untyped                 ;
+------------------------------------+----------------------------------------+-------------------------+
Note: In order to hide this table in the UI and the text report file, please set the "Show Parameter Settings in Synthesis Report" option in "Analysis and Synthesis Settings -> More Settings" to "Off".


+-------------------------------------------------------------------------------------------------------+
; Parameter Settings for Inferred Entity Instance: decode:DECODE|registers:R|altsyncram:ram_block_rtl_1 ;
+------------------------------------+----------------------------------------+-------------------------+
; Parameter Name                     ; Value                                  ; Type                    ;
+------------------------------------+----------------------------------------+-------------------------+
; BYTE_SIZE_BLOCK                    ; 8                                      ; Untyped                 ;
; AUTO_CARRY_CHAINS                  ; ON                                     ; AUTO_CARRY              ;
; IGNORE_CARRY_BUFFERS               ; OFF                                    ; IGNORE_CARRY            ;
; AUTO_CASCADE_CHAINS                ; ON                                     ; AUTO_CASCADE            ;
; IGNORE_CASCADE_BUFFERS             ; OFF                                    ; IGNORE_CASCADE          ;
; WIDTH_BYTEENA                      ; 1                                      ; Untyped                 ;
; OPERATION_MODE                     ; DUAL_PORT                              ; Untyped                 ;
; WIDTH_A                            ; 32                                     ; Untyped                 ;
; WIDTHAD_A                          ; 5                                      ; Untyped                 ;
; NUMWORDS_A                         ; 32                                     ; Untyped                 ;
; OUTDATA_REG_A                      ; UNREGISTERED                           ; Untyped                 ;
; ADDRESS_ACLR_A                     ; NONE                                   ; Untyped                 ;
; OUTDATA_ACLR_A                     ; NONE                                   ; Untyped                 ;
; WRCONTROL_ACLR_A                   ; NONE                                   ; Untyped                 ;
; INDATA_ACLR_A                      ; NONE                                   ; Untyped                 ;
; BYTEENA_ACLR_A                     ; NONE                                   ; Untyped                 ;
; WIDTH_B                            ; 32                                     ; Untyped                 ;
; WIDTHAD_B                          ; 5                                      ; Untyped                 ;
; NUMWORDS_B                         ; 32                                     ; Untyped                 ;
; INDATA_REG_B                       ; CLOCK1                                 ; Untyped                 ;
; WRCONTROL_WRADDRESS_REG_B          ; CLOCK1                                 ; Untyped                 ;
; RDCONTROL_REG_B                    ; CLOCK1                                 ; Untyped                 ;
; ADDRESS_REG_B                      ; CLOCK0                                 ; Untyped                 ;
; OUTDATA_REG_B                      ; UNREGISTERED                           ; Untyped                 ;
; BYTEENA_REG_B                      ; CLOCK1                                 ; Untyped                 ;
; INDATA_ACLR_B                      ; NONE                                   ; Untyped                 ;
; WRCONTROL_ACLR_B                   ; NONE                                   ; Untyped                 ;
; ADDRESS_ACLR_B                     ; NONE                                   ; Untyped                 ;
; OUTDATA_ACLR_B                     ; NONE                                   ; Untyped                 ;
; RDCONTROL_ACLR_B                   ; NONE                                   ; Untyped                 ;
; BYTEENA_ACLR_B                     ; NONE                                   ; Untyped                 ;
; WIDTH_BYTEENA_A                    ; 1                                      ; Untyped                 ;
; WIDTH_BYTEENA_B                    ; 1                                      ; Untyped                 ;
; RAM_BLOCK_TYPE                     ; AUTO                                   ; Untyped                 ;
; BYTE_SIZE                          ; 8                                      ; Untyped                 ;
; READ_DURING_WRITE_MODE_MIXED_PORTS ; DONT_CARE                              ; Untyped                 ;
; READ_DURING_WRITE_MODE_PORT_A      ; NEW_DATA_NO_NBE_READ                   ; Untyped                 ;
; READ_DURING_WRITE_MODE_PORT_B      ; NEW_DATA_NO_NBE_READ                   ; Untyped                 ;
; INIT_FILE                          ; db/DLX.ram0_registers_6989617c.hdl.mif ; Untyped                 ;
; INIT_FILE_LAYOUT                   ; PORT_A                                 ; Untyped                 ;
; MAXIMUM_DEPTH                      ; 0                                      ; Untyped                 ;
; CLOCK_ENABLE_INPUT_A               ; NORMAL                                 ; Untyped                 ;
; CLOCK_ENABLE_INPUT_B               ; NORMAL                                 ; Untyped                 ;
; CLOCK_ENABLE_OUTPUT_A              ; NORMAL                                 ; Untyped                 ;
; CLOCK_ENABLE_OUTPUT_B              ; NORMAL                                 ; Untyped                 ;
; CLOCK_ENABLE_CORE_A                ; USE_INPUT_CLKEN                        ; Untyped                 ;
; CLOCK_ENABLE_CORE_B                ; USE_INPUT_CLKEN                        ; Untyped                 ;
; ENABLE_ECC                         ; FALSE                                  ; Untyped                 ;
; ECC_PIPELINE_STAGE_ENABLED         ; FALSE                                  ; Untyped                 ;
; WIDTH_ECCSTATUS                    ; 3                                      ; Untyped                 ;
; DEVICE_FAMILY                      ; MAX 10                                 ; Untyped                 ;
; CBXI_PARAMETER                     ; altsyncram_23g1                        ; Untyped                 ;
+------------------------------------+----------------------------------------+-------------------------+
Note: In order to hide this table in the UI and the text report file, please set the "Show Parameter Settings in Synthesis Report" option in "Analysis and Synthesis Settings -> More Settings" to "Off".


+-----------------------------------------------------------------------------------------------------------------------------------------------------------------------------------------------------------------------------+
; Parameter Settings for Inferred Entity Instance: print_FSM:FSM|diva:DIVIDER|lpm_divide:LPM_DIVIDE_component|lpm_divide_ous:auto_generated|sign_div_unsign_q8i:divider|alt_u_div_d6f:divider|altshift_taps:DFFQuotient_rtl_0 ;
+----------------+----------------+-------------------------------------------------------------------------------------------------------------------------------------------------------------------------------------------+
; Parameter Name ; Value          ; Type                                                                                                                                                                                      ;
+----------------+----------------+-------------------------------------------------------------------------------------------------------------------------------------------------------------------------------------------+
; WIDTH_BYTEENA  ; 1              ; Untyped                                                                                                                                                                                   ;
; NUMBER_OF_TAPS ; 1              ; Untyped                                                                                                                                                                                   ;
; TAP_DISTANCE   ; 3              ; Untyped                                                                                                                                                                                   ;
; WIDTH          ; 16             ; Untyped                                                                                                                                                                                   ;
; POWER_UP_STATE ; CLEARED        ; Untyped                                                                                                                                                                                   ;
; CBXI_PARAMETER ; shift_taps_53o ; Untyped                                                                                                                                                                                   ;
+----------------+----------------+-------------------------------------------------------------------------------------------------------------------------------------------------------------------------------------------+
Note: In order to hide this table in the UI and the text report file, please set the "Show Parameter Settings in Synthesis Report" option in "Analysis and Synthesis Settings -> More Settings" to "Off".


+------------------------------------------------------------------------------------------------------+
; altsyncram Parameter Settings by Entity Instance                                                     ;
+-------------------------------------------+----------------------------------------------------------+
; Name                                      ; Value                                                    ;
+-------------------------------------------+----------------------------------------------------------+
; Number of entity instances                ; 4                                                        ;
; Entity Instance                           ; fetch:FETCH|my_ROM:U1|altsyncram:altsyncram_component    ;
;     -- OPERATION_MODE                     ; ROM                                                      ;
;     -- WIDTH_A                            ; 32                                                       ;
;     -- NUMWORDS_A                         ; 1024                                                     ;
;     -- OUTDATA_REG_A                      ; UNREGISTERED                                             ;
;     -- WIDTH_B                            ; 1                                                        ;
;     -- NUMWORDS_B                         ; 0                                                        ;
;     -- ADDRESS_REG_B                      ; CLOCK1                                                   ;
;     -- OUTDATA_REG_B                      ; UNREGISTERED                                             ;
;     -- RAM_BLOCK_TYPE                     ; AUTO                                                     ;
;     -- READ_DURING_WRITE_MODE_MIXED_PORTS ; DONT_CARE                                                ;
; Entity Instance                           ; memory:MEMORY|my_ram:RAM|altsyncram:altsyncram_component ;
;     -- OPERATION_MODE                     ; SINGLE_PORT                                              ;
;     -- WIDTH_A                            ; 32                                                       ;
;     -- NUMWORDS_A                         ; 1024                                                     ;
;     -- OUTDATA_REG_A                      ; UNREGISTERED                                             ;
;     -- WIDTH_B                            ; 1                                                        ;
;     -- NUMWORDS_B                         ; 0                                                        ;
;     -- ADDRESS_REG_B                      ; CLOCK1                                                   ;
;     -- OUTDATA_REG_B                      ; UNREGISTERED                                             ;
;     -- RAM_BLOCK_TYPE                     ; AUTO                                                     ;
;     -- READ_DURING_WRITE_MODE_MIXED_PORTS ; DONT_CARE                                                ;
; Entity Instance                           ; decode:DECODE|registers:R|altsyncram:ram_block_rtl_0     ;
;     -- OPERATION_MODE                     ; DUAL_PORT                                                ;
;     -- WIDTH_A                            ; 32                                                       ;
;     -- NUMWORDS_A                         ; 32                                                       ;
;     -- OUTDATA_REG_A                      ; UNREGISTERED                                             ;
;     -- WIDTH_B                            ; 32                                                       ;
;     -- NUMWORDS_B                         ; 32                                                       ;
;     -- ADDRESS_REG_B                      ; CLOCK0                                                   ;
;     -- OUTDATA_REG_B                      ; UNREGISTERED                                             ;
;     -- RAM_BLOCK_TYPE                     ; AUTO                                                     ;
;     -- READ_DURING_WRITE_MODE_MIXED_PORTS ; DONT_CARE                                                ;
; Entity Instance                           ; decode:DECODE|registers:R|altsyncram:ram_block_rtl_1     ;
;     -- OPERATION_MODE                     ; DUAL_PORT                                                ;
;     -- WIDTH_A                            ; 32                                                       ;
;     -- NUMWORDS_A                         ; 32                                                       ;
;     -- OUTDATA_REG_A                      ; UNREGISTERED                                             ;
;     -- WIDTH_B                            ; 32                                                       ;
;     -- NUMWORDS_B                         ; 32                                                       ;
;     -- ADDRESS_REG_B                      ; CLOCK0                                                   ;
;     -- OUTDATA_REG_B                      ; UNREGISTERED                                             ;
;     -- RAM_BLOCK_TYPE                     ; AUTO                                                     ;
;     -- READ_DURING_WRITE_MODE_MIXED_PORTS ; DONT_CARE                                                ;
+-------------------------------------------+----------------------------------------------------------+


+------------------------------------------------------------------------------------+
; scfifo Parameter Settings by Entity Instance                                       ;
+----------------------------+-------------------------------------------------------+
; Name                       ; Value                                                 ;
+----------------------------+-------------------------------------------------------+
; Number of entity instances ; 1                                                     ;
; Entity Instance            ; print_FSM:FSM|fifo_word:FIFO1|scfifo:scfifo_component ;
;     -- FIFO Type           ; Single Clock                                          ;
;     -- lpm_width           ; 38                                                    ;
;     -- LPM_NUMWORDS        ; 256                                                   ;
;     -- LPM_SHOWAHEAD       ; OFF                                                   ;
;     -- USE_EAB             ; ON                                                    ;
+----------------------------+-------------------------------------------------------+


+------------------------------------------------------------------------------------+
; dcfifo Parameter Settings by Entity Instance                                       ;
+----------------------------+-------------------------------------------------------+
; Name                       ; Value                                                 ;
+----------------------------+-------------------------------------------------------+
; Number of entity instances ; 1                                                     ;
; Entity Instance            ; print_FSM:FSM|fifo_char:FIFO2|dcfifo:dcfifo_component ;
;     -- FIFO Type           ; Dual Clock                                            ;
;     -- LPM_WIDTH           ; 8                                                     ;
;     -- LPM_NUMWORDS        ; 256                                                   ;
;     -- LPM_SHOWAHEAD       ; OFF                                                   ;
;     -- USE_EAB             ; ON                                                    ;
+----------------------------+-------------------------------------------------------+


+-------------------------------------------------------------------+
; altpll Parameter Settings by Entity Instance                      ;
+-------------------------------+-----------------------------------+
; Name                          ; Value                             ;
+-------------------------------+-----------------------------------+
; Number of entity instances    ; 1                                 ;
; Entity Instance               ; pll:PLLTX|altpll:altpll_component ;
;     -- OPERATION_MODE         ; NORMAL                            ;
;     -- PLL_TYPE               ; AUTO                              ;
;     -- PRIMARY_CLOCK          ; INCLK0                            ;
;     -- INCLK0_INPUT_FREQUENCY ; 20000                             ;
;     -- INCLK1_INPUT_FREQUENCY ; 0                                 ;
;     -- VCO_MULTIPLY_BY        ; 0                                 ;
;     -- VCO_DIVIDE_BY          ; 0                                 ;
+-------------------------------+-----------------------------------+


+---------------------------------------------------------------------------------------------------------------------------------------------------------------------------------------------------------+
; altshift_taps Parameter Settings by Entity Instance                                                                                                                                                     ;
+----------------------------+----------------------------------------------------------------------------------------------------------------------------------------------------------------------------+
; Name                       ; Value                                                                                                                                                                      ;
+----------------------------+----------------------------------------------------------------------------------------------------------------------------------------------------------------------------+
; Number of entity instances ; 1                                                                                                                                                                          ;
; Entity Instance            ; print_FSM:FSM|diva:DIVIDER|lpm_divide:LPM_DIVIDE_component|lpm_divide_ous:auto_generated|sign_div_unsign_q8i:divider|alt_u_div_d6f:divider|altshift_taps:DFFQuotient_rtl_0 ;
;     -- NUMBER_OF_TAPS      ; 1                                                                                                                                                                          ;
;     -- TAP_DISTANCE        ; 3                                                                                                                                                                          ;
;     -- WIDTH               ; 16                                                                                                                                                                         ;
+----------------------------+----------------------------------------------------------------------------------------------------------------------------------------------------------------------------+


+----------------------------------------------------------------------------------------------------------------+
; Port Connectivity Checks: "pll:PLLTX"                                                                          ;
+------+--------+----------+-------------------------------------------------------------------------------------+
; Port ; Type   ; Severity ; Details                                                                             ;
+------+--------+----------+-------------------------------------------------------------------------------------+
; c0   ; Output ; Info     ; Connected to dangling logic. Logic that only feeds a dangling port will be removed. ;
+------+--------+----------+-------------------------------------------------------------------------------------+


+-------------------------------------------------------------------------------------------------------------------------+
; Port Connectivity Checks: "print_FSM:FSM|diva:DIVIDER"                                                                  ;
+---------------+--------+----------+-------------------------------------------------------------------------------------+
; Port          ; Type   ; Severity ; Details                                                                             ;
+---------------+--------+----------+-------------------------------------------------------------------------------------+
; denom[31..4]  ; Input  ; Info     ; Stuck at GND                                                                        ;
; denom[3]      ; Input  ; Info     ; Stuck at VCC                                                                        ;
; denom[2]      ; Input  ; Info     ; Stuck at GND                                                                        ;
; denom[1]      ; Input  ; Info     ; Stuck at VCC                                                                        ;
; denom[0]      ; Input  ; Info     ; Stuck at GND                                                                        ;
; remain[31..8] ; Output ; Info     ; Connected to dangling logic. Logic that only feeds a dangling port will be removed. ;
+---------------+--------+----------+-------------------------------------------------------------------------------------+


+-----------------------------------------------------------------------------------------------------------------+
; Port Connectivity Checks: "print_FSM:FSM|fifo_word:FIFO1"                                                       ;
+-------+--------+----------+-------------------------------------------------------------------------------------+
; Port  ; Type   ; Severity ; Details                                                                             ;
+-------+--------+----------+-------------------------------------------------------------------------------------+
; usedw ; Output ; Info     ; Connected to dangling logic. Logic that only feeds a dangling port will be removed. ;
+-------+--------+----------+-------------------------------------------------------------------------------------+


+-----------------------------------------------------+
; Post-Synthesis Netlist Statistics for Top Partition ;
+-----------------------+-----------------------------+
; Type                  ; Count                       ;
+-----------------------+-----------------------------+
; boundary_port         ; 41                          ;
; cycloneiii_ff         ; 757                         ;
;     CLR               ; 167                         ;
;     ENA               ; 144                         ;
;     ENA CLR           ; 19                          ;
;     ENA CLR SCLR      ; 34                          ;
;     ENA CLR SCLR SLD  ; 10                          ;
;     ENA CLR SLD       ; 46                          ;
;     SLD               ; 57                          ;
;     plain             ; 280                         ;
; cycloneiii_io_obuf    ; 36                          ;
; cycloneiii_lcell_comb ; 2830                        ;
;     arith             ; 815                         ;
;         2 data inputs ; 175                         ;
;         3 data inputs ; 640                         ;
;     normal            ; 2015                        ;
;         0 data inputs ; 29                          ;
;         1 data inputs ; 14                          ;
;         2 data inputs ; 209                         ;
;         3 data inputs ; 347                         ;
;         4 data inputs ; 1416                        ;
; cycloneiii_pll        ; 1                           ;
; cycloneiii_ram_block  ; 190                         ;
;                       ;                             ;
; Max LUT depth         ; 34.90                       ;
; Average LUT depth     ; 17.18                       ;
+-----------------------+-----------------------------+


+-------------------------------+
; Elapsed Time Per Partition    ;
+----------------+--------------+
; Partition Name ; Elapsed Time ;
+----------------+--------------+
; Top            ; 00:00:05     ;
+----------------+--------------+


+-------------------------------+
; Analysis & Synthesis Messages ;
+-------------------------------+
Info: *******************************************************************
Info: Running Quartus Prime Analysis & Synthesis
    Info: Version 24.1std.0 Build 1077 03/04/2025 SC Lite Edition
    Info: Processing started: Thu Mar 19 00:08:21 2026
Info: Command: quartus_map --read_settings_files=on --write_settings_files=off DLX -c DLX
Warning (18236): Number of processors has not been specified which may cause overloading on shared machines.  Set the global assignment NUM_PARALLEL_PROCESSORS in your QSF to an appropriate value for best performance.
Info (20030): Parallel compilation is enabled and will use 14 of the 14 processors detected
Info (12021): Found 2 design units, including 1 entities, in source file dlx_lab8_tb.vhd
    Info (12022): Found design unit 1: DLX_lab8_tb-test File: C:/Users/A02395949/Documents/advanced/ECE_6740/Lab8/DLX_lab8_tb.vhd Line: 9
    Info (12023): Found entity 1: DLX_lab8_tb File: C:/Users/A02395949/Documents/advanced/ECE_6740/Lab8/DLX_lab8_tb.vhd Line: 6
Warning (12019): Can't analyze file -- file uart_recv_tb.vhd is missing
Info (12021): Found 2 design units, including 1 entities, in source file my_fifo.vhd
    Info (12022): Found design unit 1: my_fifo-SYN File: C:/Users/A02395949/Documents/advanced/ECE_6740/Lab8/my_fifo.vhd Line: 58
    Info (12023): Found entity 1: my_fifo File: C:/Users/A02395949/Documents/advanced/ECE_6740/Lab8/my_fifo.vhd Line: 43
Info (12021): Found 2 design units, including 1 entities, in source file pll.vhd
    Info (12022): Found design unit 1: pll-SYN File: C:/Users/A02395949/Documents/advanced/ECE_6740/Lab8/pll.vhd Line: 55
    Info (12023): Found entity 1: pll File: C:/Users/A02395949/Documents/advanced/ECE_6740/Lab8/pll.vhd Line: 43
Warning (12019): Can't analyze file -- file uart_recv.vhd is missing
Info (12021): Found 2 design units, including 1 entities, in source file uart_trans.vhd
    Info (12022): Found design unit 1: UART_trans-Behavioral File: C:/Users/A02395949/Documents/advanced/ECE_6740/Lab8/UART_trans.vhd Line: 20
    Info (12023): Found entity 1: UART_trans File: C:/Users/A02395949/Documents/advanced/ECE_6740/Lab8/UART_trans.vhd Line: 6
Warning (12019): Can't analyze file -- file UARTSampler.vhd is missing
Warning (12019): Can't analyze file -- file Branch_guess.vhd is missing
Info (12021): Found 2 design units, including 1 entities, in source file overseer.vhd
    Info (12022): Found design unit 1: OVERSEER-BEHAVIORAL File: C:/Users/A02395949/Documents/advanced/ECE_6740/Lab8/Overseer.vhd Line: 28
    Info (12023): Found entity 1: OVERSEER File: C:/Users/A02395949/Documents/advanced/ECE_6740/Lab8/Overseer.vhd Line: 6
Info (12021): Found 2 design units, including 1 entities, in source file write_back.vhd
    Info (12022): Found design unit 1: write_back-Behavioral File: C:/Users/A02395949/Documents/advanced/ECE_6740/Lab8/write_back.vhd Line: 20
    Info (12023): Found entity 1: write_back File: C:/Users/A02395949/Documents/advanced/ECE_6740/Lab8/write_back.vhd Line: 6
Info (12021): Found 2 design units, including 1 entities, in source file memory.vhd
    Info (12022): Found design unit 1: memory-Behavioral File: C:/Users/A02395949/Documents/advanced/ECE_6740/Lab8/memory.vhd Line: 25
    Info (12023): Found entity 1: memory File: C:/Users/A02395949/Documents/advanced/ECE_6740/Lab8/memory.vhd Line: 6
Info (12021): Found 2 design units, including 1 entities, in source file zeros.vhd
    Info (12022): Found design unit 1: Zeros-Behavioral File: C:/Users/A02395949/Documents/advanced/ECE_6740/Lab8/Zeros.vhd Line: 22
    Info (12023): Found entity 1: Zeros File: C:/Users/A02395949/Documents/advanced/ECE_6740/Lab8/Zeros.vhd Line: 7
Info (12021): Found 2 design units, including 1 entities, in source file pc_mux.vhd
    Info (12022): Found design unit 1: PC_mux-behavioral File: C:/Users/A02395949/Documents/advanced/ECE_6740/Lab8/PC_mux.vhd Line: 30
    Info (12023): Found entity 1: PC_mux File: C:/Users/A02395949/Documents/advanced/ECE_6740/Lab8/PC_mux.vhd Line: 6
Info (12021): Found 2 design units, including 1 entities, in source file imm_mux.vhd
    Info (12022): Found design unit 1: imm_mux-behavioral File: C:/Users/A02395949/Documents/advanced/ECE_6740/Lab8/imm_mux.vhd Line: 29
    Info (12023): Found entity 1: imm_mux File: C:/Users/A02395949/Documents/advanced/ECE_6740/Lab8/imm_mux.vhd Line: 6
Info (12021): Found 2 design units, including 1 entities, in source file execute.vhd
    Info (12022): Found design unit 1: execute-Behavioral File: C:/Users/A02395949/Documents/advanced/ECE_6740/Lab8/Execute.vhd Line: 33
    Info (12023): Found entity 1: execute File: C:/Users/A02395949/Documents/advanced/ECE_6740/Lab8/Execute.vhd Line: 6
Warning (12019): Can't analyze file -- file ALU_1.vhd is missing
Info (12021): Found 2 design units, including 1 entities, in source file alu.vhd
    Info (12022): Found design unit 1: ALU-Behavioral File: C:/Users/A02395949/Documents/advanced/ECE_6740/Lab8/ALU.vhd Line: 20
    Info (12023): Found entity 1: ALU File: C:/Users/A02395949/Documents/advanced/ECE_6740/Lab8/ALU.vhd Line: 6
Info (12021): Found 2 design units, including 1 entities, in source file sign_extend.vhd
    Info (12022): Found design unit 1: sign_extend-Behavioral File: C:/Users/A02395949/Documents/advanced/ECE_6740/Lab8/sign_extend.vhd Line: 17
    Info (12023): Found entity 1: sign_extend File: C:/Users/A02395949/Documents/advanced/ECE_6740/Lab8/sign_extend.vhd Line: 6
Info (12021): Found 2 design units, including 1 entities, in source file registers.vhd
    Info (12022): Found design unit 1: registers-rtl File: C:/Users/A02395949/Documents/advanced/ECE_6740/Lab8/registers.vhd Line: 19
    Info (12023): Found entity 1: registers File: C:/Users/A02395949/Documents/advanced/ECE_6740/Lab8/registers.vhd Line: 6
Info (12021): Found 2 design units, including 0 entities, in source file opcode_package.vhd
    Info (12022): Found design unit 1: opcode_package File: C:/Users/A02395949/Documents/advanced/ECE_6740/Lab8/OPCODE_PACKAGE.vhd Line: 5
    Info (12022): Found design unit 2: opcode_package-body File: C:/Users/A02395949/Documents/advanced/ECE_6740/Lab8/OPCODE_PACKAGE.vhd Line: 99
Info (12021): Found 2 design units, including 1 entities, in source file fetch.vhd
    Info (12022): Found design unit 1: fetch-Behavioral File: C:/Users/A02395949/Documents/advanced/ECE_6740/Lab8/fetch.vhd Line: 23
    Info (12023): Found entity 1: fetch File: C:/Users/A02395949/Documents/advanced/ECE_6740/Lab8/fetch.vhd Line: 6
Info (12021): Found 2 design units, including 1 entities, in source file dlx.vhd
    Info (12022): Found design unit 1: DLX-Behavioral File: C:/Users/A02395949/Documents/advanced/ECE_6740/Lab8/DLX.vhd Line: 18
    Info (12023): Found entity 1: DLX File: C:/Users/A02395949/Documents/advanced/ECE_6740/Lab8/DLX.vhd Line: 6
Info (12021): Found 2 design units, including 1 entities, in source file decode.vhd
    Info (12022): Found design unit 1: decode-Behavioral File: C:/Users/A02395949/Documents/advanced/ECE_6740/Lab8/Decode.vhd Line: 30
    Info (12023): Found entity 1: decode File: C:/Users/A02395949/Documents/advanced/ECE_6740/Lab8/Decode.vhd Line: 6
Info (12021): Found 2 design units, including 1 entities, in source file my_rom.vhd
    Info (12022): Found design unit 1: my_rom-SYN File: C:/Users/A02395949/Documents/advanced/ECE_6740/Lab8/my_ROM.vhd Line: 53
    Info (12023): Found entity 1: my_ROM File: C:/Users/A02395949/Documents/advanced/ECE_6740/Lab8/my_ROM.vhd Line: 43
Info (12021): Found 2 design units, including 1 entities, in source file my_ram.vhd
    Info (12022): Found design unit 1: my_ram-SYN File: C:/Users/A02395949/Documents/advanced/ECE_6740/Lab8/my_ram.vhd Line: 55
    Info (12023): Found entity 1: my_ram File: C:/Users/A02395949/Documents/advanced/ECE_6740/Lab8/my_ram.vhd Line: 43
Info (12021): Found 2 design units, including 1 entities, in source file my_div.vhd
    Info (12022): Found design unit 1: my_div-SYN File: C:/Users/A02395949/Documents/advanced/ECE_6740/Lab8/my_div.vhd Line: 55
    Info (12023): Found entity 1: my_div File: C:/Users/A02395949/Documents/advanced/ECE_6740/Lab8/my_div.vhd Line: 43
Info (12021): Found 2 design units, including 1 entities, in source file fifo_word.vhd
    Info (12022): Found design unit 1: fifo_word-SYN File: C:/Users/A02395949/Documents/advanced/ECE_6740/Lab8/fifo_word.vhd Line: 59
    Info (12023): Found entity 1: fifo_word File: C:/Users/A02395949/Documents/advanced/ECE_6740/Lab8/fifo_word.vhd Line: 43
Info (12021): Found 2 design units, including 1 entities, in source file fifo_char.vhd
    Info (12022): Found design unit 1: fifo_char-SYN File: C:/Users/A02395949/Documents/advanced/ECE_6740/Lab8/fifo_char.vhd Line: 59
    Info (12023): Found entity 1: fifo_char File: C:/Users/A02395949/Documents/advanced/ECE_6740/Lab8/fifo_char.vhd Line: 43
Info (12021): Found 2 design units, including 1 entities, in source file diva.vhd
    Info (12022): Found design unit 1: diva-SYN File: C:/Users/A02395949/Documents/advanced/ECE_6740/Lab8/diva.vhd Line: 55
    Info (12023): Found entity 1: diva File: C:/Users/A02395949/Documents/advanced/ECE_6740/Lab8/diva.vhd Line: 43
Info (12021): Found 2 design units, including 1 entities, in source file print_fsm.vhd
    Info (12022): Found design unit 1: print_FSM-Behavioral File: C:/Users/A02395949/Documents/advanced/ECE_6740/Lab8/print_FSM.vhd Line: 267
    Info (12023): Found entity 1: print_FSM File: C:/Users/A02395949/Documents/advanced/ECE_6740/Lab8/print_FSM.vhd Line: 252
Info (12127): Elaborating entity "DLX" for the top level hierarchy
Warning (10036): Verilog HDL or VHDL warning at DLX.vhd(75): object "c0" assigned a value but never read File: C:/Users/A02395949/Documents/advanced/ECE_6740/Lab8/DLX.vhd Line: 75
Info (12128): Elaborating entity "fetch" for hierarchy "fetch:FETCH" File: C:/Users/A02395949/Documents/advanced/ECE_6740/Lab8/DLX.vhd Line: 91
Info (12128): Elaborating entity "my_ROM" for hierarchy "fetch:FETCH|my_ROM:U1" File: C:/Users/A02395949/Documents/advanced/ECE_6740/Lab8/fetch.vhd Line: 35
Info (12128): Elaborating entity "altsyncram" for hierarchy "fetch:FETCH|my_ROM:U1|altsyncram:altsyncram_component" File: C:/Users/A02395949/Documents/advanced/ECE_6740/Lab8/my_ROM.vhd Line: 60
Info (12130): Elaborated megafunction instantiation "fetch:FETCH|my_ROM:U1|altsyncram:altsyncram_component" File: C:/Users/A02395949/Documents/advanced/ECE_6740/Lab8/my_ROM.vhd Line: 60
Info (12133): Instantiated megafunction "fetch:FETCH|my_ROM:U1|altsyncram:altsyncram_component" with the following parameter: File: C:/Users/A02395949/Documents/advanced/ECE_6740/Lab8/my_ROM.vhd Line: 60
    Info (12134): Parameter "address_aclr_a" = "NONE"
    Info (12134): Parameter "address_aclr_b" = "NONE"
    Info (12134): Parameter "address_reg_b" = "CLOCK1"
    Info (12134): Parameter "byte_size" = "8"
    Info (12134): Parameter "byteena_aclr_a" = "UNUSED"
    Info (12134): Parameter "byteena_aclr_b" = "NONE"
    Info (12134): Parameter "byteena_reg_b" = "CLOCK1"
    Info (12134): Parameter "clock_enable_core_a" = "USE_INPUT_CLKEN"
    Info (12134): Parameter "clock_enable_core_b" = "USE_INPUT_CLKEN"
    Info (12134): Parameter "clock_enable_input_a" = "BYPASS"
    Info (12134): Parameter "clock_enable_input_b" = "NORMAL"
    Info (12134): Parameter "clock_enable_output_a" = "BYPASS"
    Info (12134): Parameter "clock_enable_output_b" = "NORMAL"
    Info (12134): Parameter "intended_device_family" = "MAX 10"
    Info (12134): Parameter "ecc_pipeline_stage_enabled" = "FALSE"
    Info (12134): Parameter "enable_ecc" = "FALSE"
    Info (12134): Parameter "implement_in_les" = "OFF"
    Info (12134): Parameter "indata_aclr_a" = "UNUSED"
    Info (12134): Parameter "indata_aclr_b" = "NONE"
    Info (12134): Parameter "indata_reg_b" = "CLOCK1"
    Info (12134): Parameter "init_file" = "factorial_code.mif"
    Info (12134): Parameter "init_file_layout" = "PORT_A"
    Info (12134): Parameter "maximum_depth" = "0"
    Info (12134): Parameter "numwords_a" = "1024"
    Info (12134): Parameter "numwords_b" = "0"
    Info (12134): Parameter "operation_mode" = "ROM"
    Info (12134): Parameter "outdata_aclr_a" = "NONE"
    Info (12134): Parameter "outdata_aclr_b" = "NONE"
    Info (12134): Parameter "outdata_reg_a" = "UNREGISTERED"
    Info (12134): Parameter "outdata_reg_b" = "UNREGISTERED"
    Info (12134): Parameter "power_up_uninitialized" = "FALSE"
    Info (12134): Parameter "ram_block_type" = "AUTO"
    Info (12134): Parameter "rdcontrol_aclr_b" = "NONE"
    Info (12134): Parameter "rdcontrol_reg_b" = "CLOCK1"
    Info (12134): Parameter "read_during_write_mode_mixed_ports" = "DONT_CARE"
    Info (12134): Parameter "read_during_write_mode_port_a" = "NEW_DATA_NO_NBE_READ"
    Info (12134): Parameter "read_during_write_mode_port_b" = "NEW_DATA_NO_NBE_READ"
    Info (12134): Parameter "stratixiv_m144k_allow_dual_clocks" = "ON"
    Info (12134): Parameter "width_a" = "32"
    Info (12134): Parameter "width_b" = "1"
    Info (12134): Parameter "width_byteena_a" = "1"
    Info (12134): Parameter "width_byteena_b" = "1"
    Info (12134): Parameter "width_eccstatus" = "3"
    Info (12134): Parameter "widthad_a" = "10"
    Info (12134): Parameter "widthad_b" = "1"
    Info (12134): Parameter "wrcontrol_aclr_a" = "UNUSED"
    Info (12134): Parameter "wrcontrol_aclr_b" = "NONE"
    Info (12134): Parameter "wrcontrol_wraddress_reg_b" = "CLOCK1"
    Info (12134): Parameter "lpm_hint" = "ENABLE_RUNTIME_MOD=NO"
    Info (12134): Parameter "lpm_type" = "altsyncram"
Info (12021): Found 1 design units, including 1 entities, in source file db/altsyncram_d5s3.tdf
    Info (12023): Found entity 1: altsyncram_d5s3 File: C:/Users/A02395949/Documents/advanced/ECE_6740/Lab8/db/altsyncram_d5s3.tdf Line: 28
Info (12128): Elaborating entity "altsyncram_d5s3" for hierarchy "fetch:FETCH|my_ROM:U1|altsyncram:altsyncram_component|altsyncram_d5s3:auto_generated" File: c:/intelfpga/20.1/quartus/libraries/megafunctions/altsyncram.tdf Line: 792
Info (12128): Elaborating entity "decode" for hierarchy "decode:DECODE" File: C:/Users/A02395949/Documents/advanced/ECE_6740/Lab8/DLX.vhd Line: 104
Info (12128): Elaborating entity "registers" for hierarchy "decode:DECODE|registers:R" File: C:/Users/A02395949/Documents/advanced/ECE_6740/Lab8/Decode.vhd Line: 38
Info (12128): Elaborating entity "sign_extend" for hierarchy "decode:DECODE|sign_extend:SE" File: C:/Users/A02395949/Documents/advanced/ECE_6740/Lab8/Decode.vhd Line: 51
Info (12128): Elaborating entity "execute" for hierarchy "execute:EXECUTE" File: C:/Users/A02395949/Documents/advanced/ECE_6740/Lab8/DLX.vhd Line: 122
Info (12128): Elaborating entity "PC_mux" for hierarchy "execute:EXECUTE|PC_mux:MUX1" File: C:/Users/A02395949/Documents/advanced/ECE_6740/Lab8/Execute.vhd Line: 44
Info (12128): Elaborating entity "imm_mux" for hierarchy "execute:EXECUTE|imm_mux:MUX2" File: C:/Users/A02395949/Documents/advanced/ECE_6740/Lab8/Execute.vhd Line: 61
Info (12128): Elaborating entity "Zeros" for hierarchy "execute:EXECUTE|Zeros:ZEROS" File: C:/Users/A02395949/Documents/advanced/ECE_6740/Lab8/Execute.vhd Line: 77
Info (12128): Elaborating entity "ALU" for hierarchy "execute:EXECUTE|ALU:ALU" File: C:/Users/A02395949/Documents/advanced/ECE_6740/Lab8/Execute.vhd Line: 89
Info (12128): Elaborating entity "memory" for hierarchy "memory:MEMORY" File: C:/Users/A02395949/Documents/advanced/ECE_6740/Lab8/DLX.vhd Line: 143
Info (12128): Elaborating entity "my_ram" for hierarchy "memory:MEMORY|my_ram:RAM" File: C:/Users/A02395949/Documents/advanced/ECE_6740/Lab8/memory.vhd Line: 28
Info (12128): Elaborating entity "altsyncram" for hierarchy "memory:MEMORY|my_ram:RAM|altsyncram:altsyncram_component" File: C:/Users/A02395949/Documents/advanced/ECE_6740/Lab8/my_ram.vhd Line: 62
Info (12130): Elaborated megafunction instantiation "memory:MEMORY|my_ram:RAM|altsyncram:altsyncram_component" File: C:/Users/A02395949/Documents/advanced/ECE_6740/Lab8/my_ram.vhd Line: 62
Info (12133): Instantiated megafunction "memory:MEMORY|my_ram:RAM|altsyncram:altsyncram_component" with the following parameter: File: C:/Users/A02395949/Documents/advanced/ECE_6740/Lab8/my_ram.vhd Line: 62
    Info (12134): Parameter "address_aclr_a" = "UNUSED"
    Info (12134): Parameter "address_aclr_b" = "NONE"
    Info (12134): Parameter "address_reg_b" = "CLOCK1"
    Info (12134): Parameter "byte_size" = "8"
    Info (12134): Parameter "byteena_aclr_a" = "UNUSED"
    Info (12134): Parameter "byteena_aclr_b" = "NONE"
    Info (12134): Parameter "byteena_reg_b" = "CLOCK1"
    Info (12134): Parameter "clock_enable_core_a" = "USE_INPUT_CLKEN"
    Info (12134): Parameter "clock_enable_core_b" = "USE_INPUT_CLKEN"
    Info (12134): Parameter "clock_enable_input_a" = "BYPASS"
    Info (12134): Parameter "clock_enable_input_b" = "NORMAL"
    Info (12134): Parameter "clock_enable_output_a" = "BYPASS"
    Info (12134): Parameter "clock_enable_output_b" = "NORMAL"
    Info (12134): Parameter "intended_device_family" = "MAX 10"
    Info (12134): Parameter "ecc_pipeline_stage_enabled" = "FALSE"
    Info (12134): Parameter "enable_ecc" = "FALSE"
    Info (12134): Parameter "implement_in_les" = "OFF"
    Info (12134): Parameter "indata_aclr_a" = "UNUSED"
    Info (12134): Parameter "indata_aclr_b" = "NONE"
    Info (12134): Parameter "indata_reg_b" = "CLOCK1"
    Info (12134): Parameter "init_file" = "factorial_data.mif"
    Info (12134): Parameter "init_file_layout" = "PORT_A"
    Info (12134): Parameter "maximum_depth" = "0"
    Info (12134): Parameter "numwords_a" = "1024"
    Info (12134): Parameter "numwords_b" = "0"
    Info (12134): Parameter "operation_mode" = "SINGLE_PORT"
    Info (12134): Parameter "outdata_aclr_a" = "NONE"
    Info (12134): Parameter "outdata_aclr_b" = "NONE"
    Info (12134): Parameter "outdata_reg_a" = "UNREGISTERED"
    Info (12134): Parameter "outdata_reg_b" = "UNREGISTERED"
    Info (12134): Parameter "power_up_uninitialized" = "FALSE"
    Info (12134): Parameter "ram_block_type" = "AUTO"
    Info (12134): Parameter "rdcontrol_aclr_b" = "NONE"
    Info (12134): Parameter "rdcontrol_reg_b" = "CLOCK1"
    Info (12134): Parameter "read_during_write_mode_mixed_ports" = "DONT_CARE"
    Info (12134): Parameter "read_during_write_mode_port_a" = "NEW_DATA_NO_NBE_READ"
    Info (12134): Parameter "read_during_write_mode_port_b" = "NEW_DATA_NO_NBE_READ"
    Info (12134): Parameter "stratixiv_m144k_allow_dual_clocks" = "ON"
    Info (12134): Parameter "width_a" = "32"
    Info (12134): Parameter "width_b" = "1"
    Info (12134): Parameter "width_byteena_a" = "1"
    Info (12134): Parameter "width_byteena_b" = "1"
    Info (12134): Parameter "width_eccstatus" = "3"
    Info (12134): Parameter "widthad_a" = "10"
    Info (12134): Parameter "widthad_b" = "1"
    Info (12134): Parameter "wrcontrol_aclr_a" = "UNUSED"
    Info (12134): Parameter "wrcontrol_aclr_b" = "NONE"
    Info (12134): Parameter "wrcontrol_wraddress_reg_b" = "CLOCK1"
    Info (12134): Parameter "lpm_hint" = "ENABLE_RUNTIME_MOD=NO"
    Info (12134): Parameter "lpm_type" = "altsyncram"
Info (12021): Found 1 design units, including 1 entities, in source file db/altsyncram_29s3.tdf
    Info (12023): Found entity 1: altsyncram_29s3 File: C:/Users/A02395949/Documents/advanced/ECE_6740/Lab8/db/altsyncram_29s3.tdf Line: 28
Info (12128): Elaborating entity "altsyncram_29s3" for hierarchy "memory:MEMORY|my_ram:RAM|altsyncram:altsyncram_component|altsyncram_29s3:auto_generated" File: c:/intelfpga/20.1/quartus/libraries/megafunctions/altsyncram.tdf Line: 792
Info (12128): Elaborating entity "write_back" for hierarchy "write_back:WB" File: C:/Users/A02395949/Documents/advanced/ECE_6740/Lab8/DLX.vhd Line: 157
Info (12128): Elaborating entity "OVERSEER" for hierarchy "OVERSEER:OOO" File: C:/Users/A02395949/Documents/advanced/ECE_6740/Lab8/DLX.vhd Line: 169
Info (12128): Elaborating entity "print_FSM" for hierarchy "print_FSM:FSM" File: C:/Users/A02395949/Documents/advanced/ECE_6740/Lab8/DLX.vhd Line: 190
Warning (10036): Verilog HDL or VHDL warning at print_FSM.vhd(291): object "usedw_word" assigned a value but never read File: C:/Users/A02395949/Documents/advanced/ECE_6740/Lab8/print_FSM.vhd Line: 291
Info (12128): Elaborating entity "fifo_word" for hierarchy "print_FSM:FSM|fifo_word:FIFO1" File: C:/Users/A02395949/Documents/advanced/ECE_6740/Lab8/print_FSM.vhd Line: 316
Info (12128): Elaborating entity "scfifo" for hierarchy "print_FSM:FSM|fifo_word:FIFO1|scfifo:scfifo_component" File: C:/Users/A02395949/Documents/advanced/ECE_6740/Lab8/fifo_word.vhd Line: 103
Info (12130): Elaborated megafunction instantiation "print_FSM:FSM|fifo_word:FIFO1|scfifo:scfifo_component" File: C:/Users/A02395949/Documents/advanced/ECE_6740/Lab8/fifo_word.vhd Line: 103
Info (12133): Instantiated megafunction "print_FSM:FSM|fifo_word:FIFO1|scfifo:scfifo_component" with the following parameter: File: C:/Users/A02395949/Documents/advanced/ECE_6740/Lab8/fifo_word.vhd Line: 103
    Info (12134): Parameter "add_ram_output_register" = "OFF"
    Info (12134): Parameter "almost_full_value" = "254"
    Info (12134): Parameter "intended_device_family" = "MAX 10"
    Info (12134): Parameter "lpm_numwords" = "256"
    Info (12134): Parameter "lpm_showahead" = "OFF"
    Info (12134): Parameter "lpm_type" = "scfifo"
    Info (12134): Parameter "lpm_width" = "38"
    Info (12134): Parameter "lpm_widthu" = "8"
    Info (12134): Parameter "overflow_checking" = "ON"
    Info (12134): Parameter "underflow_checking" = "ON"
    Info (12134): Parameter "use_eab" = "ON"
Info (12021): Found 1 design units, including 1 entities, in source file db/scfifo_4k51.tdf
    Info (12023): Found entity 1: scfifo_4k51 File: C:/Users/A02395949/Documents/advanced/ECE_6740/Lab8/db/scfifo_4k51.tdf Line: 25
Info (12128): Elaborating entity "scfifo_4k51" for hierarchy "print_FSM:FSM|fifo_word:FIFO1|scfifo:scfifo_component|scfifo_4k51:auto_generated" File: c:/intelfpga/20.1/quartus/libraries/megafunctions/scfifo.tdf Line: 300
Info (12021): Found 1 design units, including 1 entities, in source file db/a_dpfifo_jj21.tdf
    Info (12023): Found entity 1: a_dpfifo_jj21 File: C:/Users/A02395949/Documents/advanced/ECE_6740/Lab8/db/a_dpfifo_jj21.tdf Line: 29
Info (12128): Elaborating entity "a_dpfifo_jj21" for hierarchy "print_FSM:FSM|fifo_word:FIFO1|scfifo:scfifo_component|scfifo_4k51:auto_generated|a_dpfifo_jj21:dpfifo" File: C:/Users/A02395949/Documents/advanced/ECE_6740/Lab8/db/scfifo_4k51.tdf Line: 38
Info (12021): Found 1 design units, including 1 entities, in source file db/a_fefifo_08f.tdf
    Info (12023): Found entity 1: a_fefifo_08f File: C:/Users/A02395949/Documents/advanced/ECE_6740/Lab8/db/a_fefifo_08f.tdf Line: 25
Info (12128): Elaborating entity "a_fefifo_08f" for hierarchy "print_FSM:FSM|fifo_word:FIFO1|scfifo:scfifo_component|scfifo_4k51:auto_generated|a_dpfifo_jj21:dpfifo|a_fefifo_08f:fifo_state" File: C:/Users/A02395949/Documents/advanced/ECE_6740/Lab8/db/a_dpfifo_jj21.tdf Line: 42
Info (12021): Found 1 design units, including 1 entities, in source file db/cntr_537.tdf
    Info (12023): Found entity 1: cntr_537 File: C:/Users/A02395949/Documents/advanced/ECE_6740/Lab8/db/cntr_537.tdf Line: 26
Info (12128): Elaborating entity "cntr_537" for hierarchy "print_FSM:FSM|fifo_word:FIFO1|scfifo:scfifo_component|scfifo_4k51:auto_generated|a_dpfifo_jj21:dpfifo|a_fefifo_08f:fifo_state|cntr_537:count_usedw" File: C:/Users/A02395949/Documents/advanced/ECE_6740/Lab8/db/a_fefifo_08f.tdf Line: 39
Info (12021): Found 1 design units, including 1 entities, in source file db/altsyncram_o2m1.tdf
    Info (12023): Found entity 1: altsyncram_o2m1 File: C:/Users/A02395949/Documents/advanced/ECE_6740/Lab8/db/altsyncram_o2m1.tdf Line: 28
Info (12128): Elaborating entity "altsyncram_o2m1" for hierarchy "print_FSM:FSM|fifo_word:FIFO1|scfifo:scfifo_component|scfifo_4k51:auto_generated|a_dpfifo_jj21:dpfifo|altsyncram_o2m1:FIFOram" File: C:/Users/A02395949/Documents/advanced/ECE_6740/Lab8/db/a_dpfifo_jj21.tdf Line: 43
Info (12021): Found 1 design units, including 1 entities, in source file db/cntr_p2b.tdf
    Info (12023): Found entity 1: cntr_p2b File: C:/Users/A02395949/Documents/advanced/ECE_6740/Lab8/db/cntr_p2b.tdf Line: 26
Info (12128): Elaborating entity "cntr_p2b" for hierarchy "print_FSM:FSM|fifo_word:FIFO1|scfifo:scfifo_component|scfifo_4k51:auto_generated|a_dpfifo_jj21:dpfifo|cntr_p2b:rd_ptr_count" File: C:/Users/A02395949/Documents/advanced/ECE_6740/Lab8/db/a_dpfifo_jj21.tdf Line: 44
Info (12128): Elaborating entity "fifo_char" for hierarchy "print_FSM:FSM|fifo_char:FIFO2" File: C:/Users/A02395949/Documents/advanced/ECE_6740/Lab8/print_FSM.vhd Line: 330
Info (12128): Elaborating entity "dcfifo" for hierarchy "print_FSM:FSM|fifo_char:FIFO2|dcfifo:dcfifo_component" File: C:/Users/A02395949/Documents/advanced/ECE_6740/Lab8/fifo_char.vhd Line: 101
Info (12130): Elaborated megafunction instantiation "print_FSM:FSM|fifo_char:FIFO2|dcfifo:dcfifo_component" File: C:/Users/A02395949/Documents/advanced/ECE_6740/Lab8/fifo_char.vhd Line: 101
Info (12133): Instantiated megafunction "print_FSM:FSM|fifo_char:FIFO2|dcfifo:dcfifo_component" with the following parameter: File: C:/Users/A02395949/Documents/advanced/ECE_6740/Lab8/fifo_char.vhd Line: 101
    Info (12134): Parameter "intended_device_family" = "MAX 10"
    Info (12134): Parameter "lpm_numwords" = "256"
    Info (12134): Parameter "lpm_showahead" = "OFF"
    Info (12134): Parameter "lpm_type" = "dcfifo"
    Info (12134): Parameter "lpm_width" = "8"
    Info (12134): Parameter "lpm_widthu" = "8"
    Info (12134): Parameter "overflow_checking" = "ON"
    Info (12134): Parameter "rdsync_delaypipe" = "4"
    Info (12134): Parameter "underflow_checking" = "ON"
    Info (12134): Parameter "use_eab" = "ON"
    Info (12134): Parameter "wrsync_delaypipe" = "4"
Info (12021): Found 1 design units, including 1 entities, in source file db/dcfifo_f1f1.tdf
    Info (12023): Found entity 1: dcfifo_f1f1 File: C:/Users/A02395949/Documents/advanced/ECE_6740/Lab8/db/dcfifo_f1f1.tdf Line: 41
Info (12128): Elaborating entity "dcfifo_f1f1" for hierarchy "print_FSM:FSM|fifo_char:FIFO2|dcfifo:dcfifo_component|dcfifo_f1f1:auto_generated" File: c:/intelfpga/20.1/quartus/libraries/megafunctions/dcfifo.tdf Line: 191
Info (12021): Found 1 design units, including 1 entities, in source file db/a_gray2bin_kra.tdf
    Info (12023): Found entity 1: a_gray2bin_kra File: C:/Users/A02395949/Documents/advanced/ECE_6740/Lab8/db/a_gray2bin_kra.tdf Line: 23
Info (12128): Elaborating entity "a_gray2bin_kra" for hierarchy "print_FSM:FSM|fifo_char:FIFO2|dcfifo:dcfifo_component|dcfifo_f1f1:auto_generated|a_gray2bin_kra:wrptr_g_gray2bin" File: C:/Users/A02395949/Documents/advanced/ECE_6740/Lab8/db/dcfifo_f1f1.tdf Line: 54
Info (12021): Found 1 design units, including 1 entities, in source file db/a_graycounter_h26.tdf
    Info (12023): Found entity 1: a_graycounter_h26 File: C:/Users/A02395949/Documents/advanced/ECE_6740/Lab8/db/a_graycounter_h26.tdf Line: 25
Info (12128): Elaborating entity "a_graycounter_h26" for hierarchy "print_FSM:FSM|fifo_char:FIFO2|dcfifo:dcfifo_component|dcfifo_f1f1:auto_generated|a_graycounter_h26:rdptr_g1p" File: C:/Users/A02395949/Documents/advanced/ECE_6740/Lab8/db/dcfifo_f1f1.tdf Line: 56
Info (12021): Found 1 design units, including 1 entities, in source file db/a_graycounter_dgb.tdf
    Info (12023): Found entity 1: a_graycounter_dgb File: C:/Users/A02395949/Documents/advanced/ECE_6740/Lab8/db/a_graycounter_dgb.tdf Line: 25
Info (12128): Elaborating entity "a_graycounter_dgb" for hierarchy "print_FSM:FSM|fifo_char:FIFO2|dcfifo:dcfifo_component|dcfifo_f1f1:auto_generated|a_graycounter_dgb:wrptr_g1p" File: C:/Users/A02395949/Documents/advanced/ECE_6740/Lab8/db/dcfifo_f1f1.tdf Line: 57
Info (12021): Found 1 design units, including 1 entities, in source file db/altsyncram_qj31.tdf
    Info (12023): Found entity 1: altsyncram_qj31 File: C:/Users/A02395949/Documents/advanced/ECE_6740/Lab8/db/altsyncram_qj31.tdf Line: 28
Info (12128): Elaborating entity "altsyncram_qj31" for hierarchy "print_FSM:FSM|fifo_char:FIFO2|dcfifo:dcfifo_component|dcfifo_f1f1:auto_generated|altsyncram_qj31:fifo_ram" File: C:/Users/A02395949/Documents/advanced/ECE_6740/Lab8/db/dcfifo_f1f1.tdf Line: 58
Info (12021): Found 1 design units, including 1 entities, in source file db/alt_synch_pipe_h9l.tdf
    Info (12023): Found entity 1: alt_synch_pipe_h9l File: C:/Users/A02395949/Documents/advanced/ECE_6740/Lab8/db/alt_synch_pipe_h9l.tdf Line: 27
Info (12128): Elaborating entity "alt_synch_pipe_h9l" for hierarchy "print_FSM:FSM|fifo_char:FIFO2|dcfifo:dcfifo_component|dcfifo_f1f1:auto_generated|alt_synch_pipe_h9l:rs_dgwp" File: C:/Users/A02395949/Documents/advanced/ECE_6740/Lab8/db/dcfifo_f1f1.tdf Line: 65
Info (12021): Found 1 design units, including 1 entities, in source file db/dffpipe_2v8.tdf
    Info (12023): Found entity 1: dffpipe_2v8 File: C:/Users/A02395949/Documents/advanced/ECE_6740/Lab8/db/dffpipe_2v8.tdf Line: 25
Info (12128): Elaborating entity "dffpipe_2v8" for hierarchy "print_FSM:FSM|fifo_char:FIFO2|dcfifo:dcfifo_component|dcfifo_f1f1:auto_generated|alt_synch_pipe_h9l:rs_dgwp|dffpipe_2v8:dffpipe12" File: C:/Users/A02395949/Documents/advanced/ECE_6740/Lab8/db/alt_synch_pipe_h9l.tdf Line: 34
Info (12021): Found 1 design units, including 1 entities, in source file db/dffpipe_1v8.tdf
    Info (12023): Found entity 1: dffpipe_1v8 File: C:/Users/A02395949/Documents/advanced/ECE_6740/Lab8/db/dffpipe_1v8.tdf Line: 25
Info (12128): Elaborating entity "dffpipe_1v8" for hierarchy "print_FSM:FSM|fifo_char:FIFO2|dcfifo:dcfifo_component|dcfifo_f1f1:auto_generated|dffpipe_1v8:ws_brp" File: C:/Users/A02395949/Documents/advanced/ECE_6740/Lab8/db/dcfifo_f1f1.tdf Line: 66
Info (12021): Found 1 design units, including 1 entities, in source file db/alt_synch_pipe_i9l.tdf
    Info (12023): Found entity 1: alt_synch_pipe_i9l File: C:/Users/A02395949/Documents/advanced/ECE_6740/Lab8/db/alt_synch_pipe_i9l.tdf Line: 27
Info (12128): Elaborating entity "alt_synch_pipe_i9l" for hierarchy "print_FSM:FSM|fifo_char:FIFO2|dcfifo:dcfifo_component|dcfifo_f1f1:auto_generated|alt_synch_pipe_i9l:ws_dgrp" File: C:/Users/A02395949/Documents/advanced/ECE_6740/Lab8/db/dcfifo_f1f1.tdf Line: 68
Info (12021): Found 1 design units, including 1 entities, in source file db/dffpipe_3v8.tdf
    Info (12023): Found entity 1: dffpipe_3v8 File: C:/Users/A02395949/Documents/advanced/ECE_6740/Lab8/db/dffpipe_3v8.tdf Line: 25
Info (12128): Elaborating entity "dffpipe_3v8" for hierarchy "print_FSM:FSM|fifo_char:FIFO2|dcfifo:dcfifo_component|dcfifo_f1f1:auto_generated|alt_synch_pipe_i9l:ws_dgrp|dffpipe_3v8:dffpipe16" File: C:/Users/A02395949/Documents/advanced/ECE_6740/Lab8/db/alt_synch_pipe_i9l.tdf Line: 34
Info (12021): Found 1 design units, including 1 entities, in source file db/cmpr_5h5.tdf
    Info (12023): Found entity 1: cmpr_5h5 File: C:/Users/A02395949/Documents/advanced/ECE_6740/Lab8/db/cmpr_5h5.tdf Line: 23
Info (12128): Elaborating entity "cmpr_5h5" for hierarchy "print_FSM:FSM|fifo_char:FIFO2|dcfifo:dcfifo_component|dcfifo_f1f1:auto_generated|cmpr_5h5:rdempty_eq_comp" File: C:/Users/A02395949/Documents/advanced/ECE_6740/Lab8/db/dcfifo_f1f1.tdf Line: 72
Info (12128): Elaborating entity "diva" for hierarchy "print_FSM:FSM|diva:DIVIDER" File: C:/Users/A02395949/Documents/advanced/ECE_6740/Lab8/print_FSM.vhd Line: 344
Info (12128): Elaborating entity "lpm_divide" for hierarchy "print_FSM:FSM|diva:DIVIDER|lpm_divide:LPM_DIVIDE_component" File: C:/Users/A02395949/Documents/advanced/ECE_6740/Lab8/diva.vhd Line: 85
Info (12130): Elaborated megafunction instantiation "print_FSM:FSM|diva:DIVIDER|lpm_divide:LPM_DIVIDE_component" File: C:/Users/A02395949/Documents/advanced/ECE_6740/Lab8/diva.vhd Line: 85
Info (12133): Instantiated megafunction "print_FSM:FSM|diva:DIVIDER|lpm_divide:LPM_DIVIDE_component" with the following parameter: File: C:/Users/A02395949/Documents/advanced/ECE_6740/Lab8/diva.vhd Line: 85
    Info (12134): Parameter "lpm_drepresentation" = "UNSIGNED"
    Info (12134): Parameter "lpm_hint" = "MAXIMIZE_SPEED=6,LPM_REMAINDERPOSITIVE=TRUE"
    Info (12134): Parameter "lpm_nrepresentation" = "UNSIGNED"
    Info (12134): Parameter "lpm_pipeline" = "4"
    Info (12134): Parameter "lpm_type" = "LPM_DIVIDE"
    Info (12134): Parameter "lpm_widthd" = "32"
    Info (12134): Parameter "lpm_widthn" = "32"
Info (12021): Found 1 design units, including 1 entities, in source file db/lpm_divide_ous.tdf
    Info (12023): Found entity 1: lpm_divide_ous File: C:/Users/A02395949/Documents/advanced/ECE_6740/Lab8/db/lpm_divide_ous.tdf Line: 25
Info (12128): Elaborating entity "lpm_divide_ous" for hierarchy "print_FSM:FSM|diva:DIVIDER|lpm_divide:LPM_DIVIDE_component|lpm_divide_ous:auto_generated" File: c:/intelfpga/20.1/quartus/libraries/megafunctions/lpm_divide.tdf Line: 148
Info (12021): Found 1 design units, including 1 entities, in source file db/sign_div_unsign_q8i.tdf
    Info (12023): Found entity 1: sign_div_unsign_q8i File: C:/Users/A02395949/Documents/advanced/ECE_6740/Lab8/db/sign_div_unsign_q8i.tdf Line: 25
Info (12128): Elaborating entity "sign_div_unsign_q8i" for hierarchy "print_FSM:FSM|diva:DIVIDER|lpm_divide:LPM_DIVIDE_component|lpm_divide_ous:auto_generated|sign_div_unsign_q8i:divider" File: C:/Users/A02395949/Documents/advanced/ECE_6740/Lab8/db/lpm_divide_ous.tdf Line: 34
Info (12021): Found 1 design units, including 1 entities, in source file db/alt_u_div_d6f.tdf
    Info (12023): Found entity 1: alt_u_div_d6f File: C:/Users/A02395949/Documents/advanced/ECE_6740/Lab8/db/alt_u_div_d6f.tdf Line: 32
Info (12128): Elaborating entity "alt_u_div_d6f" for hierarchy "print_FSM:FSM|diva:DIVIDER|lpm_divide:LPM_DIVIDE_component|lpm_divide_ous:auto_generated|sign_div_unsign_q8i:divider|alt_u_div_d6f:divider" File: C:/Users/A02395949/Documents/advanced/ECE_6740/Lab8/db/sign_div_unsign_q8i.tdf Line: 34
Info (12021): Found 1 design units, including 1 entities, in source file db/add_sub_t3c.tdf
    Info (12023): Found entity 1: add_sub_t3c File: C:/Users/A02395949/Documents/advanced/ECE_6740/Lab8/db/add_sub_t3c.tdf Line: 23
Info (12128): Elaborating entity "add_sub_t3c" for hierarchy "print_FSM:FSM|diva:DIVIDER|lpm_divide:LPM_DIVIDE_component|lpm_divide_ous:auto_generated|sign_div_unsign_q8i:divider|alt_u_div_d6f:divider|add_sub_t3c:add_sub_0" File: C:/Users/A02395949/Documents/advanced/ECE_6740/Lab8/db/alt_u_div_d6f.tdf Line: 48
Info (12021): Found 1 design units, including 1 entities, in source file db/add_sub_u3c.tdf
    Info (12023): Found entity 1: add_sub_u3c File: C:/Users/A02395949/Documents/advanced/ECE_6740/Lab8/db/add_sub_u3c.tdf Line: 23
Info (12128): Elaborating entity "add_sub_u3c" for hierarchy "print_FSM:FSM|diva:DIVIDER|lpm_divide:LPM_DIVIDE_component|lpm_divide_ous:auto_generated|sign_div_unsign_q8i:divider|alt_u_div_d6f:divider|add_sub_u3c:add_sub_1" File: C:/Users/A02395949/Documents/advanced/ECE_6740/Lab8/db/alt_u_div_d6f.tdf Line: 49
Info (12128): Elaborating entity "UART_trans" for hierarchy "print_FSM:FSM|UART_trans:U" File: C:/Users/A02395949/Documents/advanced/ECE_6740/Lab8/print_FSM.vhd Line: 354
Info (12128): Elaborating entity "pll" for hierarchy "pll:PLLTX" File: C:/Users/A02395949/Documents/advanced/ECE_6740/Lab8/DLX.vhd Line: 208
Info (12128): Elaborating entity "altpll" for hierarchy "pll:PLLTX|altpll:altpll_component" File: C:/Users/A02395949/Documents/advanced/ECE_6740/Lab8/pll.vhd Line: 149
Info (12130): Elaborated megafunction instantiation "pll:PLLTX|altpll:altpll_component" File: C:/Users/A02395949/Documents/advanced/ECE_6740/Lab8/pll.vhd Line: 149
Info (12133): Instantiated megafunction "pll:PLLTX|altpll:altpll_component" with the following parameter: File: C:/Users/A02395949/Documents/advanced/ECE_6740/Lab8/pll.vhd Line: 149
    Info (12134): Parameter "bandwidth_type" = "AUTO"
    Info (12134): Parameter "clk0_divide_by" = "15625"
    Info (12134): Parameter "clk0_duty_cycle" = "50"
    Info (12134): Parameter "clk0_multiply_by" = "48"
    Info (12134): Parameter "clk0_phase_shift" = "0"
    Info (12134): Parameter "clk1_divide_by" = "15625"
    Info (12134): Parameter "clk1_duty_cycle" = "50"
    Info (12134): Parameter "clk1_multiply_by" = "36"
    Info (12134): Parameter "clk1_phase_shift" = "0"
    Info (12134): Parameter "compensate_clock" = "CLK0"
    Info (12134): Parameter "inclk0_input_frequency" = "20000"
    Info (12134): Parameter "intended_device_family" = "MAX 10"
    Info (12134): Parameter "lpm_hint" = "CBX_MODULE_PREFIX=pll"
    Info (12134): Parameter "lpm_type" = "altpll"
    Info (12134): Parameter "operation_mode" = "NORMAL"
    Info (12134): Parameter "pll_type" = "AUTO"
    Info (12134): Parameter "port_activeclock" = "PORT_UNUSED"
    Info (12134): Parameter "port_areset" = "PORT_USED"
    Info (12134): Parameter "port_clkbad0" = "PORT_UNUSED"
    Info (12134): Parameter "port_clkbad1" = "PORT_UNUSED"
    Info (12134): Parameter "port_clkloss" = "PORT_UNUSED"
    Info (12134): Parameter "port_clkswitch" = "PORT_UNUSED"
    Info (12134): Parameter "port_configupdate" = "PORT_UNUSED"
    Info (12134): Parameter "port_fbin" = "PORT_UNUSED"
    Info (12134): Parameter "port_inclk0" = "PORT_USED"
    Info (12134): Parameter "port_inclk1" = "PORT_UNUSED"
    Info (12134): Parameter "port_locked" = "PORT_USED"
    Info (12134): Parameter "port_pfdena" = "PORT_UNUSED"
    Info (12134): Parameter "port_phasecounterselect" = "PORT_UNUSED"
    Info (12134): Parameter "port_phasedone" = "PORT_UNUSED"
    Info (12134): Parameter "port_phasestep" = "PORT_UNUSED"
    Info (12134): Parameter "port_phaseupdown" = "PORT_UNUSED"
    Info (12134): Parameter "port_pllena" = "PORT_UNUSED"
    Info (12134): Parameter "port_scanaclr" = "PORT_UNUSED"
    Info (12134): Parameter "port_scanclk" = "PORT_UNUSED"
    Info (12134): Parameter "port_scanclkena" = "PORT_UNUSED"
    Info (12134): Parameter "port_scandata" = "PORT_UNUSED"
    Info (12134): Parameter "port_scandataout" = "PORT_UNUSED"
    Info (12134): Parameter "port_scandone" = "PORT_UNUSED"
    Info (12134): Parameter "port_scanread" = "PORT_UNUSED"
    Info (12134): Parameter "port_scanwrite" = "PORT_UNUSED"
    Info (12134): Parameter "port_clk0" = "PORT_USED"
    Info (12134): Parameter "port_clk1" = "PORT_USED"
    Info (12134): Parameter "port_clk2" = "PORT_UNUSED"
    Info (12134): Parameter "port_clk3" = "PORT_UNUSED"
    Info (12134): Parameter "port_clk4" = "PORT_UNUSED"
    Info (12134): Parameter "port_clk5" = "PORT_UNUSED"
    Info (12134): Parameter "port_clkena0" = "PORT_UNUSED"
    Info (12134): Parameter "port_clkena1" = "PORT_UNUSED"
    Info (12134): Parameter "port_clkena2" = "PORT_UNUSED"
    Info (12134): Parameter "port_clkena3" = "PORT_UNUSED"
    Info (12134): Parameter "port_clkena4" = "PORT_UNUSED"
    Info (12134): Parameter "port_clkena5" = "PORT_UNUSED"
    Info (12134): Parameter "port_extclk0" = "PORT_UNUSED"
    Info (12134): Parameter "port_extclk1" = "PORT_UNUSED"
    Info (12134): Parameter "port_extclk2" = "PORT_UNUSED"
    Info (12134): Parameter "port_extclk3" = "PORT_UNUSED"
    Info (12134): Parameter "self_reset_on_loss_lock" = "OFF"
    Info (12134): Parameter "width_clock" = "5"
Info (12021): Found 1 design units, including 1 entities, in source file db/pll_altpll.v
    Info (12023): Found entity 1: pll_altpll File: C:/Users/A02395949/Documents/advanced/ECE_6740/Lab8/db/pll_altpll.v Line: 31
Info (12128): Elaborating entity "pll_altpll" for hierarchy "pll:PLLTX|altpll:altpll_component|pll_altpll:auto_generated" File: c:/intelfpga/20.1/quartus/libraries/megafunctions/altpll.tdf Line: 898
Warning (276020): Inferred RAM node "decode:DECODE|registers:R|ram_block_rtl_0" from synchronous design logic.  Pass-through logic has been added to match the read-during-write behavior of the original design.
Warning (276020): Inferred RAM node "decode:DECODE|registers:R|ram_block_rtl_1" from synchronous design logic.  Pass-through logic has been added to match the read-during-write behavior of the original design.
Info (276014): Found 1 instances of uninferred RAM logic
    Info (276007): RAM logic "print_FSM:FSM|stack" is uninferred due to asynchronous read logic File: C:/Users/A02395949/Documents/advanced/ECE_6740/Lab8/print_FSM.vhd Line: 283
Warning (113028): 5 out of 16 addresses are uninitialized. The Quartus Prime software will initialize them to "0". There are 1 warnings found, and 1 warnings are reported. File: C:/Users/A02395949/Documents/advanced/ECE_6740/Lab8/db/DLX.ram0_print_FSM_25549603.hdl.mif Line: 1
    Warning (113027): Addresses ranging from 11 to 15 are not initialized File: C:/Users/A02395949/Documents/advanced/ECE_6740/Lab8/db/DLX.ram0_print_FSM_25549603.hdl.mif Line: 1
Info (19000): Inferred 3 megafunctions from design logic
    Info (276029): Inferred altsyncram megafunction from the following design logic: "decode:DECODE|registers:R|ram_block_rtl_0" 
        Info (286033): Parameter OPERATION_MODE set to DUAL_PORT
        Info (286033): Parameter WIDTH_A set to 32
        Info (286033): Parameter WIDTHAD_A set to 5
        Info (286033): Parameter NUMWORDS_A set to 32
        Info (286033): Parameter WIDTH_B set to 32
        Info (286033): Parameter WIDTHAD_B set to 5
        Info (286033): Parameter NUMWORDS_B set to 32
        Info (286033): Parameter ADDRESS_ACLR_A set to NONE
        Info (286033): Parameter OUTDATA_REG_B set to UNREGISTERED
        Info (286033): Parameter ADDRESS_ACLR_B set to NONE
        Info (286033): Parameter OUTDATA_ACLR_B set to NONE
        Info (286033): Parameter ADDRESS_REG_B set to CLOCK0
        Info (286033): Parameter INDATA_ACLR_A set to NONE
        Info (286033): Parameter WRCONTROL_ACLR_A set to NONE
        Info (286033): Parameter INIT_FILE set to db/DLX.ram0_registers_6989617c.hdl.mif
    Info (276029): Inferred altsyncram megafunction from the following design logic: "decode:DECODE|registers:R|ram_block_rtl_1" 
        Info (286033): Parameter OPERATION_MODE set to DUAL_PORT
        Info (286033): Parameter WIDTH_A set to 32
        Info (286033): Parameter WIDTHAD_A set to 5
        Info (286033): Parameter NUMWORDS_A set to 32
        Info (286033): Parameter WIDTH_B set to 32
        Info (286033): Parameter WIDTHAD_B set to 5
        Info (286033): Parameter NUMWORDS_B set to 32
        Info (286033): Parameter ADDRESS_ACLR_A set to NONE
        Info (286033): Parameter OUTDATA_REG_B set to UNREGISTERED
        Info (286033): Parameter ADDRESS_ACLR_B set to NONE
        Info (286033): Parameter OUTDATA_ACLR_B set to NONE
        Info (286033): Parameter ADDRESS_REG_B set to CLOCK0
        Info (286033): Parameter INDATA_ACLR_A set to NONE
        Info (286033): Parameter WRCONTROL_ACLR_A set to NONE
        Info (286033): Parameter INIT_FILE set to db/DLX.ram0_registers_6989617c.hdl.mif
    Info (276034): Inferred altshift_taps megafunction from the following design logic: "print_FSM:FSM|diva:DIVIDER|lpm_divide:LPM_DIVIDE_component|lpm_divide_ous:auto_generated|sign_div_unsign_q8i:divider|alt_u_div_d6f:divider|DFFQuotient_rtl_0"
        Info (286033): Parameter NUMBER_OF_TAPS set to 1
        Info (286033): Parameter TAP_DISTANCE set to 3
        Info (286033): Parameter WIDTH set to 16
Info (12130): Elaborated megafunction instantiation "decode:DECODE|registers:R|altsyncram:ram_block_rtl_0"
Info (12133): Instantiated megafunction "decode:DECODE|registers:R|altsyncram:ram_block_rtl_0" with the following parameter:
    Info (12134): Parameter "OPERATION_MODE" = "DUAL_PORT"
    Info (12134): Parameter "WIDTH_A" = "32"
    Info (12134): Parameter "WIDTHAD_A" = "5"
    Info (12134): Parameter "NUMWORDS_A" = "32"
    Info (12134): Parameter "WIDTH_B" = "32"
    Info (12134): Parameter "WIDTHAD_B" = "5"
    Info (12134): Parameter "NUMWORDS_B" = "32"
    Info (12134): Parameter "ADDRESS_ACLR_A" = "NONE"
    Info (12134): Parameter "OUTDATA_REG_B" = "UNREGISTERED"
    Info (12134): Parameter "ADDRESS_ACLR_B" = "NONE"
    Info (12134): Parameter "OUTDATA_ACLR_B" = "NONE"
    Info (12134): Parameter "ADDRESS_REG_B" = "CLOCK0"
    Info (12134): Parameter "INDATA_ACLR_A" = "NONE"
    Info (12134): Parameter "WRCONTROL_ACLR_A" = "NONE"
    Info (12134): Parameter "INIT_FILE" = "db/DLX.ram0_registers_6989617c.hdl.mif"
Info (12021): Found 1 design units, including 1 entities, in source file db/altsyncram_23g1.tdf
    Info (12023): Found entity 1: altsyncram_23g1 File: C:/Users/A02395949/Documents/advanced/ECE_6740/Lab8/db/altsyncram_23g1.tdf Line: 28
Info (12130): Elaborated megafunction instantiation "print_FSM:FSM|diva:DIVIDER|lpm_divide:LPM_DIVIDE_component|lpm_divide_ous:auto_generated|sign_div_unsign_q8i:divider|alt_u_div_d6f:divider|altshift_taps:DFFQuotient_rtl_0"
Info (12133): Instantiated megafunction "print_FSM:FSM|diva:DIVIDER|lpm_divide:LPM_DIVIDE_component|lpm_divide_ous:auto_generated|sign_div_unsign_q8i:divider|alt_u_div_d6f:divider|altshift_taps:DFFQuotient_rtl_0" with the following parameter:
    Info (12134): Parameter "NUMBER_OF_TAPS" = "1"
    Info (12134): Parameter "TAP_DISTANCE" = "3"
    Info (12134): Parameter "WIDTH" = "16"
Info (12021): Found 1 design units, including 1 entities, in source file db/shift_taps_53o.tdf
    Info (12023): Found entity 1: shift_taps_53o File: C:/Users/A02395949/Documents/advanced/ECE_6740/Lab8/db/shift_taps_53o.tdf Line: 29
Info (12021): Found 1 design units, including 1 entities, in source file db/altsyncram_pv21.tdf
    Info (12023): Found entity 1: altsyncram_pv21 File: C:/Users/A02395949/Documents/advanced/ECE_6740/Lab8/db/altsyncram_pv21.tdf Line: 28
Info (12021): Found 1 design units, including 1 entities, in source file db/add_sub_oed.tdf
    Info (12023): Found entity 1: add_sub_oed File: C:/Users/A02395949/Documents/advanced/ECE_6740/Lab8/db/add_sub_oed.tdf Line: 23
Info (12021): Found 1 design units, including 1 entities, in source file db/cntr_s3f.tdf
    Info (12023): Found entity 1: cntr_s3f File: C:/Users/A02395949/Documents/advanced/ECE_6740/Lab8/db/cntr_s3f.tdf Line: 25
Info (12021): Found 1 design units, including 1 entities, in source file db/cmpr_erb.tdf
    Info (12023): Found entity 1: cmpr_erb File: C:/Users/A02395949/Documents/advanced/ECE_6740/Lab8/db/cmpr_erb.tdf Line: 23
Warning (13034): The following nodes have both tri-state and non-tri-state drivers
    Warning (13035): Inserted always-enabled tri-state buffer between "GPIO[1]" and its non-tri-state driver. File: C:/Users/A02395949/Documents/advanced/ECE_6740/Lab8/DLX.vhd Line: 13
Warning (13039): The following bidirectional pins have no drivers
    Warning (13040): bidirectional pin "GPIO[0]" has no driver File: C:/Users/A02395949/Documents/advanced/ECE_6740/Lab8/DLX.vhd Line: 13
    Warning (13040): bidirectional pin "GPIO[2]" has no driver File: C:/Users/A02395949/Documents/advanced/ECE_6740/Lab8/DLX.vhd Line: 13
    Warning (13040): bidirectional pin "GPIO[3]" has no driver File: C:/Users/A02395949/Documents/advanced/ECE_6740/Lab8/DLX.vhd Line: 13
    Warning (13040): bidirectional pin "GPIO[4]" has no driver File: C:/Users/A02395949/Documents/advanced/ECE_6740/Lab8/DLX.vhd Line: 13
    Warning (13040): bidirectional pin "GPIO[5]" has no driver File: C:/Users/A02395949/Documents/advanced/ECE_6740/Lab8/DLX.vhd Line: 13
    Warning (13040): bidirectional pin "GPIO[6]" has no driver File: C:/Users/A02395949/Documents/advanced/ECE_6740/Lab8/DLX.vhd Line: 13
    Warning (13040): bidirectional pin "GPIO[7]" has no driver File: C:/Users/A02395949/Documents/advanced/ECE_6740/Lab8/DLX.vhd Line: 13
    Warning (13040): bidirectional pin "GPIO[8]" has no driver File: C:/Users/A02395949/Documents/advanced/ECE_6740/Lab8/DLX.vhd Line: 13
    Warning (13040): bidirectional pin "GPIO[9]" has no driver File: C:/Users/A02395949/Documents/advanced/ECE_6740/Lab8/DLX.vhd Line: 13
    Warning (13040): bidirectional pin "GPIO[10]" has no driver File: C:/Users/A02395949/Documents/advanced/ECE_6740/Lab8/DLX.vhd Line: 13
    Warning (13040): bidirectional pin "GPIO[11]" has no driver File: C:/Users/A02395949/Documents/advanced/ECE_6740/Lab8/DLX.vhd Line: 13
    Warning (13040): bidirectional pin "GPIO[12]" has no driver File: C:/Users/A02395949/Documents/advanced/ECE_6740/Lab8/DLX.vhd Line: 13
    Warning (13040): bidirectional pin "GPIO[13]" has no driver File: C:/Users/A02395949/Documents/advanced/ECE_6740/Lab8/DLX.vhd Line: 13
    Warning (13040): bidirectional pin "GPIO[14]" has no driver File: C:/Users/A02395949/Documents/advanced/ECE_6740/Lab8/DLX.vhd Line: 13
    Warning (13040): bidirectional pin "GPIO[15]" has no driver File: C:/Users/A02395949/Documents/advanced/ECE_6740/Lab8/DLX.vhd Line: 13
    Warning (13040): bidirectional pin "GPIO[16]" has no driver File: C:/Users/A02395949/Documents/advanced/ECE_6740/Lab8/DLX.vhd Line: 13
    Warning (13040): bidirectional pin "GPIO[17]" has no driver File: C:/Users/A02395949/Documents/advanced/ECE_6740/Lab8/DLX.vhd Line: 13
    Warning (13040): bidirectional pin "GPIO[18]" has no driver File: C:/Users/A02395949/Documents/advanced/ECE_6740/Lab8/DLX.vhd Line: 13
    Warning (13040): bidirectional pin "GPIO[19]" has no driver File: C:/Users/A02395949/Documents/advanced/ECE_6740/Lab8/DLX.vhd Line: 13
    Warning (13040): bidirectional pin "GPIO[20]" has no driver File: C:/Users/A02395949/Documents/advanced/ECE_6740/Lab8/DLX.vhd Line: 13
    Warning (13040): bidirectional pin "GPIO[21]" has no driver File: C:/Users/A02395949/Documents/advanced/ECE_6740/Lab8/DLX.vhd Line: 13
    Warning (13040): bidirectional pin "GPIO[22]" has no driver File: C:/Users/A02395949/Documents/advanced/ECE_6740/Lab8/DLX.vhd Line: 13
    Warning (13040): bidirectional pin "GPIO[23]" has no driver File: C:/Users/A02395949/Documents/advanced/ECE_6740/Lab8/DLX.vhd Line: 13
    Warning (13040): bidirectional pin "GPIO[24]" has no driver File: C:/Users/A02395949/Documents/advanced/ECE_6740/Lab8/DLX.vhd Line: 13
    Warning (13040): bidirectional pin "GPIO[25]" has no driver File: C:/Users/A02395949/Documents/advanced/ECE_6740/Lab8/DLX.vhd Line: 13
    Warning (13040): bidirectional pin "GPIO[26]" has no driver File: C:/Users/A02395949/Documents/advanced/ECE_6740/Lab8/DLX.vhd Line: 13
    Warning (13040): bidirectional pin "GPIO[27]" has no driver File: C:/Users/A02395949/Documents/advanced/ECE_6740/Lab8/DLX.vhd Line: 13
    Warning (13040): bidirectional pin "GPIO[28]" has no driver File: C:/Users/A02395949/Documents/advanced/ECE_6740/Lab8/DLX.vhd Line: 13
    Warning (13040): bidirectional pin "GPIO[29]" has no driver File: C:/Users/A02395949/Documents/advanced/ECE_6740/Lab8/DLX.vhd Line: 13
    Warning (13040): bidirectional pin "GPIO[30]" has no driver File: C:/Users/A02395949/Documents/advanced/ECE_6740/Lab8/DLX.vhd Line: 13
    Warning (13040): bidirectional pin "GPIO[31]" has no driver File: C:/Users/A02395949/Documents/advanced/ECE_6740/Lab8/DLX.vhd Line: 13
    Warning (13040): bidirectional pin "GPIO[32]" has no driver File: C:/Users/A02395949/Documents/advanced/ECE_6740/Lab8/DLX.vhd Line: 13
    Warning (13040): bidirectional pin "GPIO[33]" has no driver File: C:/Users/A02395949/Documents/advanced/ECE_6740/Lab8/DLX.vhd Line: 13
    Warning (13040): bidirectional pin "GPIO[34]" has no driver File: C:/Users/A02395949/Documents/advanced/ECE_6740/Lab8/DLX.vhd Line: 13
    Warning (13040): bidirectional pin "GPIO[35]" has no driver File: C:/Users/A02395949/Documents/advanced/ECE_6740/Lab8/DLX.vhd Line: 13
Warning (13009): TRI or OPNDRN buffers permanently enabled
    Warning (13010): Node "GPIO[1]~synth" File: C:/Users/A02395949/Documents/advanced/ECE_6740/Lab8/DLX.vhd Line: 13
Info (286030): Timing-Driven Synthesis is running
Info (17049): 2 registers lost all their fanouts during netlist optimizations.
Info (16010): Generating hard_block partition "hard_block:auto_generated_inst"
    Info (16011): Adding 1 node(s), including 0 DDIO, 1 PLL, 0 transceiver and 0 LCELL
Warning (15897): PLL "pll:PLLTX|altpll:altpll_component|pll_altpll:auto_generated|pll1" has parameter compensate_clock set to clock0 but port CLK[0] is not connected File: C:/Users/A02395949/Documents/advanced/ECE_6740/Lab8/db/pll_altpll.v Line: 51
Warning (15899): PLL "pll:PLLTX|altpll:altpll_component|pll_altpll:auto_generated|pll1" has parameters clk0_multiply_by and clk0_divide_by specified but port CLK[0] is not connected File: C:/Users/A02395949/Documents/advanced/ECE_6740/Lab8/db/pll_altpll.v Line: 51
Warning (21074): Design contains 3 input pin(s) that do not drive logic
    Warning (15610): No output dependent on input pin "KEY[1]" File: C:/Users/A02395949/Documents/advanced/ECE_6740/Lab8/DLX.vhd Line: 9
    Warning (15610): No output dependent on input pin "ADC_CLK_10" File: C:/Users/A02395949/Documents/advanced/ECE_6740/Lab8/DLX.vhd Line: 10
    Warning (15610): No output dependent on input pin "MAX10_CLK2_50" File: C:/Users/A02395949/Documents/advanced/ECE_6740/Lab8/DLX.vhd Line: 12
Info (21057): Implemented 3531 device resources after synthesis - the final resource count might be different
    Info (21058): Implemented 5 input pins
    Info (21059): Implemented 0 output pins
    Info (21060): Implemented 36 bidirectional pins
    Info (21061): Implemented 3299 logic cells
    Info (21064): Implemented 190 RAM segments
    Info (21065): Implemented 1 PLLs
Info: Quartus Prime Analysis & Synthesis was successful. 0 errors, 58 warnings
    Info: Peak virtual memory: 5026 megabytes
    Info: Processing ended: Thu Mar 19 00:08:34 2026
    Info: Elapsed time: 00:00:13
    Info: Total CPU time (on all processors): 00:00:17


