Fitter report for DLX
Thu Mar 19 00:08:48 2026
Quartus Prime Version 24.1std.0 Build 1077 03/04/2025 SC Lite Edition


---------------------
; Table of Contents ;
---------------------
  1. Legal Notice
  2. Fitter Summary
  3. Fitter Settings
  4. Parallel Compilation
  5. Ignored Assignments
  6. Incremental Compilation Preservation Summary
  7. Incremental Compilation Partition Settings
  8. Incremental Compilation Placement Preservation
  9. Pin-Out File
 10. Fitter Resource Usage Summary
 11. Fitter Partition Statistics
 12. Input Pins
 13. Bidir Pins
 14. Dual Purpose and Dedicated Pins
 15. I/O Bank Usage
 16. All Package Pins
 17. PLL Summary
 18. PLL Usage
 19. I/O Assignment Warnings
 20. Fitter Resource Utilization by Entity
 21. Delay Chain Summary
 22. Pad To Core Delay Chain Fanout
 23. Control Signals
 24. Global & Other Fast Signals
 25. Fitter RAM Summary
 26. |DLX|decode:DECODE|registers:R|altsyncram:ram_block_rtl_0|altsyncram_23g1:auto_generated|ALTSYNCRAM
 27. |DLX|memory:MEMORY|my_ram:RAM|altsyncram:altsyncram_component|altsyncram_29s3:auto_generated|ALTSYNCRAM
 28. |DLX|fetch:FETCH|my_ROM:U1|altsyncram:altsyncram_component|altsyncram_d5s3:auto_generated|ALTSYNCRAM
 29. |DLX|decode:DECODE|registers:R|altsyncram:ram_block_rtl_1|altsyncram_23g1:auto_generated|ALTSYNCRAM
 30. Routing Usage Summary
 31. LAB Logic Elements
 32. LAB-wide Signals
 33. LAB Signals Sourced
 34. LAB Signals Sourced Out
 35. LAB Distinct Inputs
 36. I/O Rules Summary
 37. I/O Rules Details
 38. I/O Rules Matrix
 39. Fitter Device Options
 40. Operating Settings and Conditions
 41. Estimated Delay Added for Hold Timing Summary
 42. Estimated Delay Added for Hold Timing Details
 43. Fitter Messages
 44. Fitter Suppressed Messages



----------------
; Legal Notice ;
----------------
Copyright (C) 2025  Altera Corporation. All rights reserved.
Your use of Altera Corporation's design tools, logic functions 
and other software and tools, and any partner logic 
functions, and any output files from any of the foregoing 
(including device programming or simulation files), and any 
associated documentation or information are expressly subject 
to the terms and conditions of the Altera Program License 
Subscription Agreement, the Altera Quartus Prime License Agreement,
the Altera IP License Agreement, or other applicable license
agreement, including, without limitation, that your use is for
the sole purpose of programming logic devices manufactured by
Altera and sold by Altera or its authorized distributors.  Please
refer to the Altera Software License Subscription Agreements 
on the Quartus Prime software download page.



+--------------------------------------------------------------------------------------+
; Fitter Summary                                                                       ;
+------------------------------------+-------------------------------------------------+
; Fitter Status                      ; Successful - Thu Mar 19 00:08:47 2026           ;
; Quartus Prime Version              ; 24.1std.0 Build 1077 03/04/2025 SC Lite Edition ;
; Revision Name                      ; DLX                                             ;
; Top-level Entity Name              ; DLX                                             ;
; Family                             ; MAX 10                                          ;
; Device                             ; 10M50DAF484C7G                                  ;
; Timing Models                      ; Final                                           ;
; Total logic elements               ; 3,045 / 49,760 ( 6 % )                          ;
;     Total combinational functions  ; 2,833 / 49,760 ( 6 % )                          ;
;     Dedicated logic registers      ; 757 / 49,760 ( 2 % )                            ;
; Total registers                    ; 757                                             ;
; Total pins                         ; 41 / 360 ( 11 % )                               ;
; Total virtual pins                 ; 0                                               ;
; Total memory bits                  ; 79,408 / 1,677,312 ( 5 % )                      ;
; Embedded Multiplier 9-bit elements ; 0 / 288 ( 0 % )                                 ;
; Total PLLs                         ; 1 / 4 ( 25 % )                                  ;
; UFM blocks                         ; 0 / 1 ( 0 % )                                   ;
; ADC blocks                         ; 0 / 2 ( 0 % )                                   ;
+------------------------------------+-------------------------------------------------+


+----------------------------------------------------------------------------------------------------------------------------------------------------+
; Fitter Settings                                                                                                                                    ;
+--------------------------------------------------------------------+---------------------------------------+---------------------------------------+
; Option                                                             ; Setting                               ; Default Value                         ;
+--------------------------------------------------------------------+---------------------------------------+---------------------------------------+
; Device                                                             ; 10M50DAF484C7G                        ;                                       ;
; Minimum Core Junction Temperature                                  ; 0                                     ;                                       ;
; Maximum Core Junction Temperature                                  ; 85                                    ;                                       ;
; Fit Attempts to Skip                                               ; 0                                     ; 0.0                                   ;
; Use smart compilation                                              ; Off                                   ; Off                                   ;
; Enable parallel Assembler and Timing Analyzer during compilation   ; On                                    ; On                                    ;
; Enable compact report table                                        ; Off                                   ; Off                                   ;
; Auto Merge PLLs                                                    ; On                                    ; On                                    ;
; Router Timing Optimization Level                                   ; Normal                                ; Normal                                ;
; Perform Clocking Topology Analysis During Routing                  ; Off                                   ; Off                                   ;
; Placement Effort Multiplier                                        ; 1.0                                   ; 1.0                                   ;
; Router Effort Multiplier                                           ; 1.0                                   ; 1.0                                   ;
; Optimize Hold Timing                                               ; All Paths                             ; All Paths                             ;
; Optimize Multi-Corner Timing                                       ; On                                    ; On                                    ;
; Power Optimization During Fitting                                  ; Normal compilation                    ; Normal compilation                    ;
; SSN Optimization                                                   ; Off                                   ; Off                                   ;
; Optimize Timing                                                    ; Normal compilation                    ; Normal compilation                    ;
; Optimize Timing for ECOs                                           ; Off                                   ; Off                                   ;
; Regenerate Full Fit Report During ECO Compiles                     ; Off                                   ; Off                                   ;
; Optimize IOC Register Placement for Timing                         ; Normal                                ; Normal                                ;
; Final Placement Optimizations                                      ; Automatically                         ; Automatically                         ;
; Fitter Initial Placement Seed                                      ; 1                                     ; 1                                     ;
; Periphery to Core Placement and Routing Optimization               ; Off                                   ; Off                                   ;
; PCI I/O                                                            ; Off                                   ; Off                                   ;
; Weak Pull-Up Resistor                                              ; Off                                   ; Off                                   ;
; Enable Bus-Hold Circuitry                                          ; Off                                   ; Off                                   ;
; Auto Packed Registers                                              ; Auto                                  ; Auto                                  ;
; Auto Delay Chains                                                  ; On                                    ; On                                    ;
; Auto Delay Chains for High Fanout Input Pins                       ; Off                                   ; Off                                   ;
; Allow Single-ended Buffer for Differential-XSTL Input              ; Off                                   ; Off                                   ;
; Treat Bidirectional Pin as Output Pin                              ; Off                                   ; Off                                   ;
; Perform Physical Synthesis for Combinational Logic for Fitting     ; Off                                   ; Off                                   ;
; Perform Physical Synthesis for Combinational Logic for Performance ; Off                                   ; Off                                   ;
; Perform Register Duplication for Performance                       ; Off                                   ; Off                                   ;
; Perform Logic to Memory Mapping for Fitting                        ; Off                                   ; Off                                   ;
; Perform Register Retiming for Performance                          ; Off                                   ; Off                                   ;
; Perform Asynchronous Signal Pipelining                             ; Off                                   ; Off                                   ;
; Fitter Effort                                                      ; Auto Fit                              ; Auto Fit                              ;
; Physical Synthesis Effort Level                                    ; Normal                                ; Normal                                ;
; Logic Cell Insertion - Logic Duplication                           ; Auto                                  ; Auto                                  ;
; Auto Register Duplication                                          ; Auto                                  ; Auto                                  ;
; Auto Global Clock                                                  ; On                                    ; On                                    ;
; Auto Global Register Control Signals                               ; On                                    ; On                                    ;
; Reserve all unused pins                                            ; As input tri-stated with weak pull-up ; As input tri-stated with weak pull-up ;
; Synchronizer Identification                                        ; Auto                                  ; Auto                                  ;
; Enable Beneficial Skew Optimization                                ; On                                    ; On                                    ;
; Optimize Design for Metastability                                  ; On                                    ; On                                    ;
; Force Fitter to Avoid Periphery Placement Warnings                 ; Off                                   ; Off                                   ;
; Enable input tri-state on active configuration pins in user mode   ; Off                                   ; Off                                   ;
+--------------------------------------------------------------------+---------------------------------------+---------------------------------------+


+------------------------------------------+
; Parallel Compilation                     ;
+----------------------------+-------------+
; Processors                 ; Number      ;
+----------------------------+-------------+
; Number detected on machine ; 14          ;
; Maximum allowed            ; 14          ;
;                            ;             ;
; Average used               ; 1.46        ;
; Maximum used               ; 14          ;
;                            ;             ;
; Usage by Processor         ; % Time Used ;
;     Processor 1            ; 100.0%      ;
;     Processor 2            ;   4.0%      ;
;     Processor 3            ;   3.8%      ;
;     Processor 4            ;   3.7%      ;
;     Processor 5            ;   3.7%      ;
;     Processor 6            ;   3.6%      ;
;     Processor 7            ;   3.5%      ;
;     Processor 8            ;   3.5%      ;
;     Processors 9-14        ;   3.3%      ;
+----------------------------+-------------+


+---------------------------------------------------------------------------------------------------------+
; Ignored Assignments                                                                                     ;
+--------------+----------------+--------------+-----------------+-----------------------+----------------+
; Name         ; Ignored Entity ; Ignored From ; Ignored To      ; Ignored Value         ; Ignored Source ;
+--------------+----------------+--------------+-----------------+-----------------------+----------------+
; Location     ;                ;              ; ARDUINO_IO[0]   ; PIN_AB5               ; QSF Assignment ;
; Location     ;                ;              ; ARDUINO_IO[10]  ; PIN_AB19              ; QSF Assignment ;
; Location     ;                ;              ; ARDUINO_IO[11]  ; PIN_AA19              ; QSF Assignment ;
; Location     ;                ;              ; ARDUINO_IO[12]  ; PIN_Y19               ; QSF Assignment ;
; Location     ;                ;              ; ARDUINO_IO[13]  ; PIN_AB20              ; QSF Assignment ;
; Location     ;                ;              ; ARDUINO_IO[14]  ; PIN_AB21              ; QSF Assignment ;
; Location     ;                ;              ; ARDUINO_IO[15]  ; PIN_AA20              ; QSF Assignment ;
; Location     ;                ;              ; ARDUINO_IO[1]   ; PIN_AB6               ; QSF Assignment ;
; Location     ;                ;              ; ARDUINO_IO[2]   ; PIN_AB7               ; QSF Assignment ;
; Location     ;                ;              ; ARDUINO_IO[3]   ; PIN_AB8               ; QSF Assignment ;
; Location     ;                ;              ; ARDUINO_IO[4]   ; PIN_AB9               ; QSF Assignment ;
; Location     ;                ;              ; ARDUINO_IO[5]   ; PIN_Y10               ; QSF Assignment ;
; Location     ;                ;              ; ARDUINO_IO[6]   ; PIN_AA11              ; QSF Assignment ;
; Location     ;                ;              ; ARDUINO_IO[7]   ; PIN_AA12              ; QSF Assignment ;
; Location     ;                ;              ; ARDUINO_IO[8]   ; PIN_AB17              ; QSF Assignment ;
; Location     ;                ;              ; ARDUINO_IO[9]   ; PIN_AA17              ; QSF Assignment ;
; Location     ;                ;              ; ARDUINO_RESET_N ; PIN_F16               ; QSF Assignment ;
; Location     ;                ;              ; DRAM_ADDR[0]    ; PIN_U17               ; QSF Assignment ;
; Location     ;                ;              ; DRAM_ADDR[10]   ; PIN_T20               ; QSF Assignment ;
; Location     ;                ;              ; DRAM_ADDR[11]   ; PIN_P20               ; QSF Assignment ;
; Location     ;                ;              ; DRAM_ADDR[12]   ; PIN_R20               ; QSF Assignment ;
; Location     ;                ;              ; DRAM_ADDR[1]    ; PIN_W19               ; QSF Assignment ;
; Location     ;                ;              ; DRAM_ADDR[2]    ; PIN_V18               ; QSF Assignment ;
; Location     ;                ;              ; DRAM_ADDR[3]    ; PIN_U18               ; QSF Assignment ;
; Location     ;                ;              ; DRAM_ADDR[4]    ; PIN_U19               ; QSF Assignment ;
; Location     ;                ;              ; DRAM_ADDR[5]    ; PIN_T18               ; QSF Assignment ;
; Location     ;                ;              ; DRAM_ADDR[6]    ; PIN_T19               ; QSF Assignment ;
; Location     ;                ;              ; DRAM_ADDR[7]    ; PIN_R18               ; QSF Assignment ;
; Location     ;                ;              ; DRAM_ADDR[8]    ; PIN_P18               ; QSF Assignment ;
; Location     ;                ;              ; DRAM_ADDR[9]    ; PIN_P19               ; QSF Assignment ;
; Location     ;                ;              ; DRAM_BA[0]      ; PIN_T21               ; QSF Assignment ;
; Location     ;                ;              ; DRAM_BA[1]      ; PIN_T22               ; QSF Assignment ;
; Location     ;                ;              ; DRAM_CAS_N      ; PIN_U21               ; QSF Assignment ;
; Location     ;                ;              ; DRAM_CKE        ; PIN_N22               ; QSF Assignment ;
; Location     ;                ;              ; DRAM_CLK        ; PIN_L14               ; QSF Assignment ;
; Location     ;                ;              ; DRAM_CS_N       ; PIN_U20               ; QSF Assignment ;
; Location     ;                ;              ; DRAM_DQ[0]      ; PIN_Y21               ; QSF Assignment ;
; Location     ;                ;              ; DRAM_DQ[10]     ; PIN_H21               ; QSF Assignment ;
; Location     ;                ;              ; DRAM_DQ[11]     ; PIN_H22               ; QSF Assignment ;
; Location     ;                ;              ; DRAM_DQ[12]     ; PIN_G22               ; QSF Assignment ;
; Location     ;                ;              ; DRAM_DQ[13]     ; PIN_G20               ; QSF Assignment ;
; Location     ;                ;              ; DRAM_DQ[14]     ; PIN_G19               ; QSF Assignment ;
; Location     ;                ;              ; DRAM_DQ[15]     ; PIN_F22               ; QSF Assignment ;
; Location     ;                ;              ; DRAM_DQ[1]      ; PIN_Y20               ; QSF Assignment ;
; Location     ;                ;              ; DRAM_DQ[2]      ; PIN_AA22              ; QSF Assignment ;
; Location     ;                ;              ; DRAM_DQ[3]      ; PIN_AA21              ; QSF Assignment ;
; Location     ;                ;              ; DRAM_DQ[4]      ; PIN_Y22               ; QSF Assignment ;
; Location     ;                ;              ; DRAM_DQ[5]      ; PIN_W22               ; QSF Assignment ;
; Location     ;                ;              ; DRAM_DQ[6]      ; PIN_W20               ; QSF Assignment ;
; Location     ;                ;              ; DRAM_DQ[7]      ; PIN_V21               ; QSF Assignment ;
; Location     ;                ;              ; DRAM_DQ[8]      ; PIN_P21               ; QSF Assignment ;
; Location     ;                ;              ; DRAM_DQ[9]      ; PIN_J22               ; QSF Assignment ;
; Location     ;                ;              ; DRAM_LDQM       ; PIN_V22               ; QSF Assignment ;
; Location     ;                ;              ; DRAM_RAS_N      ; PIN_U22               ; QSF Assignment ;
; Location     ;                ;              ; DRAM_UDQM       ; PIN_J21               ; QSF Assignment ;
; Location     ;                ;              ; DRAM_WE_N       ; PIN_V20               ; QSF Assignment ;
; Location     ;                ;              ; HEX0[0]         ; PIN_C14               ; QSF Assignment ;
; Location     ;                ;              ; HEX0[1]         ; PIN_E15               ; QSF Assignment ;
; Location     ;                ;              ; HEX0[2]         ; PIN_C15               ; QSF Assignment ;
; Location     ;                ;              ; HEX0[3]         ; PIN_C16               ; QSF Assignment ;
; Location     ;                ;              ; HEX0[4]         ; PIN_E16               ; QSF Assignment ;
; Location     ;                ;              ; HEX0[5]         ; PIN_D17               ; QSF Assignment ;
; Location     ;                ;              ; HEX0[6]         ; PIN_C17               ; QSF Assignment ;
; Location     ;                ;              ; HEX0[7]         ; PIN_D15               ; QSF Assignment ;
; Location     ;                ;              ; HEX1[0]         ; PIN_C18               ; QSF Assignment ;
; Location     ;                ;              ; HEX1[1]         ; PIN_D18               ; QSF Assignment ;
; Location     ;                ;              ; HEX1[2]         ; PIN_E18               ; QSF Assignment ;
; Location     ;                ;              ; HEX1[3]         ; PIN_B16               ; QSF Assignment ;
; Location     ;                ;              ; HEX1[4]         ; PIN_A17               ; QSF Assignment ;
; Location     ;                ;              ; HEX1[5]         ; PIN_A18               ; QSF Assignment ;
; Location     ;                ;              ; HEX1[6]         ; PIN_B17               ; QSF Assignment ;
; Location     ;                ;              ; HEX1[7]         ; PIN_A16               ; QSF Assignment ;
; Location     ;                ;              ; HEX2[0]         ; PIN_B20               ; QSF Assignment ;
; Location     ;                ;              ; HEX2[1]         ; PIN_A20               ; QSF Assignment ;
; Location     ;                ;              ; HEX2[2]         ; PIN_B19               ; QSF Assignment ;
; Location     ;                ;              ; HEX2[3]         ; PIN_A21               ; QSF Assignment ;
; Location     ;                ;              ; HEX2[4]         ; PIN_B21               ; QSF Assignment ;
; Location     ;                ;              ; HEX2[5]         ; PIN_C22               ; QSF Assignment ;
; Location     ;                ;              ; HEX2[6]         ; PIN_B22               ; QSF Assignment ;
; Location     ;                ;              ; HEX2[7]         ; PIN_A19               ; QSF Assignment ;
; Location     ;                ;              ; HEX3[0]         ; PIN_F21               ; QSF Assignment ;
; Location     ;                ;              ; HEX3[1]         ; PIN_E22               ; QSF Assignment ;
; Location     ;                ;              ; HEX3[2]         ; PIN_E21               ; QSF Assignment ;
; Location     ;                ;              ; HEX3[3]         ; PIN_C19               ; QSF Assignment ;
; Location     ;                ;              ; HEX3[4]         ; PIN_C20               ; QSF Assignment ;
; Location     ;                ;              ; HEX3[5]         ; PIN_D19               ; QSF Assignment ;
; Location     ;                ;              ; HEX3[6]         ; PIN_E17               ; QSF Assignment ;
; Location     ;                ;              ; HEX3[7]         ; PIN_D22               ; QSF Assignment ;
; Location     ;                ;              ; HEX4[0]         ; PIN_F18               ; QSF Assignment ;
; Location     ;                ;              ; HEX4[1]         ; PIN_E20               ; QSF Assignment ;
; Location     ;                ;              ; HEX4[2]         ; PIN_E19               ; QSF Assignment ;
; Location     ;                ;              ; HEX4[3]         ; PIN_J18               ; QSF Assignment ;
; Location     ;                ;              ; HEX4[4]         ; PIN_H19               ; QSF Assignment ;
; Location     ;                ;              ; HEX4[5]         ; PIN_F19               ; QSF Assignment ;
; Location     ;                ;              ; HEX4[6]         ; PIN_F20               ; QSF Assignment ;
; Location     ;                ;              ; HEX4[7]         ; PIN_F17               ; QSF Assignment ;
; Location     ;                ;              ; HEX5[0]         ; PIN_J20               ; QSF Assignment ;
; Location     ;                ;              ; HEX5[1]         ; PIN_K20               ; QSF Assignment ;
; Location     ;                ;              ; HEX5[2]         ; PIN_L18               ; QSF Assignment ;
; Location     ;                ;              ; HEX5[3]         ; PIN_N18               ; QSF Assignment ;
; Location     ;                ;              ; HEX5[4]         ; PIN_M20               ; QSF Assignment ;
; Location     ;                ;              ; HEX5[5]         ; PIN_N19               ; QSF Assignment ;
; Location     ;                ;              ; HEX5[6]         ; PIN_N20               ; QSF Assignment ;
; Location     ;                ;              ; HEX5[7]         ; PIN_L19               ; QSF Assignment ;
; Location     ;                ;              ; LEDR[0]         ; PIN_A8                ; QSF Assignment ;
; Location     ;                ;              ; LEDR[1]         ; PIN_A9                ; QSF Assignment ;
; Location     ;                ;              ; LEDR[2]         ; PIN_A10               ; QSF Assignment ;
; Location     ;                ;              ; LEDR[3]         ; PIN_B10               ; QSF Assignment ;
; Location     ;                ;              ; LEDR[4]         ; PIN_D13               ; QSF Assignment ;
; Location     ;                ;              ; LEDR[5]         ; PIN_C13               ; QSF Assignment ;
; Location     ;                ;              ; LEDR[6]         ; PIN_E14               ; QSF Assignment ;
; Location     ;                ;              ; LEDR[7]         ; PIN_D14               ; QSF Assignment ;
; Location     ;                ;              ; LEDR[8]         ; PIN_A11               ; QSF Assignment ;
; Location     ;                ;              ; LEDR[9]         ; PIN_B11               ; QSF Assignment ;
; Location     ;                ;              ; SW[0]           ; PIN_C10               ; QSF Assignment ;
; Location     ;                ;              ; SW[1]           ; PIN_C11               ; QSF Assignment ;
; Location     ;                ;              ; SW[2]           ; PIN_D12               ; QSF Assignment ;
; Location     ;                ;              ; SW[3]           ; PIN_C12               ; QSF Assignment ;
; Location     ;                ;              ; SW[4]           ; PIN_A12               ; QSF Assignment ;
; Location     ;                ;              ; SW[5]           ; PIN_B12               ; QSF Assignment ;
; Location     ;                ;              ; SW[6]           ; PIN_A13               ; QSF Assignment ;
; Location     ;                ;              ; SW[7]           ; PIN_A14               ; QSF Assignment ;
; Location     ;                ;              ; SW[8]           ; PIN_B14               ; QSF Assignment ;
; Location     ;                ;              ; SW[9]           ; PIN_F15               ; QSF Assignment ;
; I/O Standard ; DLX            ;              ; ARDUINO_IO[0]   ; 3.3-V LVTTL           ; QSF Assignment ;
; I/O Standard ; DLX            ;              ; ARDUINO_IO[10]  ; 3.3-V LVTTL           ; QSF Assignment ;
; I/O Standard ; DLX            ;              ; ARDUINO_IO[11]  ; 3.3-V LVTTL           ; QSF Assignment ;
; I/O Standard ; DLX            ;              ; ARDUINO_IO[12]  ; 3.3-V LVTTL           ; QSF Assignment ;
; I/O Standard ; DLX            ;              ; ARDUINO_IO[13]  ; 3.3-V LVTTL           ; QSF Assignment ;
; I/O Standard ; DLX            ;              ; ARDUINO_IO[14]  ; 3.3-V LVTTL           ; QSF Assignment ;
; I/O Standard ; DLX            ;              ; ARDUINO_IO[15]  ; 3.3-V LVTTL           ; QSF Assignment ;
; I/O Standard ; DLX            ;              ; ARDUINO_IO[1]   ; 3.3-V LVTTL           ; QSF Assignment ;
; I/O Standard ; DLX            ;              ; ARDUINO_IO[2]   ; 3.3-V LVTTL           ; QSF Assignment ;
; I/O Standard ; DLX            ;              ; ARDUINO_IO[3]   ; 3.3-V LVTTL           ; QSF Assignment ;
; I/O Standard ; DLX            ;              ; ARDUINO_IO[4]   ; 3.3-V LVTTL           ; QSF Assignment ;
; I/O Standard ; DLX            ;              ; ARDUINO_IO[5]   ; 3.3-V LVTTL           ; QSF Assignment ;
; I/O Standard ; DLX            ;              ; ARDUINO_IO[6]   ; 3.3-V LVTTL           ; QSF Assignment ;
; I/O Standard ; DLX            ;              ; ARDUINO_IO[7]   ; 3.3-V LVTTL           ; QSF Assignment ;
; I/O Standard ; DLX            ;              ; ARDUINO_IO[8]   ; 3.3-V LVTTL           ; QSF Assignment ;
; I/O Standard ; DLX            ;              ; ARDUINO_IO[9]   ; 3.3-V LVTTL           ; QSF Assignment ;
; I/O Standard ; DLX            ;              ; ARDUINO_RESET_N ; 3.3 V SCHMITT TRIGGER ; QSF Assignment ;
; I/O Standard ; DLX            ;              ; DRAM_ADDR[0]    ; 3.3-V LVTTL           ; QSF Assignment ;
; I/O Standard ; DLX            ;              ; DRAM_ADDR[10]   ; 3.3-V LVTTL           ; QSF Assignment ;
; I/O Standard ; DLX            ;              ; DRAM_ADDR[11]   ; 3.3-V LVTTL           ; QSF Assignment ;
; I/O Standard ; DLX            ;              ; DRAM_ADDR[12]   ; 3.3-V LVTTL           ; QSF Assignment ;
; I/O Standard ; DLX            ;              ; DRAM_ADDR[1]    ; 3.3-V LVTTL           ; QSF Assignment ;
; I/O Standard ; DLX            ;              ; DRAM_ADDR[2]    ; 3.3-V LVTTL           ; QSF Assignment ;
; I/O Standard ; DLX            ;              ; DRAM_ADDR[3]    ; 3.3-V LVTTL           ; QSF Assignment ;
; I/O Standard ; DLX            ;              ; DRAM_ADDR[4]    ; 3.3-V LVTTL           ; QSF Assignment ;
; I/O Standard ; DLX            ;              ; DRAM_ADDR[5]    ; 3.3-V LVTTL           ; QSF Assignment ;
; I/O Standard ; DLX            ;              ; DRAM_ADDR[6]    ; 3.3-V LVTTL           ; QSF Assignment ;
; I/O Standard ; DLX            ;              ; DRAM_ADDR[7]    ; 3.3-V LVTTL           ; QSF Assignment ;
; I/O Standard ; DLX            ;              ; DRAM_ADDR[8]    ; 3.3-V LVTTL           ; QSF Assignment ;
; I/O Standard ; DLX            ;              ; DRAM_ADDR[9]    ; 3.3-V LVTTL           ; QSF Assignment ;
; I/O Standard ; DLX            ;              ; DRAM_BA[0]      ; 3.3-V LVTTL           ; QSF Assignment ;
; I/O Standard ; DLX            ;              ; DRAM_BA[1]      ; 3.3-V LVTTL           ; QSF Assignment ;
; I/O Standard ; DLX            ;              ; DRAM_CAS_N      ; 3.3-V LVTTL           ; QSF Assignment ;
; I/O Standard ; DLX            ;              ; DRAM_CKE        ; 3.3-V LVTTL           ; QSF Assignment ;
; I/O Standard ; DLX            ;              ; DRAM_CLK        ; 3.3-V LVTTL           ; QSF Assignment ;
; I/O Standard ; DLX            ;              ; DRAM_CS_N       ; 3.3-V LVTTL           ; QSF Assignment ;
; I/O Standard ; DLX            ;              ; DRAM_DQ[0]      ; 3.3-V LVTTL           ; QSF Assignment ;
; I/O Standard ; DLX            ;              ; DRAM_DQ[10]     ; 3.3-V LVTTL           ; QSF Assignment ;
; I/O Standard ; DLX            ;              ; DRAM_DQ[11]     ; 3.3-V LVTTL           ; QSF Assignment ;
; I/O Standard ; DLX            ;              ; DRAM_DQ[12]     ; 3.3-V LVTTL           ; QSF Assignment ;
; I/O Standard ; DLX            ;              ; DRAM_DQ[13]     ; 3.3-V LVTTL           ; QSF Assignment ;
; I/O Standard ; DLX            ;              ; DRAM_DQ[14]     ; 3.3-V LVTTL           ; QSF Assignment ;
; I/O Standard ; DLX            ;              ; DRAM_DQ[15]     ; 3.3-V LVTTL           ; QSF Assignment ;
; I/O Standard ; DLX            ;              ; DRAM_DQ[1]      ; 3.3-V LVTTL           ; QSF Assignment ;
; I/O Standard ; DLX            ;              ; DRAM_DQ[2]      ; 3.3-V LVTTL           ; QSF Assignment ;
; I/O Standard ; DLX            ;              ; DRAM_DQ[3]      ; 3.3-V LVTTL           ; QSF Assignment ;
; I/O Standard ; DLX            ;              ; DRAM_DQ[4]      ; 3.3-V LVTTL           ; QSF Assignment ;
; I/O Standard ; DLX            ;              ; DRAM_DQ[5]      ; 3.3-V LVTTL           ; QSF Assignment ;
; I/O Standard ; DLX            ;              ; DRAM_DQ[6]      ; 3.3-V LVTTL           ; QSF Assignment ;
; I/O Standard ; DLX            ;              ; DRAM_DQ[7]      ; 3.3-V LVTTL           ; QSF Assignment ;
; I/O Standard ; DLX            ;              ; DRAM_DQ[8]      ; 3.3-V LVTTL           ; QSF Assignment ;
; I/O Standard ; DLX            ;              ; DRAM_DQ[9]      ; 3.3-V LVTTL           ; QSF Assignment ;
; I/O Standard ; DLX            ;              ; DRAM_LDQM       ; 3.3-V LVTTL           ; QSF Assignment ;
; I/O Standard ; DLX            ;              ; DRAM_RAS_N      ; 3.3-V LVTTL           ; QSF Assignment ;
; I/O Standard ; DLX            ;              ; DRAM_UDQM       ; 3.3-V LVTTL           ; QSF Assignment ;
; I/O Standard ; DLX            ;              ; DRAM_WE_N       ; 3.3-V LVTTL           ; QSF Assignment ;
; I/O Standard ; DLX            ;              ; HEX0[0]         ; 3.3-V LVTTL           ; QSF Assignment ;
; I/O Standard ; DLX            ;              ; HEX0[1]         ; 3.3-V LVTTL           ; QSF Assignment ;
; I/O Standard ; DLX            ;              ; HEX0[2]         ; 3.3-V LVTTL           ; QSF Assignment ;
; I/O Standard ; DLX            ;              ; HEX0[3]         ; 3.3-V LVTTL           ; QSF Assignment ;
; I/O Standard ; DLX            ;              ; HEX0[4]         ; 3.3-V LVTTL           ; QSF Assignment ;
; I/O Standard ; DLX            ;              ; HEX0[5]         ; 3.3-V LVTTL           ; QSF Assignment ;
; I/O Standard ; DLX            ;              ; HEX0[6]         ; 3.3-V LVTTL           ; QSF Assignment ;
; I/O Standard ; DLX            ;              ; HEX0[7]         ; 3.3-V LVTTL           ; QSF Assignment ;
; I/O Standard ; DLX            ;              ; HEX1[0]         ; 3.3-V LVTTL           ; QSF Assignment ;
; I/O Standard ; DLX            ;              ; HEX1[1]         ; 3.3-V LVTTL           ; QSF Assignment ;
; I/O Standard ; DLX            ;              ; HEX1[2]         ; 3.3-V LVTTL           ; QSF Assignment ;
; I/O Standard ; DLX            ;              ; HEX1[3]         ; 3.3-V LVTTL           ; QSF Assignment ;
; I/O Standard ; DLX            ;              ; HEX1[4]         ; 3.3-V LVTTL           ; QSF Assignment ;
; I/O Standard ; DLX            ;              ; HEX1[5]         ; 3.3-V LVTTL           ; QSF Assignment ;
; I/O Standard ; DLX            ;              ; HEX1[6]         ; 3.3-V LVTTL           ; QSF Assignment ;
; I/O Standard ; DLX            ;              ; HEX1[7]         ; 3.3-V LVTTL           ; QSF Assignment ;
; I/O Standard ; DLX            ;              ; HEX2[0]         ; 3.3-V LVTTL           ; QSF Assignment ;
; I/O Standard ; DLX            ;              ; HEX2[1]         ; 3.3-V LVTTL           ; QSF Assignment ;
; I/O Standard ; DLX            ;              ; HEX2[2]         ; 3.3-V LVTTL           ; QSF Assignment ;
; I/O Standard ; DLX            ;              ; HEX2[3]         ; 3.3-V LVTTL           ; QSF Assignment ;
; I/O Standard ; DLX            ;              ; HEX2[4]         ; 3.3-V LVTTL           ; QSF Assignment ;
; I/O Standard ; DLX            ;              ; HEX2[5]         ; 3.3-V LVTTL           ; QSF Assignment ;
; I/O Standard ; DLX            ;              ; HEX2[6]         ; 3.3-V LVTTL           ; QSF Assignment ;
; I/O Standard ; DLX            ;              ; HEX2[7]         ; 3.3-V LVTTL           ; QSF Assignment ;
; I/O Standard ; DLX            ;              ; HEX3[0]         ; 3.3-V LVTTL           ; QSF Assignment ;
; I/O Standard ; DLX            ;              ; HEX3[1]         ; 3.3-V LVTTL           ; QSF Assignment ;
; I/O Standard ; DLX            ;              ; HEX3[2]         ; 3.3-V LVTTL           ; QSF Assignment ;
; I/O Standard ; DLX            ;              ; HEX3[3]         ; 3.3-V LVTTL           ; QSF Assignment ;
; I/O Standard ; DLX            ;              ; HEX3[4]         ; 3.3-V LVTTL           ; QSF Assignment ;
; I/O Standard ; DLX            ;              ; HEX3[5]         ; 3.3-V LVTTL           ; QSF Assignment ;
; I/O Standard ; DLX            ;              ; HEX3[6]         ; 3.3-V LVTTL           ; QSF Assignment ;
; I/O Standard ; DLX            ;              ; HEX3[7]         ; 3.3-V LVTTL           ; QSF Assignment ;
; I/O Standard ; DLX            ;              ; HEX4[0]         ; 3.3-V LVTTL           ; QSF Assignment ;
; I/O Standard ; DLX            ;              ; HEX4[1]         ; 3.3-V LVTTL           ; QSF Assignment ;
; I/O Standard ; DLX            ;              ; HEX4[2]         ; 3.3-V LVTTL           ; QSF Assignment ;
; I/O Standard ; DLX            ;              ; HEX4[3]         ; 3.3-V LVTTL           ; QSF Assignment ;
; I/O Standard ; DLX            ;              ; HEX4[4]         ; 3.3-V LVTTL           ; QSF Assignment ;
; I/O Standard ; DLX            ;              ; HEX4[5]         ; 3.3-V LVTTL           ; QSF Assignment ;
; I/O Standard ; DLX            ;              ; HEX4[6]         ; 3.3-V LVTTL           ; QSF Assignment ;
; I/O Standard ; DLX            ;              ; HEX4[7]         ; 3.3-V LVTTL           ; QSF Assignment ;
; I/O Standard ; DLX            ;              ; HEX5[0]         ; 3.3-V LVTTL           ; QSF Assignment ;
; I/O Standard ; DLX            ;              ; HEX5[1]         ; 3.3-V LVTTL           ; QSF Assignment ;
; I/O Standard ; DLX            ;              ; HEX5[2]         ; 3.3-V LVTTL           ; QSF Assignment ;
; I/O Standard ; DLX            ;              ; HEX5[3]         ; 3.3-V LVTTL           ; QSF Assignment ;
; I/O Standard ; DLX            ;              ; HEX5[4]         ; 3.3-V LVTTL           ; QSF Assignment ;
; I/O Standard ; DLX            ;              ; HEX5[5]         ; 3.3-V LVTTL           ; QSF Assignment ;
; I/O Standard ; DLX            ;              ; HEX5[6]         ; 3.3-V LVTTL           ; QSF Assignment ;
; I/O Standard ; DLX            ;              ; HEX5[7]         ; 3.3-V LVTTL           ; QSF Assignment ;
; I/O Standard ; DLX            ;              ; LEDR[0]         ; 3.3-V LVTTL           ; QSF Assignment ;
; I/O Standard ; DLX            ;              ; LEDR[1]         ; 3.3-V LVTTL           ; QSF Assignment ;
; I/O Standard ; DLX            ;              ; LEDR[2]         ; 3.3-V LVTTL           ; QSF Assignment ;
; I/O Standard ; DLX            ;              ; LEDR[3]         ; 3.3-V LVTTL           ; QSF Assignment ;
; I/O Standard ; DLX            ;              ; LEDR[4]         ; 3.3-V LVTTL           ; QSF Assignment ;
; I/O Standard ; DLX            ;              ; LEDR[5]         ; 3.3-V LVTTL           ; QSF Assignment ;
; I/O Standard ; DLX            ;              ; LEDR[6]         ; 3.3-V LVTTL           ; QSF Assignment ;
; I/O Standard ; DLX            ;              ; LEDR[7]         ; 3.3-V LVTTL           ; QSF Assignment ;
; I/O Standard ; DLX            ;              ; LEDR[8]         ; 3.3-V LVTTL           ; QSF Assignment ;
; I/O Standard ; DLX            ;              ; LEDR[9]         ; 3.3-V LVTTL           ; QSF Assignment ;
; I/O Standard ; DLX            ;              ; SW[0]           ; 3.3-V LVTTL           ; QSF Assignment ;
; I/O Standard ; DLX            ;              ; SW[1]           ; 3.3-V LVTTL           ; QSF Assignment ;
; I/O Standard ; DLX            ;              ; SW[2]           ; 3.3-V LVTTL           ; QSF Assignment ;
; I/O Standard ; DLX            ;              ; SW[3]           ; 3.3-V LVTTL           ; QSF Assignment ;
; I/O Standard ; DLX            ;              ; SW[4]           ; 3.3-V LVTTL           ; QSF Assignment ;
; I/O Standard ; DLX            ;              ; SW[5]           ; 3.3-V LVTTL           ; QSF Assignment ;
; I/O Standard ; DLX            ;              ; SW[6]           ; 3.3-V LVTTL           ; QSF Assignment ;
; I/O Standard ; DLX            ;              ; SW[7]           ; 3.3-V LVTTL           ; QSF Assignment ;
; I/O Standard ; DLX            ;              ; SW[8]           ; 3.3-V LVTTL           ; QSF Assignment ;
; I/O Standard ; DLX            ;              ; SW[9]           ; 3.3-V LVTTL           ; QSF Assignment ;
+--------------+----------------+--------------+-----------------+-----------------------+----------------+


+---------------------------------------------------------------------------------------------------+
; Incremental Compilation Preservation Summary                                                      ;
+---------------------+---------------------+----------------------------+--------------------------+
; Type                ; Total [A + B]       ; From Design Partitions [A] ; From Rapid Recompile [B] ;
+---------------------+---------------------+----------------------------+--------------------------+
; Placement (by node) ;                     ;                            ;                          ;
;     -- Requested    ; 0.00 % ( 0 / 3919 ) ; 0.00 % ( 0 / 3919 )        ; 0.00 % ( 0 / 3919 )      ;
;     -- Achieved     ; 0.00 % ( 0 / 3919 ) ; 0.00 % ( 0 / 3919 )        ; 0.00 % ( 0 / 3919 )      ;
;                     ;                     ;                            ;                          ;
; Routing (by net)    ;                     ;                            ;                          ;
;     -- Requested    ; 0.00 % ( 0 / 0 )    ; 0.00 % ( 0 / 0 )           ; 0.00 % ( 0 / 0 )         ;
;     -- Achieved     ; 0.00 % ( 0 / 0 )    ; 0.00 % ( 0 / 0 )           ; 0.00 % ( 0 / 0 )         ;
+---------------------+---------------------+----------------------------+--------------------------+


+----------------------------------------------------------------------------------------------------------------------------------------------------------------------------------------+
; Incremental Compilation Partition Settings                                                                                                                                             ;
+--------------------------------+----------------+-------------------+-------------------------+------------------------+------------------------------+--------------------------------+
; Partition Name                 ; Partition Type ; Netlist Type Used ; Preservation Level Used ; Netlist Type Requested ; Preservation Level Requested ; Contents                       ;
+--------------------------------+----------------+-------------------+-------------------------+------------------------+------------------------------+--------------------------------+
; Top                            ; User-created   ; Source File       ; N/A                     ; Source File            ; N/A                          ;                                ;
; hard_block:auto_generated_inst ; Auto-generated ; Source File       ; N/A                     ; Source File            ; N/A                          ; hard_block:auto_generated_inst ;
+--------------------------------+----------------+-------------------+-------------------------+------------------------+------------------------------+--------------------------------+


+------------------------------------------------------------------------------------------------------------------------------------+
; Incremental Compilation Placement Preservation                                                                                     ;
+--------------------------------+-----------------------+-------------------------+-------------------+---------------------+-------+
; Partition Name                 ; Preservation Achieved ; Preservation Level Used ; Netlist Type Used ; Preservation Method ; Notes ;
+--------------------------------+-----------------------+-------------------------+-------------------+---------------------+-------+
; Top                            ; 0.00 % ( 0 / 3901 )   ; N/A                     ; Source File       ; N/A                 ;       ;
; hard_block:auto_generated_inst ; 0.00 % ( 0 / 18 )     ; N/A                     ; Source File       ; N/A                 ;       ;
+--------------------------------+-----------------------+-------------------------+-------------------+---------------------+-------+


+--------------+
; Pin-Out File ;
+--------------+
The pin-out file can be found in C:/Users/A02395949/Documents/advanced/ECE_6740/Lab8/DLX.pin.


+---------------------------------------------------------------------------+
; Fitter Resource Usage Summary                                             ;
+---------------------------------------------+-----------------------------+
; Resource                                    ; Usage                       ;
+---------------------------------------------+-----------------------------+
; Total logic elements                        ; 3,045 / 49,760 ( 6 % )      ;
;     -- Combinational with no register       ; 2288                        ;
;     -- Register only                        ; 212                         ;
;     -- Combinational with a register        ; 545                         ;
;                                             ;                             ;
; Logic element usage by number of LUT inputs ;                             ;
;     -- 4 input functions                    ; 1416                        ;
;     -- 3 input functions                    ; 987                         ;
;     -- <=2 input functions                  ; 430                         ;
;     -- Register only                        ; 212                         ;
;                                             ;                             ;
; Logic elements by mode                      ;                             ;
;     -- normal mode                          ; 2018                        ;
;     -- arithmetic mode                      ; 815                         ;
;                                             ;                             ;
; Total registers*                            ; 757 / 51,509 ( 1 % )        ;
;     -- Dedicated logic registers            ; 757 / 49,760 ( 2 % )        ;
;     -- I/O registers                        ; 0 / 1,749 ( 0 % )           ;
;                                             ;                             ;
; Total LABs:  partially or completely used   ; 236 / 3,110 ( 8 % )         ;
; Virtual pins                                ; 0                           ;
; I/O pins                                    ; 41 / 360 ( 11 % )           ;
;     -- Clock pins                           ; 4 / 8 ( 50 % )              ;
;     -- Dedicated input pins                 ; 1 / 1 ( 100 % )             ;
;                                             ;                             ;
; M9Ks                                        ; 14 / 182 ( 8 % )            ;
; UFM blocks                                  ; 0 / 1 ( 0 % )               ;
; ADC blocks                                  ; 0 / 2 ( 0 % )               ;
; Total block memory bits                     ; 79,408 / 1,677,312 ( 5 % )  ;
; Total block memory implementation bits      ; 129,024 / 1,677,312 ( 8 % ) ;
; Embedded Multiplier 9-bit elements          ; 0 / 288 ( 0 % )             ;
; PLLs                                        ; 1 / 4 ( 25 % )              ;
; Global signals                              ; 3                           ;
;     -- Global clocks                        ; 3 / 20 ( 15 % )             ;
; JTAGs                                       ; 0 / 1 ( 0 % )               ;
; CRC blocks                                  ; 0 / 1 ( 0 % )               ;
; Remote update blocks                        ; 0 / 1 ( 0 % )               ;
; Oscillator blocks                           ; 0 / 1 ( 0 % )               ;
; Impedance control blocks                    ; 0 / 1 ( 0 % )               ;
; Average interconnect usage (total/H/V)      ; 1.8% / 1.9% / 1.7%          ;
; Peak interconnect usage (total/H/V)         ; 13.3% / 13.3% / 14.4%       ;
; Maximum fan-out                             ; 696                         ;
; Highest non-global fan-out                  ; 358                         ;
; Total fan-out                               ; 12310                       ;
; Average fan-out                             ; 3.12                        ;
+---------------------------------------------+-----------------------------+
*  Register count does not include registers inside RAM blocks or DSP blocks.



+-----------------------------------------------------------------------------------------------------+
; Fitter Partition Statistics                                                                         ;
+---------------------------------------------+----------------------+--------------------------------+
; Statistic                                   ; Top                  ; hard_block:auto_generated_inst ;
+---------------------------------------------+----------------------+--------------------------------+
; Difficulty Clustering Region                ; Low                  ; Low                            ;
;                                             ;                      ;                                ;
; Total logic elements                        ; 3045 / 49760 ( 6 % ) ; 0 / 49760 ( 0 % )              ;
;     -- Combinational with no register       ; 2288                 ; 0                              ;
;     -- Register only                        ; 212                  ; 0                              ;
;     -- Combinational with a register        ; 545                  ; 0                              ;
;                                             ;                      ;                                ;
; Logic element usage by number of LUT inputs ;                      ;                                ;
;     -- 4 input functions                    ; 1416                 ; 0                              ;
;     -- 3 input functions                    ; 987                  ; 0                              ;
;     -- <=2 input functions                  ; 430                  ; 0                              ;
;     -- Register only                        ; 212                  ; 0                              ;
;                                             ;                      ;                                ;
; Logic elements by mode                      ;                      ;                                ;
;     -- normal mode                          ; 2018                 ; 0                              ;
;     -- arithmetic mode                      ; 815                  ; 0                              ;
;                                             ;                      ;                                ;
; Total registers                             ; 757                  ; 0                              ;
;     -- Dedicated logic registers            ; 757 / 49760 ( 2 % )  ; 0 / 49760 ( 0 % )              ;
;     -- I/O registers                        ; 0                    ; 0                              ;
;                                             ;                      ;                                ;
; Total LABs:  partially or completely used   ; 236 / 3110 ( 8 % )   ; 0 / 3110 ( 0 % )               ;
;                                             ;                      ;                                ;
; Virtual pins                                ; 0                    ; 0                              ;
; I/O pins                                    ; 41                   ; 0                              ;
; Embedded Multiplier 9-bit elements          ; 0 / 288 ( 0 % )      ; 0 / 288 ( 0 % )                ;
; Total memory bits                           ; 79408                ; 0                              ;
; Total RAM block bits                        ; 129024               ; 0                              ;
; PLL                                         ; 0 / 4 ( 0 % )        ; 1 / 4 ( 25 % )                 ;
; M9K                                         ; 14 / 182 ( 7 % )     ; 0 / 182 ( 0 % )                ;
; Clock control block                         ; 2 / 24 ( 8 % )       ; 1 / 24 ( 4 % )                 ;
; User Flash Memory                           ; 1 / 1 ( 100 % )      ; 0 / 1 ( 0 % )                  ;
; Analog-to-Digital Converter                 ; 2 / 2 ( 100 % )      ; 0 / 2 ( 0 % )                  ;
;                                             ;                      ;                                ;
; Connections                                 ;                      ;                                ;
;     -- Input Connections                    ; 115                  ; 2                              ;
;     -- Registered Input Connections         ; 78                   ; 0                              ;
;     -- Output Connections                   ; 38                   ; 79                             ;
;     -- Registered Output Connections        ; 0                    ; 0                              ;
;                                             ;                      ;                                ;
; Internal Connections                        ;                      ;                                ;
;     -- Total Connections                    ; 12358                ; 91                             ;
;     -- Registered Connections               ; 2975                 ; 0                              ;
;                                             ;                      ;                                ;
; External Connections                        ;                      ;                                ;
;     -- Top                                  ; 72                   ; 81                             ;
;     -- hard_block:auto_generated_inst       ; 81                   ; 0                              ;
;                                             ;                      ;                                ;
; Partition Interface                         ;                      ;                                ;
;     -- Input Ports                          ; 5                    ; 2                              ;
;     -- Output Ports                         ; 0                    ; 2                              ;
;     -- Bidir Ports                          ; 36                   ; 0                              ;
;                                             ;                      ;                                ;
; Registered Ports                            ;                      ;                                ;
;     -- Registered Input Ports               ; 0                    ; 0                              ;
;     -- Registered Output Ports              ; 0                    ; 0                              ;
;                                             ;                      ;                                ;
; Port Connectivity                           ;                      ;                                ;
;     -- Input Ports driven by GND            ; 0                    ; 0                              ;
;     -- Output Ports driven by GND           ; 0                    ; 0                              ;
;     -- Input Ports driven by VCC            ; 0                    ; 0                              ;
;     -- Output Ports driven by VCC           ; 0                    ; 0                              ;
;     -- Input Ports with no Source           ; 0                    ; 0                              ;
;     -- Output Ports with no Source          ; 0                    ; 0                              ;
;     -- Input Ports with no Fanout           ; 0                    ; 0                              ;
;     -- Output Ports with no Fanout          ; 0                    ; 0                              ;
+---------------------------------------------+----------------------+--------------------------------+


+---------------------------------------------------------------------------------------------------------------------------------------------------------------------------------------------------------------------------------------------------------------------------------------------------------+
; Input Pins                                                                                                                                                                                                                                                                                              ;
+---------------+-------+----------+--------------+--------------+--------------+-----------------------+--------------------+--------+----------------+---------------+-----------------+----------+--------------+-----------------------+---------------------------+----------------------+-----------+
; Name          ; Pin # ; I/O Bank ; X coordinate ; Y coordinate ; Z coordinate ; Combinational Fan-Out ; Registered Fan-Out ; Global ; Input Register ; Power Up High ; PCI I/O Enabled ; Bus Hold ; Weak Pull Up ; I/O Standard          ; Termination Control Block ; Location assigned by ; Slew Rate ;
+---------------+-------+----------+--------------+--------------+--------------+-----------------------+--------------------+--------+----------------+---------------+-----------------+----------+--------------+-----------------------+---------------------------+----------------------+-----------+
; ADC_CLK_10    ; N5    ; 2        ; 0            ; 23           ; 21           ; 0                     ; 0                  ; no     ; no             ; no            ; yes             ; no       ; Off          ; 3.3-V LVTTL           ; --                        ; User                 ; 0         ;
; KEY[0]        ; B8    ; 7        ; 46           ; 54           ; 28           ; 3                     ; 0                  ; no     ; no             ; no            ; yes             ; no       ; Off          ; 3.3 V Schmitt Trigger ; --                        ; User                 ; 0         ;
; KEY[1]        ; A7    ; 7        ; 49           ; 54           ; 28           ; 0                     ; 0                  ; no     ; no             ; no            ; yes             ; no       ; Off          ; 3.3 V Schmitt Trigger ; --                        ; User                 ; 0         ;
; MAX10_CLK1_50 ; P11   ; 3        ; 34           ; 0            ; 28           ; 697                   ; 0                  ; yes    ; no             ; no            ; yes             ; no       ; Off          ; 3.3-V LVTTL           ; --                        ; User                 ; 0         ;
; MAX10_CLK2_50 ; N14   ; 6        ; 78           ; 29           ; 21           ; 0                     ; 0                  ; no     ; no             ; no            ; yes             ; no       ; Off          ; 3.3-V LVTTL           ; --                        ; User                 ; 0         ;
+---------------+-------+----------+--------------+--------------+--------------+-----------------------+--------------------+--------+----------------+---------------+-----------------+----------+--------------+-----------------------+---------------------------+----------------------+-----------+


+---------------------------------------------------------------------------------------------------------------------------------------------------------------------------------------------------------------------------------------------------------------------------------------------------------------------------------------------------------------------------------------------------------------------------------------------------------------------+
; Bidir Pins                                                                                                                                                                                                                                                                                                                                                                                                                                                          ;
+----------+-------+----------+--------------+--------------+--------------+-----------------------+--------------------+--------+----------------+-----------------+------------------------+---------------+-----------+-----------------+------------+----------+--------------+--------------+------------------+--------------------+---------------------------+----------------------------+----------------------+----------------------+---------------------+
; Name     ; Pin # ; I/O Bank ; X coordinate ; Y coordinate ; Z coordinate ; Combinational Fan-Out ; Registered Fan-Out ; Global ; Input Register ; Output Register ; Output Enable Register ; Power Up High ; Slew Rate ; PCI I/O Enabled ; Open Drain ; Bus Hold ; Weak Pull Up ; I/O Standard ; Current Strength ; Output Termination ; Termination Control Block ; Output Buffer Pre-emphasis ; Location assigned by ; Output Enable Source ; Output Enable Group ;
+----------+-------+----------+--------------+--------------+--------------+-----------------------+--------------------+--------+----------------+-----------------+------------------------+---------------+-----------+-----------------+------------+----------+--------------+--------------+------------------+--------------------+---------------------------+----------------------------+----------------------+----------------------+---------------------+
; GPIO[0]  ; V10   ; 3        ; 31           ; 0            ; 21           ; 0                     ; 0                  ; no     ; no             ; no              ; no                     ; no            ; 2         ; yes             ; yes        ; no       ; Off          ; 3.3-V LVTTL  ; 8mA              ; Off                ; --                        ; no                         ; User                 ; 0 pF                 ; -                   ;
; GPIO[10] ; W5    ; 3        ; 14           ; 0            ; 0            ; 0                     ; 0                  ; no     ; no             ; no              ; no                     ; no            ; 2         ; yes             ; yes        ; no       ; Off          ; 3.3-V LVTTL  ; 8mA              ; Off                ; --                        ; no                         ; User                 ; 0 pF                 ; -                   ;
; GPIO[11] ; AA15  ; 4        ; 54           ; 0            ; 28           ; 0                     ; 0                  ; no     ; no             ; no              ; no                     ; no            ; 2         ; yes             ; yes        ; no       ; Off          ; 3.3-V LVTTL  ; 8mA              ; Off                ; --                        ; no                         ; User                 ; 0 pF                 ; -                   ;
; GPIO[12] ; AA14  ; 4        ; 51           ; 0            ; 21           ; 0                     ; 0                  ; no     ; no             ; no              ; no                     ; no            ; 2         ; yes             ; yes        ; no       ; Off          ; 3.3-V LVTTL  ; 8mA              ; Off                ; --                        ; no                         ; User                 ; 0 pF                 ; -                   ;
; GPIO[13] ; W13   ; 4        ; 46           ; 0            ; 0            ; 0                     ; 0                  ; no     ; no             ; no              ; no                     ; no            ; 2         ; yes             ; yes        ; no       ; Off          ; 3.3-V LVTTL  ; 8mA              ; Off                ; --                        ; no                         ; User                 ; 0 pF                 ; -                   ;
; GPIO[14] ; W12   ; 4        ; 46           ; 0            ; 7            ; 0                     ; 0                  ; no     ; no             ; no              ; no                     ; no            ; 2         ; yes             ; yes        ; no       ; Off          ; 3.3-V LVTTL  ; 8mA              ; Off                ; --                        ; no                         ; User                 ; 0 pF                 ; -                   ;
; GPIO[15] ; AB13  ; 4        ; 40           ; 0            ; 14           ; 0                     ; 0                  ; no     ; no             ; no              ; no                     ; no            ; 2         ; yes             ; yes        ; no       ; Off          ; 3.3-V LVTTL  ; 8mA              ; Off                ; --                        ; no                         ; User                 ; 0 pF                 ; -                   ;
; GPIO[16] ; AB12  ; 4        ; 40           ; 0            ; 21           ; 0                     ; 0                  ; no     ; no             ; no              ; no                     ; no            ; 2         ; yes             ; yes        ; no       ; Off          ; 3.3-V LVTTL  ; 8mA              ; Off                ; --                        ; no                         ; User                 ; 0 pF                 ; -                   ;
; GPIO[17] ; Y11   ; 4        ; 36           ; 0            ; 0            ; 0                     ; 0                  ; no     ; no             ; no              ; no                     ; no            ; 2         ; yes             ; yes        ; no       ; Off          ; 3.3-V LVTTL  ; 8mA              ; Off                ; --                        ; no                         ; User                 ; 0 pF                 ; -                   ;
; GPIO[18] ; AB11  ; 4        ; 38           ; 0            ; 7            ; 0                     ; 0                  ; no     ; no             ; no              ; no                     ; no            ; 2         ; yes             ; yes        ; no       ; Off          ; 3.3-V LVTTL  ; 8mA              ; Off                ; --                        ; no                         ; User                 ; 0 pF                 ; -                   ;
; GPIO[19] ; W11   ; 4        ; 36           ; 0            ; 7            ; 0                     ; 0                  ; no     ; no             ; no              ; no                     ; no            ; 2         ; yes             ; yes        ; no       ; Off          ; 3.3-V LVTTL  ; 8mA              ; Off                ; --                        ; no                         ; User                 ; 0 pF                 ; -                   ;
; GPIO[1]  ; W10   ; 3        ; 24           ; 0            ; 28           ; 0                     ; 0                  ; no     ; no             ; no              ; no                     ; no            ; 2         ; yes             ; no         ; no       ; Off          ; 3.3-V LVTTL  ; 8mA              ; Off                ; --                        ; no                         ; User                 ; 0 pF                 ; -                   ;
; GPIO[20] ; AB10  ; 4        ; 38           ; 0            ; 14           ; 0                     ; 0                  ; no     ; no             ; no              ; no                     ; no            ; 2         ; yes             ; yes        ; no       ; Off          ; 3.3-V LVTTL  ; 8mA              ; Off                ; --                        ; no                         ; User                 ; 0 pF                 ; -                   ;
; GPIO[21] ; AA10  ; 3        ; 34           ; 0            ; 0            ; 0                     ; 0                  ; no     ; no             ; no              ; no                     ; no            ; 2         ; yes             ; yes        ; no       ; Off          ; 3.3-V LVTTL  ; 8mA              ; Off                ; --                        ; no                         ; User                 ; 0 pF                 ; -                   ;
; GPIO[22] ; AA9   ; 3        ; 34           ; 0            ; 21           ; 0                     ; 0                  ; no     ; no             ; no              ; no                     ; no            ; 2         ; yes             ; yes        ; no       ; Off          ; 3.3-V LVTTL  ; 8mA              ; Off                ; --                        ; no                         ; User                 ; 0 pF                 ; -                   ;
; GPIO[23] ; Y8    ; 3        ; 20           ; 0            ; 0            ; 0                     ; 0                  ; no     ; no             ; no              ; no                     ; no            ; 2         ; yes             ; yes        ; no       ; Off          ; 3.3-V LVTTL  ; 8mA              ; Off                ; --                        ; no                         ; User                 ; 0 pF                 ; -                   ;
; GPIO[24] ; AA8   ; 3        ; 31           ; 0            ; 14           ; 0                     ; 0                  ; no     ; no             ; no              ; no                     ; no            ; 2         ; yes             ; yes        ; no       ; Off          ; 3.3-V LVTTL  ; 8mA              ; Off                ; --                        ; no                         ; User                 ; 0 pF                 ; -                   ;
; GPIO[25] ; Y7    ; 3        ; 20           ; 0            ; 7            ; 0                     ; 0                  ; no     ; no             ; no              ; no                     ; no            ; 2         ; yes             ; yes        ; no       ; Off          ; 3.3-V LVTTL  ; 8mA              ; Off                ; --                        ; no                         ; User                 ; 0 pF                 ; -                   ;
; GPIO[26] ; AA7   ; 3        ; 29           ; 0            ; 14           ; 0                     ; 0                  ; no     ; no             ; no              ; no                     ; no            ; 2         ; yes             ; yes        ; no       ; Off          ; 3.3-V LVTTL  ; 8mA              ; Off                ; --                        ; no                         ; User                 ; 0 pF                 ; -                   ;
; GPIO[27] ; Y6    ; 3        ; 20           ; 0            ; 28           ; 0                     ; 0                  ; no     ; no             ; no              ; no                     ; no            ; 2         ; yes             ; yes        ; no       ; Off          ; 3.3-V LVTTL  ; 8mA              ; Off                ; --                        ; no                         ; User                 ; 0 pF                 ; -                   ;
; GPIO[28] ; AA6   ; 3        ; 29           ; 0            ; 21           ; 0                     ; 0                  ; no     ; no             ; no              ; no                     ; no            ; 2         ; yes             ; yes        ; no       ; Off          ; 3.3-V LVTTL  ; 8mA              ; Off                ; --                        ; no                         ; User                 ; 0 pF                 ; -                   ;
; GPIO[29] ; Y5    ; 3        ; 18           ; 0            ; 0            ; 0                     ; 0                  ; no     ; no             ; no              ; no                     ; no            ; 2         ; yes             ; yes        ; no       ; Off          ; 3.3-V LVTTL  ; 8mA              ; Off                ; --                        ; no                         ; User                 ; 0 pF                 ; -                   ;
; GPIO[2]  ; V9    ; 3        ; 31           ; 0            ; 28           ; 0                     ; 0                  ; no     ; no             ; no              ; no                     ; no            ; 2         ; yes             ; yes        ; no       ; Off          ; 3.3-V LVTTL  ; 8mA              ; Off                ; --                        ; no                         ; User                 ; 0 pF                 ; -                   ;
; GPIO[30] ; AA5   ; 3        ; 26           ; 0            ; 0            ; 0                     ; 0                  ; no     ; no             ; no              ; no                     ; no            ; 2         ; yes             ; yes        ; no       ; Off          ; 3.3-V LVTTL  ; 8mA              ; Off                ; --                        ; no                         ; User                 ; 0 pF                 ; -                   ;
; GPIO[31] ; Y4    ; 3        ; 24           ; 0            ; 14           ; 0                     ; 0                  ; no     ; no             ; no              ; no                     ; no            ; 2         ; yes             ; yes        ; no       ; Off          ; 3.3-V LVTTL  ; 8mA              ; Off                ; --                        ; no                         ; User                 ; 0 pF                 ; -                   ;
; GPIO[32] ; AB3   ; 3        ; 22           ; 0            ; 7            ; 0                     ; 0                  ; no     ; no             ; no              ; no                     ; no            ; 2         ; yes             ; yes        ; no       ; Off          ; 3.3-V LVTTL  ; 8mA              ; Off                ; --                        ; no                         ; User                 ; 0 pF                 ; -                   ;
; GPIO[33] ; Y3    ; 3        ; 24           ; 0            ; 21           ; 0                     ; 0                  ; no     ; no             ; no              ; no                     ; no            ; 2         ; yes             ; yes        ; no       ; Off          ; 3.3-V LVTTL  ; 8mA              ; Off                ; --                        ; no                         ; User                 ; 0 pF                 ; -                   ;
; GPIO[34] ; AB2   ; 3        ; 22           ; 0            ; 14           ; 0                     ; 0                  ; no     ; no             ; no              ; no                     ; no            ; 2         ; yes             ; yes        ; no       ; Off          ; 3.3-V LVTTL  ; 8mA              ; Off                ; --                        ; no                         ; User                 ; 0 pF                 ; -                   ;
; GPIO[35] ; AA2   ; 3        ; 18           ; 0            ; 21           ; 0                     ; 0                  ; no     ; no             ; no              ; no                     ; no            ; 2         ; yes             ; yes        ; no       ; Off          ; 3.3-V LVTTL  ; 8mA              ; Off                ; --                        ; no                         ; User                 ; 0 pF                 ; -                   ;
; GPIO[3]  ; W9    ; 3        ; 22           ; 0            ; 0            ; 0                     ; 0                  ; no     ; no             ; no              ; no                     ; no            ; 2         ; yes             ; yes        ; no       ; Off          ; 3.3-V LVTTL  ; 8mA              ; Off                ; --                        ; no                         ; User                 ; 0 pF                 ; -                   ;
; GPIO[4]  ; V8    ; 3        ; 20           ; 0            ; 14           ; 0                     ; 0                  ; no     ; no             ; no              ; no                     ; no            ; 2         ; yes             ; yes        ; no       ; Off          ; 3.3-V LVTTL  ; 8mA              ; Off                ; --                        ; no                         ; User                 ; 0 pF                 ; -                   ;
; GPIO[5]  ; W8    ; 3        ; 24           ; 0            ; 0            ; 0                     ; 0                  ; no     ; no             ; no              ; no                     ; no            ; 2         ; yes             ; yes        ; no       ; Off          ; 3.3-V LVTTL  ; 8mA              ; Off                ; --                        ; no                         ; User                 ; 0 pF                 ; -                   ;
; GPIO[6]  ; V7    ; 3        ; 20           ; 0            ; 21           ; 0                     ; 0                  ; no     ; no             ; no              ; no                     ; no            ; 2         ; yes             ; yes        ; no       ; Off          ; 3.3-V LVTTL  ; 8mA              ; Off                ; --                        ; no                         ; User                 ; 0 pF                 ; -                   ;
; GPIO[7]  ; W7    ; 3        ; 24           ; 0            ; 7            ; 0                     ; 0                  ; no     ; no             ; no              ; no                     ; no            ; 2         ; yes             ; yes        ; no       ; Off          ; 3.3-V LVTTL  ; 8mA              ; Off                ; --                        ; no                         ; User                 ; 0 pF                 ; -                   ;
; GPIO[8]  ; W6    ; 3        ; 16           ; 0            ; 28           ; 0                     ; 0                  ; no     ; no             ; no              ; no                     ; no            ; 2         ; yes             ; yes        ; no       ; Off          ; 3.3-V LVTTL  ; 8mA              ; Off                ; --                        ; no                         ; User                 ; 0 pF                 ; -                   ;
; GPIO[9]  ; V5    ; 3        ; 14           ; 0            ; 7            ; 0                     ; 0                  ; no     ; no             ; no              ; no                     ; no            ; 2         ; yes             ; yes        ; no       ; Off          ; 3.3-V LVTTL  ; 8mA              ; Off                ; --                        ; no                         ; User                 ; 0 pF                 ; -                   ;
+----------+-------+----------+--------------+--------------+--------------+-----------------------+--------------------+--------+----------------+-----------------+------------------------+---------------+-----------+-----------------+------------+----------+--------------+--------------+------------------+--------------------+---------------------------+----------------------------+----------------------+----------------------+---------------------+


+-----------------------------------------------------------------------------------------------------------------------------------------+
; Dual Purpose and Dedicated Pins                                                                                                         ;
+----------+----------------------------------------------------+--------------------------------+---------------------+------------------+
; Location ; Pin Name                                           ; Reserved As                    ; User Signal Name    ; Pin Type         ;
+----------+----------------------------------------------------+--------------------------------+---------------------+------------------+
; H2       ; DIFFIO_RX_L17n, DIFFOUT_L17n, TMS, Low_Speed       ; Reserved as secondary function ; ~ALTERA_TMS~        ; Dual Purpose Pin ;
; G2       ; DIFFIO_RX_L17p, DIFFOUT_L17p, TCK, Low_Speed       ; Reserved as secondary function ; ~ALTERA_TCK~        ; Dual Purpose Pin ;
; L4       ; DIFFIO_RX_L18n, DIFFOUT_L18n, TDI, Low_Speed       ; Reserved as secondary function ; ~ALTERA_TDI~        ; Dual Purpose Pin ;
; M5       ; DIFFIO_RX_L18p, DIFFOUT_L18p, TDO, Low_Speed       ; Reserved as secondary function ; ~ALTERA_TDO~        ; Dual Purpose Pin ;
; H10      ; CONFIG_SEL, Low_Speed                              ; Reserved as secondary function ; ~ALTERA_CONFIG_SEL~ ; Dual Purpose Pin ;
; H9       ; nCONFIG, Low_Speed                                 ; Reserved as secondary function ; ~ALTERA_nCONFIG~    ; Dual Purpose Pin ;
; G9       ; DIFFIO_RX_T50p, DIFFOUT_T50p, nSTATUS, Low_Speed   ; Reserved as secondary function ; ~ALTERA_nSTATUS~    ; Dual Purpose Pin ;
; F8       ; DIFFIO_RX_T50n, DIFFOUT_T50n, CONF_DONE, Low_Speed ; Reserved as secondary function ; ~ALTERA_CONF_DONE~  ; Dual Purpose Pin ;
+----------+----------------------------------------------------+--------------------------------+---------------------+------------------+


+------------------------------------------------------------+
; I/O Bank Usage                                             ;
+----------+------------------+---------------+--------------+
; I/O Bank ; Usage            ; VCCIO Voltage ; VREF Voltage ;
+----------+------------------+---------------+--------------+
; 1A       ; 0 / 16 ( 0 % )   ; 2.5V          ; --           ;
; 1B       ; 4 / 24 ( 17 % )  ; 2.5V          ; --           ;
; 2        ; 1 / 36 ( 3 % )   ; 3.3V          ; --           ;
; 3        ; 27 / 48 ( 56 % ) ; 3.3V          ; --           ;
; 4        ; 10 / 48 ( 21 % ) ; 3.3V          ; --           ;
; 5        ; 0 / 40 ( 0 % )   ; 2.5V          ; --           ;
; 6        ; 1 / 60 ( 2 % )   ; 3.3V          ; --           ;
; 7        ; 2 / 52 ( 4 % )   ; 3.3V          ; --           ;
; 8        ; 4 / 36 ( 11 % )  ; 2.5V          ; --           ;
+----------+------------------+---------------+--------------+


+---------------------------------------------------------------------------------------------------------------------------------------------------------------------------------------+
; All Package Pins                                                                                                                                                                      ;
+----------+------------+----------+------------------------------------------------+--------+-----------------------+---------+------------+-----------------+----------+--------------+
; Location ; Pad Number ; I/O Bank ; Pin Name/Usage                                 ; Dir.   ; I/O Standard          ; Voltage ; I/O Type   ; User Assignment ; Bus Hold ; Weak Pull Up ;
+----------+------------+----------+------------------------------------------------+--------+-----------------------+---------+------------+-----------------+----------+--------------+
; A1       ;            ;          ; GND                                            ; gnd    ;                       ;         ; --         ;                 ; --       ; --           ;
; A2       ; 481        ; 8        ; RESERVED_INPUT_WITH_WEAK_PULLUP                ;        ;                       ;         ; Column I/O ;                 ; no       ; On           ;
; A3       ; 483        ; 8        ; RESERVED_INPUT_WITH_WEAK_PULLUP                ;        ;                       ;         ; Column I/O ;                 ; no       ; On           ;
; A4       ; 475        ; 8        ; RESERVED_INPUT_WITH_WEAK_PULLUP                ;        ;                       ;         ; Column I/O ;                 ; no       ; On           ;
; A5       ; 473        ; 8        ; RESERVED_INPUT_WITH_WEAK_PULLUP                ;        ;                       ;         ; Column I/O ;                 ; no       ; On           ;
; A6       ; 471        ; 8        ; RESERVED_INPUT_WITH_WEAK_PULLUP                ;        ;                       ;         ; Column I/O ;                 ; no       ; On           ;
; A7       ; 445        ; 7        ; KEY[1]                                         ; input  ; 3.3 V Schmitt Trigger ;         ; Column I/O ; Y               ; no       ; Off          ;
; A8       ; 447        ; 7        ; RESERVED_INPUT_WITH_WEAK_PULLUP                ;        ;                       ;         ; Column I/O ;                 ; no       ; On           ;
; A9       ; 449        ; 7        ; RESERVED_INPUT_WITH_WEAK_PULLUP                ;        ;                       ;         ; Column I/O ;                 ; no       ; On           ;
; A10      ; 439        ; 7        ; RESERVED_INPUT_WITH_WEAK_PULLUP                ;        ;                       ;         ; Column I/O ;                 ; no       ; On           ;
; A11      ; 437        ; 7        ; RESERVED_INPUT_WITH_WEAK_PULLUP                ;        ;                       ;         ; Column I/O ;                 ; no       ; On           ;
; A12      ; 435        ; 7        ; RESERVED_INPUT_WITH_WEAK_PULLUP                ;        ;                       ;         ; Column I/O ;                 ; no       ; On           ;
; A13      ; 433        ; 7        ; RESERVED_INPUT_WITH_WEAK_PULLUP                ;        ;                       ;         ; Column I/O ;                 ; no       ; On           ;
; A14      ; 425        ; 7        ; RESERVED_INPUT_WITH_WEAK_PULLUP                ;        ;                       ;         ; Column I/O ;                 ; no       ; On           ;
; A15      ; 421        ; 7        ; RESERVED_INPUT_WITH_WEAK_PULLUP                ;        ;                       ;         ; Column I/O ;                 ; no       ; On           ;
; A16      ; 419        ; 7        ; RESERVED_INPUT_WITH_WEAK_PULLUP                ;        ;                       ;         ; Column I/O ;                 ; no       ; On           ;
; A17      ; 407        ; 7        ; RESERVED_INPUT_WITH_WEAK_PULLUP                ;        ;                       ;         ; Column I/O ;                 ; no       ; On           ;
; A18      ; 405        ; 7        ; RESERVED_INPUT_WITH_WEAK_PULLUP                ;        ;                       ;         ; Column I/O ;                 ; no       ; On           ;
; A19      ; 403        ; 7        ; RESERVED_INPUT_WITH_WEAK_PULLUP                ;        ;                       ;         ; Column I/O ;                 ; no       ; On           ;
; A20      ; 401        ; 7        ; RESERVED_INPUT_WITH_WEAK_PULLUP                ;        ;                       ;         ; Column I/O ;                 ; no       ; On           ;
; A21      ; 371        ; 6        ; RESERVED_INPUT_WITH_WEAK_PULLUP                ;        ;                       ;         ; Row I/O    ;                 ; no       ; On           ;
; A22      ;            ;          ; GND                                            ; gnd    ;                       ;         ; --         ;                 ; --       ; --           ;
; AA1      ; 133        ; 3        ; RESERVED_INPUT_WITH_WEAK_PULLUP                ;        ;                       ;         ; Column I/O ;                 ; no       ; On           ;
; AA2      ; 135        ; 3        ; GPIO[35]                                       ; bidir  ; 3.3-V LVTTL           ;         ; Column I/O ; Y               ; no       ; Off          ;
; AA3      ; 153        ; 3        ; RESERVED_INPUT_WITH_WEAK_PULLUP                ;        ;                       ;         ; Column I/O ;                 ; --       ; --           ;
; AA4      ;            ;          ; GND                                            ; gnd    ;                       ;         ; --         ;                 ; --       ; --           ;
; AA5      ; 157        ; 3        ; GPIO[30]                                       ; bidir  ; 3.3-V LVTTL           ;         ; Column I/O ; Y               ; no       ; Off          ;
; AA6      ; 156        ; 3        ; GPIO[28]                                       ; bidir  ; 3.3-V LVTTL           ;         ; Column I/O ; Y               ; no       ; Off          ;
; AA7      ; 158        ; 3        ; GPIO[26]                                       ; bidir  ; 3.3-V LVTTL           ;         ; Column I/O ; Y               ; no       ; Off          ;
; AA8      ; 165        ; 3        ; GPIO[24]                                       ; bidir  ; 3.3-V LVTTL           ;         ; Column I/O ; Y               ; no       ; Off          ;
; AA9      ; 169        ; 3        ; GPIO[22]                                       ; bidir  ; 3.3-V LVTTL           ;         ; Column I/O ; Y               ; no       ; Off          ;
; AA10     ; 170        ; 3        ; GPIO[21]                                       ; bidir  ; 3.3-V LVTTL           ;         ; Column I/O ; Y               ; no       ; Off          ;
; AA11     ; 180        ; 4        ; RESERVED_INPUT_WITH_WEAK_PULLUP                ;        ;                       ;         ; Column I/O ;                 ; no       ; On           ;
; AA12     ; 182        ; 4        ; RESERVED_INPUT_WITH_WEAK_PULLUP                ;        ;                       ;         ; Column I/O ;                 ; no       ; On           ;
; AA13     ; 197        ; 4        ; RESERVED_INPUT_WITH_WEAK_PULLUP                ;        ;                       ;         ; Column I/O ;                 ; --       ; --           ;
; AA14     ; 201        ; 4        ; GPIO[12]                                       ; bidir  ; 3.3-V LVTTL           ;         ; Column I/O ; Y               ; no       ; Off          ;
; AA15     ; 205        ; 4        ; GPIO[11]                                       ; bidir  ; 3.3-V LVTTL           ;         ; Column I/O ; Y               ; no       ; Off          ;
; AA16     ; 211        ; 4        ; RESERVED_INPUT_WITH_WEAK_PULLUP                ;        ;                       ;         ; Column I/O ;                 ; no       ; On           ;
; AA17     ; 212        ; 4        ; RESERVED_INPUT_WITH_WEAK_PULLUP                ;        ;                       ;         ; Column I/O ;                 ; no       ; On           ;
; AA18     ;            ;          ; GND                                            ; gnd    ;                       ;         ; --         ;                 ; --       ; --           ;
; AA19     ; 217        ; 4        ; RESERVED_INPUT_WITH_WEAK_PULLUP                ;        ;                       ;         ; Column I/O ;                 ; no       ; On           ;
; AA20     ; 227        ; 4        ; RESERVED_INPUT_WITH_WEAK_PULLUP                ;        ;                       ;         ; Column I/O ;                 ; no       ; On           ;
; AA21     ; 245        ; 5        ; RESERVED_INPUT_WITH_WEAK_PULLUP                ;        ;                       ;         ; Row I/O    ;                 ; no       ; On           ;
; AA22     ; 247        ; 5        ; RESERVED_INPUT_WITH_WEAK_PULLUP                ;        ;                       ;         ; Row I/O    ;                 ; no       ; On           ;
; AB1      ;            ;          ; GND                                            ; gnd    ;                       ;         ; --         ;                 ; --       ; --           ;
; AB2      ; 145        ; 3        ; GPIO[34]                                       ; bidir  ; 3.3-V LVTTL           ;         ; Column I/O ; Y               ; no       ; Off          ;
; AB3      ; 147        ; 3        ; GPIO[32]                                       ; bidir  ; 3.3-V LVTTL           ;         ; Column I/O ; Y               ; no       ; Off          ;
; AB4      ; 155        ; 3        ; RESERVED_INPUT_WITH_WEAK_PULLUP                ;        ;                       ;         ; Column I/O ;                 ; no       ; On           ;
; AB5      ; 159        ; 3        ; RESERVED_INPUT_WITH_WEAK_PULLUP                ;        ;                       ;         ; Column I/O ;                 ; no       ; On           ;
; AB6      ; 161        ; 3        ; RESERVED_INPUT_WITH_WEAK_PULLUP                ;        ;                       ;         ; Column I/O ;                 ; no       ; On           ;
; AB7      ; 163        ; 3        ; RESERVED_INPUT_WITH_WEAK_PULLUP                ;        ;                       ;         ; Column I/O ;                 ; no       ; On           ;
; AB8      ; 167        ; 3        ; RESERVED_INPUT_WITH_WEAK_PULLUP                ;        ;                       ;         ; Column I/O ;                 ; no       ; On           ;
; AB9      ; 171        ; 3        ; RESERVED_INPUT_WITH_WEAK_PULLUP                ;        ;                       ;         ; Column I/O ;                 ; no       ; On           ;
; AB10     ; 177        ; 4        ; GPIO[20]                                       ; bidir  ; 3.3-V LVTTL           ;         ; Column I/O ; Y               ; no       ; Off          ;
; AB11     ; 179        ; 4        ; GPIO[18]                                       ; bidir  ; 3.3-V LVTTL           ;         ; Column I/O ; Y               ; no       ; Off          ;
; AB12     ; 181        ; 4        ; GPIO[16]                                       ; bidir  ; 3.3-V LVTTL           ;         ; Column I/O ; Y               ; no       ; Off          ;
; AB13     ; 183        ; 4        ; GPIO[15]                                       ; bidir  ; 3.3-V LVTTL           ;         ; Column I/O ; Y               ; no       ; Off          ;
; AB14     ; 199        ; 4        ; RESERVED_INPUT_WITH_WEAK_PULLUP                ;        ;                       ;         ; Column I/O ;                 ; no       ; On           ;
; AB15     ; 203        ; 4        ; RESERVED_INPUT_WITH_WEAK_PULLUP                ;        ;                       ;         ; Column I/O ;                 ; no       ; On           ;
; AB16     ; 209        ; 4        ; RESERVED_INPUT_WITH_WEAK_PULLUP                ;        ;                       ;         ; Column I/O ;                 ; no       ; On           ;
; AB17     ; 241        ; 4        ; RESERVED_INPUT_WITH_WEAK_PULLUP                ;        ;                       ;         ; Column I/O ;                 ; no       ; On           ;
; AB18     ; 243        ; 4        ; RESERVED_INPUT_WITH_WEAK_PULLUP                ;        ;                       ;         ; Column I/O ;                 ; no       ; On           ;
; AB19     ; 213        ; 4        ; RESERVED_INPUT_WITH_WEAK_PULLUP                ;        ;                       ;         ; Column I/O ;                 ; no       ; On           ;
; AB20     ; 215        ; 4        ; RESERVED_INPUT_WITH_WEAK_PULLUP                ;        ;                       ;         ; Column I/O ;                 ; no       ; On           ;
; AB21     ; 225        ; 4        ; RESERVED_INPUT_WITH_WEAK_PULLUP                ;        ;                       ;         ; Column I/O ;                 ; no       ; On           ;
; AB22     ;            ;          ; GND                                            ; gnd    ;                       ;         ; --         ;                 ; --       ; --           ;
; B1       ; 495        ; 8        ; RESERVED_INPUT_WITH_WEAK_PULLUP                ;        ;                       ;         ; Column I/O ;                 ; no       ; On           ;
; B2       ; 493        ; 8        ; RESERVED_INPUT_WITH_WEAK_PULLUP                ;        ;                       ;         ; Column I/O ;                 ; no       ; On           ;
; B3       ; 484        ; 8        ; RESERVED_INPUT_WITH_WEAK_PULLUP                ;        ;                       ;         ; Column I/O ;                 ; no       ; On           ;
; B4       ; 486        ; 8        ; RESERVED_INPUT_WITH_WEAK_PULLUP                ;        ;                       ;         ; Column I/O ;                 ; no       ; On           ;
; B5       ; 485        ; 8        ; RESERVED_INPUT_WITH_WEAK_PULLUP                ;        ;                       ;         ; Column I/O ;                 ; no       ; On           ;
; B6       ;            ;          ; GND                                            ; gnd    ;                       ;         ; --         ;                 ; --       ; --           ;
; B7       ; 469        ; 8        ; RESERVED_INPUT_WITH_WEAK_PULLUP                ;        ;                       ;         ; Column I/O ;                 ; no       ; On           ;
; B8       ; 451        ; 7        ; KEY[0]                                         ; input  ; 3.3 V Schmitt Trigger ;         ; Column I/O ; Y               ; no       ; Off          ;
; B9       ;            ;          ; GND                                            ; gnd    ;                       ;         ; --         ;                 ; --       ; --           ;
; B10      ; 448        ; 7        ; RESERVED_INPUT_WITH_WEAK_PULLUP                ;        ;                       ;         ; Column I/O ;                 ; no       ; On           ;
; B11      ; 443        ; 7        ; RESERVED_INPUT_WITH_WEAK_PULLUP                ;        ;                       ;         ; Column I/O ;                 ; no       ; On           ;
; B12      ; 441        ; 7        ; RESERVED_INPUT_WITH_WEAK_PULLUP                ;        ;                       ;         ; Column I/O ;                 ; no       ; On           ;
; B13      ;            ;          ; GND                                            ; gnd    ;                       ;         ; --         ;                 ; --       ; --           ;
; B14      ; 427        ; 7        ; RESERVED_INPUT_WITH_WEAK_PULLUP                ;        ;                       ;         ; Column I/O ;                 ; no       ; On           ;
; B15      ; 423        ; 7        ; RESERVED_INPUT_WITH_WEAK_PULLUP                ;        ;                       ;         ; Column I/O ;                 ; --       ; --           ;
; B16      ; 417        ; 7        ; RESERVED_INPUT_WITH_WEAK_PULLUP                ;        ;                       ;         ; Column I/O ;                 ; no       ; On           ;
; B17      ; 402        ; 7        ; RESERVED_INPUT_WITH_WEAK_PULLUP                ;        ;                       ;         ; Column I/O ;                 ; no       ; On           ;
; B18      ;            ;          ; GND                                            ; gnd    ;                       ;         ; --         ;                 ; --       ; --           ;
; B19      ; 399        ; 7        ; RESERVED_INPUT_WITH_WEAK_PULLUP                ;        ;                       ;         ; Column I/O ;                 ; no       ; On           ;
; B20      ; 369        ; 6        ; RESERVED_INPUT_WITH_WEAK_PULLUP                ;        ;                       ;         ; Row I/O    ;                 ; no       ; On           ;
; B21      ; 367        ; 6        ; RESERVED_INPUT_WITH_WEAK_PULLUP                ;        ;                       ;         ; Row I/O    ;                 ; no       ; On           ;
; B22      ; 365        ; 6        ; RESERVED_INPUT_WITH_WEAK_PULLUP                ;        ;                       ;         ; Row I/O    ;                 ; no       ; On           ;
; C1       ; 33         ; 1B       ; RESERVED_INPUT_WITH_WEAK_PULLUP                ;        ;                       ;         ; Row I/O    ;                 ; --       ; --           ;
; C2       ; 499        ; 8        ; RESERVED_INPUT_WITH_WEAK_PULLUP                ;        ;                       ;         ; Column I/O ;                 ; no       ; On           ;
; C3       ; 497        ; 8        ; RESERVED_INPUT_WITH_WEAK_PULLUP                ;        ;                       ;         ; Column I/O ;                 ; no       ; On           ;
; C4       ; 487        ; 8        ; RESERVED_INPUT_WITH_WEAK_PULLUP                ;        ;                       ;         ; Column I/O ;                 ; no       ; On           ;
; C5       ; 489        ; 8        ; RESERVED_INPUT_WITH_WEAK_PULLUP                ;        ;                       ;         ; Column I/O ;                 ; no       ; On           ;
; C6       ; 477        ; 8        ; RESERVED_INPUT_WITH_WEAK_PULLUP                ;        ;                       ;         ; Column I/O ;                 ; no       ; On           ;
; C7       ; 467        ; 8        ; RESERVED_INPUT_WITH_WEAK_PULLUP                ;        ;                       ;         ; Column I/O ;                 ; no       ; On           ;
; C8       ; 465        ; 8        ; RESERVED_INPUT_WITH_WEAK_PULLUP                ;        ;                       ;         ; Column I/O ;                 ; no       ; On           ;
; C9       ; 450        ; 7        ; RESERVED_INPUT_WITH_WEAK_PULLUP                ;        ;                       ;         ; Column I/O ;                 ; no       ; On           ;
; C10      ; 442        ; 7        ; RESERVED_INPUT_WITH_WEAK_PULLUP                ;        ;                       ;         ; Column I/O ;                 ; no       ; On           ;
; C11      ; 440        ; 7        ; RESERVED_INPUT_WITH_WEAK_PULLUP                ;        ;                       ;         ; Column I/O ;                 ; no       ; On           ;
; C12      ; 436        ; 7        ; RESERVED_INPUT_WITH_WEAK_PULLUP                ;        ;                       ;         ; Column I/O ;                 ; no       ; On           ;
; C13      ; 426        ; 7        ; RESERVED_INPUT_WITH_WEAK_PULLUP                ;        ;                       ;         ; Column I/O ;                 ; no       ; On           ;
; C14      ; 424        ; 7        ; RESERVED_INPUT_WITH_WEAK_PULLUP                ;        ;                       ;         ; Column I/O ;                 ; no       ; On           ;
; C15      ; 418        ; 7        ; RESERVED_INPUT_WITH_WEAK_PULLUP                ;        ;                       ;         ; Column I/O ;                 ; no       ; On           ;
; C16      ; 416        ; 7        ; RESERVED_INPUT_WITH_WEAK_PULLUP                ;        ;                       ;         ; Column I/O ;                 ; no       ; On           ;
; C17      ; 391        ; 7        ; RESERVED_INPUT_WITH_WEAK_PULLUP                ;        ;                       ;         ; Column I/O ;                 ; no       ; On           ;
; C18      ; 400        ; 7        ; RESERVED_INPUT_WITH_WEAK_PULLUP                ;        ;                       ;         ; Column I/O ;                 ; no       ; On           ;
; C19      ; 397        ; 7        ; RESERVED_INPUT_WITH_WEAK_PULLUP                ;        ;                       ;         ; Column I/O ;                 ; no       ; On           ;
; C20      ; 357        ; 6        ; RESERVED_INPUT_WITH_WEAK_PULLUP                ;        ;                       ;         ; Row I/O    ;                 ; no       ; On           ;
; C21      ; 347        ; 6        ; RESERVED_INPUT_WITH_WEAK_PULLUP                ;        ;                       ;         ; Row I/O    ;                 ; no       ; On           ;
; C22      ; 343        ; 6        ; RESERVED_INPUT_WITH_WEAK_PULLUP                ;        ;                       ;         ; Row I/O    ;                 ; no       ; On           ;
; D1       ; 35         ; 1B       ; RESERVED_INPUT_WITH_WEAK_PULLUP                ;        ;                       ;         ; Row I/O    ;                 ; no       ; On           ;
; D2       ; 31         ; 1B       ; RESERVED_INPUT_WITH_WEAK_PULLUP                ;        ;                       ;         ; Row I/O    ;                 ; no       ; On           ;
; D3       ; 29         ; 1B       ; RESERVED_INPUT_WITH_WEAK_PULLUP                ;        ;                       ;         ; Row I/O    ;                 ; no       ; On           ;
; D4       ;            ;          ; GND                                            ; gnd    ;                       ;         ; --         ;                 ; --       ; --           ;
; D5       ; 491        ; 8        ; RESERVED_INPUT_WITH_WEAK_PULLUP                ;        ;                       ;         ; Column I/O ;                 ; no       ; On           ;
; D6       ; 496        ; 8        ; RESERVED_INPUT_WITH_WEAK_PULLUP                ;        ;                       ;         ; Column I/O ;                 ; no       ; On           ;
; D7       ; 479        ; 8        ; RESERVED_INPUT_WITH_WEAK_PULLUP                ;        ;                       ;         ; Column I/O ;                 ; --       ; --           ;
; D8       ; 472        ; 8        ; RESERVED_INPUT_WITH_WEAK_PULLUP                ;        ;                       ;         ; Column I/O ;                 ; no       ; On           ;
; D9       ; 474        ; 8        ; RESERVED_INPUT_WITH_WEAK_PULLUP                ;        ;                       ;         ; Column I/O ;                 ; no       ; On           ;
; D10      ; 476        ; 8        ; RESERVED_INPUT_WITH_WEAK_PULLUP                ;        ;                       ;         ; Column I/O ;                 ; no       ; On           ;
; D11      ;            ;          ; GND                                            ; gnd    ;                       ;         ; --         ;                 ; --       ; --           ;
; D12      ; 438        ; 7        ; RESERVED_INPUT_WITH_WEAK_PULLUP                ;        ;                       ;         ; Column I/O ;                 ; no       ; On           ;
; D13      ; 431        ; 7        ; RESERVED_INPUT_WITH_WEAK_PULLUP                ;        ;                       ;         ; Column I/O ;                 ; no       ; On           ;
; D14      ; 428        ; 7        ; RESERVED_INPUT_WITH_WEAK_PULLUP                ;        ;                       ;         ; Column I/O ;                 ; no       ; On           ;
; D15      ; 404        ; 7        ; RESERVED_INPUT_WITH_WEAK_PULLUP                ;        ;                       ;         ; Column I/O ;                 ; no       ; On           ;
; D16      ;            ;          ; GND                                            ; gnd    ;                       ;         ; --         ;                 ; --       ; --           ;
; D17      ; 389        ; 7        ; RESERVED_INPUT_WITH_WEAK_PULLUP                ;        ;                       ;         ; Column I/O ;                 ; no       ; On           ;
; D18      ; 385        ; 6        ; RESERVED_INPUT_WITH_WEAK_PULLUP                ;        ;                       ;         ; Row I/O    ;                 ; no       ; On           ;
; D19      ; 359        ; 6        ; RESERVED_INPUT_WITH_WEAK_PULLUP                ;        ;                       ;         ; Row I/O    ;                 ; no       ; On           ;
; D20      ;            ;          ; GND                                            ; gnd    ;                       ;         ; --         ;                 ; --       ; --           ;
; D21      ; 345        ; 6        ; RESERVED_INPUT_WITH_WEAK_PULLUP                ;        ;                       ;         ; Row I/O    ;                 ; --       ; --           ;
; D22      ; 341        ; 6        ; RESERVED_INPUT_WITH_WEAK_PULLUP                ;        ;                       ;         ; Row I/O    ;                 ; no       ; On           ;
; E1       ; 41         ; 1B       ; RESERVED_INPUT_WITH_WEAK_PULLUP                ;        ;                       ;         ; Row I/O    ;                 ; no       ; On           ;
; E2       ;            ;          ; GND                                            ; gnd    ;                       ;         ; --         ;                 ; --       ; --           ;
; E3       ; 3          ; 1A       ; RESERVED_INPUT_WITH_WEAK_PULLUP                ;        ;                       ;         ; Row I/O    ;                 ; no       ; On           ;
; E4       ; 1          ; 1A       ; RESERVED_INPUT_WITH_WEAK_PULLUP                ;        ;                       ;         ; Row I/O    ;                 ; no       ; On           ;
; E5       ;            ;          ; NC                                             ;        ;                       ;         ; --         ;                 ; --       ; --           ;
; E6       ; 498        ; 8        ; RESERVED_INPUT_WITH_WEAK_PULLUP                ;        ;                       ;         ; Column I/O ;                 ; no       ; On           ;
; E7       ;            ;          ; GND                                            ; gnd    ;                       ;         ; --         ;                 ; --       ; --           ;
; E8       ; 488        ; 8        ; RESERVED_INPUT_WITH_WEAK_PULLUP                ;        ;                       ;         ; Column I/O ;                 ; no       ; On           ;
; E9       ; 478        ; 8        ; RESERVED_INPUT_WITH_WEAK_PULLUP                ;        ;                       ;         ; Column I/O ;                 ; no       ; On           ;
; E10      ; 466        ; 8        ; RESERVED_INPUT_WITH_WEAK_PULLUP                ;        ;                       ;         ; Column I/O ;                 ; no       ; On           ;
; E11      ; 464        ; 8        ; RESERVED_INPUT_WITH_WEAK_PULLUP                ;        ;                       ;         ; Column I/O ;                 ; no       ; On           ;
; E12      ; 429        ; 7        ; RESERVED_INPUT_WITH_WEAK_PULLUP                ;        ;                       ;         ; Column I/O ;                 ; no       ; On           ;
; E13      ; 430        ; 7        ; RESERVED_INPUT_WITH_WEAK_PULLUP                ;        ;                       ;         ; Column I/O ;                 ; no       ; On           ;
; E14      ; 406        ; 7        ; RESERVED_INPUT_WITH_WEAK_PULLUP                ;        ;                       ;         ; Column I/O ;                 ; no       ; On           ;
; E15      ; 390        ; 7        ; RESERVED_INPUT_WITH_WEAK_PULLUP                ;        ;                       ;         ; Column I/O ;                 ; no       ; On           ;
; E16      ; 388        ; 7        ; RESERVED_INPUT_WITH_WEAK_PULLUP                ;        ;                       ;         ; Column I/O ;                 ; no       ; On           ;
; E17      ; 366        ; 6        ; RESERVED_INPUT_WITH_WEAK_PULLUP                ;        ;                       ;         ; Row I/O    ;                 ; no       ; On           ;
; E18      ; 387        ; 6        ; RESERVED_INPUT_WITH_WEAK_PULLUP                ;        ;                       ;         ; Row I/O    ;                 ; no       ; On           ;
; E19      ; 352        ; 6        ; RESERVED_INPUT_WITH_WEAK_PULLUP                ;        ;                       ;         ; Row I/O    ;                 ; no       ; On           ;
; E20      ; 355        ; 6        ; RESERVED_INPUT_WITH_WEAK_PULLUP                ;        ;                       ;         ; Row I/O    ;                 ; no       ; On           ;
; E21      ; 335        ; 6        ; RESERVED_INPUT_WITH_WEAK_PULLUP                ;        ;                       ;         ; Row I/O    ;                 ; no       ; On           ;
; E22      ; 333        ; 6        ; RESERVED_INPUT_WITH_WEAK_PULLUP                ;        ;                       ;         ; Row I/O    ;                 ; no       ; On           ;
; F1       ; 47         ; 1B       ; RESERVED_INPUT_WITH_WEAK_PULLUP                ;        ;                       ;         ; Row I/O    ;                 ; no       ; On           ;
; F2       ; 43         ; 1B       ; RESERVED_INPUT_WITH_WEAK_PULLUP                ;        ;                       ;         ; Row I/O    ;                 ; no       ; On           ;
; F3       ; 7          ; 1A       ; RESERVED_INPUT_WITH_WEAK_PULLUP                ;        ;                       ;         ; Row I/O    ;                 ; no       ; On           ;
; F4       ; 2          ; 1A       ; RESERVED_INPUT_WITH_WEAK_PULLUP                ;        ;                       ;         ; Row I/O    ;                 ; no       ; On           ;
; F5       ; 0          ; 1A       ; RESERVED_INPUT_WITH_WEAK_PULLUP                ;        ;                       ;         ; Row I/O    ;                 ; no       ; On           ;
; F6       ;            ;          ; NC                                             ;        ;                       ;         ; --         ;                 ; --       ; --           ;
; F7       ; 490        ; 8        ; RESERVED_INPUT_WITH_WEAK_PULLUP                ;        ;                       ;         ; Column I/O ;                 ; no       ; On           ;
; F8       ; 494        ; 8        ; ~ALTERA_CONF_DONE~ / RESERVED_INPUT            ; input  ; 2.5 V Schmitt Trigger ;         ; Column I/O ; N               ; no       ; Off          ;
; F9       ;            ; 8        ; VCCIO8                                         ; power  ;                       ; 2.5V    ; --         ;                 ; --       ; --           ;
; F10      ;            ;          ; GND                                            ; gnd    ;                       ;         ; --         ;                 ; --       ; --           ;
; F11      ;            ; 8        ; VCCIO8                                         ; power  ;                       ; 2.5V    ; --         ;                 ; --       ; --           ;
; F12      ;            ; 7        ; VCCIO7                                         ; power  ;                       ; 3.3V    ; --         ;                 ; --       ; --           ;
; F13      ;            ;          ; GND                                            ; gnd    ;                       ;         ; --         ;                 ; --       ; --           ;
; F14      ;            ; 7        ; VCCIO7                                         ; power  ;                       ; 3.3V    ; --         ;                 ; --       ; --           ;
; F15      ; 398        ; 7        ; RESERVED_INPUT_WITH_WEAK_PULLUP                ;        ;                       ;         ; Column I/O ;                 ; no       ; On           ;
; F16      ; 396        ; 7        ; RESERVED_INPUT_WITH_WEAK_PULLUP                ;        ;                       ;         ; Column I/O ;                 ; no       ; On           ;
; F17      ; 364        ; 6        ; RESERVED_INPUT_WITH_WEAK_PULLUP                ;        ;                       ;         ; Row I/O    ;                 ; no       ; On           ;
; F18      ; 354        ; 6        ; RESERVED_INPUT_WITH_WEAK_PULLUP                ;        ;                       ;         ; Row I/O    ;                 ; no       ; On           ;
; F19      ; 353        ; 6        ; RESERVED_INPUT_WITH_WEAK_PULLUP                ;        ;                       ;         ; Row I/O    ;                 ; no       ; On           ;
; F20      ; 342        ; 6        ; RESERVED_INPUT_WITH_WEAK_PULLUP                ;        ;                       ;         ; Row I/O    ;                 ; no       ; On           ;
; F21      ; 340        ; 6        ; RESERVED_INPUT_WITH_WEAK_PULLUP                ;        ;                       ;         ; Row I/O    ;                 ; no       ; On           ;
; F22      ; 331        ; 6        ; RESERVED_INPUT_WITH_WEAK_PULLUP                ;        ;                       ;         ; Row I/O    ;                 ; no       ; On           ;
; G1       ; 45         ; 1B       ; RESERVED_INPUT_WITH_WEAK_PULLUP                ;        ;                       ;         ; Row I/O    ;                 ; no       ; On           ;
; G2       ; 34         ; 1B       ; ~ALTERA_TCK~ / RESERVED_INPUT                  ; input  ; 2.5 V Schmitt Trigger ;         ; Row I/O    ; N               ; no       ; Off          ;
; G3       ; 11         ; 1A       ; RESERVED_INPUT_WITH_WEAK_PULLUP                ;        ;                       ;         ; Row I/O    ;                 ; no       ; On           ;
; G4       ; 5          ; 1A       ; RESERVED_INPUT_WITH_WEAK_PULLUP                ;        ;                       ;         ; Row I/O    ;                 ; no       ; On           ;
; G5       ;            ;          ; ANAIN1                                         ;        ;                       ;         ; --         ;                 ; --       ; --           ;
; G6       ;            ;          ; GND                                            ; gnd    ;                       ;         ; --         ;                 ; --       ; --           ;
; G7       ;            ;          ; VCCD_PLL3                                      ; power  ;                       ; 1.2V    ; --         ;                 ; --       ; --           ;
; G8       ;            ;          ; GND                                            ; gnd    ;                       ;         ; --         ;                 ; --       ; --           ;
; G9       ; 492        ; 8        ; ~ALTERA_nSTATUS~ / RESERVED_INPUT              ; input  ; 2.5 V Schmitt Trigger ;         ; Column I/O ; N               ; no       ; Off          ;
; G10      ;            ; 8        ; VCCIO8                                         ; power  ;                       ; 2.5V    ; --         ;                 ; --       ; --           ;
; G11      ;            ; 8        ; VCCIO8                                         ; power  ;                       ; 2.5V    ; --         ;                 ; --       ; --           ;
; G12      ;            ; 7        ; VCCIO7                                         ; power  ;                       ; 3.3V    ; --         ;                 ; --       ; --           ;
; G13      ;            ; 7        ; VCCIO7                                         ; power  ;                       ; 3.3V    ; --         ;                 ; --       ; --           ;
; G14      ;            ; 7        ; VCCIO7                                         ; power  ;                       ; 3.3V    ; --         ;                 ; --       ; --           ;
; G15      ;            ;          ; GND                                            ; gnd    ;                       ;         ; --         ;                 ; --       ; --           ;
; G16      ;            ;          ; VCCD_PLL2                                      ; power  ;                       ; 1.2V    ; --         ;                 ; --       ; --           ;
; G17      ; 386        ; 6        ; RESERVED_INPUT_WITH_WEAK_PULLUP                ;        ;                       ;         ; Row I/O    ;                 ; no       ; On           ;
; G18      ;            ;          ; GND                                            ; gnd    ;                       ;         ; --         ;                 ; --       ; --           ;
; G19      ; 330        ; 6        ; RESERVED_INPUT_WITH_WEAK_PULLUP                ;        ;                       ;         ; Row I/O    ;                 ; no       ; On           ;
; G20      ; 328        ; 6        ; RESERVED_INPUT_WITH_WEAK_PULLUP                ;        ;                       ;         ; Row I/O    ;                 ; no       ; On           ;
; G21      ;            ;          ; GND                                            ; gnd    ;                       ;         ; --         ;                 ; --       ; --           ;
; G22      ; 329        ; 6        ; RESERVED_INPUT_WITH_WEAK_PULLUP                ;        ;                       ;         ; Row I/O    ;                 ; no       ; On           ;
; H1       ; 44         ; 1B       ; RESERVED_INPUT_WITH_WEAK_PULLUP                ;        ;                       ;         ; Row I/O    ;                 ; no       ; On           ;
; H2       ; 32         ; 1B       ; ~ALTERA_TMS~ / RESERVED_INPUT_WITH_WEAK_PULLUP ; input  ; 2.5 V Schmitt Trigger ;         ; Row I/O    ; N               ; no       ; On           ;
; H3       ; 10         ; 1A       ; RESERVED_INPUT_WITH_WEAK_PULLUP                ;        ;                       ;         ; Row I/O    ;                 ; no       ; On           ;
; H4       ; 9          ; 1A       ; RESERVED_INPUT_WITH_WEAK_PULLUP                ;        ;                       ;         ; Row I/O    ;                 ; no       ; On           ;
; H5       ;            ;          ; REFGND                                         ;        ;                       ;         ; --         ;                 ; --       ; --           ;
; H6       ;            ;          ; ADC_VREF                                       ;        ;                       ;         ; --         ;                 ; --       ; --           ;
; H7       ;            ; --       ; VCCA_ADC                                       ; power  ;                       ; 2.5V    ; --         ;                 ; --       ; --           ;
; H8       ;            ; --       ; VCCA3                                          ; power  ;                       ; 2.5V    ; --         ;                 ; --       ; --           ;
; H9       ; 482        ; 8        ; ~ALTERA_nCONFIG~ / RESERVED_INPUT              ; input  ; 2.5 V Schmitt Trigger ;         ; Column I/O ; N               ; no       ; Off          ;
; H10      ; 480        ; 8        ; ~ALTERA_CONFIG_SEL~ / RESERVED_INPUT           ; input  ; 2.5 V                 ;         ; Column I/O ; N               ; no       ; Off          ;
; H11      ; 470        ; 8        ; RESERVED_INPUT_WITH_WEAK_PULLUP                ;        ;                       ;         ; Column I/O ;                 ; no       ; On           ;
; H12      ; 444        ; 7        ; RESERVED_INPUT_WITH_WEAK_PULLUP                ;        ;                       ;         ; Column I/O ;                 ; no       ; On           ;
; H13      ; 432        ; 7        ; RESERVED_INPUT_WITH_WEAK_PULLUP                ;        ;                       ;         ; Column I/O ;                 ; no       ; On           ;
; H14      ; 420        ; 7        ; RESERVED_INPUT_WITH_WEAK_PULLUP                ;        ;                       ;         ; Column I/O ;                 ; no       ; On           ;
; H15      ;            ; --       ; VCCA2                                          ; power  ;                       ; 2.5V    ; --         ;                 ; --       ; --           ;
; H16      ;            ; 6        ; VCCIO6                                         ; power  ;                       ; 3.3V    ; --         ;                 ; --       ; --           ;
; H17      ; 384        ; 6        ; RESERVED_INPUT_WITH_WEAK_PULLUP                ;        ;                       ;         ; Row I/O    ;                 ; no       ; On           ;
; H18      ; 374        ; 6        ; RESERVED_INPUT_WITH_WEAK_PULLUP                ;        ;                       ;         ; Row I/O    ;                 ; no       ; On           ;
; H19      ; 372        ; 6        ; RESERVED_INPUT_WITH_WEAK_PULLUP                ;        ;                       ;         ; Row I/O    ;                 ; no       ; On           ;
; H20      ; 375        ; 6        ; RESERVED_INPUT_WITH_WEAK_PULLUP                ;        ;                       ;         ; Row I/O    ;                 ; no       ; On           ;
; H21      ; 323        ; 6        ; RESERVED_INPUT_WITH_WEAK_PULLUP                ;        ;                       ;         ; Row I/O    ;                 ; no       ; On           ;
; H22      ; 321        ; 6        ; RESERVED_INPUT_WITH_WEAK_PULLUP                ;        ;                       ;         ; Row I/O    ;                 ; no       ; On           ;
; J1       ; 46         ; 1B       ; RESERVED_INPUT_WITH_WEAK_PULLUP                ;        ;                       ;         ; Row I/O    ;                 ; no       ; On           ;
; J2       ;            ;          ; GND                                            ; gnd    ;                       ;         ; --         ;                 ; --       ; --           ;
; J3       ; 15         ; 1A       ; RESERVED_INPUT_WITH_WEAK_PULLUP                ;        ;                       ;         ; Row I/O    ;                 ; no       ; On           ;
; J4       ; 8          ; 1A       ; RESERVED_INPUT_WITH_WEAK_PULLUP                ;        ;                       ;         ; Row I/O    ;                 ; no       ; On           ;
; J5       ;            ;          ; ANAIN2                                         ;        ;                       ;         ; --         ;                 ; --       ; --           ;
; J6       ;            ;          ; GND                                            ; gnd    ;                       ;         ; --         ;                 ; --       ; --           ;
; J7       ;            ;          ; VCCINT                                         ; power  ;                       ; 1.2V    ; --         ;                 ; --       ; --           ;
; J8       ; 4          ; 1A       ; RESERVED_INPUT_WITH_WEAK_PULLUP                ;        ;                       ;         ; Row I/O    ;                 ; no       ; On           ;
; J9       ; 6          ; 1A       ; RESERVED_INPUT_WITH_WEAK_PULLUP                ;        ;                       ;         ; Row I/O    ;                 ; no       ; On           ;
; J10      ; 468        ; 8        ; RESERVED_INPUT_WITH_WEAK_PULLUP                ;        ;                       ;         ; Column I/O ;                 ; no       ; On           ;
; J11      ; 446        ; 7        ; RESERVED_INPUT_WITH_WEAK_PULLUP                ;        ;                       ;         ; Column I/O ;                 ; no       ; On           ;
; J12      ; 434        ; 7        ; RESERVED_INPUT_WITH_WEAK_PULLUP                ;        ;                       ;         ; Column I/O ;                 ; no       ; On           ;
; J13      ; 422        ; 7        ; RESERVED_INPUT_WITH_WEAK_PULLUP                ;        ;                       ;         ; Column I/O ;                 ; no       ; On           ;
; J14      ; 368        ; 6        ; RESERVED_INPUT_WITH_WEAK_PULLUP                ;        ;                       ;         ; Row I/O    ;                 ; no       ; On           ;
; J15      ; 370        ; 6        ; RESERVED_INPUT_WITH_WEAK_PULLUP                ;        ;                       ;         ; Row I/O    ;                 ; no       ; On           ;
; J16      ;            ;          ; GND                                            ; gnd    ;                       ;         ; --         ;                 ; --       ; --           ;
; J17      ;            ; 6        ; VCCIO6                                         ; power  ;                       ; 3.3V    ; --         ;                 ; --       ; --           ;
; J18      ; 362        ; 6        ; RESERVED_INPUT_WITH_WEAK_PULLUP                ;        ;                       ;         ; Row I/O    ;                 ; no       ; On           ;
; J19      ;            ;          ; GND                                            ; gnd    ;                       ;         ; --         ;                 ; --       ; --           ;
; J20      ; 373        ; 6        ; RESERVED_INPUT_WITH_WEAK_PULLUP                ;        ;                       ;         ; Row I/O    ;                 ; no       ; On           ;
; J21      ; 327        ; 6        ; RESERVED_INPUT_WITH_WEAK_PULLUP                ;        ;                       ;         ; Row I/O    ;                 ; no       ; On           ;
; J22      ; 325        ; 6        ; RESERVED_INPUT_WITH_WEAK_PULLUP                ;        ;                       ;         ; Row I/O    ;                 ; no       ; On           ;
; K1       ; 49         ; 1B       ; RESERVED_INPUT_WITH_WEAK_PULLUP                ;        ;                       ;         ; Row I/O    ;                 ; no       ; On           ;
; K2       ; 37         ; 1B       ; RESERVED_INPUT_WITH_WEAK_PULLUP                ;        ;                       ;         ; Row I/O    ;                 ; no       ; On           ;
; K3       ;            ;          ; GND                                            ; gnd    ;                       ;         ; --         ;                 ; --       ; --           ;
; K4       ; 13         ; 1A       ; RESERVED_INPUT_WITH_WEAK_PULLUP                ;        ;                       ;         ; Row I/O    ;                 ; no       ; On           ;
; K5       ; 12         ; 1A       ; RESERVED_INPUT_WITH_WEAK_PULLUP                ;        ;                       ;         ; Row I/O    ;                 ; no       ; On           ;
; K6       ; 14         ; 1A       ; RESERVED_INPUT_WITH_WEAK_PULLUP                ;        ;                       ;         ; Row I/O    ;                 ; no       ; On           ;
; K7       ;            ; 1A       ; VCCIO1A                                        ; power  ;                       ; 2.5V    ; --         ;                 ; --       ; --           ;
; K8       ; 28         ; 1B       ; RESERVED_INPUT_WITH_WEAK_PULLUP                ;        ;                       ;         ; Row I/O    ;                 ; no       ; On           ;
; K9       ; 30         ; 1B       ; RESERVED_INPUT_WITH_WEAK_PULLUP                ;        ;                       ;         ; Row I/O    ;                 ; no       ; On           ;
; K10      ;            ;          ; GND                                            ; gnd    ;                       ;         ; --         ;                 ; --       ; --           ;
; K11      ;            ; --       ; VCC                                            ; power  ;                       ; 1.2V    ; --         ;                 ; --       ; --           ;
; K12      ;            ;          ; GND                                            ; gnd    ;                       ;         ; --         ;                 ; --       ; --           ;
; K13      ;            ; --       ; VCC                                            ; power  ;                       ; 1.2V    ; --         ;                 ; --       ; --           ;
; K14      ; 356        ; 6        ; RESERVED_INPUT_WITH_WEAK_PULLUP                ;        ;                       ;         ; Row I/O    ;                 ; no       ; On           ;
; K15      ; 358        ; 6        ; RESERVED_INPUT_WITH_WEAK_PULLUP                ;        ;                       ;         ; Row I/O    ;                 ; no       ; On           ;
; K16      ;            ; 6        ; VCCIO6                                         ; power  ;                       ; 3.3V    ; --         ;                 ; --       ; --           ;
; K17      ;            ; 6        ; VCCIO6                                         ; power  ;                       ; 3.3V    ; --         ;                 ; --       ; --           ;
; K18      ; 360        ; 6        ; RESERVED_INPUT_WITH_WEAK_PULLUP                ;        ;                       ;         ; Row I/O    ;                 ; no       ; On           ;
; K19      ; 361        ; 6        ; RESERVED_INPUT_WITH_WEAK_PULLUP                ;        ;                       ;         ; Row I/O    ;                 ; no       ; On           ;
; K20      ; 363        ; 6        ; RESERVED_INPUT_WITH_WEAK_PULLUP                ;        ;                       ;         ; Row I/O    ;                 ; no       ; On           ;
; K21      ; 326        ; 6        ; RESERVED_INPUT_WITH_WEAK_PULLUP                ;        ;                       ;         ; Row I/O    ;                 ; no       ; On           ;
; K22      ; 324        ; 6        ; RESERVED_INPUT_WITH_WEAK_PULLUP                ;        ;                       ;         ; Row I/O    ;                 ; no       ; On           ;
; L1       ; 51         ; 1B       ; RESERVED_INPUT_WITH_WEAK_PULLUP                ;        ;                       ;         ; Row I/O    ;                 ; no       ; On           ;
; L2       ; 39         ; 1B       ; RESERVED_INPUT_WITH_WEAK_PULLUP                ;        ;                       ;         ; Row I/O    ;                 ; no       ; On           ;
; L3       ;            ;          ; DNU                                            ;        ;                       ;         ; --         ;                 ; --       ; --           ;
; L4       ; 36         ; 1B       ; ~ALTERA_TDI~ / RESERVED_INPUT_WITH_WEAK_PULLUP ; input  ; 2.5 V Schmitt Trigger ;         ; Row I/O    ; N               ; no       ; On           ;
; L5       ;            ;          ; GND                                            ; gnd    ;                       ;         ; --         ;                 ; --       ; --           ;
; L6       ;            ; 1A       ; VCCIO1A                                        ; power  ;                       ; 2.5V    ; --         ;                 ; --       ; --           ;
; L7       ;            ; 1B       ; VCCIO1B                                        ; power  ;                       ; 2.5V    ; --         ;                 ; --       ; --           ;
; L8       ; 40         ; 1B       ; RESERVED_INPUT_WITH_WEAK_PULLUP                ;        ;                       ;         ; Row I/O    ;                 ; no       ; On           ;
; L9       ; 42         ; 1B       ; RESERVED_INPUT_WITH_WEAK_PULLUP                ;        ;                       ;         ; Row I/O    ;                 ; no       ; On           ;
; L10      ;            ; --       ; VCC                                            ; power  ;                       ; 1.2V    ; --         ;                 ; --       ; --           ;
; L11      ;            ; --       ; VCC                                            ; power  ;                       ; 1.2V    ; --         ;                 ; --       ; --           ;
; L12      ;            ; --       ; VCC                                            ; power  ;                       ; 1.2V    ; --         ;                 ; --       ; --           ;
; L13      ;            ;          ; GND                                            ; gnd    ;                       ;         ; --         ;                 ; --       ; --           ;
; L14      ; 344        ; 6        ; RESERVED_INPUT_WITH_WEAK_PULLUP                ;        ;                       ;         ; Row I/O    ;                 ; no       ; On           ;
; L15      ; 346        ; 6        ; RESERVED_INPUT_WITH_WEAK_PULLUP                ;        ;                       ;         ; Row I/O    ;                 ; no       ; On           ;
; L16      ;            ; 6        ; VCCIO6                                         ; power  ;                       ; 3.3V    ; --         ;                 ; --       ; --           ;
; L17      ;            ;          ; GND                                            ; gnd    ;                       ;         ; --         ;                 ; --       ; --           ;
; L18      ; 350        ; 6        ; RESERVED_INPUT_WITH_WEAK_PULLUP                ;        ;                       ;         ; Row I/O    ;                 ; no       ; On           ;
; L19      ; 349        ; 6        ; RESERVED_INPUT_WITH_WEAK_PULLUP                ;        ;                       ;         ; Row I/O    ;                 ; no       ; On           ;
; L20      ; 351        ; 6        ; RESERVED_INPUT_WITH_WEAK_PULLUP                ;        ;                       ;         ; Row I/O    ;                 ; no       ; On           ;
; L21      ;            ;          ; GND                                            ; gnd    ;                       ;         ; --         ;                 ; --       ; --           ;
; L22      ; 314        ; 5        ; RESERVED_INPUT_WITH_WEAK_PULLUP                ;        ;                       ;         ; Row I/O    ;                 ; no       ; On           ;
; M1       ; 79         ; 2        ; RESERVED_INPUT_WITH_WEAK_PULLUP                ;        ;                       ;         ; Row I/O    ;                 ; no       ; On           ;
; M2       ; 77         ; 2        ; RESERVED_INPUT_WITH_WEAK_PULLUP                ;        ;                       ;         ; Row I/O    ;                 ; --       ; --           ;
; M3       ; 50         ; 1B       ; RESERVED_INPUT_WITH_WEAK_PULLUP                ;        ;                       ;         ; Row I/O    ;                 ; no       ; On           ;
; M4       ; 48         ; 1B       ; RESERVED_INPUT_WITH_WEAK_PULLUP                ;        ;                       ;         ; Row I/O    ;                 ; no       ; On           ;
; M5       ; 38         ; 1B       ; ~ALTERA_TDO~                                   ; output ; 2.5 V                 ;         ; Row I/O    ; N               ; no       ; Off          ;
; M6       ;            ; 1B       ; VCCIO1B                                        ; power  ;                       ; 2.5V    ; --         ;                 ; --       ; --           ;
; M7       ;            ;          ; GND                                            ; gnd    ;                       ;         ; --         ;                 ; --       ; --           ;
; M8       ; 72         ; 2        ; RESERVED_INPUT_WITH_WEAK_PULLUP                ;        ;                       ;         ; Row I/O    ;                 ; no       ; On           ;
; M9       ; 74         ; 2        ; RESERVED_INPUT_WITH_WEAK_PULLUP                ;        ;                       ;         ; Row I/O    ;                 ; no       ; On           ;
; M10      ;            ;          ; GND                                            ; gnd    ;                       ;         ; --         ;                 ; --       ; --           ;
; M11      ;            ; --       ; VCC                                            ; power  ;                       ; 1.2V    ; --         ;                 ; --       ; --           ;
; M12      ;            ; --       ; VCC                                            ; power  ;                       ; 1.2V    ; --         ;                 ; --       ; --           ;
; M13      ;            ; --       ; VCC                                            ; power  ;                       ; 1.2V    ; --         ;                 ; --       ; --           ;
; M14      ; 334        ; 6        ; RESERVED_INPUT_WITH_WEAK_PULLUP                ;        ;                       ;         ; Row I/O    ;                 ; no       ; On           ;
; M15      ; 332        ; 6        ; RESERVED_INPUT_WITH_WEAK_PULLUP                ;        ;                       ;         ; Row I/O    ;                 ; no       ; On           ;
; M16      ;            ;          ; GND                                            ; gnd    ;                       ;         ; --         ;                 ; --       ; --           ;
; M17      ;            ; 6        ; VCCIO6                                         ; power  ;                       ; 3.3V    ; --         ;                 ; --       ; --           ;
; M18      ; 348        ; 6        ; RESERVED_INPUT_WITH_WEAK_PULLUP                ;        ;                       ;         ; Row I/O    ;                 ; no       ; On           ;
; M19      ;            ;          ; GND                                            ; gnd    ;                       ;         ; --         ;                 ; --       ; --           ;
; M20      ; 337        ; 6        ; RESERVED_INPUT_WITH_WEAK_PULLUP                ;        ;                       ;         ; Row I/O    ;                 ; no       ; On           ;
; M21      ; 312        ; 5        ; RESERVED_INPUT_WITH_WEAK_PULLUP                ;        ;                       ;         ; Row I/O    ;                 ; no       ; On           ;
; M22      ; 315        ; 5        ; RESERVED_INPUT_WITH_WEAK_PULLUP                ;        ;                       ;         ; Row I/O    ;                 ; no       ; On           ;
; N1       ; 87         ; 2        ; RESERVED_INPUT_WITH_WEAK_PULLUP                ;        ;                       ;         ; Row I/O    ;                 ; no       ; On           ;
; N2       ; 75         ; 2        ; RESERVED_INPUT_WITH_WEAK_PULLUP                ;        ;                       ;         ; Row I/O    ;                 ; no       ; On           ;
; N3       ; 73         ; 2        ; RESERVED_INPUT_WITH_WEAK_PULLUP                ;        ;                       ;         ; Row I/O    ;                 ; no       ; On           ;
; N4       ; 56         ; 2        ; RESERVED_INPUT_WITH_WEAK_PULLUP                ;        ;                       ;         ; Row I/O    ;                 ; no       ; On           ;
; N5       ; 58         ; 2        ; ADC_CLK_10                                     ; input  ; 3.3-V LVTTL           ;         ; Row I/O    ; Y               ; no       ; Off          ;
; N6       ;            ; 2        ; VCCIO2                                         ; power  ;                       ; 3.3V    ; --         ;                 ; --       ; --           ;
; N7       ;            ; 2        ; VCCIO2                                         ; power  ;                       ; 3.3V    ; --         ;                 ; --       ; --           ;
; N8       ; 84         ; 2        ; RESERVED_INPUT_WITH_WEAK_PULLUP                ;        ;                       ;         ; Row I/O    ;                 ; no       ; On           ;
; N9       ; 86         ; 2        ; RESERVED_INPUT_WITH_WEAK_PULLUP                ;        ;                       ;         ; Row I/O    ;                 ; no       ; On           ;
; N10      ;            ; --       ; VCC                                            ; power  ;                       ; 1.2V    ; --         ;                 ; --       ; --           ;
; N11      ;            ;          ; GND                                            ; gnd    ;                       ;         ; --         ;                 ; --       ; --           ;
; N12      ;            ; --       ; VCC                                            ; power  ;                       ; 1.2V    ; --         ;                 ; --       ; --           ;
; N13      ;            ;          ; GND                                            ; gnd    ;                       ;         ; --         ;                 ; --       ; --           ;
; N14      ; 320        ; 6        ; MAX10_CLK2_50                                  ; input  ; 3.3-V LVTTL           ;         ; Row I/O    ; Y               ; no       ; Off          ;
; N15      ; 322        ; 6        ; RESERVED_INPUT_WITH_WEAK_PULLUP                ;        ;                       ;         ; Row I/O    ;                 ; no       ; On           ;
; N16      ;            ; 5        ; VCCIO5                                         ; power  ;                       ; 2.5V    ; --         ;                 ; --       ; --           ;
; N17      ;            ; 6        ; VCCIO6                                         ; power  ;                       ; 3.3V    ; --         ;                 ; --       ; --           ;
; N18      ; 336        ; 6        ; RESERVED_INPUT_WITH_WEAK_PULLUP                ;        ;                       ;         ; Row I/O    ;                 ; no       ; On           ;
; N19      ; 338        ; 6        ; RESERVED_INPUT_WITH_WEAK_PULLUP                ;        ;                       ;         ; Row I/O    ;                 ; no       ; On           ;
; N20      ; 339        ; 6        ; RESERVED_INPUT_WITH_WEAK_PULLUP                ;        ;                       ;         ; Row I/O    ;                 ; no       ; On           ;
; N21      ; 313        ; 5        ; RESERVED_INPUT_WITH_WEAK_PULLUP                ;        ;                       ;         ; Row I/O    ;                 ; no       ; On           ;
; N22      ; 307        ; 5        ; RESERVED_INPUT_WITH_WEAK_PULLUP                ;        ;                       ;         ; Row I/O    ;                 ; no       ; On           ;
; P1       ; 85         ; 2        ; RESERVED_INPUT_WITH_WEAK_PULLUP                ;        ;                       ;         ; Row I/O    ;                 ; no       ; On           ;
; P2       ;            ;          ; GND                                            ; gnd    ;                       ;         ; --         ;                 ; --       ; --           ;
; P3       ; 76         ; 2        ; RESERVED_INPUT_WITH_WEAK_PULLUP                ;        ;                       ;         ; Row I/O    ;                 ; no       ; On           ;
; P4       ; 57         ; 2        ; RESERVED_INPUT_WITH_WEAK_PULLUP                ;        ;                       ;         ; Row I/O    ;                 ; no       ; On           ;
; P5       ; 59         ; 2        ; RESERVED_INPUT_WITH_WEAK_PULLUP                ;        ;                       ;         ; Row I/O    ;                 ; no       ; On           ;
; P6       ;            ;          ; GND                                            ; gnd    ;                       ;         ; --         ;                 ; --       ; --           ;
; P7       ;            ; 2        ; VCCIO2                                         ; power  ;                       ; 3.3V    ; --         ;                 ; --       ; --           ;
; P8       ; 96         ; 2        ; RESERVED_INPUT_WITH_WEAK_PULLUP                ;        ;                       ;         ; Row I/O    ;                 ; no       ; On           ;
; P9       ; 142        ; 3        ; RESERVED_INPUT_WITH_WEAK_PULLUP                ;        ;                       ;         ; Column I/O ;                 ; no       ; On           ;
; P10      ; 154        ; 3        ; RESERVED_INPUT_WITH_WEAK_PULLUP                ;        ;                       ;         ; Column I/O ;                 ; no       ; On           ;
; P11      ; 166        ; 3        ; MAX10_CLK1_50                                  ; input  ; 3.3-V LVTTL           ;         ; Column I/O ; Y               ; no       ; Off          ;
; P12      ; 178        ; 4        ; RESERVED_INPUT_WITH_WEAK_PULLUP                ;        ;                       ;         ; Column I/O ;                 ; no       ; On           ;
; P13      ; 198        ; 4        ; RESERVED_INPUT_WITH_WEAK_PULLUP                ;        ;                       ;         ; Column I/O ;                 ; no       ; On           ;
; P14      ; 306        ; 5        ; RESERVED_INPUT_WITH_WEAK_PULLUP                ;        ;                       ;         ; Row I/O    ;                 ; no       ; On           ;
; P15      ; 304        ; 5        ; RESERVED_INPUT_WITH_WEAK_PULLUP                ;        ;                       ;         ; Row I/O    ;                 ; no       ; On           ;
; P16      ;            ; 5        ; VCCIO5                                         ; power  ;                       ; 2.5V    ; --         ;                 ; --       ; --           ;
; P17      ;            ;          ; GND                                            ; gnd    ;                       ;         ; --         ;                 ; --       ; --           ;
; P18      ; 310        ; 5        ; RESERVED_INPUT_WITH_WEAK_PULLUP                ;        ;                       ;         ; Row I/O    ;                 ; no       ; On           ;
; P19      ; 309        ; 5        ; RESERVED_INPUT_WITH_WEAK_PULLUP                ;        ;                       ;         ; Row I/O    ;                 ; no       ; On           ;
; P20      ; 311        ; 5        ; RESERVED_INPUT_WITH_WEAK_PULLUP                ;        ;                       ;         ; Row I/O    ;                 ; no       ; On           ;
; P21      ; 305        ; 5        ; RESERVED_INPUT_WITH_WEAK_PULLUP                ;        ;                       ;         ; Row I/O    ;                 ; no       ; On           ;
; P22      ; 303        ; 5        ; RESERVED_INPUT_WITH_WEAK_PULLUP                ;        ;                       ;         ; Row I/O    ;                 ; --       ; --           ;
; R1       ; 121        ; 2        ; RESERVED_INPUT_WITH_WEAK_PULLUP                ;        ;                       ;         ; Row I/O    ;                 ; no       ; On           ;
; R2       ; 123        ; 2        ; RESERVED_INPUT_WITH_WEAK_PULLUP                ;        ;                       ;         ; Row I/O    ;                 ; no       ; On           ;
; R3       ; 78         ; 2        ; RESERVED_INPUT_WITH_WEAK_PULLUP                ;        ;                       ;         ; Row I/O    ;                 ; no       ; On           ;
; R4       ; 80         ; 2        ; RESERVED_INPUT_WITH_WEAK_PULLUP                ;        ;                       ;         ; Row I/O    ;                 ; no       ; On           ;
; R5       ; 82         ; 2        ; RESERVED_INPUT_WITH_WEAK_PULLUP                ;        ;                       ;         ; Row I/O    ;                 ; no       ; On           ;
; R6       ;            ; 2        ; VCCIO2                                         ; power  ;                       ; 3.3V    ; --         ;                 ; --       ; --           ;
; R7       ; 98         ; 2        ; RESERVED_INPUT_WITH_WEAK_PULLUP                ;        ;                       ;         ; Row I/O    ;                 ; no       ; On           ;
; R8       ;            ; --       ; VCCA1                                          ; power  ;                       ; 2.5V    ; --         ;                 ; --       ; --           ;
; R9       ; 140        ; 3        ; RESERVED_INPUT_WITH_WEAK_PULLUP                ;        ;                       ;         ; Column I/O ;                 ; no       ; On           ;
; R10      ; 152        ; 3        ; RESERVED_INPUT_WITH_WEAK_PULLUP                ;        ;                       ;         ; Column I/O ;                 ; no       ; On           ;
; R11      ; 164        ; 3        ; RESERVED_INPUT_WITH_WEAK_PULLUP                ;        ;                       ;         ; Column I/O ;                 ; no       ; On           ;
; R12      ; 176        ; 4        ; RESERVED_INPUT_WITH_WEAK_PULLUP                ;        ;                       ;         ; Column I/O ;                 ; no       ; On           ;
; R13      ; 196        ; 4        ; RESERVED_INPUT_WITH_WEAK_PULLUP                ;        ;                       ;         ; Column I/O ;                 ; no       ; On           ;
; R14      ; 294        ; 5        ; RESERVED_INPUT_WITH_WEAK_PULLUP                ;        ;                       ;         ; Row I/O    ;                 ; no       ; On           ;
; R15      ; 292        ; 5        ; RESERVED_INPUT_WITH_WEAK_PULLUP                ;        ;                       ;         ; Row I/O    ;                 ; no       ; On           ;
; R16      ;            ; 5        ; VCCIO5                                         ; power  ;                       ; 2.5V    ; --         ;                 ; --       ; --           ;
; R17      ;            ; 5        ; VCCIO5                                         ; power  ;                       ; 2.5V    ; --         ;                 ; --       ; --           ;
; R18      ; 308        ; 5        ; RESERVED_INPUT_WITH_WEAK_PULLUP                ;        ;                       ;         ; Row I/O    ;                 ; no       ; On           ;
; R19      ;            ;          ; GND                                            ; gnd    ;                       ;         ; --         ;                 ; --       ; --           ;
; R20      ; 299        ; 5        ; RESERVED_INPUT_WITH_WEAK_PULLUP                ;        ;                       ;         ; Row I/O    ;                 ; no       ; On           ;
; R21      ;            ;          ; GND                                            ; gnd    ;                       ;         ; --         ;                 ; --       ; --           ;
; R22      ; 301        ; 5        ; RESERVED_INPUT_WITH_WEAK_PULLUP                ;        ;                       ;         ; Row I/O    ;                 ; no       ; On           ;
; T1       ; 81         ; 2        ; RESERVED_INPUT_WITH_WEAK_PULLUP                ;        ;                       ;         ; Row I/O    ;                 ; no       ; On           ;
; T2       ; 83         ; 2        ; RESERVED_INPUT_WITH_WEAK_PULLUP                ;        ;                       ;         ; Row I/O    ;                 ; no       ; On           ;
; T3       ; 88         ; 2        ; RESERVED_INPUT_WITH_WEAK_PULLUP                ;        ;                       ;         ; Row I/O    ;                 ; no       ; On           ;
; T4       ;            ;          ; GND                                            ; gnd    ;                       ;         ; --         ;                 ; --       ; --           ;
; T5       ; 120        ; 2        ; RESERVED_INPUT_WITH_WEAK_PULLUP                ;        ;                       ;         ; Row I/O    ;                 ; no       ; On           ;
; T6       ; 122        ; 2        ; RESERVED_INPUT_WITH_WEAK_PULLUP                ;        ;                       ;         ; Row I/O    ;                 ; no       ; On           ;
; T7       ;            ;          ; VCCD_PLL1                                      ; power  ;                       ; 1.2V    ; --         ;                 ; --       ; --           ;
; T8       ;            ;          ; GND                                            ; gnd    ;                       ;         ; --         ;                 ; --       ; --           ;
; T9       ;            ; 3        ; VCCIO3                                         ; power  ;                       ; 3.3V    ; --         ;                 ; --       ; --           ;
; T10      ;            ; 3        ; VCCIO3                                         ; power  ;                       ; 3.3V    ; --         ;                 ; --       ; --           ;
; T11      ;            ; 3        ; VCCIO3                                         ; power  ;                       ; 3.3V    ; --         ;                 ; --       ; --           ;
; T12      ;            ; 4        ; VCCIO4                                         ; power  ;                       ; 3.3V    ; --         ;                 ; --       ; --           ;
; T13      ;            ; 4        ; VCCIO4                                         ; power  ;                       ; 3.3V    ; --         ;                 ; --       ; --           ;
; T14      ;            ;          ; GND                                            ; gnd    ;                       ;         ; --         ;                 ; --       ; --           ;
; T15      ;            ; --       ; VCCA4                                          ; power  ;                       ; 2.5V    ; --         ;                 ; --       ; --           ;
; T16      ;            ;          ; GND                                            ; gnd    ;                       ;         ; --         ;                 ; --       ; --           ;
; T17      ;            ; 5        ; VCCIO5                                         ; power  ;                       ; 2.5V    ; --         ;                 ; --       ; --           ;
; T18      ; 298        ; 5        ; RESERVED_INPUT_WITH_WEAK_PULLUP                ;        ;                       ;         ; Row I/O    ;                 ; no       ; On           ;
; T19      ; 296        ; 5        ; RESERVED_INPUT_WITH_WEAK_PULLUP                ;        ;                       ;         ; Row I/O    ;                 ; no       ; On           ;
; T20      ; 297        ; 5        ; RESERVED_INPUT_WITH_WEAK_PULLUP                ;        ;                       ;         ; Row I/O    ;                 ; no       ; On           ;
; T21      ; 293        ; 5        ; RESERVED_INPUT_WITH_WEAK_PULLUP                ;        ;                       ;         ; Row I/O    ;                 ; no       ; On           ;
; T22      ; 295        ; 5        ; RESERVED_INPUT_WITH_WEAK_PULLUP                ;        ;                       ;         ; Row I/O    ;                 ; no       ; On           ;
; U1       ; 89         ; 2        ; RESERVED_INPUT_WITH_WEAK_PULLUP                ;        ;                       ;         ; Row I/O    ;                 ; no       ; On           ;
; U2       ; 90         ; 2        ; RESERVED_INPUT_WITH_WEAK_PULLUP                ;        ;                       ;         ; Row I/O    ;                 ; no       ; On           ;
; U3       ; 93         ; 2        ; RESERVED_INPUT_WITH_WEAK_PULLUP                ;        ;                       ;         ; Row I/O    ;                 ; no       ; On           ;
; U4       ; 92         ; 2        ; RESERVED_INPUT_WITH_WEAK_PULLUP                ;        ;                       ;         ; Row I/O    ;                 ; no       ; On           ;
; U5       ; 94         ; 2        ; RESERVED_INPUT_WITH_WEAK_PULLUP                ;        ;                       ;         ; Row I/O    ;                 ; no       ; On           ;
; U6       ; 128        ; 3        ; RESERVED_INPUT_WITH_WEAK_PULLUP                ;        ;                       ;         ; Column I/O ;                 ; no       ; On           ;
; U7       ; 130        ; 3        ; RESERVED_INPUT_WITH_WEAK_PULLUP                ;        ;                       ;         ; Column I/O ;                 ; no       ; On           ;
; U8       ;            ; 3        ; VCCIO3                                         ; power  ;                       ; 3.3V    ; --         ;                 ; --       ; --           ;
; U9       ;            ; 3        ; VCCIO3                                         ; power  ;                       ; 3.3V    ; --         ;                 ; --       ; --           ;
; U10      ;            ;          ; GND                                            ; gnd    ;                       ;         ; --         ;                 ; --       ; --           ;
; U11      ;            ; 4        ; VCCIO4                                         ; power  ;                       ; 3.3V    ; --         ;                 ; --       ; --           ;
; U12      ;            ; 4        ; VCCIO4                                         ; power  ;                       ; 3.3V    ; --         ;                 ; --       ; --           ;
; U13      ;            ;          ; GND                                            ; gnd    ;                       ;         ; --         ;                 ; --       ; --           ;
; U14      ;            ; 4        ; VCCIO4                                         ; power  ;                       ; 3.3V    ; --         ;                 ; --       ; --           ;
; U15      ; 208        ; 4        ; RESERVED_INPUT_WITH_WEAK_PULLUP                ;        ;                       ;         ; Column I/O ;                 ; no       ; On           ;
; U16      ;            ;          ; VCCD_PLL4                                      ; power  ;                       ; 1.2V    ; --         ;                 ; --       ; --           ;
; U17      ; 246        ; 5        ; RESERVED_INPUT_WITH_WEAK_PULLUP                ;        ;                       ;         ; Row I/O    ;                 ; no       ; On           ;
; U18      ; 244        ; 5        ; RESERVED_INPUT_WITH_WEAK_PULLUP                ;        ;                       ;         ; Row I/O    ;                 ; no       ; On           ;
; U19      ; 282        ; 5        ; RESERVED_INPUT_WITH_WEAK_PULLUP                ;        ;                       ;         ; Row I/O    ;                 ; no       ; On           ;
; U20      ; 290        ; 5        ; RESERVED_INPUT_WITH_WEAK_PULLUP                ;        ;                       ;         ; Row I/O    ;                 ; no       ; On           ;
; U21      ; 300        ; 5        ; RESERVED_INPUT_WITH_WEAK_PULLUP                ;        ;                       ;         ; Row I/O    ;                 ; no       ; On           ;
; U22      ; 302        ; 5        ; RESERVED_INPUT_WITH_WEAK_PULLUP                ;        ;                       ;         ; Row I/O    ;                 ; no       ; On           ;
; V1       ; 91         ; 2        ; RESERVED_INPUT_WITH_WEAK_PULLUP                ;        ;                       ;         ; Row I/O    ;                 ; no       ; On           ;
; V2       ;            ;          ; GND                                            ; gnd    ;                       ;         ; --         ;                 ; --       ; --           ;
; V3       ; 95         ; 2        ; RESERVED_INPUT_WITH_WEAK_PULLUP                ;        ;                       ;         ; Row I/O    ;                 ; no       ; On           ;
; V4       ; 125        ; 3        ; RESERVED_INPUT_WITH_WEAK_PULLUP                ;        ;                       ;         ; Column I/O ;                 ; no       ; On           ;
; V5       ; 127        ; 3        ; GPIO[9]                                        ; bidir  ; 3.3-V LVTTL           ;         ; Column I/O ; Y               ; no       ; Off          ;
; V6       ;            ;          ; GND                                            ; gnd    ;                       ;         ; --         ;                 ; --       ; --           ;
; V7       ; 136        ; 3        ; GPIO[6]                                        ; bidir  ; 3.3-V LVTTL           ;         ; Column I/O ; Y               ; no       ; Off          ;
; V8       ; 138        ; 3        ; GPIO[4]                                        ; bidir  ; 3.3-V LVTTL           ;         ; Column I/O ; Y               ; no       ; Off          ;
; V9       ; 160        ; 3        ; GPIO[2]                                        ; bidir  ; 3.3-V LVTTL           ;         ; Column I/O ; Y               ; no       ; Off          ;
; V10      ; 162        ; 3        ; GPIO[0]                                        ; bidir  ; 3.3-V LVTTL           ;         ; Column I/O ; Y               ; no       ; Off          ;
; V11      ; 172        ; 4        ; RESERVED_INPUT_WITH_WEAK_PULLUP                ;        ;                       ;         ; Column I/O ;                 ; no       ; On           ;
; V12      ; 174        ; 4        ; RESERVED_INPUT_WITH_WEAK_PULLUP                ;        ;                       ;         ; Column I/O ;                 ; no       ; On           ;
; V13      ; 192        ; 4        ; RESERVED_INPUT_WITH_WEAK_PULLUP                ;        ;                       ;         ; Column I/O ;                 ; no       ; On           ;
; V14      ; 204        ; 4        ; RESERVED_INPUT_WITH_WEAK_PULLUP                ;        ;                       ;         ; Column I/O ;                 ; no       ; On           ;
; V15      ; 216        ; 4        ; RESERVED_INPUT_WITH_WEAK_PULLUP                ;        ;                       ;         ; Column I/O ;                 ; no       ; On           ;
; V16      ; 210        ; 4        ; RESERVED_INPUT_WITH_WEAK_PULLUP                ;        ;                       ;         ; Column I/O ;                 ; no       ; On           ;
; V17      ; 242        ; 4        ; RESERVED_INPUT_WITH_WEAK_PULLUP                ;        ;                       ;         ; Column I/O ;                 ; no       ; On           ;
; V18      ; 280        ; 5        ; RESERVED_INPUT_WITH_WEAK_PULLUP                ;        ;                       ;         ; Row I/O    ;                 ; no       ; On           ;
; V19      ;            ;          ; GND                                            ; gnd    ;                       ;         ; --         ;                 ; --       ; --           ;
; V20      ; 288        ; 5        ; RESERVED_INPUT_WITH_WEAK_PULLUP                ;        ;                       ;         ; Row I/O    ;                 ; no       ; On           ;
; V21      ; 289        ; 5        ; RESERVED_INPUT_WITH_WEAK_PULLUP                ;        ;                       ;         ; Row I/O    ;                 ; no       ; On           ;
; V22      ; 291        ; 5        ; RESERVED_INPUT_WITH_WEAK_PULLUP                ;        ;                       ;         ; Row I/O    ;                 ; no       ; On           ;
; W1       ; 97         ; 2        ; RESERVED_INPUT_WITH_WEAK_PULLUP                ;        ;                       ;         ; Row I/O    ;                 ; no       ; On           ;
; W2       ; 99         ; 2        ; RESERVED_INPUT_WITH_WEAK_PULLUP                ;        ;                       ;         ; Row I/O    ;                 ; no       ; On           ;
; W3       ; 134        ; 3        ; RESERVED_INPUT_WITH_WEAK_PULLUP                ;        ;                       ;         ; Column I/O ;                 ; no       ; On           ;
; W4       ; 132        ; 3        ; RESERVED_INPUT_WITH_WEAK_PULLUP                ;        ;                       ;         ; Column I/O ;                 ; no       ; On           ;
; W5       ; 124        ; 3        ; GPIO[10]                                       ; bidir  ; 3.3-V LVTTL           ;         ; Column I/O ; Y               ; no       ; Off          ;
; W6       ; 126        ; 3        ; GPIO[8]                                        ; bidir  ; 3.3-V LVTTL           ;         ; Column I/O ; Y               ; no       ; Off          ;
; W7       ; 148        ; 3        ; GPIO[7]                                        ; bidir  ; 3.3-V LVTTL           ;         ; Column I/O ; Y               ; no       ; Off          ;
; W8       ; 150        ; 3        ; GPIO[5]                                        ; bidir  ; 3.3-V LVTTL           ;         ; Column I/O ; Y               ; no       ; Off          ;
; W9       ; 144        ; 3        ; GPIO[3]                                        ; bidir  ; 3.3-V LVTTL           ;         ; Column I/O ; Y               ; no       ; Off          ;
; W10      ; 146        ; 3        ; GPIO[1]                                        ; bidir  ; 3.3-V LVTTL           ;         ; Column I/O ; Y               ; no       ; Off          ;
; W11      ; 173        ; 4        ; GPIO[19]                                       ; bidir  ; 3.3-V LVTTL           ;         ; Column I/O ; Y               ; no       ; Off          ;
; W12      ; 193        ; 4        ; GPIO[14]                                       ; bidir  ; 3.3-V LVTTL           ;         ; Column I/O ; Y               ; no       ; Off          ;
; W13      ; 195        ; 4        ; GPIO[13]                                       ; bidir  ; 3.3-V LVTTL           ;         ; Column I/O ; Y               ; no       ; Off          ;
; W14      ; 194        ; 4        ; RESERVED_INPUT_WITH_WEAK_PULLUP                ;        ;                       ;         ; Column I/O ;                 ; no       ; On           ;
; W15      ; 206        ; 4        ; RESERVED_INPUT_WITH_WEAK_PULLUP                ;        ;                       ;         ; Column I/O ;                 ; no       ; On           ;
; W16      ; 218        ; 4        ; RESERVED_INPUT_WITH_WEAK_PULLUP                ;        ;                       ;         ; Column I/O ;                 ; no       ; On           ;
; W17      ; 240        ; 4        ; RESERVED_INPUT_WITH_WEAK_PULLUP                ;        ;                       ;         ; Column I/O ;                 ; no       ; On           ;
; W18      ; 226        ; 4        ; RESERVED_INPUT_WITH_WEAK_PULLUP                ;        ;                       ;         ; Column I/O ;                 ; no       ; On           ;
; W19      ; 284        ; 5        ; RESERVED_INPUT_WITH_WEAK_PULLUP                ;        ;                       ;         ; Row I/O    ;                 ; no       ; On           ;
; W20      ; 286        ; 5        ; RESERVED_INPUT_WITH_WEAK_PULLUP                ;        ;                       ;         ; Row I/O    ;                 ; no       ; On           ;
; W21      ;            ;          ; GND                                            ; gnd    ;                       ;         ; --         ;                 ; --       ; --           ;
; W22      ; 283        ; 5        ; RESERVED_INPUT_WITH_WEAK_PULLUP                ;        ;                       ;         ; Row I/O    ;                 ; no       ; On           ;
; Y1       ; 129        ; 3        ; RESERVED_INPUT_WITH_WEAK_PULLUP                ;        ;                       ;         ; Column I/O ;                 ; no       ; On           ;
; Y2       ; 131        ; 3        ; RESERVED_INPUT_WITH_WEAK_PULLUP                ;        ;                       ;         ; Column I/O ;                 ; no       ; On           ;
; Y3       ; 149        ; 3        ; GPIO[33]                                       ; bidir  ; 3.3-V LVTTL           ;         ; Column I/O ; Y               ; no       ; Off          ;
; Y4       ; 151        ; 3        ; GPIO[31]                                       ; bidir  ; 3.3-V LVTTL           ;         ; Column I/O ; Y               ; no       ; Off          ;
; Y5       ; 137        ; 3        ; GPIO[29]                                       ; bidir  ; 3.3-V LVTTL           ;         ; Column I/O ; Y               ; no       ; Off          ;
; Y6       ; 139        ; 3        ; GPIO[27]                                       ; bidir  ; 3.3-V LVTTL           ;         ; Column I/O ; Y               ; no       ; Off          ;
; Y7       ; 141        ; 3        ; GPIO[25]                                       ; bidir  ; 3.3-V LVTTL           ;         ; Column I/O ; Y               ; no       ; Off          ;
; Y8       ; 143        ; 3        ; GPIO[23]                                       ; bidir  ; 3.3-V LVTTL           ;         ; Column I/O ; Y               ; no       ; Off          ;
; Y9       ;            ;          ; GND                                            ; gnd    ;                       ;         ; --         ;                 ; --       ; --           ;
; Y10      ; 168        ; 3        ; RESERVED_INPUT_WITH_WEAK_PULLUP                ;        ;                       ;         ; Column I/O ;                 ; no       ; On           ;
; Y11      ; 175        ; 4        ; GPIO[17]                                       ; bidir  ; 3.3-V LVTTL           ;         ; Column I/O ; Y               ; no       ; Off          ;
; Y12      ;            ;          ; GND                                            ; gnd    ;                       ;         ; --         ;                 ; --       ; --           ;
; Y13      ; 200        ; 4        ; RESERVED_INPUT_WITH_WEAK_PULLUP                ;        ;                       ;         ; Column I/O ;                 ; no       ; On           ;
; Y14      ; 202        ; 4        ; RESERVED_INPUT_WITH_WEAK_PULLUP                ;        ;                       ;         ; Column I/O ;                 ; no       ; On           ;
; Y15      ;            ;          ; GND                                            ; gnd    ;                       ;         ; --         ;                 ; --       ; --           ;
; Y16      ; 207        ; 4        ; RESERVED_INPUT_WITH_WEAK_PULLUP                ;        ;                       ;         ; Column I/O ;                 ; no       ; On           ;
; Y17      ; 214        ; 4        ; RESERVED_INPUT_WITH_WEAK_PULLUP                ;        ;                       ;         ; Column I/O ;                 ; no       ; On           ;
; Y18      ; 219        ; 4        ; RESERVED_INPUT_WITH_WEAK_PULLUP                ;        ;                       ;         ; Column I/O ;                 ; no       ; On           ;
; Y19      ; 224        ; 4        ; RESERVED_INPUT_WITH_WEAK_PULLUP                ;        ;                       ;         ; Column I/O ;                 ; no       ; On           ;
; Y20      ; 285        ; 5        ; RESERVED_INPUT_WITH_WEAK_PULLUP                ;        ;                       ;         ; Row I/O    ;                 ; no       ; On           ;
; Y21      ; 287        ; 5        ; RESERVED_INPUT_WITH_WEAK_PULLUP                ;        ;                       ;         ; Row I/O    ;                 ; no       ; On           ;
; Y22      ; 281        ; 5        ; RESERVED_INPUT_WITH_WEAK_PULLUP                ;        ;                       ;         ; Row I/O    ;                 ; no       ; On           ;
+----------+------------+----------+------------------------------------------------+--------+-----------------------+---------+------------+-----------------+----------+--------------+
Note: Pin directions (input, output or bidir) are based on device operating in user mode.


+--------------------------------------------------------------------------------------------------+
; PLL Summary                                                                                      ;
+-------------------------------+------------------------------------------------------------------+
; Name                          ; pll:PLLTX|altpll:altpll_component|pll_altpll:auto_generated|pll1 ;
+-------------------------------+------------------------------------------------------------------+
; SDC pin name                  ; PLLTX|altpll_component|auto_generated|pll1                       ;
; PLL mode                      ; Normal                                                           ;
; Compensate clock              ; clock1                                                           ;
; Compensated input/output pins ; --                                                               ;
; Switchover type               ; --                                                               ;
; Input frequency 0             ; 50.0 MHz                                                         ;
; Input frequency 1             ; --                                                               ;
; Nominal PFD frequency         ; 10.0 MHz                                                         ;
; Nominal VCO frequency         ; 360.0 MHz                                                        ;
; VCO post scale K counter      ; 2                                                                ;
; VCO frequency control         ; Auto                                                             ;
; VCO phase shift step          ; 347 ps                                                           ;
; VCO multiply                  ; --                                                               ;
; VCO divide                    ; --                                                               ;
; Freq min lock                 ; 49.0 MHz                                                         ;
; Freq max lock                 ; 90.31 MHz                                                        ;
; M VCO Tap                     ; 0                                                                ;
; M Initial                     ; 1                                                                ;
; M value                       ; 36                                                               ;
; N value                       ; 5                                                                ;
; Charge pump current           ; setting 1                                                        ;
; Loop filter resistance        ; setting 24                                                       ;
; Loop filter capacitance       ; setting 0                                                        ;
; Bandwidth                     ; 450 kHz to 980 kHz                                               ;
; Bandwidth type                ; Medium                                                           ;
; Real time reconfigurable      ; Off                                                              ;
; Scan chain MIF file           ; --                                                               ;
; Preserve PLL counter order    ; Off                                                              ;
; PLL location                  ; PLL_1                                                            ;
; Inclk0 signal                 ; MAX10_CLK1_50                                                    ;
; Inclk1 signal                 ; --                                                               ;
; Inclk0 signal type            ; Dedicated Pin                                                    ;
; Inclk1 signal type            ; --                                                               ;
+-------------------------------+------------------------------------------------------------------+


+-----------------------------------------------------------------------------------------------------------------------------------------------------------------------------------------------------------------------------------------------------------------------------------------------------------------------+
; PLL Usage                                                                                                                                                                                                                                                                                                             ;
+-----------------------------------------------------------------------------------------+--------------+------+-------+------------------+-------------+------------------+------------+---------+---------------+------------+---------------+---------+---------+---------------------------------------------------+
; Name                                                                                    ; Output Clock ; Mult ; Div   ; Output Frequency ; Phase Shift ; Phase Shift Step ; Duty Cycle ; Counter ; Counter Value ; High / Low ; Cascade Input ; Initial ; VCO Tap ; SDC Pin Name                                      ;
+-----------------------------------------------------------------------------------------+--------------+------+-------+------------------+-------------+------------------+------------+---------+---------------+------------+---------------+---------+---------+---------------------------------------------------+
; pll:PLLTX|altpll:altpll_component|pll_altpll:auto_generated|wire_pll1_clk[1]            ; clock1       ; 36   ; 15625 ; 0.12 MHz         ; 0 (0 ps)    ; 0.36 (347 ps)    ; 50/50      ; C1      ; 125           ; 63/62 Odd  ; C0            ; 1       ; 0       ; PLLTX|altpll_component|auto_generated|pll1|clk[1] ;
; pll:PLLTX|altpll:altpll_component|pll_altpll:auto_generated|wire_pll1_clk[1]~cascade_in ; --           ; --   ; --    ; --               ; --          ; --               ; --         ; C0      ; 25            ; 12/13 Odd  ; --            ; 1       ; 0       ;                                                   ;
+-----------------------------------------------------------------------------------------+--------------+------+-------+------------------+-------------+------------------+------------+---------+---------------+------------+---------------+---------+---------+---------------------------------------------------+


+-----------------------------------+
; I/O Assignment Warnings           ;
+----------+------------------------+
; Pin Name ; Reason                 ;
+----------+------------------------+
; GPIO[0]  ; Missing drive strength ;
; GPIO[2]  ; Missing drive strength ;
; GPIO[3]  ; Missing drive strength ;
; GPIO[4]  ; Missing drive strength ;
; GPIO[5]  ; Missing drive strength ;
; GPIO[6]  ; Missing drive strength ;
; GPIO[7]  ; Missing drive strength ;
; GPIO[8]  ; Missing drive strength ;
; GPIO[9]  ; Missing drive strength ;
; GPIO[10] ; Missing drive strength ;
; GPIO[11] ; Missing drive strength ;
; GPIO[12] ; Missing drive strength ;
; GPIO[13] ; Missing drive strength ;
; GPIO[14] ; Missing drive strength ;
; GPIO[15] ; Missing drive strength ;
; GPIO[16] ; Missing drive strength ;
; GPIO[17] ; Missing drive strength ;
; GPIO[18] ; Missing drive strength ;
; GPIO[19] ; Missing drive strength ;
; GPIO[20] ; Missing drive strength ;
; GPIO[21] ; Missing drive strength ;
; GPIO[22] ; Missing drive strength ;
; GPIO[23] ; Missing drive strength ;
; GPIO[24] ; Missing drive strength ;
; GPIO[25] ; Missing drive strength ;
; GPIO[26] ; Missing drive strength ;
; GPIO[27] ; Missing drive strength ;
; GPIO[28] ; Missing drive strength ;
; GPIO[29] ; Missing drive strength ;
; GPIO[30] ; Missing drive strength ;
; GPIO[31] ; Missing drive strength ;
; GPIO[32] ; Missing drive strength ;
; GPIO[33] ; Missing drive strength ;
; GPIO[34] ; Missing drive strength ;
; GPIO[35] ; Missing drive strength ;
; GPIO[1]  ; Missing drive strength ;
+----------+------------------------+


+---------------------------------------------------------------------------------------------------------------------------------------------------------------------------------------------------------------------------------------------------------------------------------------------------------------------------------------------------------------------------------------------------------------------------------------------------------------------------------------------------------------------------------------------------------------------+
; Fitter Resource Utilization by Entity                                                                                                                                                                                                                                                                                                                                                                                                                                                                                                                               ;
+----------------------------------------------------------+-------------+---------------------------+---------------+-------------+------+------------+--------------+---------+-----------+------+--------------+--------------+-------------------+------------------+------------+-------------------------------------------------------------------------------------------------------------------------------------------------------------------------------------------------------------------------------------------+---------------------+--------------+
; Compilation Hierarchy Node                               ; Logic Cells ; Dedicated Logic Registers ; I/O Registers ; Memory Bits ; M9Ks ; UFM Blocks ; DSP Elements ; DSP 9x9 ; DSP 18x18 ; Pins ; Virtual Pins ; LUT-Only LCs ; Register-Only LCs ; LUT/Register LCs ; ADC blocks ; Full Hierarchy Name                                                                                                                                                                                                                       ; Entity Name         ; Library Name ;
+----------------------------------------------------------+-------------+---------------------------+---------------+-------------+------+------------+--------------+---------+-----------+------+--------------+--------------+-------------------+------------------+------------+-------------------------------------------------------------------------------------------------------------------------------------------------------------------------------------------------------------------------------------------+---------------------+--------------+
; |DLX                                                     ; 3045 (3)    ; 757 (0)                   ; 0 (0)         ; 79408       ; 14   ; 1          ; 0            ; 0       ; 0         ; 41   ; 0            ; 2288 (3)     ; 212 (0)           ; 545 (0)          ; 0          ; |DLX                                                                                                                                                                                                                                      ; DLX                 ; work         ;
;    |OVERSEER:OOO|                                        ; 19 (19)     ; 0 (0)                     ; 0 (0)         ; 0           ; 0    ; 0          ; 0            ; 0       ; 0         ; 0    ; 0            ; 19 (19)      ; 0 (0)             ; 0 (0)            ; 0          ; |DLX|OVERSEER:OOO                                                                                                                                                                                                                         ; OVERSEER            ; work         ;
;    |decode:DECODE|                                       ; 184 (41)    ; 134 (31)                  ; 0 (0)         ; 2048        ; 2    ; 0          ; 0            ; 0       ; 0         ; 0    ; 0            ; 18 (10)      ; 44 (2)            ; 122 (42)         ; 0          ; |DLX|decode:DECODE                                                                                                                                                                                                                        ; decode              ; work         ;
;       |registers:R|                                      ; 122 (122)   ; 86 (86)                   ; 0 (0)         ; 2048        ; 2    ; 0          ; 0            ; 0       ; 0         ; 0    ; 0            ; 4 (4)        ; 39 (39)           ; 79 (79)          ; 0          ; |DLX|decode:DECODE|registers:R                                                                                                                                                                                                            ; registers           ; work         ;
;          |altsyncram:ram_block_rtl_0|                    ; 0 (0)       ; 0 (0)                     ; 0 (0)         ; 1024        ; 1    ; 0          ; 0            ; 0       ; 0         ; 0    ; 0            ; 0 (0)        ; 0 (0)             ; 0 (0)            ; 0          ; |DLX|decode:DECODE|registers:R|altsyncram:ram_block_rtl_0                                                                                                                                                                                 ; altsyncram          ; work         ;
;             |altsyncram_23g1:auto_generated|             ; 0 (0)       ; 0 (0)                     ; 0 (0)         ; 1024        ; 1    ; 0          ; 0            ; 0       ; 0         ; 0    ; 0            ; 0 (0)        ; 0 (0)             ; 0 (0)            ; 0          ; |DLX|decode:DECODE|registers:R|altsyncram:ram_block_rtl_0|altsyncram_23g1:auto_generated                                                                                                                                                  ; altsyncram_23g1     ; work         ;
;          |altsyncram:ram_block_rtl_1|                    ; 0 (0)       ; 0 (0)                     ; 0 (0)         ; 1024        ; 1    ; 0          ; 0            ; 0       ; 0         ; 0    ; 0            ; 0 (0)        ; 0 (0)             ; 0 (0)            ; 0          ; |DLX|decode:DECODE|registers:R|altsyncram:ram_block_rtl_1                                                                                                                                                                                 ; altsyncram          ; work         ;
;             |altsyncram_23g1:auto_generated|             ; 0 (0)       ; 0 (0)                     ; 0 (0)         ; 1024        ; 1    ; 0          ; 0            ; 0       ; 0         ; 0    ; 0            ; 0 (0)        ; 0 (0)             ; 0 (0)            ; 0          ; |DLX|decode:DECODE|registers:R|altsyncram:ram_block_rtl_1|altsyncram_23g1:auto_generated                                                                                                                                                  ; altsyncram_23g1     ; work         ;
;       |sign_extend:SE|                                   ; 21 (21)     ; 17 (17)                   ; 0 (0)         ; 0           ; 0    ; 0          ; 0            ; 0       ; 0         ; 0    ; 0            ; 4 (4)        ; 3 (3)             ; 14 (14)          ; 0          ; |DLX|decode:DECODE|sign_extend:SE                                                                                                                                                                                                         ; sign_extend         ; work         ;
;    |execute:EXECUTE|                                     ; 1212 (46)   ; 87 (43)                   ; 0 (0)         ; 0           ; 0    ; 0          ; 0            ; 0       ; 0         ; 0    ; 0            ; 1062 (2)     ; 0 (0)             ; 150 (42)         ; 0          ; |DLX|execute:EXECUTE                                                                                                                                                                                                                      ; execute             ; work         ;
;       |ALU:ALU|                                          ; 937 (937)   ; 33 (33)                   ; 0 (0)         ; 0           ; 0    ; 0          ; 0            ; 0       ; 0         ; 0    ; 0            ; 901 (901)    ; 0 (0)             ; 36 (36)          ; 0          ; |DLX|execute:EXECUTE|ALU:ALU                                                                                                                                                                                                              ; ALU                 ; work         ;
;       |PC_mux:MUX1|                                      ; 120 (120)   ; 0 (0)                     ; 0 (0)         ; 0           ; 0    ; 0          ; 0            ; 0       ; 0         ; 0    ; 0            ; 67 (67)      ; 0 (0)             ; 53 (53)          ; 0          ; |DLX|execute:EXECUTE|PC_mux:MUX1                                                                                                                                                                                                          ; PC_mux              ; work         ;
;       |Zeros:ZEROS|                                      ; 24 (24)     ; 11 (11)                   ; 0 (0)         ; 0           ; 0    ; 0          ; 0            ; 0       ; 0         ; 0    ; 0            ; 13 (13)      ; 0 (0)             ; 11 (11)          ; 0          ; |DLX|execute:EXECUTE|Zeros:ZEROS                                                                                                                                                                                                          ; Zeros               ; work         ;
;       |imm_mux:MUX2|                                     ; 88 (88)     ; 0 (0)                     ; 0 (0)         ; 0           ; 0    ; 0          ; 0            ; 0       ; 0         ; 0    ; 0            ; 79 (79)      ; 0 (0)             ; 9 (9)            ; 0          ; |DLX|execute:EXECUTE|imm_mux:MUX2                                                                                                                                                                                                         ; imm_mux             ; work         ;
;    |fetch:FETCH|                                         ; 31 (31)     ; 11 (11)                   ; 0 (0)         ; 32768       ; 4    ; 0          ; 0            ; 0       ; 0         ; 0    ; 0            ; 20 (20)      ; 1 (1)             ; 10 (10)          ; 0          ; |DLX|fetch:FETCH                                                                                                                                                                                                                          ; fetch               ; work         ;
;       |my_ROM:U1|                                        ; 0 (0)       ; 0 (0)                     ; 0 (0)         ; 32768       ; 4    ; 0          ; 0            ; 0       ; 0         ; 0    ; 0            ; 0 (0)        ; 0 (0)             ; 0 (0)            ; 0          ; |DLX|fetch:FETCH|my_ROM:U1                                                                                                                                                                                                                ; my_ROM              ; work         ;
;          |altsyncram:altsyncram_component|               ; 0 (0)       ; 0 (0)                     ; 0 (0)         ; 32768       ; 4    ; 0          ; 0            ; 0       ; 0         ; 0    ; 0            ; 0 (0)        ; 0 (0)             ; 0 (0)            ; 0          ; |DLX|fetch:FETCH|my_ROM:U1|altsyncram:altsyncram_component                                                                                                                                                                                ; altsyncram          ; work         ;
;             |altsyncram_d5s3:auto_generated|             ; 0 (0)       ; 0 (0)                     ; 0 (0)         ; 32768       ; 4    ; 0          ; 0            ; 0       ; 0         ; 0    ; 0            ; 0 (0)        ; 0 (0)             ; 0 (0)            ; 0          ; |DLX|fetch:FETCH|my_ROM:U1|altsyncram:altsyncram_component|altsyncram_d5s3:auto_generated                                                                                                                                                 ; altsyncram_d5s3     ; work         ;
;    |memory:MEMORY|                                       ; 43 (43)     ; 43 (43)                   ; 0 (0)         ; 32768       ; 4    ; 0          ; 0            ; 0       ; 0         ; 0    ; 0            ; 0 (0)        ; 0 (0)             ; 43 (43)          ; 0          ; |DLX|memory:MEMORY                                                                                                                                                                                                                        ; memory              ; work         ;
;       |my_ram:RAM|                                       ; 0 (0)       ; 0 (0)                     ; 0 (0)         ; 32768       ; 4    ; 0          ; 0            ; 0       ; 0         ; 0    ; 0            ; 0 (0)        ; 0 (0)             ; 0 (0)            ; 0          ; |DLX|memory:MEMORY|my_ram:RAM                                                                                                                                                                                                             ; my_ram              ; work         ;
;          |altsyncram:altsyncram_component|               ; 0 (0)       ; 0 (0)                     ; 0 (0)         ; 32768       ; 4    ; 0          ; 0            ; 0       ; 0         ; 0    ; 0            ; 0 (0)        ; 0 (0)             ; 0 (0)            ; 0          ; |DLX|memory:MEMORY|my_ram:RAM|altsyncram:altsyncram_component                                                                                                                                                                             ; altsyncram          ; work         ;
;             |altsyncram_29s3:auto_generated|             ; 0 (0)       ; 0 (0)                     ; 0 (0)         ; 32768       ; 4    ; 0          ; 0            ; 0       ; 0         ; 0    ; 0            ; 0 (0)        ; 0 (0)             ; 0 (0)            ; 0          ; |DLX|memory:MEMORY|my_ram:RAM|altsyncram:altsyncram_component|altsyncram_29s3:auto_generated                                                                                                                                              ; altsyncram_29s3     ; work         ;
;    |pll:PLLTX|                                           ; 1 (0)       ; 1 (0)                     ; 0 (0)         ; 0           ; 0    ; 0          ; 0            ; 0       ; 0         ; 0    ; 0            ; 0 (0)        ; 0 (0)             ; 1 (0)            ; 0          ; |DLX|pll:PLLTX                                                                                                                                                                                                                            ; pll                 ; work         ;
;       |altpll:altpll_component|                          ; 1 (0)       ; 1 (0)                     ; 0 (0)         ; 0           ; 0    ; 0          ; 0            ; 0       ; 0         ; 0    ; 0            ; 0 (0)        ; 0 (0)             ; 1 (0)            ; 0          ; |DLX|pll:PLLTX|altpll:altpll_component                                                                                                                                                                                                    ; altpll              ; work         ;
;          |pll_altpll:auto_generated|                     ; 1 (1)       ; 1 (1)                     ; 0 (0)         ; 0           ; 0    ; 0          ; 0            ; 0       ; 0         ; 0    ; 0            ; 0 (0)        ; 0 (0)             ; 1 (1)            ; 0          ; |DLX|pll:PLLTX|altpll:altpll_component|pll_altpll:auto_generated                                                                                                                                                                          ; pll_altpll          ; work         ;
;    |print_FSM:FSM|                                       ; 1643 (338)  ; 481 (174)                 ; 0 (0)         ; 11824       ; 4    ; 0          ; 0            ; 0       ; 0         ; 0    ; 0            ; 1162 (162)   ; 167 (50)          ; 314 (129)        ; 0          ; |DLX|print_FSM:FSM                                                                                                                                                                                                                        ; print_FSM           ; work         ;
;       |UART_trans:U|                                     ; 52 (52)     ; 35 (35)                   ; 0 (0)         ; 0           ; 0    ; 0          ; 0            ; 0       ; 0         ; 0    ; 0            ; 17 (17)      ; 0 (0)             ; 35 (35)          ; 0          ; |DLX|print_FSM:FSM|UART_trans:U                                                                                                                                                                                                           ; UART_trans          ; work         ;
;       |diva:DIVIDER|                                     ; 1090 (0)    ; 140 (0)                   ; 0 (0)         ; 48          ; 1    ; 0          ; 0            ; 0       ; 0         ; 0    ; 0            ; 949 (0)      ; 64 (0)            ; 77 (0)           ; 0          ; |DLX|print_FSM:FSM|diva:DIVIDER                                                                                                                                                                                                           ; diva                ; work         ;
;          |lpm_divide:LPM_DIVIDE_component|               ; 1090 (0)    ; 140 (0)                   ; 0 (0)         ; 48          ; 1    ; 0          ; 0            ; 0       ; 0         ; 0    ; 0            ; 949 (0)      ; 64 (0)            ; 77 (0)           ; 0          ; |DLX|print_FSM:FSM|diva:DIVIDER|lpm_divide:LPM_DIVIDE_component                                                                                                                                                                           ; lpm_divide          ; work         ;
;             |lpm_divide_ous:auto_generated|              ; 1090 (0)    ; 140 (0)                   ; 0 (0)         ; 48          ; 1    ; 0          ; 0            ; 0       ; 0         ; 0    ; 0            ; 949 (0)      ; 64 (0)            ; 77 (0)           ; 0          ; |DLX|print_FSM:FSM|diva:DIVIDER|lpm_divide:LPM_DIVIDE_component|lpm_divide_ous:auto_generated                                                                                                                                             ; lpm_divide_ous      ; work         ;
;                |sign_div_unsign_q8i:divider|             ; 1090 (0)    ; 140 (0)                   ; 0 (0)         ; 48          ; 1    ; 0          ; 0            ; 0       ; 0         ; 0    ; 0            ; 949 (0)      ; 64 (0)            ; 77 (0)           ; 0          ; |DLX|print_FSM:FSM|diva:DIVIDER|lpm_divide:LPM_DIVIDE_component|lpm_divide_ous:auto_generated|sign_div_unsign_q8i:divider                                                                                                                 ; sign_div_unsign_q8i ; work         ;
;                   |alt_u_div_d6f:divider|                ; 1090 (1083) ; 140 (136)                 ; 0 (0)         ; 48          ; 1    ; 0          ; 0            ; 0       ; 0         ; 0    ; 0            ; 949 (945)    ; 64 (64)           ; 77 (74)          ; 0          ; |DLX|print_FSM:FSM|diva:DIVIDER|lpm_divide:LPM_DIVIDE_component|lpm_divide_ous:auto_generated|sign_div_unsign_q8i:divider|alt_u_div_d6f:divider                                                                                           ; alt_u_div_d6f       ; work         ;
;                      |altshift_taps:DFFQuotient_rtl_0|   ; 8 (0)       ; 4 (0)                     ; 0 (0)         ; 48          ; 1    ; 0          ; 0            ; 0       ; 0         ; 0    ; 0            ; 4 (0)        ; 0 (0)             ; 4 (0)            ; 0          ; |DLX|print_FSM:FSM|diva:DIVIDER|lpm_divide:LPM_DIVIDE_component|lpm_divide_ous:auto_generated|sign_div_unsign_q8i:divider|alt_u_div_d6f:divider|altshift_taps:DFFQuotient_rtl_0                                                           ; altshift_taps       ; work         ;
;                         |shift_taps_53o:auto_generated|  ; 8 (3)       ; 4 (2)                     ; 0 (0)         ; 48          ; 1    ; 0          ; 0            ; 0       ; 0         ; 0    ; 0            ; 4 (1)        ; 0 (0)             ; 4 (2)            ; 0          ; |DLX|print_FSM:FSM|diva:DIVIDER|lpm_divide:LPM_DIVIDE_component|lpm_divide_ous:auto_generated|sign_div_unsign_q8i:divider|alt_u_div_d6f:divider|altshift_taps:DFFQuotient_rtl_0|shift_taps_53o:auto_generated                             ; shift_taps_53o      ; work         ;
;                            |altsyncram_pv21:altsyncram4| ; 0 (0)       ; 0 (0)                     ; 0 (0)         ; 48          ; 1    ; 0          ; 0            ; 0       ; 0         ; 0    ; 0            ; 0 (0)        ; 0 (0)             ; 0 (0)            ; 0          ; |DLX|print_FSM:FSM|diva:DIVIDER|lpm_divide:LPM_DIVIDE_component|lpm_divide_ous:auto_generated|sign_div_unsign_q8i:divider|alt_u_div_d6f:divider|altshift_taps:DFFQuotient_rtl_0|shift_taps_53o:auto_generated|altsyncram_pv21:altsyncram4 ; altsyncram_pv21     ; work         ;
;                            |cntr_s3f:cntr1|              ; 5 (5)       ; 2 (2)                     ; 0 (0)         ; 0           ; 0    ; 0          ; 0            ; 0       ; 0         ; 0    ; 0            ; 3 (3)        ; 0 (0)             ; 2 (2)            ; 0          ; |DLX|print_FSM:FSM|diva:DIVIDER|lpm_divide:LPM_DIVIDE_component|lpm_divide_ous:auto_generated|sign_div_unsign_q8i:divider|alt_u_div_d6f:divider|altshift_taps:DFFQuotient_rtl_0|shift_taps_53o:auto_generated|cntr_s3f:cntr1              ; cntr_s3f            ; work         ;
;       |fifo_char:FIFO2|                                  ; 127 (0)     ; 105 (0)                   ; 0 (0)         ; 2048        ; 1    ; 0          ; 0            ; 0       ; 0         ; 0    ; 0            ; 22 (0)       ; 53 (0)            ; 52 (0)           ; 0          ; |DLX|print_FSM:FSM|fifo_char:FIFO2                                                                                                                                                                                                        ; fifo_char           ; work         ;
;          |dcfifo:dcfifo_component|                       ; 127 (0)     ; 105 (0)                   ; 0 (0)         ; 2048        ; 1    ; 0          ; 0            ; 0       ; 0         ; 0    ; 0            ; 22 (0)       ; 53 (0)            ; 52 (0)           ; 0          ; |DLX|print_FSM:FSM|fifo_char:FIFO2|dcfifo:dcfifo_component                                                                                                                                                                                ; dcfifo              ; work         ;
;             |dcfifo_f1f1:auto_generated|                 ; 127 (37)    ; 105 (27)                  ; 0 (0)         ; 2048        ; 1    ; 0          ; 0            ; 0       ; 0         ; 0    ; 0            ; 22 (9)       ; 53 (25)           ; 52 (4)           ; 0          ; |DLX|print_FSM:FSM|fifo_char:FIFO2|dcfifo:dcfifo_component|dcfifo_f1f1:auto_generated                                                                                                                                                     ; dcfifo_f1f1         ; work         ;
;                |a_gray2bin_kra:wrptr_g_gray2bin|         ; 8 (8)       ; 0 (0)                     ; 0 (0)         ; 0           ; 0    ; 0          ; 0            ; 0       ; 0         ; 0    ; 0            ; 1 (1)        ; 0 (0)             ; 7 (7)            ; 0          ; |DLX|print_FSM:FSM|fifo_char:FIFO2|dcfifo:dcfifo_component|dcfifo_f1f1:auto_generated|a_gray2bin_kra:wrptr_g_gray2bin                                                                                                                     ; a_gray2bin_kra      ; work         ;
;                |a_gray2bin_kra:ws_dgrp_gray2bin|         ; 8 (8)       ; 0 (0)                     ; 0 (0)         ; 0           ; 0    ; 0          ; 0            ; 0       ; 0         ; 0    ; 0            ; 0 (0)        ; 0 (0)             ; 8 (8)            ; 0          ; |DLX|print_FSM:FSM|fifo_char:FIFO2|dcfifo:dcfifo_component|dcfifo_f1f1:auto_generated|a_gray2bin_kra:ws_dgrp_gray2bin                                                                                                                     ; a_gray2bin_kra      ; work         ;
;                |a_graycounter_dgb:wrptr_g1p|             ; 17 (17)     ; 13 (13)                   ; 0 (0)         ; 0           ; 0    ; 0          ; 0            ; 0       ; 0         ; 0    ; 0            ; 4 (4)        ; 1 (1)             ; 12 (12)          ; 0          ; |DLX|print_FSM:FSM|fifo_char:FIFO2|dcfifo:dcfifo_component|dcfifo_f1f1:auto_generated|a_graycounter_dgb:wrptr_g1p                                                                                                                         ; a_graycounter_dgb   ; work         ;
;                |a_graycounter_h26:rdptr_g1p|             ; 18 (18)     ; 13 (13)                   ; 0 (0)         ; 0           ; 0    ; 0          ; 0            ; 0       ; 0         ; 0    ; 0            ; 5 (5)        ; 1 (1)             ; 12 (12)          ; 0          ; |DLX|print_FSM:FSM|fifo_char:FIFO2|dcfifo:dcfifo_component|dcfifo_f1f1:auto_generated|a_graycounter_h26:rdptr_g1p                                                                                                                         ; a_graycounter_h26   ; work         ;
;                |alt_synch_pipe_h9l:rs_dgwp|              ; 18 (0)      ; 18 (0)                    ; 0 (0)         ; 0           ; 0    ; 0          ; 0            ; 0       ; 0         ; 0    ; 0            ; 0 (0)        ; 12 (0)            ; 6 (0)            ; 0          ; |DLX|print_FSM:FSM|fifo_char:FIFO2|dcfifo:dcfifo_component|dcfifo_f1f1:auto_generated|alt_synch_pipe_h9l:rs_dgwp                                                                                                                          ; alt_synch_pipe_h9l  ; work         ;
;                   |dffpipe_2v8:dffpipe12|                ; 18 (18)     ; 18 (18)                   ; 0 (0)         ; 0           ; 0    ; 0          ; 0            ; 0       ; 0         ; 0    ; 0            ; 0 (0)        ; 12 (12)           ; 6 (6)            ; 0          ; |DLX|print_FSM:FSM|fifo_char:FIFO2|dcfifo:dcfifo_component|dcfifo_f1f1:auto_generated|alt_synch_pipe_h9l:rs_dgwp|dffpipe_2v8:dffpipe12                                                                                                    ; dffpipe_2v8         ; work         ;
;                |alt_synch_pipe_i9l:ws_dgrp|              ; 18 (0)      ; 18 (0)                    ; 0 (0)         ; 0           ; 0    ; 0          ; 0            ; 0       ; 0         ; 0    ; 0            ; 0 (0)        ; 14 (0)            ; 4 (0)            ; 0          ; |DLX|print_FSM:FSM|fifo_char:FIFO2|dcfifo:dcfifo_component|dcfifo_f1f1:auto_generated|alt_synch_pipe_i9l:ws_dgrp                                                                                                                          ; alt_synch_pipe_i9l  ; work         ;
;                   |dffpipe_3v8:dffpipe16|                ; 18 (18)     ; 18 (18)                   ; 0 (0)         ; 0           ; 0    ; 0          ; 0            ; 0       ; 0         ; 0    ; 0            ; 0 (0)        ; 14 (14)           ; 4 (4)            ; 0          ; |DLX|print_FSM:FSM|fifo_char:FIFO2|dcfifo:dcfifo_component|dcfifo_f1f1:auto_generated|alt_synch_pipe_i9l:ws_dgrp|dffpipe_3v8:dffpipe16                                                                                                    ; dffpipe_3v8         ; work         ;
;                |altsyncram_qj31:fifo_ram|                ; 0 (0)       ; 0 (0)                     ; 0 (0)         ; 2048        ; 1    ; 0          ; 0            ; 0       ; 0         ; 0    ; 0            ; 0 (0)        ; 0 (0)             ; 0 (0)            ; 0          ; |DLX|print_FSM:FSM|fifo_char:FIFO2|dcfifo:dcfifo_component|dcfifo_f1f1:auto_generated|altsyncram_qj31:fifo_ram                                                                                                                            ; altsyncram_qj31     ; work         ;
;                |cmpr_5h5:rdempty_eq_comp|                ; 5 (5)       ; 0 (0)                     ; 0 (0)         ; 0           ; 0    ; 0          ; 0            ; 0       ; 0         ; 0    ; 0            ; 1 (1)        ; 0 (0)             ; 4 (4)            ; 0          ; |DLX|print_FSM:FSM|fifo_char:FIFO2|dcfifo:dcfifo_component|dcfifo_f1f1:auto_generated|cmpr_5h5:rdempty_eq_comp                                                                                                                            ; cmpr_5h5            ; work         ;
;                |cmpr_5h5:wrfull_eq_comp|                 ; 6 (6)       ; 0 (0)                     ; 0 (0)         ; 0           ; 0    ; 0          ; 0            ; 0       ; 0         ; 0    ; 0            ; 2 (2)        ; 0 (0)             ; 4 (4)            ; 0          ; |DLX|print_FSM:FSM|fifo_char:FIFO2|dcfifo:dcfifo_component|dcfifo_f1f1:auto_generated|cmpr_5h5:wrfull_eq_comp                                                                                                                             ; cmpr_5h5            ; work         ;
;                |dffpipe_1v8:ws_brp|                      ; 8 (8)       ; 8 (8)                     ; 0 (0)         ; 0           ; 0    ; 0          ; 0            ; 0       ; 0         ; 0    ; 0            ; 0 (0)        ; 0 (0)             ; 8 (8)            ; 0          ; |DLX|print_FSM:FSM|fifo_char:FIFO2|dcfifo:dcfifo_component|dcfifo_f1f1:auto_generated|dffpipe_1v8:ws_brp                                                                                                                                  ; dffpipe_1v8         ; work         ;
;                |dffpipe_1v8:ws_bwp|                      ; 8 (8)       ; 8 (8)                     ; 0 (0)         ; 0           ; 0    ; 0          ; 0            ; 0       ; 0         ; 0    ; 0            ; 0 (0)        ; 0 (0)             ; 8 (8)            ; 0          ; |DLX|print_FSM:FSM|fifo_char:FIFO2|dcfifo:dcfifo_component|dcfifo_f1f1:auto_generated|dffpipe_1v8:ws_bwp                                                                                                                                  ; dffpipe_1v8         ; work         ;
;       |fifo_word:FIFO1|                                  ; 39 (0)      ; 27 (0)                    ; 0 (0)         ; 9728        ; 2    ; 0          ; 0            ; 0       ; 0         ; 0    ; 0            ; 12 (0)       ; 0 (0)             ; 27 (0)           ; 0          ; |DLX|print_FSM:FSM|fifo_word:FIFO1                                                                                                                                                                                                        ; fifo_word           ; work         ;
;          |scfifo:scfifo_component|                       ; 39 (0)      ; 27 (0)                    ; 0 (0)         ; 9728        ; 2    ; 0          ; 0            ; 0       ; 0         ; 0    ; 0            ; 12 (0)       ; 0 (0)             ; 27 (0)           ; 0          ; |DLX|print_FSM:FSM|fifo_word:FIFO1|scfifo:scfifo_component                                                                                                                                                                                ; scfifo              ; work         ;
;             |scfifo_4k51:auto_generated|                 ; 39 (6)      ; 27 (1)                    ; 0 (0)         ; 9728        ; 2    ; 0          ; 0            ; 0       ; 0         ; 0    ; 0            ; 12 (5)       ; 0 (0)             ; 27 (1)           ; 0          ; |DLX|print_FSM:FSM|fifo_word:FIFO1|scfifo:scfifo_component|scfifo_4k51:auto_generated                                                                                                                                                     ; scfifo_4k51         ; work         ;
;                |a_dpfifo_jj21:dpfifo|                    ; 33 (2)      ; 26 (0)                    ; 0 (0)         ; 9728        ; 2    ; 0          ; 0            ; 0       ; 0         ; 0    ; 0            ; 7 (2)        ; 0 (0)             ; 26 (0)           ; 0          ; |DLX|print_FSM:FSM|fifo_word:FIFO1|scfifo:scfifo_component|scfifo_4k51:auto_generated|a_dpfifo_jj21:dpfifo                                                                                                                                ; a_dpfifo_jj21       ; work         ;
;                   |a_fefifo_08f:fifo_state|              ; 15 (7)      ; 10 (2)                    ; 0 (0)         ; 0           ; 0    ; 0          ; 0            ; 0       ; 0         ; 0    ; 0            ; 5 (5)        ; 0 (0)             ; 10 (2)           ; 0          ; |DLX|print_FSM:FSM|fifo_word:FIFO1|scfifo:scfifo_component|scfifo_4k51:auto_generated|a_dpfifo_jj21:dpfifo|a_fefifo_08f:fifo_state                                                                                                        ; a_fefifo_08f        ; work         ;
;                      |cntr_537:count_usedw|              ; 8 (8)       ; 8 (8)                     ; 0 (0)         ; 0           ; 0    ; 0          ; 0            ; 0       ; 0         ; 0    ; 0            ; 0 (0)        ; 0 (0)             ; 8 (8)            ; 0          ; |DLX|print_FSM:FSM|fifo_word:FIFO1|scfifo:scfifo_component|scfifo_4k51:auto_generated|a_dpfifo_jj21:dpfifo|a_fefifo_08f:fifo_state|cntr_537:count_usedw                                                                                   ; cntr_537            ; work         ;
;                   |altsyncram_o2m1:FIFOram|              ; 0 (0)       ; 0 (0)                     ; 0 (0)         ; 9728        ; 2    ; 0          ; 0            ; 0       ; 0         ; 0    ; 0            ; 0 (0)        ; 0 (0)             ; 0 (0)            ; 0          ; |DLX|print_FSM:FSM|fifo_word:FIFO1|scfifo:scfifo_component|scfifo_4k51:auto_generated|a_dpfifo_jj21:dpfifo|altsyncram_o2m1:FIFOram                                                                                                        ; altsyncram_o2m1     ; work         ;
;                   |cntr_p2b:rd_ptr_count|                ; 8 (8)       ; 8 (8)                     ; 0 (0)         ; 0           ; 0    ; 0          ; 0            ; 0       ; 0         ; 0    ; 0            ; 0 (0)        ; 0 (0)             ; 8 (8)            ; 0          ; |DLX|print_FSM:FSM|fifo_word:FIFO1|scfifo:scfifo_component|scfifo_4k51:auto_generated|a_dpfifo_jj21:dpfifo|cntr_p2b:rd_ptr_count                                                                                                          ; cntr_p2b            ; work         ;
;                   |cntr_p2b:wr_ptr|                      ; 8 (8)       ; 8 (8)                     ; 0 (0)         ; 0           ; 0    ; 0          ; 0            ; 0       ; 0         ; 0    ; 0            ; 0 (0)        ; 0 (0)             ; 8 (8)            ; 0          ; |DLX|print_FSM:FSM|fifo_word:FIFO1|scfifo:scfifo_component|scfifo_4k51:auto_generated|a_dpfifo_jj21:dpfifo|cntr_p2b:wr_ptr                                                                                                                ; cntr_p2b            ; work         ;
;    |write_back:WB|                                       ; 46 (46)     ; 0 (0)                     ; 0 (0)         ; 0           ; 0    ; 0          ; 0            ; 0       ; 0         ; 0    ; 0            ; 4 (4)        ; 0 (0)             ; 42 (42)          ; 0          ; |DLX|write_back:WB                                                                                                                                                                                                                        ; write_back          ; work         ;
+----------------------------------------------------------+-------------+---------------------------+---------------+-------------+------+------------+--------------+---------+-----------+------+--------------+--------------+-------------------+------------------+------------+-------------------------------------------------------------------------------------------------------------------------------------------------------------------------------------------------------------------------------------------+---------------------+--------------+
Note: For table entries with two numbers listed, the numbers in parentheses indicate the number of resources of the given type used by the specific entity alone. The numbers listed outside of parentheses indicate the total resources of the given type used by the specific entity and all of its sub-entities in the hierarchy.


+-----------------------------------------------------------------------------------------------+
; Delay Chain Summary                                                                           ;
+---------------+----------+---------------+---------------+-----------------------+-----+------+
; Name          ; Pin Type ; Pad to Core 0 ; Pad to Core 1 ; Pad to Input Register ; TCO ; TCOE ;
+---------------+----------+---------------+---------------+-----------------------+-----+------+
; KEY[1]        ; Input    ; --            ; --            ; --                    ; --  ; --   ;
; ADC_CLK_10    ; Input    ; --            ; --            ; --                    ; --  ; --   ;
; MAX10_CLK2_50 ; Input    ; --            ; --            ; --                    ; --  ; --   ;
; GPIO[0]       ; Bidir    ; --            ; --            ; --                    ; --  ; --   ;
; GPIO[2]       ; Bidir    ; --            ; --            ; --                    ; --  ; --   ;
; GPIO[3]       ; Bidir    ; --            ; --            ; --                    ; --  ; --   ;
; GPIO[4]       ; Bidir    ; --            ; --            ; --                    ; --  ; --   ;
; GPIO[5]       ; Bidir    ; --            ; --            ; --                    ; --  ; --   ;
; GPIO[6]       ; Bidir    ; --            ; --            ; --                    ; --  ; --   ;
; GPIO[7]       ; Bidir    ; --            ; --            ; --                    ; --  ; --   ;
; GPIO[8]       ; Bidir    ; --            ; --            ; --                    ; --  ; --   ;
; GPIO[9]       ; Bidir    ; --            ; --            ; --                    ; --  ; --   ;
; GPIO[10]      ; Bidir    ; --            ; --            ; --                    ; --  ; --   ;
; GPIO[11]      ; Bidir    ; --            ; --            ; --                    ; --  ; --   ;
; GPIO[12]      ; Bidir    ; --            ; --            ; --                    ; --  ; --   ;
; GPIO[13]      ; Bidir    ; --            ; --            ; --                    ; --  ; --   ;
; GPIO[14]      ; Bidir    ; --            ; --            ; --                    ; --  ; --   ;
; GPIO[15]      ; Bidir    ; --            ; --            ; --                    ; --  ; --   ;
; GPIO[16]      ; Bidir    ; --            ; --            ; --                    ; --  ; --   ;
; GPIO[17]      ; Bidir    ; --            ; --            ; --                    ; --  ; --   ;
; GPIO[18]      ; Bidir    ; --            ; --            ; --                    ; --  ; --   ;
; GPIO[19]      ; Bidir    ; --            ; --            ; --                    ; --  ; --   ;
; GPIO[20]      ; Bidir    ; --            ; --            ; --                    ; --  ; --   ;
; GPIO[21]      ; Bidir    ; --            ; --            ; --                    ; --  ; --   ;
; GPIO[22]      ; Bidir    ; --            ; --            ; --                    ; --  ; --   ;
; GPIO[23]      ; Bidir    ; --            ; --            ; --                    ; --  ; --   ;
; GPIO[24]      ; Bidir    ; --            ; --            ; --                    ; --  ; --   ;
; GPIO[25]      ; Bidir    ; --            ; --            ; --                    ; --  ; --   ;
; GPIO[26]      ; Bidir    ; --            ; --            ; --                    ; --  ; --   ;
; GPIO[27]      ; Bidir    ; --            ; --            ; --                    ; --  ; --   ;
; GPIO[28]      ; Bidir    ; --            ; --            ; --                    ; --  ; --   ;
; GPIO[29]      ; Bidir    ; --            ; --            ; --                    ; --  ; --   ;
; GPIO[30]      ; Bidir    ; --            ; --            ; --                    ; --  ; --   ;
; GPIO[31]      ; Bidir    ; --            ; --            ; --                    ; --  ; --   ;
; GPIO[32]      ; Bidir    ; --            ; --            ; --                    ; --  ; --   ;
; GPIO[33]      ; Bidir    ; --            ; --            ; --                    ; --  ; --   ;
; GPIO[34]      ; Bidir    ; --            ; --            ; --                    ; --  ; --   ;
; GPIO[35]      ; Bidir    ; --            ; --            ; --                    ; --  ; --   ;
; GPIO[1]       ; Bidir    ; --            ; --            ; --                    ; --  ; --   ;
; KEY[0]        ; Input    ; (6) 868 ps    ; --            ; --                    ; --  ; --   ;
; MAX10_CLK1_50 ; Input    ; (0) 0 ps      ; --            ; --                    ; --  ; --   ;
+---------------+----------+---------------+---------------+-----------------------+-----+------+


+----------------------------------------------------------------------------------------------------------------+
; Pad To Core Delay Chain Fanout                                                                                 ;
+----------------------------------------------------------------------------------+-------------------+---------+
; Source Pin / Fanout                                                              ; Pad To Core Index ; Setting ;
+----------------------------------------------------------------------------------+-------------------+---------+
; KEY[1]                                                                           ;                   ;         ;
; ADC_CLK_10                                                                       ;                   ;         ;
; MAX10_CLK2_50                                                                    ;                   ;         ;
; GPIO[0]                                                                          ;                   ;         ;
; GPIO[2]                                                                          ;                   ;         ;
; GPIO[3]                                                                          ;                   ;         ;
; GPIO[4]                                                                          ;                   ;         ;
; GPIO[5]                                                                          ;                   ;         ;
; GPIO[6]                                                                          ;                   ;         ;
; GPIO[7]                                                                          ;                   ;         ;
; GPIO[8]                                                                          ;                   ;         ;
; GPIO[9]                                                                          ;                   ;         ;
; GPIO[10]                                                                         ;                   ;         ;
; GPIO[11]                                                                         ;                   ;         ;
; GPIO[12]                                                                         ;                   ;         ;
; GPIO[13]                                                                         ;                   ;         ;
; GPIO[14]                                                                         ;                   ;         ;
; GPIO[15]                                                                         ;                   ;         ;
; GPIO[16]                                                                         ;                   ;         ;
; GPIO[17]                                                                         ;                   ;         ;
; GPIO[18]                                                                         ;                   ;         ;
; GPIO[19]                                                                         ;                   ;         ;
; GPIO[20]                                                                         ;                   ;         ;
; GPIO[21]                                                                         ;                   ;         ;
; GPIO[22]                                                                         ;                   ;         ;
; GPIO[23]                                                                         ;                   ;         ;
; GPIO[24]                                                                         ;                   ;         ;
; GPIO[25]                                                                         ;                   ;         ;
; GPIO[26]                                                                         ;                   ;         ;
; GPIO[27]                                                                         ;                   ;         ;
; GPIO[28]                                                                         ;                   ;         ;
; GPIO[29]                                                                         ;                   ;         ;
; GPIO[30]                                                                         ;                   ;         ;
; GPIO[31]                                                                         ;                   ;         ;
; GPIO[32]                                                                         ;                   ;         ;
; GPIO[33]                                                                         ;                   ;         ;
; GPIO[34]                                                                         ;                   ;         ;
; GPIO[35]                                                                         ;                   ;         ;
; GPIO[1]                                                                          ;                   ;         ;
; KEY[0]                                                                           ;                   ;         ;
;      - pll:PLLTX|altpll:altpll_component|pll_altpll:auto_generated|pll_lock_sync ; 0                 ; 6       ;
;      - rst_l                                                                     ; 0                 ; 6       ;
;      - pll:PLLTX|altpll:altpll_component|pll_altpll:auto_generated|pll1          ; 0                 ; 6       ;
; MAX10_CLK1_50                                                                    ;                   ;         ;
+----------------------------------------------------------------------------------+-------------------+---------+


+----------------------------------------------------------------------------------------------------------------------------------------------------------------------------------------------------------------------------------------------------------------------------------------------------+
; Control Signals                                                                                                                                                                                                                                                                                    ;
+---------------------------------------------------------------------------------------------------------------------------------------------------------+--------------------+---------+----------------------------+--------+----------------------+------------------+---------------------------+
; Name                                                                                                                                                    ; Location           ; Fan-Out ; Usage                      ; Global ; Global Resource Used ; Global Line Name ; Enable Signal Source Name ;
+---------------------------------------------------------------------------------------------------------------------------------------------------------+--------------------+---------+----------------------------+--------+----------------------+------------------+---------------------------+
; KEY[0]                                                                                                                                                  ; PIN_B8             ; 3       ; Async. clear               ; no     ; --                   ; --               ; --                        ;
; MAX10_CLK1_50                                                                                                                                           ; PIN_P11            ; 2       ; Clock                      ; no     ; --                   ; --               ; --                        ;
; MAX10_CLK1_50                                                                                                                                           ; PIN_P11            ; 694     ; Clock                      ; yes    ; Global Clock         ; GCLK18           ; --                        ;
; OVERSEER:OOO|stall~0                                                                                                                                    ; LCCOMB_X20_Y20_N24 ; 11      ; Sync. load                 ; no     ; --                   ; --               ; --                        ;
; decode:DECODE|registers:R|process_0~1                                                                                                                   ; LCCOMB_X22_Y21_N4  ; 4       ; Write enable               ; no     ; --                   ; --               ; --                        ;
; execute:EXECUTE|ALU:ALU|alu_result[14]~145                                                                                                              ; LCCOMB_X26_Y20_N8  ; 7       ; Sync. clear                ; no     ; --                   ; --               ; --                        ;
; execute:EXECUTE|ALU:ALU|alu_result[24]~134                                                                                                              ; LCCOMB_X26_Y20_N16 ; 4       ; Sync. clear                ; no     ; --                   ; --               ; --                        ;
; execute:EXECUTE|ALU:ALU|alu_result[3]~121                                                                                                               ; LCCOMB_X21_Y21_N12 ; 26      ; Clock enable               ; no     ; --                   ; --               ; --                        ;
; execute:EXECUTE|ALU:ALU|alu_result[6]~107                                                                                                               ; LCCOMB_X26_Y20_N28 ; 4       ; Sync. clear                ; no     ; --                   ; --               ; --                        ;
; execute:EXECUTE|ALU:ALU|ram_we                                                                                                                          ; FF_X21_Y21_N11     ; 4       ; Write enable               ; no     ; --                   ; --               ; --                        ;
; execute:EXECUTE|instruction_in_1[31]~5                                                                                                                  ; LCCOMB_X22_Y22_N20 ; 39      ; Sync. load                 ; no     ; --                   ; --               ; --                        ;
; pll:PLLTX|altpll:altpll_component|pll_altpll:auto_generated|wire_pll1_clk[1]                                                                            ; PLL_1              ; 77      ; Clock                      ; yes    ; Global Clock         ; GCLK19           ; --                        ;
; pll:PLLTX|altpll:altpll_component|pll_altpll:auto_generated|wire_pll1_locked                                                                            ; PLL_1              ; 2       ; Clock                      ; no     ; --                   ; --               ; --                        ;
; print_FSM:FSM|UART_trans:U|counter[20]~32                                                                                                               ; LCCOMB_X9_Y17_N22  ; 32      ; Clock enable               ; no     ; --                   ; --               ; --                        ;
; print_FSM:FSM|UART_trans:U|counter[20]~41                                                                                                               ; LCCOMB_X9_Y17_N0   ; 32      ; Sync. clear                ; no     ; --                   ; --               ; --                        ;
; print_FSM:FSM|data_char[3]~1                                                                                                                            ; LCCOMB_X38_Y25_N30 ; 8       ; Clock enable               ; no     ; --                   ; --               ; --                        ;
; print_FSM:FSM|diva:DIVIDER|lpm_divide:LPM_DIVIDE_component|lpm_divide_ous:auto_generated|sign_div_unsign_q8i:divider|alt_u_div_d6f:divider|selnose[363] ; LCCOMB_X52_Y21_N0  ; 12      ; Sync. load                 ; no     ; --                   ; --               ; --                        ;
; print_FSM:FSM|diva:DIVIDER|lpm_divide:LPM_DIVIDE_component|lpm_divide_ous:auto_generated|sign_div_unsign_q8i:divider|alt_u_div_d6f:divider|selnose[627] ; LCCOMB_X54_Y23_N30 ; 20      ; Sync. load                 ; no     ; --                   ; --               ; --                        ;
; print_FSM:FSM|diva:DIVIDER|lpm_divide:LPM_DIVIDE_component|lpm_divide_ous:auto_generated|sign_div_unsign_q8i:divider|alt_u_div_d6f:divider|selnose[891] ; LCCOMB_X45_Y25_N30 ; 28      ; Sync. load                 ; no     ; --                   ; --               ; --                        ;
; print_FSM:FSM|fifo_char:FIFO2|dcfifo:dcfifo_component|dcfifo_f1f1:auto_generated|valid_rdreq~0                                                          ; LCCOMB_X6_Y19_N26  ; 18      ; Clock enable               ; no     ; --                   ; --               ; --                        ;
; print_FSM:FSM|fifo_char:FIFO2|dcfifo:dcfifo_component|dcfifo_f1f1:auto_generated|valid_wrreq~0                                                          ; LCCOMB_X7_Y21_N18  ; 18      ; Clock enable, Write enable ; no     ; --                   ; --               ; --                        ;
; print_FSM:FSM|fifo_word:FIFO1|scfifo:scfifo_component|scfifo_4k51:auto_generated|a_dpfifo_jj21:dpfifo|a_fefifo_08f:fifo_state|_~0                       ; LCCOMB_X35_Y22_N16 ; 8       ; Clock enable               ; no     ; --                   ; --               ; --                        ;
; print_FSM:FSM|fifo_word:FIFO1|scfifo:scfifo_component|scfifo_4k51:auto_generated|a_dpfifo_jj21:dpfifo|valid_rreq                                        ; LCCOMB_X34_Y23_N30 ; 10      ; Clock enable               ; no     ; --                   ; --               ; --                        ;
; print_FSM:FSM|fifo_word:FIFO1|scfifo:scfifo_component|scfifo_4k51:auto_generated|a_dpfifo_jj21:dpfifo|valid_wreq                                        ; LCCOMB_X35_Y22_N0  ; 17      ; Clock enable, Write enable ; no     ; --                   ; --               ; --                        ;
; print_FSM:FSM|i[1]~4                                                                                                                                    ; LCCOMB_X39_Y25_N22 ; 3       ; Clock enable               ; no     ; --                   ; --               ; --                        ;
; print_FSM:FSM|pos_val[0]~8                                                                                                                              ; LCCOMB_X42_Y23_N0  ; 31      ; Clock enable               ; no     ; --                   ; --               ; --                        ;
; print_FSM:FSM|stack~136                                                                                                                                 ; LCCOMB_X39_Y26_N18 ; 8       ; Clock enable               ; no     ; --                   ; --               ; --                        ;
; print_FSM:FSM|stack~138                                                                                                                                 ; LCCOMB_X39_Y25_N26 ; 8       ; Clock enable               ; no     ; --                   ; --               ; --                        ;
; print_FSM:FSM|stack~140                                                                                                                                 ; LCCOMB_X39_Y27_N8  ; 8       ; Clock enable               ; no     ; --                   ; --               ; --                        ;
; print_FSM:FSM|stack~142                                                                                                                                 ; LCCOMB_X39_Y26_N22 ; 8       ; Clock enable               ; no     ; --                   ; --               ; --                        ;
; print_FSM:FSM|stack~144                                                                                                                                 ; LCCOMB_X39_Y26_N6  ; 8       ; Clock enable               ; no     ; --                   ; --               ; --                        ;
; print_FSM:FSM|stack~146                                                                                                                                 ; LCCOMB_X40_Y26_N16 ; 8       ; Clock enable               ; no     ; --                   ; --               ; --                        ;
; print_FSM:FSM|stack~148                                                                                                                                 ; LCCOMB_X40_Y27_N8  ; 8       ; Clock enable               ; no     ; --                   ; --               ; --                        ;
; print_FSM:FSM|stack~150                                                                                                                                 ; LCCOMB_X39_Y26_N20 ; 8       ; Clock enable               ; no     ; --                   ; --               ; --                        ;
; print_FSM:FSM|stack~152                                                                                                                                 ; LCCOMB_X40_Y27_N26 ; 8       ; Clock enable               ; no     ; --                   ; --               ; --                        ;
; print_FSM:FSM|stack~154                                                                                                                                 ; LCCOMB_X39_Y27_N28 ; 8       ; Clock enable               ; no     ; --                   ; --               ; --                        ;
; print_FSM:FSM|stack~156                                                                                                                                 ; LCCOMB_X41_Y27_N20 ; 8       ; Clock enable               ; no     ; --                   ; --               ; --                        ;
; print_FSM:FSM|state.DIV                                                                                                                                 ; FF_X38_Y23_N11     ; 75      ; Sync. clear, Sync. load    ; no     ; --                   ; --               ; --                        ;
; print_FSM:FSM|state.POP                                                                                                                                 ; FF_X38_Y23_N19     ; 21      ; Sync. load                 ; no     ; --                   ; --               ; --                        ;
; rst_l                                                                                                                                                   ; LCCOMB_X23_Y22_N10 ; 6       ; Clock enable               ; no     ; --                   ; --               ; --                        ;
; rst_l                                                                                                                                                   ; LCCOMB_X23_Y22_N10 ; 275     ; Async. clear               ; yes    ; Global Clock         ; GCLK2            ; --                        ;
; stall_final                                                                                                                                             ; LCCOMB_X20_Y20_N26 ; 20      ; Clock enable               ; no     ; --                   ; --               ; --                        ;
+---------------------------------------------------------------------------------------------------------------------------------------------------------+--------------------+---------+----------------------------+--------+----------------------+------------------+---------------------------+


+--------------------------------------------------------------------------------------------------------------------------------------------------------------------------------------------------------------------------+
; Global & Other Fast Signals                                                                                                                                                                                              ;
+------------------------------------------------------------------------------+--------------------+---------+--------------------------------------+----------------------+------------------+---------------------------+
; Name                                                                         ; Location           ; Fan-Out ; Fan-Out Using Intentional Clock Skew ; Global Resource Used ; Global Line Name ; Enable Signal Source Name ;
+------------------------------------------------------------------------------+--------------------+---------+--------------------------------------+----------------------+------------------+---------------------------+
; MAX10_CLK1_50                                                                ; PIN_P11            ; 694     ; 48                                   ; Global Clock         ; GCLK18           ; --                        ;
; pll:PLLTX|altpll:altpll_component|pll_altpll:auto_generated|wire_pll1_clk[1] ; PLL_1              ; 77      ; 15                                   ; Global Clock         ; GCLK19           ; --                        ;
; rst_l                                                                        ; LCCOMB_X23_Y22_N10 ; 275     ; 0                                    ; Global Clock         ; GCLK2            ; --                        ;
+------------------------------------------------------------------------------+--------------------+---------+--------------------------------------+----------------------+------------------+---------------------------+


+----------------------------------------------------------------------------------------------------------------------------------------------------------------------------------------------------------------------------------------------------------------------------------------------------------------------------------------------------------------------------------------------------------------------------------------------------------------------------------------------------------------------------------------------------------------------------------------------------------------------------------------------------------------------------------------------------------------------------------------------------------------------------------------------------------------------------------------------------------------+
; Fitter RAM Summary                                                                                                                                                                                                                                                                                                                                                                                                                                                                                                                                                                                                                                                                                                                                                                                                                                             ;
+-------------------------------------------------------------------------------------------------------------------------------------------------------------------------------------------------------------------------------------------------+------+------------------+--------------+--------------+--------------+--------------+--------------+------------------------+-------------------------+------------------------+-------------------------+-------+-----------------------------+-----------------------------+-----------------------------+-----------------------------+---------------------+------+----------------------------------------+----------------------------------------------------------------+----------------------+------------------------+------------------------+----------+------------------------+---------------+
; Name                                                                                                                                                                                                                                            ; Type ; Mode             ; Clock Mode   ; Port A Depth ; Port A Width ; Port B Depth ; Port B Width ; Port A Input Registers ; Port A Output Registers ; Port B Input Registers ; Port B Output Registers ; Size  ; Implementation Port A Depth ; Implementation Port A Width ; Implementation Port B Depth ; Implementation Port B Width ; Implementation Bits ; M9Ks ; MIF                                    ; Location                                                       ; Mixed Width RDW Mode ; Port A RDW Mode        ; Port B RDW Mode        ; ECC Mode ; ECC Pipeline Registers ; Fits in MLABs ;
+-------------------------------------------------------------------------------------------------------------------------------------------------------------------------------------------------------------------------------------------------+------+------------------+--------------+--------------+--------------+--------------+--------------+------------------------+-------------------------+------------------------+-------------------------+-------+-----------------------------+-----------------------------+-----------------------------+-----------------------------+---------------------+------+----------------------------------------+----------------------------------------------------------------+----------------------+------------------------+------------------------+----------+------------------------+---------------+
; decode:DECODE|registers:R|altsyncram:ram_block_rtl_0|altsyncram_23g1:auto_generated|ALTSYNCRAM                                                                                                                                                  ; AUTO ; Simple Dual Port ; Single Clock ; 32           ; 32           ; 32           ; 32           ; yes                    ; no                      ; yes                    ; no                      ; 1024  ; 32                          ; 32                          ; 32                          ; 32                          ; 1024                ; 1    ; db/DLX.ram0_registers_6989617c.hdl.mif ; M9K_X33_Y17_N0                                                 ; Don't care           ; New data with NBE Read ; New data with NBE Read ; Off      ; No                     ; No - Unknown  ;
; decode:DECODE|registers:R|altsyncram:ram_block_rtl_1|altsyncram_23g1:auto_generated|ALTSYNCRAM                                                                                                                                                  ; AUTO ; Simple Dual Port ; Single Clock ; 32           ; 32           ; 32           ; 32           ; yes                    ; no                      ; yes                    ; no                      ; 1024  ; 32                          ; 32                          ; 32                          ; 32                          ; 1024                ; 1    ; db/DLX.ram0_registers_6989617c.hdl.mif ; M9K_X33_Y16_N0                                                 ; Don't care           ; New data with NBE Read ; New data with NBE Read ; Off      ; No                     ; No - Unknown  ;
; fetch:FETCH|my_ROM:U1|altsyncram:altsyncram_component|altsyncram_d5s3:auto_generated|ALTSYNCRAM                                                                                                                                                 ; AUTO ; ROM              ; Single Clock ; 1024         ; 32           ; --           ; --           ; yes                    ; no                      ; --                     ; --                      ; 32768 ; 1024                        ; 32                          ; --                          ; --                          ; 32768               ; 4    ; factorial_code.mif                     ; M9K_X5_Y21_N0, M9K_X5_Y17_N0, M9K_X5_Y20_N0, M9K_X5_Y18_N0     ; Don't care           ; New data with NBE Read ; New data with NBE Read ; Off      ; No                     ; No - Unknown  ;
; memory:MEMORY|my_ram:RAM|altsyncram:altsyncram_component|altsyncram_29s3:auto_generated|ALTSYNCRAM                                                                                                                                              ; AUTO ; Single Port      ; Single Clock ; 1024         ; 32           ; --           ; --           ; yes                    ; no                      ; --                     ; --                      ; 32768 ; 1024                        ; 32                          ; --                          ; --                          ; 32768               ; 4    ; factorial_data.mif                     ; M9K_X33_Y20_N0, M9K_X33_Y19_N0, M9K_X33_Y18_N0, M9K_X33_Y21_N0 ; Don't care           ; New data with NBE Read ; New data with NBE Read ; Off      ; No                     ; No - Unknown  ;
; print_FSM:FSM|diva:DIVIDER|lpm_divide:LPM_DIVIDE_component|lpm_divide_ous:auto_generated|sign_div_unsign_q8i:divider|alt_u_div_d6f:divider|altshift_taps:DFFQuotient_rtl_0|shift_taps_53o:auto_generated|altsyncram_pv21:altsyncram4|ALTSYNCRAM ; AUTO ; Simple Dual Port ; Single Clock ; 3            ; 16           ; 3            ; 16           ; yes                    ; no                      ; yes                    ; yes                     ; 48    ; 3                           ; 16                          ; 3                           ; 16                          ; 48                  ; 1    ; None                                   ; M9K_X53_Y24_N0                                                 ; Don't care           ; New data with NBE Read ; New data with NBE Read ; Off      ; No                     ; No - Unknown  ;
; print_FSM:FSM|fifo_char:FIFO2|dcfifo:dcfifo_component|dcfifo_f1f1:auto_generated|altsyncram_qj31:fifo_ram|ALTSYNCRAM                                                                                                                            ; AUTO ; Simple Dual Port ; Dual Clocks  ; 256          ; 8            ; 256          ; 8            ; yes                    ; no                      ; yes                    ; yes                     ; 2048  ; 256                         ; 8                           ; 256                         ; 8                           ; 2048                ; 1    ; None                                   ; M9K_X5_Y19_N0                                                  ; Don't care           ; New data with NBE Read ; New data with NBE Read ; Off      ; No                     ; No - Unknown  ;
; print_FSM:FSM|fifo_word:FIFO1|scfifo:scfifo_component|scfifo_4k51:auto_generated|a_dpfifo_jj21:dpfifo|altsyncram_o2m1:FIFOram|ALTSYNCRAM                                                                                                        ; AUTO ; Simple Dual Port ; Single Clock ; 256          ; 38           ; 256          ; 38           ; yes                    ; no                      ; yes                    ; no                      ; 9728  ; 256                         ; 38                          ; 256                         ; 38                          ; 9728                ; 2    ; None                                   ; M9K_X33_Y23_N0, M9K_X33_Y22_N0                                 ; Don't care           ; New data with NBE Read ; New data with NBE Read ; Off      ; No                     ; No - Unknown  ;
+-------------------------------------------------------------------------------------------------------------------------------------------------------------------------------------------------------------------------------------------------+------+------------------+--------------+--------------+--------------+--------------+--------------+------------------------+-------------------------+------------------------+-------------------------+-------+-----------------------------+-----------------------------+-----------------------------+-----------------------------+---------------------+------+----------------------------------------+----------------------------------------------------------------+----------------------+------------------------+------------------------+----------+------------------------+---------------+
Note: Fitter may spread logical memories into multiple blocks to improve timing. The actual required RAM blocks can be found in the Fitter Resource Usage section.


RAM content values are presented in the following format: (Binary) (Octal) (Decimal) (Hexadecimal) 
+------------------------------------------------------------------------------------------------------------------------------------------------------------------------------------------------------------------------------------------------------------------+
; |DLX|decode:DECODE|registers:R|altsyncram:ram_block_rtl_0|altsyncram_23g1:auto_generated|ALTSYNCRAM                                                                                                                                                              ;
+------------------------------------------------------------------------------------------------------------------------------------------------------------------------------------------------------------------------------------------------------------------+
;   Addr   ;              +0              ;              +1              ;              +2              ;              +3              ;              +4              ;              +5              ;              +6              ;              +7              ;
+----------+------------------------------+------------------------------+------------------------------+------------------------------+------------------------------+------------------------------+------------------------------+------------------------------+
;0;(00000000000000000000000000000000) (0) (0) (00)    ;(00000000000000000000000000000000) (0) (0) (00)   ;(00000000000000000000000000000000) (0) (0) (00)   ;(00000000000000000000000000000000) (0) (0) (00)   ;(00000000000000000000000000000000) (0) (0) (00)   ;(00000000000000000000000000000000) (0) (0) (00)   ;(00000000000000000000000000000000) (0) (0) (00)   ;(00000000000000000000000000000000) (0) (0) (00)   ;
;8;(00000000000000000000000000000000) (0) (0) (00)    ;(00000000000000000000000000000000) (0) (0) (00)   ;(00000000000000000000000000000000) (0) (0) (00)   ;(00000000000000000000000000000000) (0) (0) (00)   ;(00000000000000000000000000000000) (0) (0) (00)   ;(00000000000000000000000000000000) (0) (0) (00)   ;(00000000000000000000000000000000) (0) (0) (00)   ;(00000000000000000000000000000000) (0) (0) (00)   ;
;16;(00000000000000000000000000000000) (0) (0) (00)    ;(00000000000000000000000000000000) (0) (0) (00)   ;(00000000000000000000000000000000) (0) (0) (00)   ;(00000000000000000000000000000000) (0) (0) (00)   ;(00000000000000000000000000000000) (0) (0) (00)   ;(00000000000000000000000000000000) (0) (0) (00)   ;(00000000000000000000000000000000) (0) (0) (00)   ;(00000000000000000000000000000000) (0) (0) (00)   ;
;24;(00000000000000000000000000000000) (0) (0) (00)    ;(00000000000000000000000000000000) (0) (0) (00)   ;(00000000000000000000000000000000) (0) (0) (00)   ;(00000000000000000000000000000000) (0) (0) (00)   ;(00000000000000000000000000000000) (0) (0) (00)   ;(00000000000000000000000000000000) (0) (0) (00)   ;(00000000000000000000000000000000) (0) (0) (00)   ;(00000000000000000000000000000000) (0) (0) (00)   ;


RAM content values are presented in the following format: (Binary) (Octal) (Decimal) (Hexadecimal) 
+------------------------------------------------------------------------------------------------------------------------------------------------------------------------------------------------------------------------------------------------------------------+
; |DLX|memory:MEMORY|my_ram:RAM|altsyncram:altsyncram_component|altsyncram_29s3:auto_generated|ALTSYNCRAM                                                                                                                                                          ;
+------------------------------------------------------------------------------------------------------------------------------------------------------------------------------------------------------------------------------------------------------------------+
;   Addr   ;              +0              ;              +1              ;              +2              ;              +3              ;              +4              ;              +5              ;              +6              ;              +7              ;
+----------+------------------------------+------------------------------+------------------------------+------------------------------+------------------------------+------------------------------+------------------------------+------------------------------+
;0;(00000000000000000000000000000110) (6) (6) (06)    ;(00000000000000000000000000000001) (1) (1) (01)   ;(00000000000000000000000000100001) (41) (33) (21)   ;(00000000000000000000000001101101) (155) (109) (6D)   ;(00000000000000000000000001100001) (141) (97) (61)   ;(00000000000000000000000001110010) (162) (114) (72)   ;(00000000000000000000000001100111) (147) (103) (67)   ;(00000000000000000000000001101111) (157) (111) (6F)   ;
;8;(00000000000000000000000001110010) (162) (114) (72)    ;(00000000000000000000000001110000) (160) (112) (70)   ;(00000000000000000000000000100000) (40) (32) (20)   ;(00000000000000000000000001101100) (154) (108) (6C)   ;(00000000000000000000000001100001) (141) (97) (61)   ;(00000000000000000000000001101001) (151) (105) (69)   ;(00000000000000000000000001110010) (162) (114) (72)   ;(00000000000000000000000001101111) (157) (111) (6F)   ;
;16;(00000000000000000000000001110100) (164) (116) (74)    ;(00000000000000000000000001100011) (143) (99) (63)   ;(00000000000000000000000001100001) (141) (97) (61)   ;(00000000000000000000000001100110) (146) (102) (66)   ;(00000000000000000000000000100000) (40) (32) (20)   ;(00000000000000000000000001011000) (130) (88) (58)   ;(00000000000000000000000001001100) (114) (76) (4C)   ;(00000000000000000000000001000100) (104) (68) (44)   ;
;24;(00000000000000000000000000100000) (40) (32) (20)    ;(00000000000000000000000001100101) (145) (101) (65)   ;(00000000000000000000000001101000) (150) (104) (68)   ;(00000000000000000000000001110100) (164) (116) (74)   ;(00000000000000000000000000100000) (40) (32) (20)   ;(00000000000000000000000001101111) (157) (111) (6F)   ;(00000000000000000000000001110100) (164) (116) (74)   ;(00000000000000000000000000100000) (40) (32) (20)   ;
;32;(00000000000000000000000001100101) (145) (101) (65)    ;(00000000000000000000000001101101) (155) (109) (6D)   ;(00000000000000000000000001101111) (157) (111) (6F)   ;(00000000000000000000000001100011) (143) (99) (63)   ;(00000000000000000000000001101100) (154) (108) (6C)   ;(00000000000000000000000001100101) (145) (101) (65)   ;(00000000000000000000000001010111) (127) (87) (57)   ;(00000000000000000000000000111101) (75) (61) (3D)   ;
;40;(00000000000000000000000000100000) (40) (32) (20)    ;(00000000000000000000000000100001) (41) (33) (21)   ;(00000000000000000000000000000000) (0) (0) (00)   ;(00000000000000000000000000000000) (0) (0) (00)   ;(00000000000000000000000000000000) (0) (0) (00)   ;(00000000000000000000000000000000) (0) (0) (00)   ;(00000000000000000000000000000000) (0) (0) (00)   ;(00000000000000000000000000000000) (0) (0) (00)   ;
;48;(00000000000000000000000000000000) (0) (0) (00)    ;(00000000000000000000000000000000) (0) (0) (00)   ;(00000000000000000000000000000000) (0) (0) (00)   ;(00000000000000000000000000000000) (0) (0) (00)   ;(00000000000000000000000000000000) (0) (0) (00)   ;(00000000000000000000000000000000) (0) (0) (00)   ;(00000000000000000000000000000000) (0) (0) (00)   ;(00000000000000000000000000000000) (0) (0) (00)   ;
;56;(00000000000000000000000000000000) (0) (0) (00)    ;(00000000000000000000000000000000) (0) (0) (00)   ;(00000000000000000000000000000000) (0) (0) (00)   ;(00000000000000000000000000000000) (0) (0) (00)   ;(00000000000000000000000000000000) (0) (0) (00)   ;(00000000000000000000000000000000) (0) (0) (00)   ;(00000000000000000000000000000000) (0) (0) (00)   ;(00000000000000000000000000000000) (0) (0) (00)   ;
;64;(00000000000000000000000000000000) (0) (0) (00)    ;(00000000000000000000000000000000) (0) (0) (00)   ;(00000000000000000000000000000000) (0) (0) (00)   ;(00000000000000000000000000000000) (0) (0) (00)   ;(00000000000000000000000000000000) (0) (0) (00)   ;(00000000000000000000000000000000) (0) (0) (00)   ;(00000000000000000000000000000000) (0) (0) (00)   ;(00000000000000000000000000000000) (0) (0) (00)   ;
;72;(00000000000000000000000000000000) (0) (0) (00)    ;(00000000000000000000000000000000) (0) (0) (00)   ;(00000000000000000000000000000000) (0) (0) (00)   ;(00000000000000000000000000000000) (0) (0) (00)   ;(00000000000000000000000000000000) (0) (0) (00)   ;(00000000000000000000000000000000) (0) (0) (00)   ;(00000000000000000000000000000000) (0) (0) (00)   ;(00000000000000000000000000000000) (0) (0) (00)   ;
;80;(00000000000000000000000000000000) (0) (0) (00)    ;(00000000000000000000000000000000) (0) (0) (00)   ;(00000000000000000000000000000000) (0) (0) (00)   ;(00000000000000000000000000000000) (0) (0) (00)   ;(00000000000000000000000000000000) (0) (0) (00)   ;(00000000000000000000000000000000) (0) (0) (00)   ;(00000000000000000000000000000000) (0) (0) (00)   ;(00000000000000000000000000000000) (0) (0) (00)   ;
;88;(00000000000000000000000000000000) (0) (0) (00)    ;(00000000000000000000000000000000) (0) (0) (00)   ;(00000000000000000000000000000000) (0) (0) (00)   ;(00000000000000000000000000000000) (0) (0) (00)   ;(00000000000000000000000000000000) (0) (0) (00)   ;(00000000000000000000000000000000) (0) (0) (00)   ;(00000000000000000000000000000000) (0) (0) (00)   ;(00000000000000000000000000000000) (0) (0) (00)   ;
;96;(00000000000000000000000000000000) (0) (0) (00)    ;(00000000000000000000000000000000) (0) (0) (00)   ;(00000000000000000000000000000000) (0) (0) (00)   ;(00000000000000000000000000000000) (0) (0) (00)   ;(00000000000000000000000000000000) (0) (0) (00)   ;(00000000000000000000000000000000) (0) (0) (00)   ;(00000000000000000000000000000000) (0) (0) (00)   ;(00000000000000000000000000000000) (0) (0) (00)   ;
;104;(00000000000000000000000000000000) (0) (0) (00)    ;(00000000000000000000000000000000) (0) (0) (00)   ;(00000000000000000000000000000000) (0) (0) (00)   ;(00000000000000000000000000000000) (0) (0) (00)   ;(00000000000000000000000000000000) (0) (0) (00)   ;(00000000000000000000000000000000) (0) (0) (00)   ;(00000000000000000000000000000000) (0) (0) (00)   ;(00000000000000000000000000000000) (0) (0) (00)   ;
;112;(00000000000000000000000000000000) (0) (0) (00)    ;(00000000000000000000000000000000) (0) (0) (00)   ;(00000000000000000000000000000000) (0) (0) (00)   ;(00000000000000000000000000000000) (0) (0) (00)   ;(00000000000000000000000000000000) (0) (0) (00)   ;(00000000000000000000000000000000) (0) (0) (00)   ;(00000000000000000000000000000000) (0) (0) (00)   ;(00000000000000000000000000000000) (0) (0) (00)   ;
;120;(00000000000000000000000000000000) (0) (0) (00)    ;(00000000000000000000000000000000) (0) (0) (00)   ;(00000000000000000000000000000000) (0) (0) (00)   ;(00000000000000000000000000000000) (0) (0) (00)   ;(00000000000000000000000000000000) (0) (0) (00)   ;(00000000000000000000000000000000) (0) (0) (00)   ;(00000000000000000000000000000000) (0) (0) (00)   ;(00000000000000000000000000000000) (0) (0) (00)   ;
;128;(00000000000000000000000000000000) (0) (0) (00)    ;(00000000000000000000000000000000) (0) (0) (00)   ;(00000000000000000000000000000000) (0) (0) (00)   ;(00000000000000000000000000000000) (0) (0) (00)   ;(00000000000000000000000000000000) (0) (0) (00)   ;(00000000000000000000000000000000) (0) (0) (00)   ;(00000000000000000000000000000000) (0) (0) (00)   ;(00000000000000000000000000000000) (0) (0) (00)   ;
;136;(00000000000000000000000000000000) (0) (0) (00)    ;(00000000000000000000000000000000) (0) (0) (00)   ;(00000000000000000000000000000000) (0) (0) (00)   ;(00000000000000000000000000000000) (0) (0) (00)   ;(00000000000000000000000000000000) (0) (0) (00)   ;(00000000000000000000000000000000) (0) (0) (00)   ;(00000000000000000000000000000000) (0) (0) (00)   ;(00000000000000000000000000000000) (0) (0) (00)   ;
;144;(00000000000000000000000000000000) (0) (0) (00)    ;(00000000000000000000000000000000) (0) (0) (00)   ;(00000000000000000000000000000000) (0) (0) (00)   ;(00000000000000000000000000000000) (0) (0) (00)   ;(00000000000000000000000000000000) (0) (0) (00)   ;(00000000000000000000000000000000) (0) (0) (00)   ;(00000000000000000000000000000000) (0) (0) (00)   ;(00000000000000000000000000000000) (0) (0) (00)   ;
;152;(00000000000000000000000000000000) (0) (0) (00)    ;(00000000000000000000000000000000) (0) (0) (00)   ;(00000000000000000000000000000000) (0) (0) (00)   ;(00000000000000000000000000000000) (0) (0) (00)   ;(00000000000000000000000000000000) (0) (0) (00)   ;(00000000000000000000000000000000) (0) (0) (00)   ;(00000000000000000000000000000000) (0) (0) (00)   ;(00000000000000000000000000000000) (0) (0) (00)   ;
;160;(00000000000000000000000000000000) (0) (0) (00)    ;(00000000000000000000000000000000) (0) (0) (00)   ;(00000000000000000000000000000000) (0) (0) (00)   ;(00000000000000000000000000000000) (0) (0) (00)   ;(00000000000000000000000000000000) (0) (0) (00)   ;(00000000000000000000000000000000) (0) (0) (00)   ;(00000000000000000000000000000000) (0) (0) (00)   ;(00000000000000000000000000000000) (0) (0) (00)   ;
;168;(00000000000000000000000000000000) (0) (0) (00)    ;(00000000000000000000000000000000) (0) (0) (00)   ;(00000000000000000000000000000000) (0) (0) (00)   ;(00000000000000000000000000000000) (0) (0) (00)   ;(00000000000000000000000000000000) (0) (0) (00)   ;(00000000000000000000000000000000) (0) (0) (00)   ;(00000000000000000000000000000000) (0) (0) (00)   ;(00000000000000000000000000000000) (0) (0) (00)   ;
;176;(00000000000000000000000000000000) (0) (0) (00)    ;(00000000000000000000000000000000) (0) (0) (00)   ;(00000000000000000000000000000000) (0) (0) (00)   ;(00000000000000000000000000000000) (0) (0) (00)   ;(00000000000000000000000000000000) (0) (0) (00)   ;(00000000000000000000000000000000) (0) (0) (00)   ;(00000000000000000000000000000000) (0) (0) (00)   ;(00000000000000000000000000000000) (0) (0) (00)   ;
;184;(00000000000000000000000000000000) (0) (0) (00)    ;(00000000000000000000000000000000) (0) (0) (00)   ;(00000000000000000000000000000000) (0) (0) (00)   ;(00000000000000000000000000000000) (0) (0) (00)   ;(00000000000000000000000000000000) (0) (0) (00)   ;(00000000000000000000000000000000) (0) (0) (00)   ;(00000000000000000000000000000000) (0) (0) (00)   ;(00000000000000000000000000000000) (0) (0) (00)   ;
;192;(00000000000000000000000000000000) (0) (0) (00)    ;(00000000000000000000000000000000) (0) (0) (00)   ;(00000000000000000000000000000000) (0) (0) (00)   ;(00000000000000000000000000000000) (0) (0) (00)   ;(00000000000000000000000000000000) (0) (0) (00)   ;(00000000000000000000000000000000) (0) (0) (00)   ;(00000000000000000000000000000000) (0) (0) (00)   ;(00000000000000000000000000000000) (0) (0) (00)   ;
;200;(00000000000000000000000000000000) (0) (0) (00)    ;(00000000000000000000000000000000) (0) (0) (00)   ;(00000000000000000000000000000000) (0) (0) (00)   ;(00000000000000000000000000000000) (0) (0) (00)   ;(00000000000000000000000000000000) (0) (0) (00)   ;(00000000000000000000000000000000) (0) (0) (00)   ;(00000000000000000000000000000000) (0) (0) (00)   ;(00000000000000000000000000000000) (0) (0) (00)   ;
;208;(00000000000000000000000000000000) (0) (0) (00)    ;(00000000000000000000000000000000) (0) (0) (00)   ;(00000000000000000000000000000000) (0) (0) (00)   ;(00000000000000000000000000000000) (0) (0) (00)   ;(00000000000000000000000000000000) (0) (0) (00)   ;(00000000000000000000000000000000) (0) (0) (00)   ;(00000000000000000000000000000000) (0) (0) (00)   ;(00000000000000000000000000000000) (0) (0) (00)   ;
;216;(00000000000000000000000000000000) (0) (0) (00)    ;(00000000000000000000000000000000) (0) (0) (00)   ;(00000000000000000000000000000000) (0) (0) (00)   ;(00000000000000000000000000000000) (0) (0) (00)   ;(00000000000000000000000000000000) (0) (0) (00)   ;(00000000000000000000000000000000) (0) (0) (00)   ;(00000000000000000000000000000000) (0) (0) (00)   ;(00000000000000000000000000000000) (0) (0) (00)   ;
;224;(00000000000000000000000000000000) (0) (0) (00)    ;(00000000000000000000000000000000) (0) (0) (00)   ;(00000000000000000000000000000000) (0) (0) (00)   ;(00000000000000000000000000000000) (0) (0) (00)   ;(00000000000000000000000000000000) (0) (0) (00)   ;(00000000000000000000000000000000) (0) (0) (00)   ;(00000000000000000000000000000000) (0) (0) (00)   ;(00000000000000000000000000000000) (0) (0) (00)   ;
;232;(00000000000000000000000000000000) (0) (0) (00)    ;(00000000000000000000000000000000) (0) (0) (00)   ;(00000000000000000000000000000000) (0) (0) (00)   ;(00000000000000000000000000000000) (0) (0) (00)   ;(00000000000000000000000000000000) (0) (0) (00)   ;(00000000000000000000000000000000) (0) (0) (00)   ;(00000000000000000000000000000000) (0) (0) (00)   ;(00000000000000000000000000000000) (0) (0) (00)   ;
;240;(00000000000000000000000000000000) (0) (0) (00)    ;(00000000000000000000000000000000) (0) (0) (00)   ;(00000000000000000000000000000000) (0) (0) (00)   ;(00000000000000000000000000000000) (0) (0) (00)   ;(00000000000000000000000000000000) (0) (0) (00)   ;(00000000000000000000000000000000) (0) (0) (00)   ;(00000000000000000000000000000000) (0) (0) (00)   ;(00000000000000000000000000000000) (0) (0) (00)   ;
;248;(00000000000000000000000000000000) (0) (0) (00)    ;(00000000000000000000000000000000) (0) (0) (00)   ;(00000000000000000000000000000000) (0) (0) (00)   ;(00000000000000000000000000000000) (0) (0) (00)   ;(00000000000000000000000000000000) (0) (0) (00)   ;(00000000000000000000000000000000) (0) (0) (00)   ;(00000000000000000000000000000000) (0) (0) (00)   ;(00000000000000000000000000000000) (0) (0) (00)   ;
;256;(00000000000000000000000000000000) (0) (0) (00)    ;(00000000000000000000000000000000) (0) (0) (00)   ;(00000000000000000000000000000000) (0) (0) (00)   ;(00000000000000000000000000000000) (0) (0) (00)   ;(00000000000000000000000000000000) (0) (0) (00)   ;(00000000000000000000000000000000) (0) (0) (00)   ;(00000000000000000000000000000000) (0) (0) (00)   ;(00000000000000000000000000000000) (0) (0) (00)   ;
;264;(00000000000000000000000000000000) (0) (0) (00)    ;(00000000000000000000000000000000) (0) (0) (00)   ;(00000000000000000000000000000000) (0) (0) (00)   ;(00000000000000000000000000000000) (0) (0) (00)   ;(00000000000000000000000000000000) (0) (0) (00)   ;(00000000000000000000000000000000) (0) (0) (00)   ;(00000000000000000000000000000000) (0) (0) (00)   ;(00000000000000000000000000000000) (0) (0) (00)   ;
;272;(00000000000000000000000000000000) (0) (0) (00)    ;(00000000000000000000000000000000) (0) (0) (00)   ;(00000000000000000000000000000000) (0) (0) (00)   ;(00000000000000000000000000000000) (0) (0) (00)   ;(00000000000000000000000000000000) (0) (0) (00)   ;(00000000000000000000000000000000) (0) (0) (00)   ;(00000000000000000000000000000000) (0) (0) (00)   ;(00000000000000000000000000000000) (0) (0) (00)   ;
;280;(00000000000000000000000000000000) (0) (0) (00)    ;(00000000000000000000000000000000) (0) (0) (00)   ;(00000000000000000000000000000000) (0) (0) (00)   ;(00000000000000000000000000000000) (0) (0) (00)   ;(00000000000000000000000000000000) (0) (0) (00)   ;(00000000000000000000000000000000) (0) (0) (00)   ;(00000000000000000000000000000000) (0) (0) (00)   ;(00000000000000000000000000000000) (0) (0) (00)   ;
;288;(00000000000000000000000000000000) (0) (0) (00)    ;(00000000000000000000000000000000) (0) (0) (00)   ;(00000000000000000000000000000000) (0) (0) (00)   ;(00000000000000000000000000000000) (0) (0) (00)   ;(00000000000000000000000000000000) (0) (0) (00)   ;(00000000000000000000000000000000) (0) (0) (00)   ;(00000000000000000000000000000000) (0) (0) (00)   ;(00000000000000000000000000000000) (0) (0) (00)   ;
;296;(00000000000000000000000000000000) (0) (0) (00)    ;(00000000000000000000000000000000) (0) (0) (00)   ;(00000000000000000000000000000000) (0) (0) (00)   ;(00000000000000000000000000000000) (0) (0) (00)   ;(00000000000000000000000000000000) (0) (0) (00)   ;(00000000000000000000000000000000) (0) (0) (00)   ;(00000000000000000000000000000000) (0) (0) (00)   ;(00000000000000000000000000000000) (0) (0) (00)   ;
;304;(00000000000000000000000000000000) (0) (0) (00)    ;(00000000000000000000000000000000) (0) (0) (00)   ;(00000000000000000000000000000000) (0) (0) (00)   ;(00000000000000000000000000000000) (0) (0) (00)   ;(00000000000000000000000000000000) (0) (0) (00)   ;(00000000000000000000000000000000) (0) (0) (00)   ;(00000000000000000000000000000000) (0) (0) (00)   ;(00000000000000000000000000000000) (0) (0) (00)   ;
;312;(00000000000000000000000000000000) (0) (0) (00)    ;(00000000000000000000000000000000) (0) (0) (00)   ;(00000000000000000000000000000000) (0) (0) (00)   ;(00000000000000000000000000000000) (0) (0) (00)   ;(00000000000000000000000000000000) (0) (0) (00)   ;(00000000000000000000000000000000) (0) (0) (00)   ;(00000000000000000000000000000000) (0) (0) (00)   ;(00000000000000000000000000000000) (0) (0) (00)   ;
;320;(00000000000000000000000000000000) (0) (0) (00)    ;(00000000000000000000000000000000) (0) (0) (00)   ;(00000000000000000000000000000000) (0) (0) (00)   ;(00000000000000000000000000000000) (0) (0) (00)   ;(00000000000000000000000000000000) (0) (0) (00)   ;(00000000000000000000000000000000) (0) (0) (00)   ;(00000000000000000000000000000000) (0) (0) (00)   ;(00000000000000000000000000000000) (0) (0) (00)   ;
;328;(00000000000000000000000000000000) (0) (0) (00)    ;(00000000000000000000000000000000) (0) (0) (00)   ;(00000000000000000000000000000000) (0) (0) (00)   ;(00000000000000000000000000000000) (0) (0) (00)   ;(00000000000000000000000000000000) (0) (0) (00)   ;(00000000000000000000000000000000) (0) (0) (00)   ;(00000000000000000000000000000000) (0) (0) (00)   ;(00000000000000000000000000000000) (0) (0) (00)   ;
;336;(00000000000000000000000000000000) (0) (0) (00)    ;(00000000000000000000000000000000) (0) (0) (00)   ;(00000000000000000000000000000000) (0) (0) (00)   ;(00000000000000000000000000000000) (0) (0) (00)   ;(00000000000000000000000000000000) (0) (0) (00)   ;(00000000000000000000000000000000) (0) (0) (00)   ;(00000000000000000000000000000000) (0) (0) (00)   ;(00000000000000000000000000000000) (0) (0) (00)   ;
;344;(00000000000000000000000000000000) (0) (0) (00)    ;(00000000000000000000000000000000) (0) (0) (00)   ;(00000000000000000000000000000000) (0) (0) (00)   ;(00000000000000000000000000000000) (0) (0) (00)   ;(00000000000000000000000000000000) (0) (0) (00)   ;(00000000000000000000000000000000) (0) (0) (00)   ;(00000000000000000000000000000000) (0) (0) (00)   ;(00000000000000000000000000000000) (0) (0) (00)   ;
;352;(00000000000000000000000000000000) (0) (0) (00)    ;(00000000000000000000000000000000) (0) (0) (00)   ;(00000000000000000000000000000000) (0) (0) (00)   ;(00000000000000000000000000000000) (0) (0) (00)   ;(00000000000000000000000000000000) (0) (0) (00)   ;(00000000000000000000000000000000) (0) (0) (00)   ;(00000000000000000000000000000000) (0) (0) (00)   ;(00000000000000000000000000000000) (0) (0) (00)   ;
;360;(00000000000000000000000000000000) (0) (0) (00)    ;(00000000000000000000000000000000) (0) (0) (00)   ;(00000000000000000000000000000000) (0) (0) (00)   ;(00000000000000000000000000000000) (0) (0) (00)   ;(00000000000000000000000000000000) (0) (0) (00)   ;(00000000000000000000000000000000) (0) (0) (00)   ;(00000000000000000000000000000000) (0) (0) (00)   ;(00000000000000000000000000000000) (0) (0) (00)   ;
;368;(00000000000000000000000000000000) (0) (0) (00)    ;(00000000000000000000000000000000) (0) (0) (00)   ;(00000000000000000000000000000000) (0) (0) (00)   ;(00000000000000000000000000000000) (0) (0) (00)   ;(00000000000000000000000000000000) (0) (0) (00)   ;(00000000000000000000000000000000) (0) (0) (00)   ;(00000000000000000000000000000000) (0) (0) (00)   ;(00000000000000000000000000000000) (0) (0) (00)   ;
;376;(00000000000000000000000000000000) (0) (0) (00)    ;(00000000000000000000000000000000) (0) (0) (00)   ;(00000000000000000000000000000000) (0) (0) (00)   ;(00000000000000000000000000000000) (0) (0) (00)   ;(00000000000000000000000000000000) (0) (0) (00)   ;(00000000000000000000000000000000) (0) (0) (00)   ;(00000000000000000000000000000000) (0) (0) (00)   ;(00000000000000000000000000000000) (0) (0) (00)   ;
;384;(00000000000000000000000000000000) (0) (0) (00)    ;(00000000000000000000000000000000) (0) (0) (00)   ;(00000000000000000000000000000000) (0) (0) (00)   ;(00000000000000000000000000000000) (0) (0) (00)   ;(00000000000000000000000000000000) (0) (0) (00)   ;(00000000000000000000000000000000) (0) (0) (00)   ;(00000000000000000000000000000000) (0) (0) (00)   ;(00000000000000000000000000000000) (0) (0) (00)   ;
;392;(00000000000000000000000000000000) (0) (0) (00)    ;(00000000000000000000000000000000) (0) (0) (00)   ;(00000000000000000000000000000000) (0) (0) (00)   ;(00000000000000000000000000000000) (0) (0) (00)   ;(00000000000000000000000000000000) (0) (0) (00)   ;(00000000000000000000000000000000) (0) (0) (00)   ;(00000000000000000000000000000000) (0) (0) (00)   ;(00000000000000000000000000000000) (0) (0) (00)   ;
;400;(00000000000000000000000000000000) (0) (0) (00)    ;(00000000000000000000000000000000) (0) (0) (00)   ;(00000000000000000000000000000000) (0) (0) (00)   ;(00000000000000000000000000000000) (0) (0) (00)   ;(00000000000000000000000000000000) (0) (0) (00)   ;(00000000000000000000000000000000) (0) (0) (00)   ;(00000000000000000000000000000000) (0) (0) (00)   ;(00000000000000000000000000000000) (0) (0) (00)   ;
;408;(00000000000000000000000000000000) (0) (0) (00)    ;(00000000000000000000000000000000) (0) (0) (00)   ;(00000000000000000000000000000000) (0) (0) (00)   ;(00000000000000000000000000000000) (0) (0) (00)   ;(00000000000000000000000000000000) (0) (0) (00)   ;(00000000000000000000000000000000) (0) (0) (00)   ;(00000000000000000000000000000000) (0) (0) (00)   ;(00000000000000000000000000000000) (0) (0) (00)   ;
;416;(00000000000000000000000000000000) (0) (0) (00)    ;(00000000000000000000000000000000) (0) (0) (00)   ;(00000000000000000000000000000000) (0) (0) (00)   ;(00000000000000000000000000000000) (0) (0) (00)   ;(00000000000000000000000000000000) (0) (0) (00)   ;(00000000000000000000000000000000) (0) (0) (00)   ;(00000000000000000000000000000000) (0) (0) (00)   ;(00000000000000000000000000000000) (0) (0) (00)   ;
;424;(00000000000000000000000000000000) (0) (0) (00)    ;(00000000000000000000000000000000) (0) (0) (00)   ;(00000000000000000000000000000000) (0) (0) (00)   ;(00000000000000000000000000000000) (0) (0) (00)   ;(00000000000000000000000000000000) (0) (0) (00)   ;(00000000000000000000000000000000) (0) (0) (00)   ;(00000000000000000000000000000000) (0) (0) (00)   ;(00000000000000000000000000000000) (0) (0) (00)   ;
;432;(00000000000000000000000000000000) (0) (0) (00)    ;(00000000000000000000000000000000) (0) (0) (00)   ;(00000000000000000000000000000000) (0) (0) (00)   ;(00000000000000000000000000000000) (0) (0) (00)   ;(00000000000000000000000000000000) (0) (0) (00)   ;(00000000000000000000000000000000) (0) (0) (00)   ;(00000000000000000000000000000000) (0) (0) (00)   ;(00000000000000000000000000000000) (0) (0) (00)   ;
;440;(00000000000000000000000000000000) (0) (0) (00)    ;(00000000000000000000000000000000) (0) (0) (00)   ;(00000000000000000000000000000000) (0) (0) (00)   ;(00000000000000000000000000000000) (0) (0) (00)   ;(00000000000000000000000000000000) (0) (0) (00)   ;(00000000000000000000000000000000) (0) (0) (00)   ;(00000000000000000000000000000000) (0) (0) (00)   ;(00000000000000000000000000000000) (0) (0) (00)   ;
;448;(00000000000000000000000000000000) (0) (0) (00)    ;(00000000000000000000000000000000) (0) (0) (00)   ;(00000000000000000000000000000000) (0) (0) (00)   ;(00000000000000000000000000000000) (0) (0) (00)   ;(00000000000000000000000000000000) (0) (0) (00)   ;(00000000000000000000000000000000) (0) (0) (00)   ;(00000000000000000000000000000000) (0) (0) (00)   ;(00000000000000000000000000000000) (0) (0) (00)   ;
;456;(00000000000000000000000000000000) (0) (0) (00)    ;(00000000000000000000000000000000) (0) (0) (00)   ;(00000000000000000000000000000000) (0) (0) (00)   ;(00000000000000000000000000000000) (0) (0) (00)   ;(00000000000000000000000000000000) (0) (0) (00)   ;(00000000000000000000000000000000) (0) (0) (00)   ;(00000000000000000000000000000000) (0) (0) (00)   ;(00000000000000000000000000000000) (0) (0) (00)   ;
;464;(00000000000000000000000000000000) (0) (0) (00)    ;(00000000000000000000000000000000) (0) (0) (00)   ;(00000000000000000000000000000000) (0) (0) (00)   ;(00000000000000000000000000000000) (0) (0) (00)   ;(00000000000000000000000000000000) (0) (0) (00)   ;(00000000000000000000000000000000) (0) (0) (00)   ;(00000000000000000000000000000000) (0) (0) (00)   ;(00000000000000000000000000000000) (0) (0) (00)   ;
;472;(00000000000000000000000000000000) (0) (0) (00)    ;(00000000000000000000000000000000) (0) (0) (00)   ;(00000000000000000000000000000000) (0) (0) (00)   ;(00000000000000000000000000000000) (0) (0) (00)   ;(00000000000000000000000000000000) (0) (0) (00)   ;(00000000000000000000000000000000) (0) (0) (00)   ;(00000000000000000000000000000000) (0) (0) (00)   ;(00000000000000000000000000000000) (0) (0) (00)   ;
;480;(00000000000000000000000000000000) (0) (0) (00)    ;(00000000000000000000000000000000) (0) (0) (00)   ;(00000000000000000000000000000000) (0) (0) (00)   ;(00000000000000000000000000000000) (0) (0) (00)   ;(00000000000000000000000000000000) (0) (0) (00)   ;(00000000000000000000000000000000) (0) (0) (00)   ;(00000000000000000000000000000000) (0) (0) (00)   ;(00000000000000000000000000000000) (0) (0) (00)   ;
;488;(00000000000000000000000000000000) (0) (0) (00)    ;(00000000000000000000000000000000) (0) (0) (00)   ;(00000000000000000000000000000000) (0) (0) (00)   ;(00000000000000000000000000000000) (0) (0) (00)   ;(00000000000000000000000000000000) (0) (0) (00)   ;(00000000000000000000000000000000) (0) (0) (00)   ;(00000000000000000000000000000000) (0) (0) (00)   ;(00000000000000000000000000000000) (0) (0) (00)   ;
;496;(00000000000000000000000000000000) (0) (0) (00)    ;(00000000000000000000000000000000) (0) (0) (00)   ;(00000000000000000000000000000000) (0) (0) (00)   ;(00000000000000000000000000000000) (0) (0) (00)   ;(00000000000000000000000000000000) (0) (0) (00)   ;(00000000000000000000000000000000) (0) (0) (00)   ;(00000000000000000000000000000000) (0) (0) (00)   ;(00000000000000000000000000000000) (0) (0) (00)   ;
;504;(00000000000000000000000000000000) (0) (0) (00)    ;(00000000000000000000000000000000) (0) (0) (00)   ;(00000000000000000000000000000000) (0) (0) (00)   ;(00000000000000000000000000000000) (0) (0) (00)   ;(00000000000000000000000000000000) (0) (0) (00)   ;(00000000000000000000000000000000) (0) (0) (00)   ;(00000000000000000000000000000000) (0) (0) (00)   ;(00000000000000000000000000000000) (0) (0) (00)   ;
;512;(00000000000000000000000000000000) (0) (0) (00)    ;(00000000000000000000000000000000) (0) (0) (00)   ;(00000000000000000000000000000000) (0) (0) (00)   ;(00000000000000000000000000000000) (0) (0) (00)   ;(00000000000000000000000000000000) (0) (0) (00)   ;(00000000000000000000000000000000) (0) (0) (00)   ;(00000000000000000000000000000000) (0) (0) (00)   ;(00000000000000000000000000000000) (0) (0) (00)   ;
;520;(00000000000000000000000000000000) (0) (0) (00)    ;(00000000000000000000000000000000) (0) (0) (00)   ;(00000000000000000000000000000000) (0) (0) (00)   ;(00000000000000000000000000000000) (0) (0) (00)   ;(00000000000000000000000000000000) (0) (0) (00)   ;(00000000000000000000000000000000) (0) (0) (00)   ;(00000000000000000000000000000000) (0) (0) (00)   ;(00000000000000000000000000000000) (0) (0) (00)   ;
;528;(00000000000000000000000000000000) (0) (0) (00)    ;(00000000000000000000000000000000) (0) (0) (00)   ;(00000000000000000000000000000000) (0) (0) (00)   ;(00000000000000000000000000000000) (0) (0) (00)   ;(00000000000000000000000000000000) (0) (0) (00)   ;(00000000000000000000000000000000) (0) (0) (00)   ;(00000000000000000000000000000000) (0) (0) (00)   ;(00000000000000000000000000000000) (0) (0) (00)   ;
;536;(00000000000000000000000000000000) (0) (0) (00)    ;(00000000000000000000000000000000) (0) (0) (00)   ;(00000000000000000000000000000000) (0) (0) (00)   ;(00000000000000000000000000000000) (0) (0) (00)   ;(00000000000000000000000000000000) (0) (0) (00)   ;(00000000000000000000000000000000) (0) (0) (00)   ;(00000000000000000000000000000000) (0) (0) (00)   ;(00000000000000000000000000000000) (0) (0) (00)   ;
;544;(00000000000000000000000000000000) (0) (0) (00)    ;(00000000000000000000000000000000) (0) (0) (00)   ;(00000000000000000000000000000000) (0) (0) (00)   ;(00000000000000000000000000000000) (0) (0) (00)   ;(00000000000000000000000000000000) (0) (0) (00)   ;(00000000000000000000000000000000) (0) (0) (00)   ;(00000000000000000000000000000000) (0) (0) (00)   ;(00000000000000000000000000000000) (0) (0) (00)   ;
;552;(00000000000000000000000000000000) (0) (0) (00)    ;(00000000000000000000000000000000) (0) (0) (00)   ;(00000000000000000000000000000000) (0) (0) (00)   ;(00000000000000000000000000000000) (0) (0) (00)   ;(00000000000000000000000000000000) (0) (0) (00)   ;(00000000000000000000000000000000) (0) (0) (00)   ;(00000000000000000000000000000000) (0) (0) (00)   ;(00000000000000000000000000000000) (0) (0) (00)   ;
;560;(00000000000000000000000000000000) (0) (0) (00)    ;(00000000000000000000000000000000) (0) (0) (00)   ;(00000000000000000000000000000000) (0) (0) (00)   ;(00000000000000000000000000000000) (0) (0) (00)   ;(00000000000000000000000000000000) (0) (0) (00)   ;(00000000000000000000000000000000) (0) (0) (00)   ;(00000000000000000000000000000000) (0) (0) (00)   ;(00000000000000000000000000000000) (0) (0) (00)   ;
;568;(00000000000000000000000000000000) (0) (0) (00)    ;(00000000000000000000000000000000) (0) (0) (00)   ;(00000000000000000000000000000000) (0) (0) (00)   ;(00000000000000000000000000000000) (0) (0) (00)   ;(00000000000000000000000000000000) (0) (0) (00)   ;(00000000000000000000000000000000) (0) (0) (00)   ;(00000000000000000000000000000000) (0) (0) (00)   ;(00000000000000000000000000000000) (0) (0) (00)   ;
;576;(00000000000000000000000000000000) (0) (0) (00)    ;(00000000000000000000000000000000) (0) (0) (00)   ;(00000000000000000000000000000000) (0) (0) (00)   ;(00000000000000000000000000000000) (0) (0) (00)   ;(00000000000000000000000000000000) (0) (0) (00)   ;(00000000000000000000000000000000) (0) (0) (00)   ;(00000000000000000000000000000000) (0) (0) (00)   ;(00000000000000000000000000000000) (0) (0) (00)   ;
;584;(00000000000000000000000000000000) (0) (0) (00)    ;(00000000000000000000000000000000) (0) (0) (00)   ;(00000000000000000000000000000000) (0) (0) (00)   ;(00000000000000000000000000000000) (0) (0) (00)   ;(00000000000000000000000000000000) (0) (0) (00)   ;(00000000000000000000000000000000) (0) (0) (00)   ;(00000000000000000000000000000000) (0) (0) (00)   ;(00000000000000000000000000000000) (0) (0) (00)   ;
;592;(00000000000000000000000000000000) (0) (0) (00)    ;(00000000000000000000000000000000) (0) (0) (00)   ;(00000000000000000000000000000000) (0) (0) (00)   ;(00000000000000000000000000000000) (0) (0) (00)   ;(00000000000000000000000000000000) (0) (0) (00)   ;(00000000000000000000000000000000) (0) (0) (00)   ;(00000000000000000000000000000000) (0) (0) (00)   ;(00000000000000000000000000000000) (0) (0) (00)   ;
;600;(00000000000000000000000000000000) (0) (0) (00)    ;(00000000000000000000000000000000) (0) (0) (00)   ;(00000000000000000000000000000000) (0) (0) (00)   ;(00000000000000000000000000000000) (0) (0) (00)   ;(00000000000000000000000000000000) (0) (0) (00)   ;(00000000000000000000000000000000) (0) (0) (00)   ;(00000000000000000000000000000000) (0) (0) (00)   ;(00000000000000000000000000000000) (0) (0) (00)   ;
;608;(00000000000000000000000000000000) (0) (0) (00)    ;(00000000000000000000000000000000) (0) (0) (00)   ;(00000000000000000000000000000000) (0) (0) (00)   ;(00000000000000000000000000000000) (0) (0) (00)   ;(00000000000000000000000000000000) (0) (0) (00)   ;(00000000000000000000000000000000) (0) (0) (00)   ;(00000000000000000000000000000000) (0) (0) (00)   ;(00000000000000000000000000000000) (0) (0) (00)   ;
;616;(00000000000000000000000000000000) (0) (0) (00)    ;(00000000000000000000000000000000) (0) (0) (00)   ;(00000000000000000000000000000000) (0) (0) (00)   ;(00000000000000000000000000000000) (0) (0) (00)   ;(00000000000000000000000000000000) (0) (0) (00)   ;(00000000000000000000000000000000) (0) (0) (00)   ;(00000000000000000000000000000000) (0) (0) (00)   ;(00000000000000000000000000000000) (0) (0) (00)   ;
;624;(00000000000000000000000000000000) (0) (0) (00)    ;(00000000000000000000000000000000) (0) (0) (00)   ;(00000000000000000000000000000000) (0) (0) (00)   ;(00000000000000000000000000000000) (0) (0) (00)   ;(00000000000000000000000000000000) (0) (0) (00)   ;(00000000000000000000000000000000) (0) (0) (00)   ;(00000000000000000000000000000000) (0) (0) (00)   ;(00000000000000000000000000000000) (0) (0) (00)   ;
;632;(00000000000000000000000000000000) (0) (0) (00)    ;(00000000000000000000000000000000) (0) (0) (00)   ;(00000000000000000000000000000000) (0) (0) (00)   ;(00000000000000000000000000000000) (0) (0) (00)   ;(00000000000000000000000000000000) (0) (0) (00)   ;(00000000000000000000000000000000) (0) (0) (00)   ;(00000000000000000000000000000000) (0) (0) (00)   ;(00000000000000000000000000000000) (0) (0) (00)   ;
;640;(00000000000000000000000000000000) (0) (0) (00)    ;(00000000000000000000000000000000) (0) (0) (00)   ;(00000000000000000000000000000000) (0) (0) (00)   ;(00000000000000000000000000000000) (0) (0) (00)   ;(00000000000000000000000000000000) (0) (0) (00)   ;(00000000000000000000000000000000) (0) (0) (00)   ;(00000000000000000000000000000000) (0) (0) (00)   ;(00000000000000000000000000000000) (0) (0) (00)   ;
;648;(00000000000000000000000000000000) (0) (0) (00)    ;(00000000000000000000000000000000) (0) (0) (00)   ;(00000000000000000000000000000000) (0) (0) (00)   ;(00000000000000000000000000000000) (0) (0) (00)   ;(00000000000000000000000000000000) (0) (0) (00)   ;(00000000000000000000000000000000) (0) (0) (00)   ;(00000000000000000000000000000000) (0) (0) (00)   ;(00000000000000000000000000000000) (0) (0) (00)   ;
;656;(00000000000000000000000000000000) (0) (0) (00)    ;(00000000000000000000000000000000) (0) (0) (00)   ;(00000000000000000000000000000000) (0) (0) (00)   ;(00000000000000000000000000000000) (0) (0) (00)   ;(00000000000000000000000000000000) (0) (0) (00)   ;(00000000000000000000000000000000) (0) (0) (00)   ;(00000000000000000000000000000000) (0) (0) (00)   ;(00000000000000000000000000000000) (0) (0) (00)   ;
;664;(00000000000000000000000000000000) (0) (0) (00)    ;(00000000000000000000000000000000) (0) (0) (00)   ;(00000000000000000000000000000000) (0) (0) (00)   ;(00000000000000000000000000000000) (0) (0) (00)   ;(00000000000000000000000000000000) (0) (0) (00)   ;(00000000000000000000000000000000) (0) (0) (00)   ;(00000000000000000000000000000000) (0) (0) (00)   ;(00000000000000000000000000000000) (0) (0) (00)   ;
;672;(00000000000000000000000000000000) (0) (0) (00)    ;(00000000000000000000000000000000) (0) (0) (00)   ;(00000000000000000000000000000000) (0) (0) (00)   ;(00000000000000000000000000000000) (0) (0) (00)   ;(00000000000000000000000000000000) (0) (0) (00)   ;(00000000000000000000000000000000) (0) (0) (00)   ;(00000000000000000000000000000000) (0) (0) (00)   ;(00000000000000000000000000000000) (0) (0) (00)   ;
;680;(00000000000000000000000000000000) (0) (0) (00)    ;(00000000000000000000000000000000) (0) (0) (00)   ;(00000000000000000000000000000000) (0) (0) (00)   ;(00000000000000000000000000000000) (0) (0) (00)   ;(00000000000000000000000000000000) (0) (0) (00)   ;(00000000000000000000000000000000) (0) (0) (00)   ;(00000000000000000000000000000000) (0) (0) (00)   ;(00000000000000000000000000000000) (0) (0) (00)   ;
;688;(00000000000000000000000000000000) (0) (0) (00)    ;(00000000000000000000000000000000) (0) (0) (00)   ;(00000000000000000000000000000000) (0) (0) (00)   ;(00000000000000000000000000000000) (0) (0) (00)   ;(00000000000000000000000000000000) (0) (0) (00)   ;(00000000000000000000000000000000) (0) (0) (00)   ;(00000000000000000000000000000000) (0) (0) (00)   ;(00000000000000000000000000000000) (0) (0) (00)   ;
;696;(00000000000000000000000000000000) (0) (0) (00)    ;(00000000000000000000000000000000) (0) (0) (00)   ;(00000000000000000000000000000000) (0) (0) (00)   ;(00000000000000000000000000000000) (0) (0) (00)   ;(00000000000000000000000000000000) (0) (0) (00)   ;(00000000000000000000000000000000) (0) (0) (00)   ;(00000000000000000000000000000000) (0) (0) (00)   ;(00000000000000000000000000000000) (0) (0) (00)   ;
;704;(00000000000000000000000000000000) (0) (0) (00)    ;(00000000000000000000000000000000) (0) (0) (00)   ;(00000000000000000000000000000000) (0) (0) (00)   ;(00000000000000000000000000000000) (0) (0) (00)   ;(00000000000000000000000000000000) (0) (0) (00)   ;(00000000000000000000000000000000) (0) (0) (00)   ;(00000000000000000000000000000000) (0) (0) (00)   ;(00000000000000000000000000000000) (0) (0) (00)   ;
;712;(00000000000000000000000000000000) (0) (0) (00)    ;(00000000000000000000000000000000) (0) (0) (00)   ;(00000000000000000000000000000000) (0) (0) (00)   ;(00000000000000000000000000000000) (0) (0) (00)   ;(00000000000000000000000000000000) (0) (0) (00)   ;(00000000000000000000000000000000) (0) (0) (00)   ;(00000000000000000000000000000000) (0) (0) (00)   ;(00000000000000000000000000000000) (0) (0) (00)   ;
;720;(00000000000000000000000000000000) (0) (0) (00)    ;(00000000000000000000000000000000) (0) (0) (00)   ;(00000000000000000000000000000000) (0) (0) (00)   ;(00000000000000000000000000000000) (0) (0) (00)   ;(00000000000000000000000000000000) (0) (0) (00)   ;(00000000000000000000000000000000) (0) (0) (00)   ;(00000000000000000000000000000000) (0) (0) (00)   ;(00000000000000000000000000000000) (0) (0) (00)   ;
;728;(00000000000000000000000000000000) (0) (0) (00)    ;(00000000000000000000000000000000) (0) (0) (00)   ;(00000000000000000000000000000000) (0) (0) (00)   ;(00000000000000000000000000000000) (0) (0) (00)   ;(00000000000000000000000000000000) (0) (0) (00)   ;(00000000000000000000000000000000) (0) (0) (00)   ;(00000000000000000000000000000000) (0) (0) (00)   ;(00000000000000000000000000000000) (0) (0) (00)   ;
;736;(00000000000000000000000000000000) (0) (0) (00)    ;(00000000000000000000000000000000) (0) (0) (00)   ;(00000000000000000000000000000000) (0) (0) (00)   ;(00000000000000000000000000000000) (0) (0) (00)   ;(00000000000000000000000000000000) (0) (0) (00)   ;(00000000000000000000000000000000) (0) (0) (00)   ;(00000000000000000000000000000000) (0) (0) (00)   ;(00000000000000000000000000000000) (0) (0) (00)   ;
;744;(00000000000000000000000000000000) (0) (0) (00)    ;(00000000000000000000000000000000) (0) (0) (00)   ;(00000000000000000000000000000000) (0) (0) (00)   ;(00000000000000000000000000000000) (0) (0) (00)   ;(00000000000000000000000000000000) (0) (0) (00)   ;(00000000000000000000000000000000) (0) (0) (00)   ;(00000000000000000000000000000000) (0) (0) (00)   ;(00000000000000000000000000000000) (0) (0) (00)   ;
;752;(00000000000000000000000000000000) (0) (0) (00)    ;(00000000000000000000000000000000) (0) (0) (00)   ;(00000000000000000000000000000000) (0) (0) (00)   ;(00000000000000000000000000000000) (0) (0) (00)   ;(00000000000000000000000000000000) (0) (0) (00)   ;(00000000000000000000000000000000) (0) (0) (00)   ;(00000000000000000000000000000000) (0) (0) (00)   ;(00000000000000000000000000000000) (0) (0) (00)   ;
;760;(00000000000000000000000000000000) (0) (0) (00)    ;(00000000000000000000000000000000) (0) (0) (00)   ;(00000000000000000000000000000000) (0) (0) (00)   ;(00000000000000000000000000000000) (0) (0) (00)   ;(00000000000000000000000000000000) (0) (0) (00)   ;(00000000000000000000000000000000) (0) (0) (00)   ;(00000000000000000000000000000000) (0) (0) (00)   ;(00000000000000000000000000000000) (0) (0) (00)   ;
;768;(00000000000000000000000000000000) (0) (0) (00)    ;(00000000000000000000000000000000) (0) (0) (00)   ;(00000000000000000000000000000000) (0) (0) (00)   ;(00000000000000000000000000000000) (0) (0) (00)   ;(00000000000000000000000000000000) (0) (0) (00)   ;(00000000000000000000000000000000) (0) (0) (00)   ;(00000000000000000000000000000000) (0) (0) (00)   ;(00000000000000000000000000000000) (0) (0) (00)   ;
;776;(00000000000000000000000000000000) (0) (0) (00)    ;(00000000000000000000000000000000) (0) (0) (00)   ;(00000000000000000000000000000000) (0) (0) (00)   ;(00000000000000000000000000000000) (0) (0) (00)   ;(00000000000000000000000000000000) (0) (0) (00)   ;(00000000000000000000000000000000) (0) (0) (00)   ;(00000000000000000000000000000000) (0) (0) (00)   ;(00000000000000000000000000000000) (0) (0) (00)   ;
;784;(00000000000000000000000000000000) (0) (0) (00)    ;(00000000000000000000000000000000) (0) (0) (00)   ;(00000000000000000000000000000000) (0) (0) (00)   ;(00000000000000000000000000000000) (0) (0) (00)   ;(00000000000000000000000000000000) (0) (0) (00)   ;(00000000000000000000000000000000) (0) (0) (00)   ;(00000000000000000000000000000000) (0) (0) (00)   ;(00000000000000000000000000000000) (0) (0) (00)   ;
;792;(00000000000000000000000000000000) (0) (0) (00)    ;(00000000000000000000000000000000) (0) (0) (00)   ;(00000000000000000000000000000000) (0) (0) (00)   ;(00000000000000000000000000000000) (0) (0) (00)   ;(00000000000000000000000000000000) (0) (0) (00)   ;(00000000000000000000000000000000) (0) (0) (00)   ;(00000000000000000000000000000000) (0) (0) (00)   ;(00000000000000000000000000000000) (0) (0) (00)   ;
;800;(00000000000000000000000000000000) (0) (0) (00)    ;(00000000000000000000000000000000) (0) (0) (00)   ;(00000000000000000000000000000000) (0) (0) (00)   ;(00000000000000000000000000000000) (0) (0) (00)   ;(00000000000000000000000000000000) (0) (0) (00)   ;(00000000000000000000000000000000) (0) (0) (00)   ;(00000000000000000000000000000000) (0) (0) (00)   ;(00000000000000000000000000000000) (0) (0) (00)   ;
;808;(00000000000000000000000000000000) (0) (0) (00)    ;(00000000000000000000000000000000) (0) (0) (00)   ;(00000000000000000000000000000000) (0) (0) (00)   ;(00000000000000000000000000000000) (0) (0) (00)   ;(00000000000000000000000000000000) (0) (0) (00)   ;(00000000000000000000000000000000) (0) (0) (00)   ;(00000000000000000000000000000000) (0) (0) (00)   ;(00000000000000000000000000000000) (0) (0) (00)   ;
;816;(00000000000000000000000000000000) (0) (0) (00)    ;(00000000000000000000000000000000) (0) (0) (00)   ;(00000000000000000000000000000000) (0) (0) (00)   ;(00000000000000000000000000000000) (0) (0) (00)   ;(00000000000000000000000000000000) (0) (0) (00)   ;(00000000000000000000000000000000) (0) (0) (00)   ;(00000000000000000000000000000000) (0) (0) (00)   ;(00000000000000000000000000000000) (0) (0) (00)   ;
;824;(00000000000000000000000000000000) (0) (0) (00)    ;(00000000000000000000000000000000) (0) (0) (00)   ;(00000000000000000000000000000000) (0) (0) (00)   ;(00000000000000000000000000000000) (0) (0) (00)   ;(00000000000000000000000000000000) (0) (0) (00)   ;(00000000000000000000000000000000) (0) (0) (00)   ;(00000000000000000000000000000000) (0) (0) (00)   ;(00000000000000000000000000000000) (0) (0) (00)   ;
;832;(00000000000000000000000000000000) (0) (0) (00)    ;(00000000000000000000000000000000) (0) (0) (00)   ;(00000000000000000000000000000000) (0) (0) (00)   ;(00000000000000000000000000000000) (0) (0) (00)   ;(00000000000000000000000000000000) (0) (0) (00)   ;(00000000000000000000000000000000) (0) (0) (00)   ;(00000000000000000000000000000000) (0) (0) (00)   ;(00000000000000000000000000000000) (0) (0) (00)   ;
;840;(00000000000000000000000000000000) (0) (0) (00)    ;(00000000000000000000000000000000) (0) (0) (00)   ;(00000000000000000000000000000000) (0) (0) (00)   ;(00000000000000000000000000000000) (0) (0) (00)   ;(00000000000000000000000000000000) (0) (0) (00)   ;(00000000000000000000000000000000) (0) (0) (00)   ;(00000000000000000000000000000000) (0) (0) (00)   ;(00000000000000000000000000000000) (0) (0) (00)   ;
;848;(00000000000000000000000000000000) (0) (0) (00)    ;(00000000000000000000000000000000) (0) (0) (00)   ;(00000000000000000000000000000000) (0) (0) (00)   ;(00000000000000000000000000000000) (0) (0) (00)   ;(00000000000000000000000000000000) (0) (0) (00)   ;(00000000000000000000000000000000) (0) (0) (00)   ;(00000000000000000000000000000000) (0) (0) (00)   ;(00000000000000000000000000000000) (0) (0) (00)   ;
;856;(00000000000000000000000000000000) (0) (0) (00)    ;(00000000000000000000000000000000) (0) (0) (00)   ;(00000000000000000000000000000000) (0) (0) (00)   ;(00000000000000000000000000000000) (0) (0) (00)   ;(00000000000000000000000000000000) (0) (0) (00)   ;(00000000000000000000000000000000) (0) (0) (00)   ;(00000000000000000000000000000000) (0) (0) (00)   ;(00000000000000000000000000000000) (0) (0) (00)   ;
;864;(00000000000000000000000000000000) (0) (0) (00)    ;(00000000000000000000000000000000) (0) (0) (00)   ;(00000000000000000000000000000000) (0) (0) (00)   ;(00000000000000000000000000000000) (0) (0) (00)   ;(00000000000000000000000000000000) (0) (0) (00)   ;(00000000000000000000000000000000) (0) (0) (00)   ;(00000000000000000000000000000000) (0) (0) (00)   ;(00000000000000000000000000000000) (0) (0) (00)   ;
;872;(00000000000000000000000000000000) (0) (0) (00)    ;(00000000000000000000000000000000) (0) (0) (00)   ;(00000000000000000000000000000000) (0) (0) (00)   ;(00000000000000000000000000000000) (0) (0) (00)   ;(00000000000000000000000000000000) (0) (0) (00)   ;(00000000000000000000000000000000) (0) (0) (00)   ;(00000000000000000000000000000000) (0) (0) (00)   ;(00000000000000000000000000000000) (0) (0) (00)   ;
;880;(00000000000000000000000000000000) (0) (0) (00)    ;(00000000000000000000000000000000) (0) (0) (00)   ;(00000000000000000000000000000000) (0) (0) (00)   ;(00000000000000000000000000000000) (0) (0) (00)   ;(00000000000000000000000000000000) (0) (0) (00)   ;(00000000000000000000000000000000) (0) (0) (00)   ;(00000000000000000000000000000000) (0) (0) (00)   ;(00000000000000000000000000000000) (0) (0) (00)   ;
;888;(00000000000000000000000000000000) (0) (0) (00)    ;(00000000000000000000000000000000) (0) (0) (00)   ;(00000000000000000000000000000000) (0) (0) (00)   ;(00000000000000000000000000000000) (0) (0) (00)   ;(00000000000000000000000000000000) (0) (0) (00)   ;(00000000000000000000000000000000) (0) (0) (00)   ;(00000000000000000000000000000000) (0) (0) (00)   ;(00000000000000000000000000000000) (0) (0) (00)   ;
;896;(00000000000000000000000000000000) (0) (0) (00)    ;(00000000000000000000000000000000) (0) (0) (00)   ;(00000000000000000000000000000000) (0) (0) (00)   ;(00000000000000000000000000000000) (0) (0) (00)   ;(00000000000000000000000000000000) (0) (0) (00)   ;(00000000000000000000000000000000) (0) (0) (00)   ;(00000000000000000000000000000000) (0) (0) (00)   ;(00000000000000000000000000000000) (0) (0) (00)   ;
;904;(00000000000000000000000000000000) (0) (0) (00)    ;(00000000000000000000000000000000) (0) (0) (00)   ;(00000000000000000000000000000000) (0) (0) (00)   ;(00000000000000000000000000000000) (0) (0) (00)   ;(00000000000000000000000000000000) (0) (0) (00)   ;(00000000000000000000000000000000) (0) (0) (00)   ;(00000000000000000000000000000000) (0) (0) (00)   ;(00000000000000000000000000000000) (0) (0) (00)   ;
;912;(00000000000000000000000000000000) (0) (0) (00)    ;(00000000000000000000000000000000) (0) (0) (00)   ;(00000000000000000000000000000000) (0) (0) (00)   ;(00000000000000000000000000000000) (0) (0) (00)   ;(00000000000000000000000000000000) (0) (0) (00)   ;(00000000000000000000000000000000) (0) (0) (00)   ;(00000000000000000000000000000000) (0) (0) (00)   ;(00000000000000000000000000000000) (0) (0) (00)   ;
;920;(00000000000000000000000000000000) (0) (0) (00)    ;(00000000000000000000000000000000) (0) (0) (00)   ;(00000000000000000000000000000000) (0) (0) (00)   ;(00000000000000000000000000000000) (0) (0) (00)   ;(00000000000000000000000000000000) (0) (0) (00)   ;(00000000000000000000000000000000) (0) (0) (00)   ;(00000000000000000000000000000000) (0) (0) (00)   ;(00000000000000000000000000000000) (0) (0) (00)   ;
;928;(00000000000000000000000000000000) (0) (0) (00)    ;(00000000000000000000000000000000) (0) (0) (00)   ;(00000000000000000000000000000000) (0) (0) (00)   ;(00000000000000000000000000000000) (0) (0) (00)   ;(00000000000000000000000000000000) (0) (0) (00)   ;(00000000000000000000000000000000) (0) (0) (00)   ;(00000000000000000000000000000000) (0) (0) (00)   ;(00000000000000000000000000000000) (0) (0) (00)   ;
;936;(00000000000000000000000000000000) (0) (0) (00)    ;(00000000000000000000000000000000) (0) (0) (00)   ;(00000000000000000000000000000000) (0) (0) (00)   ;(00000000000000000000000000000000) (0) (0) (00)   ;(00000000000000000000000000000000) (0) (0) (00)   ;(00000000000000000000000000000000) (0) (0) (00)   ;(00000000000000000000000000000000) (0) (0) (00)   ;(00000000000000000000000000000000) (0) (0) (00)   ;
;944;(00000000000000000000000000000000) (0) (0) (00)    ;(00000000000000000000000000000000) (0) (0) (00)   ;(00000000000000000000000000000000) (0) (0) (00)   ;(00000000000000000000000000000000) (0) (0) (00)   ;(00000000000000000000000000000000) (0) (0) (00)   ;(00000000000000000000000000000000) (0) (0) (00)   ;(00000000000000000000000000000000) (0) (0) (00)   ;(00000000000000000000000000000000) (0) (0) (00)   ;
;952;(00000000000000000000000000000000) (0) (0) (00)    ;(00000000000000000000000000000000) (0) (0) (00)   ;(00000000000000000000000000000000) (0) (0) (00)   ;(00000000000000000000000000000000) (0) (0) (00)   ;(00000000000000000000000000000000) (0) (0) (00)   ;(00000000000000000000000000000000) (0) (0) (00)   ;(00000000000000000000000000000000) (0) (0) (00)   ;(00000000000000000000000000000000) (0) (0) (00)   ;
;960;(00000000000000000000000000000000) (0) (0) (00)    ;(00000000000000000000000000000000) (0) (0) (00)   ;(00000000000000000000000000000000) (0) (0) (00)   ;(00000000000000000000000000000000) (0) (0) (00)   ;(00000000000000000000000000000000) (0) (0) (00)   ;(00000000000000000000000000000000) (0) (0) (00)   ;(00000000000000000000000000000000) (0) (0) (00)   ;(00000000000000000000000000000000) (0) (0) (00)   ;
;968;(00000000000000000000000000000000) (0) (0) (00)    ;(00000000000000000000000000000000) (0) (0) (00)   ;(00000000000000000000000000000000) (0) (0) (00)   ;(00000000000000000000000000000000) (0) (0) (00)   ;(00000000000000000000000000000000) (0) (0) (00)   ;(00000000000000000000000000000000) (0) (0) (00)   ;(00000000000000000000000000000000) (0) (0) (00)   ;(00000000000000000000000000000000) (0) (0) (00)   ;
;976;(00000000000000000000000000000000) (0) (0) (00)    ;(00000000000000000000000000000000) (0) (0) (00)   ;(00000000000000000000000000000000) (0) (0) (00)   ;(00000000000000000000000000000000) (0) (0) (00)   ;(00000000000000000000000000000000) (0) (0) (00)   ;(00000000000000000000000000000000) (0) (0) (00)   ;(00000000000000000000000000000000) (0) (0) (00)   ;(00000000000000000000000000000000) (0) (0) (00)   ;
;984;(00000000000000000000000000000000) (0) (0) (00)    ;(00000000000000000000000000000000) (0) (0) (00)   ;(00000000000000000000000000000000) (0) (0) (00)   ;(00000000000000000000000000000000) (0) (0) (00)   ;(00000000000000000000000000000000) (0) (0) (00)   ;(00000000000000000000000000000000) (0) (0) (00)   ;(00000000000000000000000000000000) (0) (0) (00)   ;(00000000000000000000000000000000) (0) (0) (00)   ;
;992;(00000000000000000000000000000000) (0) (0) (00)    ;(00000000000000000000000000000000) (0) (0) (00)   ;(00000000000000000000000000000000) (0) (0) (00)   ;(00000000000000000000000000000000) (0) (0) (00)   ;(00000000000000000000000000000000) (0) (0) (00)   ;(00000000000000000000000000000000) (0) (0) (00)   ;(00000000000000000000000000000000) (0) (0) (00)   ;(00000000000000000000000000000000) (0) (0) (00)   ;
;1000;(00000000000000000000000000000000) (0) (0) (00)    ;(00000000000000000000000000000000) (0) (0) (00)   ;(00000000000000000000000000000000) (0) (0) (00)   ;(00000000000000000000000000000000) (0) (0) (00)   ;(00000000000000000000000000000000) (0) (0) (00)   ;(00000000000000000000000000000000) (0) (0) (00)   ;(00000000000000000000000000000000) (0) (0) (00)   ;(00000000000000000000000000000000) (0) (0) (00)   ;
;1008;(00000000000000000000000000000000) (0) (0) (00)    ;(00000000000000000000000000000000) (0) (0) (00)   ;(00000000000000000000000000000000) (0) (0) (00)   ;(00000000000000000000000000000000) (0) (0) (00)   ;(00000000000000000000000000000000) (0) (0) (00)   ;(00000000000000000000000000000000) (0) (0) (00)   ;(00000000000000000000000000000000) (0) (0) (00)   ;(00000000000000000000000000000000) (0) (0) (00)   ;
;1016;(00000000000000000000000000000000) (0) (0) (00)    ;(00000000000000000000000000000000) (0) (0) (00)   ;(00000000000000000000000000000000) (0) (0) (00)   ;(00000000000000000000000000000000) (0) (0) (00)   ;(00000000000000000000000000000000) (0) (0) (00)   ;(00000000000000000000000000000000) (0) (0) (00)   ;(00000000000000000000000000000000) (0) (0) (00)   ;(00000000000000000000000000000000) (0) (0) (00)   ;


RAM content values are presented in the following format: (Binary) (Octal) (Decimal) (Hexadecimal) 
+------------------------------------------------------------------------------------------------------------------------------------------------------------------------------------------------------------------------------------------------------------------+
; |DLX|fetch:FETCH|my_ROM:U1|altsyncram:altsyncram_component|altsyncram_d5s3:auto_generated|ALTSYNCRAM                                                                                                                                                             ;
+------------------------------------------------------------------------------------------------------------------------------------------------------------------------------------------------------------------------------------------------------------------+
;   Addr   ;              +0              ;              +1              ;              +2              ;              +3              ;              +4              ;              +5              ;              +6              ;              +7              ;
+----------+------------------------------+------------------------------+------------------------------+------------------------------+------------------------------+------------------------------+------------------------------+------------------------------+
;0;(00010010101000000000000000100100) (-2044967252) (312475684) (12A00024)    ;(00000110110101011011000000000010) (665330002) (114667522) (6D5B002)   ;(11000100000101100000000000000000) (1217534592) (-1005191168) (-3-11-14-100000)   ;(10101100000101010000000000000110) (-225094124) (-1407909882) (-5-3-14-10-15-15-15-10)   ;(00100010101101010000000000000001) (-39767295) (582287361) (22B50001)   ;(10110100000000000000000000000001) (769705871) (-1275068415) (-4-11-15-15-15-15-15-15)   ;(00000100010000000001000000000001) (420010001) (71307265) (4401001)   ;(00000100001000000000100000000000) (410004000) (69208064) (4200800)   ;
;8;(11001000000000010000000000000000) (1812334592) (-939458560) (-3-7-15-150000)    ;(00010010101000000000000000000010) (-2044967294) (312475650) (12A00002)   ;(00000110110101011011000000100111) (665330047) (114667559) (6D5B027)   ;(11000100000101100000000000000000) (1217534592) (-1005191168) (-3-11-14-100000)   ;(10101100000101010000000000001111) (-225094113) (-1407909873) (-5-3-14-10-15-15-15-1)   ;(00100010101101010000000000000001) (-39767295) (582287361) (22B50001)   ;(10110100000000000000000000001010) (769705882) (-1275068406) (-4-11-15-15-15-15-15-6)   ;(00100000001000010000000000000001) (-284767295) (539033601) (20210001)   ;
;16;(10101100000000010000000000011010) (-230094098) (-1409220582) (-5-3-15-14-15-15-14-6)    ;(00010000111000100000000000000000) (2070400000) (283246592) (10E20000)   ;(00010001000000010000000000000000) (2100200000) (285278208) (11010000)   ;(10111100000000000000000000010110) (1769705896) (-1140850666) (-4-3-15-15-15-15-14-10)   ;(00100000001000010000000000000001) (-284767295) (539033601) (20210001)   ;(10110100000000000000000000010000) (769705888) (-1275068400) (-4-11-15-15-15-15-150)   ;(00001100010000100011100000000000) (1420434000) (205666304) (C423800)   ;(00100001000010000000000000000001) (-192967295) (554172417) (21080001)   ;
;24;(10110000000010000000000000010110) (371705896) (-1341652970) (-4-15-15-7-15-15-14-10)    ;(10111000000000001111100000000000) (1369879648) (-1207896064) (-4-7-15-150-800)   ;(11001100000000100000000000000000) (-2082432704) (-872284160) (-3-3-15-140000)   ;(00001000010000000001000000000001) (1020010001) (138416129) (8401001)   ;(00000000000000000000000000000000) (0) (0) (00)   ;(00000000000000000000000000000000) (0) (0) (00)   ;(00000000000000000000000000000000) (0) (0) (00)   ;(00000000000000000000000000000000) (0) (0) (00)   ;
;32;(00000000000000000000000000000000) (0) (0) (00)    ;(00000000000000000000000000000000) (0) (0) (00)   ;(00000000000000000000000000000000) (0) (0) (00)   ;(00000000000000000000000000000000) (0) (0) (00)   ;(00000000000000000000000000000000) (0) (0) (00)   ;(00000000000000000000000000000000) (0) (0) (00)   ;(00000000000000000000000000000000) (0) (0) (00)   ;(00000000000000000000000000000000) (0) (0) (00)   ;
;40;(00000000000000000000000000000000) (0) (0) (00)    ;(00000000000000000000000000000000) (0) (0) (00)   ;(00000000000000000000000000000000) (0) (0) (00)   ;(00000000000000000000000000000000) (0) (0) (00)   ;(00000000000000000000000000000000) (0) (0) (00)   ;(00000000000000000000000000000000) (0) (0) (00)   ;(00000000000000000000000000000000) (0) (0) (00)   ;(00000000000000000000000000000000) (0) (0) (00)   ;
;48;(00000000000000000000000000000000) (0) (0) (00)    ;(00000000000000000000000000000000) (0) (0) (00)   ;(00000000000000000000000000000000) (0) (0) (00)   ;(00000000000000000000000000000000) (0) (0) (00)   ;(00000000000000000000000000000000) (0) (0) (00)   ;(00000000000000000000000000000000) (0) (0) (00)   ;(00000000000000000000000000000000) (0) (0) (00)   ;(00000000000000000000000000000000) (0) (0) (00)   ;
;56;(00000000000000000000000000000000) (0) (0) (00)    ;(00000000000000000000000000000000) (0) (0) (00)   ;(00000000000000000000000000000000) (0) (0) (00)   ;(00000000000000000000000000000000) (0) (0) (00)   ;(00000000000000000000000000000000) (0) (0) (00)   ;(00000000000000000000000000000000) (0) (0) (00)   ;(00000000000000000000000000000000) (0) (0) (00)   ;(00000000000000000000000000000000) (0) (0) (00)   ;
;64;(00000000000000000000000000000000) (0) (0) (00)    ;(00000000000000000000000000000000) (0) (0) (00)   ;(00000000000000000000000000000000) (0) (0) (00)   ;(00000000000000000000000000000000) (0) (0) (00)   ;(00000000000000000000000000000000) (0) (0) (00)   ;(00000000000000000000000000000000) (0) (0) (00)   ;(00000000000000000000000000000000) (0) (0) (00)   ;(00000000000000000000000000000000) (0) (0) (00)   ;
;72;(00000000000000000000000000000000) (0) (0) (00)    ;(00000000000000000000000000000000) (0) (0) (00)   ;(00000000000000000000000000000000) (0) (0) (00)   ;(00000000000000000000000000000000) (0) (0) (00)   ;(00000000000000000000000000000000) (0) (0) (00)   ;(00000000000000000000000000000000) (0) (0) (00)   ;(00000000000000000000000000000000) (0) (0) (00)   ;(00000000000000000000000000000000) (0) (0) (00)   ;
;80;(00000000000000000000000000000000) (0) (0) (00)    ;(00000000000000000000000000000000) (0) (0) (00)   ;(00000000000000000000000000000000) (0) (0) (00)   ;(00000000000000000000000000000000) (0) (0) (00)   ;(00000000000000000000000000000000) (0) (0) (00)   ;(00000000000000000000000000000000) (0) (0) (00)   ;(00000000000000000000000000000000) (0) (0) (00)   ;(00000000000000000000000000000000) (0) (0) (00)   ;
;88;(00000000000000000000000000000000) (0) (0) (00)    ;(00000000000000000000000000000000) (0) (0) (00)   ;(00000000000000000000000000000000) (0) (0) (00)   ;(00000000000000000000000000000000) (0) (0) (00)   ;(00000000000000000000000000000000) (0) (0) (00)   ;(00000000000000000000000000000000) (0) (0) (00)   ;(00000000000000000000000000000000) (0) (0) (00)   ;(00000000000000000000000000000000) (0) (0) (00)   ;
;96;(00000000000000000000000000000000) (0) (0) (00)    ;(00000000000000000000000000000000) (0) (0) (00)   ;(00000000000000000000000000000000) (0) (0) (00)   ;(00000000000000000000000000000000) (0) (0) (00)   ;(00000000000000000000000000000000) (0) (0) (00)   ;(00000000000000000000000000000000) (0) (0) (00)   ;(00000000000000000000000000000000) (0) (0) (00)   ;(00000000000000000000000000000000) (0) (0) (00)   ;
;104;(00000000000000000000000000000000) (0) (0) (00)    ;(00000000000000000000000000000000) (0) (0) (00)   ;(00000000000000000000000000000000) (0) (0) (00)   ;(00000000000000000000000000000000) (0) (0) (00)   ;(00000000000000000000000000000000) (0) (0) (00)   ;(00000000000000000000000000000000) (0) (0) (00)   ;(00000000000000000000000000000000) (0) (0) (00)   ;(00000000000000000000000000000000) (0) (0) (00)   ;
;112;(00000000000000000000000000000000) (0) (0) (00)    ;(00000000000000000000000000000000) (0) (0) (00)   ;(00000000000000000000000000000000) (0) (0) (00)   ;(00000000000000000000000000000000) (0) (0) (00)   ;(00000000000000000000000000000000) (0) (0) (00)   ;(00000000000000000000000000000000) (0) (0) (00)   ;(00000000000000000000000000000000) (0) (0) (00)   ;(00000000000000000000000000000000) (0) (0) (00)   ;
;120;(00000000000000000000000000000000) (0) (0) (00)    ;(00000000000000000000000000000000) (0) (0) (00)   ;(00000000000000000000000000000000) (0) (0) (00)   ;(00000000000000000000000000000000) (0) (0) (00)   ;(00000000000000000000000000000000) (0) (0) (00)   ;(00000000000000000000000000000000) (0) (0) (00)   ;(00000000000000000000000000000000) (0) (0) (00)   ;(00000000000000000000000000000000) (0) (0) (00)   ;
;128;(00000000000000000000000000000000) (0) (0) (00)    ;(00000000000000000000000000000000) (0) (0) (00)   ;(00000000000000000000000000000000) (0) (0) (00)   ;(00000000000000000000000000000000) (0) (0) (00)   ;(00000000000000000000000000000000) (0) (0) (00)   ;(00000000000000000000000000000000) (0) (0) (00)   ;(00000000000000000000000000000000) (0) (0) (00)   ;(00000000000000000000000000000000) (0) (0) (00)   ;
;136;(00000000000000000000000000000000) (0) (0) (00)    ;(00000000000000000000000000000000) (0) (0) (00)   ;(00000000000000000000000000000000) (0) (0) (00)   ;(00000000000000000000000000000000) (0) (0) (00)   ;(00000000000000000000000000000000) (0) (0) (00)   ;(00000000000000000000000000000000) (0) (0) (00)   ;(00000000000000000000000000000000) (0) (0) (00)   ;(00000000000000000000000000000000) (0) (0) (00)   ;
;144;(00000000000000000000000000000000) (0) (0) (00)    ;(00000000000000000000000000000000) (0) (0) (00)   ;(00000000000000000000000000000000) (0) (0) (00)   ;(00000000000000000000000000000000) (0) (0) (00)   ;(00000000000000000000000000000000) (0) (0) (00)   ;(00000000000000000000000000000000) (0) (0) (00)   ;(00000000000000000000000000000000) (0) (0) (00)   ;(00000000000000000000000000000000) (0) (0) (00)   ;
;152;(00000000000000000000000000000000) (0) (0) (00)    ;(00000000000000000000000000000000) (0) (0) (00)   ;(00000000000000000000000000000000) (0) (0) (00)   ;(00000000000000000000000000000000) (0) (0) (00)   ;(00000000000000000000000000000000) (0) (0) (00)   ;(00000000000000000000000000000000) (0) (0) (00)   ;(00000000000000000000000000000000) (0) (0) (00)   ;(00000000000000000000000000000000) (0) (0) (00)   ;
;160;(00000000000000000000000000000000) (0) (0) (00)    ;(00000000000000000000000000000000) (0) (0) (00)   ;(00000000000000000000000000000000) (0) (0) (00)   ;(00000000000000000000000000000000) (0) (0) (00)   ;(00000000000000000000000000000000) (0) (0) (00)   ;(00000000000000000000000000000000) (0) (0) (00)   ;(00000000000000000000000000000000) (0) (0) (00)   ;(00000000000000000000000000000000) (0) (0) (00)   ;
;168;(00000000000000000000000000000000) (0) (0) (00)    ;(00000000000000000000000000000000) (0) (0) (00)   ;(00000000000000000000000000000000) (0) (0) (00)   ;(00000000000000000000000000000000) (0) (0) (00)   ;(00000000000000000000000000000000) (0) (0) (00)   ;(00000000000000000000000000000000) (0) (0) (00)   ;(00000000000000000000000000000000) (0) (0) (00)   ;(00000000000000000000000000000000) (0) (0) (00)   ;
;176;(00000000000000000000000000000000) (0) (0) (00)    ;(00000000000000000000000000000000) (0) (0) (00)   ;(00000000000000000000000000000000) (0) (0) (00)   ;(00000000000000000000000000000000) (0) (0) (00)   ;(00000000000000000000000000000000) (0) (0) (00)   ;(00000000000000000000000000000000) (0) (0) (00)   ;(00000000000000000000000000000000) (0) (0) (00)   ;(00000000000000000000000000000000) (0) (0) (00)   ;
;184;(00000000000000000000000000000000) (0) (0) (00)    ;(00000000000000000000000000000000) (0) (0) (00)   ;(00000000000000000000000000000000) (0) (0) (00)   ;(00000000000000000000000000000000) (0) (0) (00)   ;(00000000000000000000000000000000) (0) (0) (00)   ;(00000000000000000000000000000000) (0) (0) (00)   ;(00000000000000000000000000000000) (0) (0) (00)   ;(00000000000000000000000000000000) (0) (0) (00)   ;
;192;(00000000000000000000000000000000) (0) (0) (00)    ;(00000000000000000000000000000000) (0) (0) (00)   ;(00000000000000000000000000000000) (0) (0) (00)   ;(00000000000000000000000000000000) (0) (0) (00)   ;(00000000000000000000000000000000) (0) (0) (00)   ;(00000000000000000000000000000000) (0) (0) (00)   ;(00000000000000000000000000000000) (0) (0) (00)   ;(00000000000000000000000000000000) (0) (0) (00)   ;
;200;(00000000000000000000000000000000) (0) (0) (00)    ;(00000000000000000000000000000000) (0) (0) (00)   ;(00000000000000000000000000000000) (0) (0) (00)   ;(00000000000000000000000000000000) (0) (0) (00)   ;(00000000000000000000000000000000) (0) (0) (00)   ;(00000000000000000000000000000000) (0) (0) (00)   ;(00000000000000000000000000000000) (0) (0) (00)   ;(00000000000000000000000000000000) (0) (0) (00)   ;
;208;(00000000000000000000000000000000) (0) (0) (00)    ;(00000000000000000000000000000000) (0) (0) (00)   ;(00000000000000000000000000000000) (0) (0) (00)   ;(00000000000000000000000000000000) (0) (0) (00)   ;(00000000000000000000000000000000) (0) (0) (00)   ;(00000000000000000000000000000000) (0) (0) (00)   ;(00000000000000000000000000000000) (0) (0) (00)   ;(00000000000000000000000000000000) (0) (0) (00)   ;
;216;(00000000000000000000000000000000) (0) (0) (00)    ;(00000000000000000000000000000000) (0) (0) (00)   ;(00000000000000000000000000000000) (0) (0) (00)   ;(00000000000000000000000000000000) (0) (0) (00)   ;(00000000000000000000000000000000) (0) (0) (00)   ;(00000000000000000000000000000000) (0) (0) (00)   ;(00000000000000000000000000000000) (0) (0) (00)   ;(00000000000000000000000000000000) (0) (0) (00)   ;
;224;(00000000000000000000000000000000) (0) (0) (00)    ;(00000000000000000000000000000000) (0) (0) (00)   ;(00000000000000000000000000000000) (0) (0) (00)   ;(00000000000000000000000000000000) (0) (0) (00)   ;(00000000000000000000000000000000) (0) (0) (00)   ;(00000000000000000000000000000000) (0) (0) (00)   ;(00000000000000000000000000000000) (0) (0) (00)   ;(00000000000000000000000000000000) (0) (0) (00)   ;
;232;(00000000000000000000000000000000) (0) (0) (00)    ;(00000000000000000000000000000000) (0) (0) (00)   ;(00000000000000000000000000000000) (0) (0) (00)   ;(00000000000000000000000000000000) (0) (0) (00)   ;(00000000000000000000000000000000) (0) (0) (00)   ;(00000000000000000000000000000000) (0) (0) (00)   ;(00000000000000000000000000000000) (0) (0) (00)   ;(00000000000000000000000000000000) (0) (0) (00)   ;
;240;(00000000000000000000000000000000) (0) (0) (00)    ;(00000000000000000000000000000000) (0) (0) (00)   ;(00000000000000000000000000000000) (0) (0) (00)   ;(00000000000000000000000000000000) (0) (0) (00)   ;(00000000000000000000000000000000) (0) (0) (00)   ;(00000000000000000000000000000000) (0) (0) (00)   ;(00000000000000000000000000000000) (0) (0) (00)   ;(00000000000000000000000000000000) (0) (0) (00)   ;
;248;(00000000000000000000000000000000) (0) (0) (00)    ;(00000000000000000000000000000000) (0) (0) (00)   ;(00000000000000000000000000000000) (0) (0) (00)   ;(00000000000000000000000000000000) (0) (0) (00)   ;(00000000000000000000000000000000) (0) (0) (00)   ;(00000000000000000000000000000000) (0) (0) (00)   ;(00000000000000000000000000000000) (0) (0) (00)   ;(00000000000000000000000000000000) (0) (0) (00)   ;
;256;(00000000000000000000000000000000) (0) (0) (00)    ;(00000000000000000000000000000000) (0) (0) (00)   ;(00000000000000000000000000000000) (0) (0) (00)   ;(00000000000000000000000000000000) (0) (0) (00)   ;(00000000000000000000000000000000) (0) (0) (00)   ;(00000000000000000000000000000000) (0) (0) (00)   ;(00000000000000000000000000000000) (0) (0) (00)   ;(00000000000000000000000000000000) (0) (0) (00)   ;
;264;(00000000000000000000000000000000) (0) (0) (00)    ;(00000000000000000000000000000000) (0) (0) (00)   ;(00000000000000000000000000000000) (0) (0) (00)   ;(00000000000000000000000000000000) (0) (0) (00)   ;(00000000000000000000000000000000) (0) (0) (00)   ;(00000000000000000000000000000000) (0) (0) (00)   ;(00000000000000000000000000000000) (0) (0) (00)   ;(00000000000000000000000000000000) (0) (0) (00)   ;
;272;(00000000000000000000000000000000) (0) (0) (00)    ;(00000000000000000000000000000000) (0) (0) (00)   ;(00000000000000000000000000000000) (0) (0) (00)   ;(00000000000000000000000000000000) (0) (0) (00)   ;(00000000000000000000000000000000) (0) (0) (00)   ;(00000000000000000000000000000000) (0) (0) (00)   ;(00000000000000000000000000000000) (0) (0) (00)   ;(00000000000000000000000000000000) (0) (0) (00)   ;
;280;(00000000000000000000000000000000) (0) (0) (00)    ;(00000000000000000000000000000000) (0) (0) (00)   ;(00000000000000000000000000000000) (0) (0) (00)   ;(00000000000000000000000000000000) (0) (0) (00)   ;(00000000000000000000000000000000) (0) (0) (00)   ;(00000000000000000000000000000000) (0) (0) (00)   ;(00000000000000000000000000000000) (0) (0) (00)   ;(00000000000000000000000000000000) (0) (0) (00)   ;
;288;(00000000000000000000000000000000) (0) (0) (00)    ;(00000000000000000000000000000000) (0) (0) (00)   ;(00000000000000000000000000000000) (0) (0) (00)   ;(00000000000000000000000000000000) (0) (0) (00)   ;(00000000000000000000000000000000) (0) (0) (00)   ;(00000000000000000000000000000000) (0) (0) (00)   ;(00000000000000000000000000000000) (0) (0) (00)   ;(00000000000000000000000000000000) (0) (0) (00)   ;
;296;(00000000000000000000000000000000) (0) (0) (00)    ;(00000000000000000000000000000000) (0) (0) (00)   ;(00000000000000000000000000000000) (0) (0) (00)   ;(00000000000000000000000000000000) (0) (0) (00)   ;(00000000000000000000000000000000) (0) (0) (00)   ;(00000000000000000000000000000000) (0) (0) (00)   ;(00000000000000000000000000000000) (0) (0) (00)   ;(00000000000000000000000000000000) (0) (0) (00)   ;
;304;(00000000000000000000000000000000) (0) (0) (00)    ;(00000000000000000000000000000000) (0) (0) (00)   ;(00000000000000000000000000000000) (0) (0) (00)   ;(00000000000000000000000000000000) (0) (0) (00)   ;(00000000000000000000000000000000) (0) (0) (00)   ;(00000000000000000000000000000000) (0) (0) (00)   ;(00000000000000000000000000000000) (0) (0) (00)   ;(00000000000000000000000000000000) (0) (0) (00)   ;
;312;(00000000000000000000000000000000) (0) (0) (00)    ;(00000000000000000000000000000000) (0) (0) (00)   ;(00000000000000000000000000000000) (0) (0) (00)   ;(00000000000000000000000000000000) (0) (0) (00)   ;(00000000000000000000000000000000) (0) (0) (00)   ;(00000000000000000000000000000000) (0) (0) (00)   ;(00000000000000000000000000000000) (0) (0) (00)   ;(00000000000000000000000000000000) (0) (0) (00)   ;
;320;(00000000000000000000000000000000) (0) (0) (00)    ;(00000000000000000000000000000000) (0) (0) (00)   ;(00000000000000000000000000000000) (0) (0) (00)   ;(00000000000000000000000000000000) (0) (0) (00)   ;(00000000000000000000000000000000) (0) (0) (00)   ;(00000000000000000000000000000000) (0) (0) (00)   ;(00000000000000000000000000000000) (0) (0) (00)   ;(00000000000000000000000000000000) (0) (0) (00)   ;
;328;(00000000000000000000000000000000) (0) (0) (00)    ;(00000000000000000000000000000000) (0) (0) (00)   ;(00000000000000000000000000000000) (0) (0) (00)   ;(00000000000000000000000000000000) (0) (0) (00)   ;(00000000000000000000000000000000) (0) (0) (00)   ;(00000000000000000000000000000000) (0) (0) (00)   ;(00000000000000000000000000000000) (0) (0) (00)   ;(00000000000000000000000000000000) (0) (0) (00)   ;
;336;(00000000000000000000000000000000) (0) (0) (00)    ;(00000000000000000000000000000000) (0) (0) (00)   ;(00000000000000000000000000000000) (0) (0) (00)   ;(00000000000000000000000000000000) (0) (0) (00)   ;(00000000000000000000000000000000) (0) (0) (00)   ;(00000000000000000000000000000000) (0) (0) (00)   ;(00000000000000000000000000000000) (0) (0) (00)   ;(00000000000000000000000000000000) (0) (0) (00)   ;
;344;(00000000000000000000000000000000) (0) (0) (00)    ;(00000000000000000000000000000000) (0) (0) (00)   ;(00000000000000000000000000000000) (0) (0) (00)   ;(00000000000000000000000000000000) (0) (0) (00)   ;(00000000000000000000000000000000) (0) (0) (00)   ;(00000000000000000000000000000000) (0) (0) (00)   ;(00000000000000000000000000000000) (0) (0) (00)   ;(00000000000000000000000000000000) (0) (0) (00)   ;
;352;(00000000000000000000000000000000) (0) (0) (00)    ;(00000000000000000000000000000000) (0) (0) (00)   ;(00000000000000000000000000000000) (0) (0) (00)   ;(00000000000000000000000000000000) (0) (0) (00)   ;(00000000000000000000000000000000) (0) (0) (00)   ;(00000000000000000000000000000000) (0) (0) (00)   ;(00000000000000000000000000000000) (0) (0) (00)   ;(00000000000000000000000000000000) (0) (0) (00)   ;
;360;(00000000000000000000000000000000) (0) (0) (00)    ;(00000000000000000000000000000000) (0) (0) (00)   ;(00000000000000000000000000000000) (0) (0) (00)   ;(00000000000000000000000000000000) (0) (0) (00)   ;(00000000000000000000000000000000) (0) (0) (00)   ;(00000000000000000000000000000000) (0) (0) (00)   ;(00000000000000000000000000000000) (0) (0) (00)   ;(00000000000000000000000000000000) (0) (0) (00)   ;
;368;(00000000000000000000000000000000) (0) (0) (00)    ;(00000000000000000000000000000000) (0) (0) (00)   ;(00000000000000000000000000000000) (0) (0) (00)   ;(00000000000000000000000000000000) (0) (0) (00)   ;(00000000000000000000000000000000) (0) (0) (00)   ;(00000000000000000000000000000000) (0) (0) (00)   ;(00000000000000000000000000000000) (0) (0) (00)   ;(00000000000000000000000000000000) (0) (0) (00)   ;
;376;(00000000000000000000000000000000) (0) (0) (00)    ;(00000000000000000000000000000000) (0) (0) (00)   ;(00000000000000000000000000000000) (0) (0) (00)   ;(00000000000000000000000000000000) (0) (0) (00)   ;(00000000000000000000000000000000) (0) (0) (00)   ;(00000000000000000000000000000000) (0) (0) (00)   ;(00000000000000000000000000000000) (0) (0) (00)   ;(00000000000000000000000000000000) (0) (0) (00)   ;
;384;(00000000000000000000000000000000) (0) (0) (00)    ;(00000000000000000000000000000000) (0) (0) (00)   ;(00000000000000000000000000000000) (0) (0) (00)   ;(00000000000000000000000000000000) (0) (0) (00)   ;(00000000000000000000000000000000) (0) (0) (00)   ;(00000000000000000000000000000000) (0) (0) (00)   ;(00000000000000000000000000000000) (0) (0) (00)   ;(00000000000000000000000000000000) (0) (0) (00)   ;
;392;(00000000000000000000000000000000) (0) (0) (00)    ;(00000000000000000000000000000000) (0) (0) (00)   ;(00000000000000000000000000000000) (0) (0) (00)   ;(00000000000000000000000000000000) (0) (0) (00)   ;(00000000000000000000000000000000) (0) (0) (00)   ;(00000000000000000000000000000000) (0) (0) (00)   ;(00000000000000000000000000000000) (0) (0) (00)   ;(00000000000000000000000000000000) (0) (0) (00)   ;
;400;(00000000000000000000000000000000) (0) (0) (00)    ;(00000000000000000000000000000000) (0) (0) (00)   ;(00000000000000000000000000000000) (0) (0) (00)   ;(00000000000000000000000000000000) (0) (0) (00)   ;(00000000000000000000000000000000) (0) (0) (00)   ;(00000000000000000000000000000000) (0) (0) (00)   ;(00000000000000000000000000000000) (0) (0) (00)   ;(00000000000000000000000000000000) (0) (0) (00)   ;
;408;(00000000000000000000000000000000) (0) (0) (00)    ;(00000000000000000000000000000000) (0) (0) (00)   ;(00000000000000000000000000000000) (0) (0) (00)   ;(00000000000000000000000000000000) (0) (0) (00)   ;(00000000000000000000000000000000) (0) (0) (00)   ;(00000000000000000000000000000000) (0) (0) (00)   ;(00000000000000000000000000000000) (0) (0) (00)   ;(00000000000000000000000000000000) (0) (0) (00)   ;
;416;(00000000000000000000000000000000) (0) (0) (00)    ;(00000000000000000000000000000000) (0) (0) (00)   ;(00000000000000000000000000000000) (0) (0) (00)   ;(00000000000000000000000000000000) (0) (0) (00)   ;(00000000000000000000000000000000) (0) (0) (00)   ;(00000000000000000000000000000000) (0) (0) (00)   ;(00000000000000000000000000000000) (0) (0) (00)   ;(00000000000000000000000000000000) (0) (0) (00)   ;
;424;(00000000000000000000000000000000) (0) (0) (00)    ;(00000000000000000000000000000000) (0) (0) (00)   ;(00000000000000000000000000000000) (0) (0) (00)   ;(00000000000000000000000000000000) (0) (0) (00)   ;(00000000000000000000000000000000) (0) (0) (00)   ;(00000000000000000000000000000000) (0) (0) (00)   ;(00000000000000000000000000000000) (0) (0) (00)   ;(00000000000000000000000000000000) (0) (0) (00)   ;
;432;(00000000000000000000000000000000) (0) (0) (00)    ;(00000000000000000000000000000000) (0) (0) (00)   ;(00000000000000000000000000000000) (0) (0) (00)   ;(00000000000000000000000000000000) (0) (0) (00)   ;(00000000000000000000000000000000) (0) (0) (00)   ;(00000000000000000000000000000000) (0) (0) (00)   ;(00000000000000000000000000000000) (0) (0) (00)   ;(00000000000000000000000000000000) (0) (0) (00)   ;
;440;(00000000000000000000000000000000) (0) (0) (00)    ;(00000000000000000000000000000000) (0) (0) (00)   ;(00000000000000000000000000000000) (0) (0) (00)   ;(00000000000000000000000000000000) (0) (0) (00)   ;(00000000000000000000000000000000) (0) (0) (00)   ;(00000000000000000000000000000000) (0) (0) (00)   ;(00000000000000000000000000000000) (0) (0) (00)   ;(00000000000000000000000000000000) (0) (0) (00)   ;
;448;(00000000000000000000000000000000) (0) (0) (00)    ;(00000000000000000000000000000000) (0) (0) (00)   ;(00000000000000000000000000000000) (0) (0) (00)   ;(00000000000000000000000000000000) (0) (0) (00)   ;(00000000000000000000000000000000) (0) (0) (00)   ;(00000000000000000000000000000000) (0) (0) (00)   ;(00000000000000000000000000000000) (0) (0) (00)   ;(00000000000000000000000000000000) (0) (0) (00)   ;
;456;(00000000000000000000000000000000) (0) (0) (00)    ;(00000000000000000000000000000000) (0) (0) (00)   ;(00000000000000000000000000000000) (0) (0) (00)   ;(00000000000000000000000000000000) (0) (0) (00)   ;(00000000000000000000000000000000) (0) (0) (00)   ;(00000000000000000000000000000000) (0) (0) (00)   ;(00000000000000000000000000000000) (0) (0) (00)   ;(00000000000000000000000000000000) (0) (0) (00)   ;
;464;(00000000000000000000000000000000) (0) (0) (00)    ;(00000000000000000000000000000000) (0) (0) (00)   ;(00000000000000000000000000000000) (0) (0) (00)   ;(00000000000000000000000000000000) (0) (0) (00)   ;(00000000000000000000000000000000) (0) (0) (00)   ;(00000000000000000000000000000000) (0) (0) (00)   ;(00000000000000000000000000000000) (0) (0) (00)   ;(00000000000000000000000000000000) (0) (0) (00)   ;
;472;(00000000000000000000000000000000) (0) (0) (00)    ;(00000000000000000000000000000000) (0) (0) (00)   ;(00000000000000000000000000000000) (0) (0) (00)   ;(00000000000000000000000000000000) (0) (0) (00)   ;(00000000000000000000000000000000) (0) (0) (00)   ;(00000000000000000000000000000000) (0) (0) (00)   ;(00000000000000000000000000000000) (0) (0) (00)   ;(00000000000000000000000000000000) (0) (0) (00)   ;
;480;(00000000000000000000000000000000) (0) (0) (00)    ;(00000000000000000000000000000000) (0) (0) (00)   ;(00000000000000000000000000000000) (0) (0) (00)   ;(00000000000000000000000000000000) (0) (0) (00)   ;(00000000000000000000000000000000) (0) (0) (00)   ;(00000000000000000000000000000000) (0) (0) (00)   ;(00000000000000000000000000000000) (0) (0) (00)   ;(00000000000000000000000000000000) (0) (0) (00)   ;
;488;(00000000000000000000000000000000) (0) (0) (00)    ;(00000000000000000000000000000000) (0) (0) (00)   ;(00000000000000000000000000000000) (0) (0) (00)   ;(00000000000000000000000000000000) (0) (0) (00)   ;(00000000000000000000000000000000) (0) (0) (00)   ;(00000000000000000000000000000000) (0) (0) (00)   ;(00000000000000000000000000000000) (0) (0) (00)   ;(00000000000000000000000000000000) (0) (0) (00)   ;
;496;(00000000000000000000000000000000) (0) (0) (00)    ;(00000000000000000000000000000000) (0) (0) (00)   ;(00000000000000000000000000000000) (0) (0) (00)   ;(00000000000000000000000000000000) (0) (0) (00)   ;(00000000000000000000000000000000) (0) (0) (00)   ;(00000000000000000000000000000000) (0) (0) (00)   ;(00000000000000000000000000000000) (0) (0) (00)   ;(00000000000000000000000000000000) (0) (0) (00)   ;
;504;(00000000000000000000000000000000) (0) (0) (00)    ;(00000000000000000000000000000000) (0) (0) (00)   ;(00000000000000000000000000000000) (0) (0) (00)   ;(00000000000000000000000000000000) (0) (0) (00)   ;(00000000000000000000000000000000) (0) (0) (00)   ;(00000000000000000000000000000000) (0) (0) (00)   ;(00000000000000000000000000000000) (0) (0) (00)   ;(00000000000000000000000000000000) (0) (0) (00)   ;
;512;(00000000000000000000000000000000) (0) (0) (00)    ;(00000000000000000000000000000000) (0) (0) (00)   ;(00000000000000000000000000000000) (0) (0) (00)   ;(00000000000000000000000000000000) (0) (0) (00)   ;(00000000000000000000000000000000) (0) (0) (00)   ;(00000000000000000000000000000000) (0) (0) (00)   ;(00000000000000000000000000000000) (0) (0) (00)   ;(00000000000000000000000000000000) (0) (0) (00)   ;
;520;(00000000000000000000000000000000) (0) (0) (00)    ;(00000000000000000000000000000000) (0) (0) (00)   ;(00000000000000000000000000000000) (0) (0) (00)   ;(00000000000000000000000000000000) (0) (0) (00)   ;(00000000000000000000000000000000) (0) (0) (00)   ;(00000000000000000000000000000000) (0) (0) (00)   ;(00000000000000000000000000000000) (0) (0) (00)   ;(00000000000000000000000000000000) (0) (0) (00)   ;
;528;(00000000000000000000000000000000) (0) (0) (00)    ;(00000000000000000000000000000000) (0) (0) (00)   ;(00000000000000000000000000000000) (0) (0) (00)   ;(00000000000000000000000000000000) (0) (0) (00)   ;(00000000000000000000000000000000) (0) (0) (00)   ;(00000000000000000000000000000000) (0) (0) (00)   ;(00000000000000000000000000000000) (0) (0) (00)   ;(00000000000000000000000000000000) (0) (0) (00)   ;
;536;(00000000000000000000000000000000) (0) (0) (00)    ;(00000000000000000000000000000000) (0) (0) (00)   ;(00000000000000000000000000000000) (0) (0) (00)   ;(00000000000000000000000000000000) (0) (0) (00)   ;(00000000000000000000000000000000) (0) (0) (00)   ;(00000000000000000000000000000000) (0) (0) (00)   ;(00000000000000000000000000000000) (0) (0) (00)   ;(00000000000000000000000000000000) (0) (0) (00)   ;
;544;(00000000000000000000000000000000) (0) (0) (00)    ;(00000000000000000000000000000000) (0) (0) (00)   ;(00000000000000000000000000000000) (0) (0) (00)   ;(00000000000000000000000000000000) (0) (0) (00)   ;(00000000000000000000000000000000) (0) (0) (00)   ;(00000000000000000000000000000000) (0) (0) (00)   ;(00000000000000000000000000000000) (0) (0) (00)   ;(00000000000000000000000000000000) (0) (0) (00)   ;
;552;(00000000000000000000000000000000) (0) (0) (00)    ;(00000000000000000000000000000000) (0) (0) (00)   ;(00000000000000000000000000000000) (0) (0) (00)   ;(00000000000000000000000000000000) (0) (0) (00)   ;(00000000000000000000000000000000) (0) (0) (00)   ;(00000000000000000000000000000000) (0) (0) (00)   ;(00000000000000000000000000000000) (0) (0) (00)   ;(00000000000000000000000000000000) (0) (0) (00)   ;
;560;(00000000000000000000000000000000) (0) (0) (00)    ;(00000000000000000000000000000000) (0) (0) (00)   ;(00000000000000000000000000000000) (0) (0) (00)   ;(00000000000000000000000000000000) (0) (0) (00)   ;(00000000000000000000000000000000) (0) (0) (00)   ;(00000000000000000000000000000000) (0) (0) (00)   ;(00000000000000000000000000000000) (0) (0) (00)   ;(00000000000000000000000000000000) (0) (0) (00)   ;
;568;(00000000000000000000000000000000) (0) (0) (00)    ;(00000000000000000000000000000000) (0) (0) (00)   ;(00000000000000000000000000000000) (0) (0) (00)   ;(00000000000000000000000000000000) (0) (0) (00)   ;(00000000000000000000000000000000) (0) (0) (00)   ;(00000000000000000000000000000000) (0) (0) (00)   ;(00000000000000000000000000000000) (0) (0) (00)   ;(00000000000000000000000000000000) (0) (0) (00)   ;
;576;(00000000000000000000000000000000) (0) (0) (00)    ;(00000000000000000000000000000000) (0) (0) (00)   ;(00000000000000000000000000000000) (0) (0) (00)   ;(00000000000000000000000000000000) (0) (0) (00)   ;(00000000000000000000000000000000) (0) (0) (00)   ;(00000000000000000000000000000000) (0) (0) (00)   ;(00000000000000000000000000000000) (0) (0) (00)   ;(00000000000000000000000000000000) (0) (0) (00)   ;
;584;(00000000000000000000000000000000) (0) (0) (00)    ;(00000000000000000000000000000000) (0) (0) (00)   ;(00000000000000000000000000000000) (0) (0) (00)   ;(00000000000000000000000000000000) (0) (0) (00)   ;(00000000000000000000000000000000) (0) (0) (00)   ;(00000000000000000000000000000000) (0) (0) (00)   ;(00000000000000000000000000000000) (0) (0) (00)   ;(00000000000000000000000000000000) (0) (0) (00)   ;
;592;(00000000000000000000000000000000) (0) (0) (00)    ;(00000000000000000000000000000000) (0) (0) (00)   ;(00000000000000000000000000000000) (0) (0) (00)   ;(00000000000000000000000000000000) (0) (0) (00)   ;(00000000000000000000000000000000) (0) (0) (00)   ;(00000000000000000000000000000000) (0) (0) (00)   ;(00000000000000000000000000000000) (0) (0) (00)   ;(00000000000000000000000000000000) (0) (0) (00)   ;
;600;(00000000000000000000000000000000) (0) (0) (00)    ;(00000000000000000000000000000000) (0) (0) (00)   ;(00000000000000000000000000000000) (0) (0) (00)   ;(00000000000000000000000000000000) (0) (0) (00)   ;(00000000000000000000000000000000) (0) (0) (00)   ;(00000000000000000000000000000000) (0) (0) (00)   ;(00000000000000000000000000000000) (0) (0) (00)   ;(00000000000000000000000000000000) (0) (0) (00)   ;
;608;(00000000000000000000000000000000) (0) (0) (00)    ;(00000000000000000000000000000000) (0) (0) (00)   ;(00000000000000000000000000000000) (0) (0) (00)   ;(00000000000000000000000000000000) (0) (0) (00)   ;(00000000000000000000000000000000) (0) (0) (00)   ;(00000000000000000000000000000000) (0) (0) (00)   ;(00000000000000000000000000000000) (0) (0) (00)   ;(00000000000000000000000000000000) (0) (0) (00)   ;
;616;(00000000000000000000000000000000) (0) (0) (00)    ;(00000000000000000000000000000000) (0) (0) (00)   ;(00000000000000000000000000000000) (0) (0) (00)   ;(00000000000000000000000000000000) (0) (0) (00)   ;(00000000000000000000000000000000) (0) (0) (00)   ;(00000000000000000000000000000000) (0) (0) (00)   ;(00000000000000000000000000000000) (0) (0) (00)   ;(00000000000000000000000000000000) (0) (0) (00)   ;
;624;(00000000000000000000000000000000) (0) (0) (00)    ;(00000000000000000000000000000000) (0) (0) (00)   ;(00000000000000000000000000000000) (0) (0) (00)   ;(00000000000000000000000000000000) (0) (0) (00)   ;(00000000000000000000000000000000) (0) (0) (00)   ;(00000000000000000000000000000000) (0) (0) (00)   ;(00000000000000000000000000000000) (0) (0) (00)   ;(00000000000000000000000000000000) (0) (0) (00)   ;
;632;(00000000000000000000000000000000) (0) (0) (00)    ;(00000000000000000000000000000000) (0) (0) (00)   ;(00000000000000000000000000000000) (0) (0) (00)   ;(00000000000000000000000000000000) (0) (0) (00)   ;(00000000000000000000000000000000) (0) (0) (00)   ;(00000000000000000000000000000000) (0) (0) (00)   ;(00000000000000000000000000000000) (0) (0) (00)   ;(00000000000000000000000000000000) (0) (0) (00)   ;
;640;(00000000000000000000000000000000) (0) (0) (00)    ;(00000000000000000000000000000000) (0) (0) (00)   ;(00000000000000000000000000000000) (0) (0) (00)   ;(00000000000000000000000000000000) (0) (0) (00)   ;(00000000000000000000000000000000) (0) (0) (00)   ;(00000000000000000000000000000000) (0) (0) (00)   ;(00000000000000000000000000000000) (0) (0) (00)   ;(00000000000000000000000000000000) (0) (0) (00)   ;
;648;(00000000000000000000000000000000) (0) (0) (00)    ;(00000000000000000000000000000000) (0) (0) (00)   ;(00000000000000000000000000000000) (0) (0) (00)   ;(00000000000000000000000000000000) (0) (0) (00)   ;(00000000000000000000000000000000) (0) (0) (00)   ;(00000000000000000000000000000000) (0) (0) (00)   ;(00000000000000000000000000000000) (0) (0) (00)   ;(00000000000000000000000000000000) (0) (0) (00)   ;
;656;(00000000000000000000000000000000) (0) (0) (00)    ;(00000000000000000000000000000000) (0) (0) (00)   ;(00000000000000000000000000000000) (0) (0) (00)   ;(00000000000000000000000000000000) (0) (0) (00)   ;(00000000000000000000000000000000) (0) (0) (00)   ;(00000000000000000000000000000000) (0) (0) (00)   ;(00000000000000000000000000000000) (0) (0) (00)   ;(00000000000000000000000000000000) (0) (0) (00)   ;
;664;(00000000000000000000000000000000) (0) (0) (00)    ;(00000000000000000000000000000000) (0) (0) (00)   ;(00000000000000000000000000000000) (0) (0) (00)   ;(00000000000000000000000000000000) (0) (0) (00)   ;(00000000000000000000000000000000) (0) (0) (00)   ;(00000000000000000000000000000000) (0) (0) (00)   ;(00000000000000000000000000000000) (0) (0) (00)   ;(00000000000000000000000000000000) (0) (0) (00)   ;
;672;(00000000000000000000000000000000) (0) (0) (00)    ;(00000000000000000000000000000000) (0) (0) (00)   ;(00000000000000000000000000000000) (0) (0) (00)   ;(00000000000000000000000000000000) (0) (0) (00)   ;(00000000000000000000000000000000) (0) (0) (00)   ;(00000000000000000000000000000000) (0) (0) (00)   ;(00000000000000000000000000000000) (0) (0) (00)   ;(00000000000000000000000000000000) (0) (0) (00)   ;
;680;(00000000000000000000000000000000) (0) (0) (00)    ;(00000000000000000000000000000000) (0) (0) (00)   ;(00000000000000000000000000000000) (0) (0) (00)   ;(00000000000000000000000000000000) (0) (0) (00)   ;(00000000000000000000000000000000) (0) (0) (00)   ;(00000000000000000000000000000000) (0) (0) (00)   ;(00000000000000000000000000000000) (0) (0) (00)   ;(00000000000000000000000000000000) (0) (0) (00)   ;
;688;(00000000000000000000000000000000) (0) (0) (00)    ;(00000000000000000000000000000000) (0) (0) (00)   ;(00000000000000000000000000000000) (0) (0) (00)   ;(00000000000000000000000000000000) (0) (0) (00)   ;(00000000000000000000000000000000) (0) (0) (00)   ;(00000000000000000000000000000000) (0) (0) (00)   ;(00000000000000000000000000000000) (0) (0) (00)   ;(00000000000000000000000000000000) (0) (0) (00)   ;
;696;(00000000000000000000000000000000) (0) (0) (00)    ;(00000000000000000000000000000000) (0) (0) (00)   ;(00000000000000000000000000000000) (0) (0) (00)   ;(00000000000000000000000000000000) (0) (0) (00)   ;(00000000000000000000000000000000) (0) (0) (00)   ;(00000000000000000000000000000000) (0) (0) (00)   ;(00000000000000000000000000000000) (0) (0) (00)   ;(00000000000000000000000000000000) (0) (0) (00)   ;
;704;(00000000000000000000000000000000) (0) (0) (00)    ;(00000000000000000000000000000000) (0) (0) (00)   ;(00000000000000000000000000000000) (0) (0) (00)   ;(00000000000000000000000000000000) (0) (0) (00)   ;(00000000000000000000000000000000) (0) (0) (00)   ;(00000000000000000000000000000000) (0) (0) (00)   ;(00000000000000000000000000000000) (0) (0) (00)   ;(00000000000000000000000000000000) (0) (0) (00)   ;
;712;(00000000000000000000000000000000) (0) (0) (00)    ;(00000000000000000000000000000000) (0) (0) (00)   ;(00000000000000000000000000000000) (0) (0) (00)   ;(00000000000000000000000000000000) (0) (0) (00)   ;(00000000000000000000000000000000) (0) (0) (00)   ;(00000000000000000000000000000000) (0) (0) (00)   ;(00000000000000000000000000000000) (0) (0) (00)   ;(00000000000000000000000000000000) (0) (0) (00)   ;
;720;(00000000000000000000000000000000) (0) (0) (00)    ;(00000000000000000000000000000000) (0) (0) (00)   ;(00000000000000000000000000000000) (0) (0) (00)   ;(00000000000000000000000000000000) (0) (0) (00)   ;(00000000000000000000000000000000) (0) (0) (00)   ;(00000000000000000000000000000000) (0) (0) (00)   ;(00000000000000000000000000000000) (0) (0) (00)   ;(00000000000000000000000000000000) (0) (0) (00)   ;
;728;(00000000000000000000000000000000) (0) (0) (00)    ;(00000000000000000000000000000000) (0) (0) (00)   ;(00000000000000000000000000000000) (0) (0) (00)   ;(00000000000000000000000000000000) (0) (0) (00)   ;(00000000000000000000000000000000) (0) (0) (00)   ;(00000000000000000000000000000000) (0) (0) (00)   ;(00000000000000000000000000000000) (0) (0) (00)   ;(00000000000000000000000000000000) (0) (0) (00)   ;
;736;(00000000000000000000000000000000) (0) (0) (00)    ;(00000000000000000000000000000000) (0) (0) (00)   ;(00000000000000000000000000000000) (0) (0) (00)   ;(00000000000000000000000000000000) (0) (0) (00)   ;(00000000000000000000000000000000) (0) (0) (00)   ;(00000000000000000000000000000000) (0) (0) (00)   ;(00000000000000000000000000000000) (0) (0) (00)   ;(00000000000000000000000000000000) (0) (0) (00)   ;
;744;(00000000000000000000000000000000) (0) (0) (00)    ;(00000000000000000000000000000000) (0) (0) (00)   ;(00000000000000000000000000000000) (0) (0) (00)   ;(00000000000000000000000000000000) (0) (0) (00)   ;(00000000000000000000000000000000) (0) (0) (00)   ;(00000000000000000000000000000000) (0) (0) (00)   ;(00000000000000000000000000000000) (0) (0) (00)   ;(00000000000000000000000000000000) (0) (0) (00)   ;
;752;(00000000000000000000000000000000) (0) (0) (00)    ;(00000000000000000000000000000000) (0) (0) (00)   ;(00000000000000000000000000000000) (0) (0) (00)   ;(00000000000000000000000000000000) (0) (0) (00)   ;(00000000000000000000000000000000) (0) (0) (00)   ;(00000000000000000000000000000000) (0) (0) (00)   ;(00000000000000000000000000000000) (0) (0) (00)   ;(00000000000000000000000000000000) (0) (0) (00)   ;
;760;(00000000000000000000000000000000) (0) (0) (00)    ;(00000000000000000000000000000000) (0) (0) (00)   ;(00000000000000000000000000000000) (0) (0) (00)   ;(00000000000000000000000000000000) (0) (0) (00)   ;(00000000000000000000000000000000) (0) (0) (00)   ;(00000000000000000000000000000000) (0) (0) (00)   ;(00000000000000000000000000000000) (0) (0) (00)   ;(00000000000000000000000000000000) (0) (0) (00)   ;
;768;(00000000000000000000000000000000) (0) (0) (00)    ;(00000000000000000000000000000000) (0) (0) (00)   ;(00000000000000000000000000000000) (0) (0) (00)   ;(00000000000000000000000000000000) (0) (0) (00)   ;(00000000000000000000000000000000) (0) (0) (00)   ;(00000000000000000000000000000000) (0) (0) (00)   ;(00000000000000000000000000000000) (0) (0) (00)   ;(00000000000000000000000000000000) (0) (0) (00)   ;
;776;(00000000000000000000000000000000) (0) (0) (00)    ;(00000000000000000000000000000000) (0) (0) (00)   ;(00000000000000000000000000000000) (0) (0) (00)   ;(00000000000000000000000000000000) (0) (0) (00)   ;(00000000000000000000000000000000) (0) (0) (00)   ;(00000000000000000000000000000000) (0) (0) (00)   ;(00000000000000000000000000000000) (0) (0) (00)   ;(00000000000000000000000000000000) (0) (0) (00)   ;
;784;(00000000000000000000000000000000) (0) (0) (00)    ;(00000000000000000000000000000000) (0) (0) (00)   ;(00000000000000000000000000000000) (0) (0) (00)   ;(00000000000000000000000000000000) (0) (0) (00)   ;(00000000000000000000000000000000) (0) (0) (00)   ;(00000000000000000000000000000000) (0) (0) (00)   ;(00000000000000000000000000000000) (0) (0) (00)   ;(00000000000000000000000000000000) (0) (0) (00)   ;
;792;(00000000000000000000000000000000) (0) (0) (00)    ;(00000000000000000000000000000000) (0) (0) (00)   ;(00000000000000000000000000000000) (0) (0) (00)   ;(00000000000000000000000000000000) (0) (0) (00)   ;(00000000000000000000000000000000) (0) (0) (00)   ;(00000000000000000000000000000000) (0) (0) (00)   ;(00000000000000000000000000000000) (0) (0) (00)   ;(00000000000000000000000000000000) (0) (0) (00)   ;
;800;(00000000000000000000000000000000) (0) (0) (00)    ;(00000000000000000000000000000000) (0) (0) (00)   ;(00000000000000000000000000000000) (0) (0) (00)   ;(00000000000000000000000000000000) (0) (0) (00)   ;(00000000000000000000000000000000) (0) (0) (00)   ;(00000000000000000000000000000000) (0) (0) (00)   ;(00000000000000000000000000000000) (0) (0) (00)   ;(00000000000000000000000000000000) (0) (0) (00)   ;
;808;(00000000000000000000000000000000) (0) (0) (00)    ;(00000000000000000000000000000000) (0) (0) (00)   ;(00000000000000000000000000000000) (0) (0) (00)   ;(00000000000000000000000000000000) (0) (0) (00)   ;(00000000000000000000000000000000) (0) (0) (00)   ;(00000000000000000000000000000000) (0) (0) (00)   ;(00000000000000000000000000000000) (0) (0) (00)   ;(00000000000000000000000000000000) (0) (0) (00)   ;
;816;(00000000000000000000000000000000) (0) (0) (00)    ;(00000000000000000000000000000000) (0) (0) (00)   ;(00000000000000000000000000000000) (0) (0) (00)   ;(00000000000000000000000000000000) (0) (0) (00)   ;(00000000000000000000000000000000) (0) (0) (00)   ;(00000000000000000000000000000000) (0) (0) (00)   ;(00000000000000000000000000000000) (0) (0) (00)   ;(00000000000000000000000000000000) (0) (0) (00)   ;
;824;(00000000000000000000000000000000) (0) (0) (00)    ;(00000000000000000000000000000000) (0) (0) (00)   ;(00000000000000000000000000000000) (0) (0) (00)   ;(00000000000000000000000000000000) (0) (0) (00)   ;(00000000000000000000000000000000) (0) (0) (00)   ;(00000000000000000000000000000000) (0) (0) (00)   ;(00000000000000000000000000000000) (0) (0) (00)   ;(00000000000000000000000000000000) (0) (0) (00)   ;
;832;(00000000000000000000000000000000) (0) (0) (00)    ;(00000000000000000000000000000000) (0) (0) (00)   ;(00000000000000000000000000000000) (0) (0) (00)   ;(00000000000000000000000000000000) (0) (0) (00)   ;(00000000000000000000000000000000) (0) (0) (00)   ;(00000000000000000000000000000000) (0) (0) (00)   ;(00000000000000000000000000000000) (0) (0) (00)   ;(00000000000000000000000000000000) (0) (0) (00)   ;
;840;(00000000000000000000000000000000) (0) (0) (00)    ;(00000000000000000000000000000000) (0) (0) (00)   ;(00000000000000000000000000000000) (0) (0) (00)   ;(00000000000000000000000000000000) (0) (0) (00)   ;(00000000000000000000000000000000) (0) (0) (00)   ;(00000000000000000000000000000000) (0) (0) (00)   ;(00000000000000000000000000000000) (0) (0) (00)   ;(00000000000000000000000000000000) (0) (0) (00)   ;
;848;(00000000000000000000000000000000) (0) (0) (00)    ;(00000000000000000000000000000000) (0) (0) (00)   ;(00000000000000000000000000000000) (0) (0) (00)   ;(00000000000000000000000000000000) (0) (0) (00)   ;(00000000000000000000000000000000) (0) (0) (00)   ;(00000000000000000000000000000000) (0) (0) (00)   ;(00000000000000000000000000000000) (0) (0) (00)   ;(00000000000000000000000000000000) (0) (0) (00)   ;
;856;(00000000000000000000000000000000) (0) (0) (00)    ;(00000000000000000000000000000000) (0) (0) (00)   ;(00000000000000000000000000000000) (0) (0) (00)   ;(00000000000000000000000000000000) (0) (0) (00)   ;(00000000000000000000000000000000) (0) (0) (00)   ;(00000000000000000000000000000000) (0) (0) (00)   ;(00000000000000000000000000000000) (0) (0) (00)   ;(00000000000000000000000000000000) (0) (0) (00)   ;
;864;(00000000000000000000000000000000) (0) (0) (00)    ;(00000000000000000000000000000000) (0) (0) (00)   ;(00000000000000000000000000000000) (0) (0) (00)   ;(00000000000000000000000000000000) (0) (0) (00)   ;(00000000000000000000000000000000) (0) (0) (00)   ;(00000000000000000000000000000000) (0) (0) (00)   ;(00000000000000000000000000000000) (0) (0) (00)   ;(00000000000000000000000000000000) (0) (0) (00)   ;
;872;(00000000000000000000000000000000) (0) (0) (00)    ;(00000000000000000000000000000000) (0) (0) (00)   ;(00000000000000000000000000000000) (0) (0) (00)   ;(00000000000000000000000000000000) (0) (0) (00)   ;(00000000000000000000000000000000) (0) (0) (00)   ;(00000000000000000000000000000000) (0) (0) (00)   ;(00000000000000000000000000000000) (0) (0) (00)   ;(00000000000000000000000000000000) (0) (0) (00)   ;
;880;(00000000000000000000000000000000) (0) (0) (00)    ;(00000000000000000000000000000000) (0) (0) (00)   ;(00000000000000000000000000000000) (0) (0) (00)   ;(00000000000000000000000000000000) (0) (0) (00)   ;(00000000000000000000000000000000) (0) (0) (00)   ;(00000000000000000000000000000000) (0) (0) (00)   ;(00000000000000000000000000000000) (0) (0) (00)   ;(00000000000000000000000000000000) (0) (0) (00)   ;
;888;(00000000000000000000000000000000) (0) (0) (00)    ;(00000000000000000000000000000000) (0) (0) (00)   ;(00000000000000000000000000000000) (0) (0) (00)   ;(00000000000000000000000000000000) (0) (0) (00)   ;(00000000000000000000000000000000) (0) (0) (00)   ;(00000000000000000000000000000000) (0) (0) (00)   ;(00000000000000000000000000000000) (0) (0) (00)   ;(00000000000000000000000000000000) (0) (0) (00)   ;
;896;(00000000000000000000000000000000) (0) (0) (00)    ;(00000000000000000000000000000000) (0) (0) (00)   ;(00000000000000000000000000000000) (0) (0) (00)   ;(00000000000000000000000000000000) (0) (0) (00)   ;(00000000000000000000000000000000) (0) (0) (00)   ;(00000000000000000000000000000000) (0) (0) (00)   ;(00000000000000000000000000000000) (0) (0) (00)   ;(00000000000000000000000000000000) (0) (0) (00)   ;
;904;(00000000000000000000000000000000) (0) (0) (00)    ;(00000000000000000000000000000000) (0) (0) (00)   ;(00000000000000000000000000000000) (0) (0) (00)   ;(00000000000000000000000000000000) (0) (0) (00)   ;(00000000000000000000000000000000) (0) (0) (00)   ;(00000000000000000000000000000000) (0) (0) (00)   ;(00000000000000000000000000000000) (0) (0) (00)   ;(00000000000000000000000000000000) (0) (0) (00)   ;
;912;(00000000000000000000000000000000) (0) (0) (00)    ;(00000000000000000000000000000000) (0) (0) (00)   ;(00000000000000000000000000000000) (0) (0) (00)   ;(00000000000000000000000000000000) (0) (0) (00)   ;(00000000000000000000000000000000) (0) (0) (00)   ;(00000000000000000000000000000000) (0) (0) (00)   ;(00000000000000000000000000000000) (0) (0) (00)   ;(00000000000000000000000000000000) (0) (0) (00)   ;
;920;(00000000000000000000000000000000) (0) (0) (00)    ;(00000000000000000000000000000000) (0) (0) (00)   ;(00000000000000000000000000000000) (0) (0) (00)   ;(00000000000000000000000000000000) (0) (0) (00)   ;(00000000000000000000000000000000) (0) (0) (00)   ;(00000000000000000000000000000000) (0) (0) (00)   ;(00000000000000000000000000000000) (0) (0) (00)   ;(00000000000000000000000000000000) (0) (0) (00)   ;
;928;(00000000000000000000000000000000) (0) (0) (00)    ;(00000000000000000000000000000000) (0) (0) (00)   ;(00000000000000000000000000000000) (0) (0) (00)   ;(00000000000000000000000000000000) (0) (0) (00)   ;(00000000000000000000000000000000) (0) (0) (00)   ;(00000000000000000000000000000000) (0) (0) (00)   ;(00000000000000000000000000000000) (0) (0) (00)   ;(00000000000000000000000000000000) (0) (0) (00)   ;
;936;(00000000000000000000000000000000) (0) (0) (00)    ;(00000000000000000000000000000000) (0) (0) (00)   ;(00000000000000000000000000000000) (0) (0) (00)   ;(00000000000000000000000000000000) (0) (0) (00)   ;(00000000000000000000000000000000) (0) (0) (00)   ;(00000000000000000000000000000000) (0) (0) (00)   ;(00000000000000000000000000000000) (0) (0) (00)   ;(00000000000000000000000000000000) (0) (0) (00)   ;
;944;(00000000000000000000000000000000) (0) (0) (00)    ;(00000000000000000000000000000000) (0) (0) (00)   ;(00000000000000000000000000000000) (0) (0) (00)   ;(00000000000000000000000000000000) (0) (0) (00)   ;(00000000000000000000000000000000) (0) (0) (00)   ;(00000000000000000000000000000000) (0) (0) (00)   ;(00000000000000000000000000000000) (0) (0) (00)   ;(00000000000000000000000000000000) (0) (0) (00)   ;
;952;(00000000000000000000000000000000) (0) (0) (00)    ;(00000000000000000000000000000000) (0) (0) (00)   ;(00000000000000000000000000000000) (0) (0) (00)   ;(00000000000000000000000000000000) (0) (0) (00)   ;(00000000000000000000000000000000) (0) (0) (00)   ;(00000000000000000000000000000000) (0) (0) (00)   ;(00000000000000000000000000000000) (0) (0) (00)   ;(00000000000000000000000000000000) (0) (0) (00)   ;
;960;(00000000000000000000000000000000) (0) (0) (00)    ;(00000000000000000000000000000000) (0) (0) (00)   ;(00000000000000000000000000000000) (0) (0) (00)   ;(00000000000000000000000000000000) (0) (0) (00)   ;(00000000000000000000000000000000) (0) (0) (00)   ;(00000000000000000000000000000000) (0) (0) (00)   ;(00000000000000000000000000000000) (0) (0) (00)   ;(00000000000000000000000000000000) (0) (0) (00)   ;
;968;(00000000000000000000000000000000) (0) (0) (00)    ;(00000000000000000000000000000000) (0) (0) (00)   ;(00000000000000000000000000000000) (0) (0) (00)   ;(00000000000000000000000000000000) (0) (0) (00)   ;(00000000000000000000000000000000) (0) (0) (00)   ;(00000000000000000000000000000000) (0) (0) (00)   ;(00000000000000000000000000000000) (0) (0) (00)   ;(00000000000000000000000000000000) (0) (0) (00)   ;
;976;(00000000000000000000000000000000) (0) (0) (00)    ;(00000000000000000000000000000000) (0) (0) (00)   ;(00000000000000000000000000000000) (0) (0) (00)   ;(00000000000000000000000000000000) (0) (0) (00)   ;(00000000000000000000000000000000) (0) (0) (00)   ;(00000000000000000000000000000000) (0) (0) (00)   ;(00000000000000000000000000000000) (0) (0) (00)   ;(00000000000000000000000000000000) (0) (0) (00)   ;
;984;(00000000000000000000000000000000) (0) (0) (00)    ;(00000000000000000000000000000000) (0) (0) (00)   ;(00000000000000000000000000000000) (0) (0) (00)   ;(00000000000000000000000000000000) (0) (0) (00)   ;(00000000000000000000000000000000) (0) (0) (00)   ;(00000000000000000000000000000000) (0) (0) (00)   ;(00000000000000000000000000000000) (0) (0) (00)   ;(00000000000000000000000000000000) (0) (0) (00)   ;
;992;(00000000000000000000000000000000) (0) (0) (00)    ;(00000000000000000000000000000000) (0) (0) (00)   ;(00000000000000000000000000000000) (0) (0) (00)   ;(00000000000000000000000000000000) (0) (0) (00)   ;(00000000000000000000000000000000) (0) (0) (00)   ;(00000000000000000000000000000000) (0) (0) (00)   ;(00000000000000000000000000000000) (0) (0) (00)   ;(00000000000000000000000000000000) (0) (0) (00)   ;
;1000;(00000000000000000000000000000000) (0) (0) (00)    ;(00000000000000000000000000000000) (0) (0) (00)   ;(00000000000000000000000000000000) (0) (0) (00)   ;(00000000000000000000000000000000) (0) (0) (00)   ;(00000000000000000000000000000000) (0) (0) (00)   ;(00000000000000000000000000000000) (0) (0) (00)   ;(00000000000000000000000000000000) (0) (0) (00)   ;(00000000000000000000000000000000) (0) (0) (00)   ;
;1008;(00000000000000000000000000000000) (0) (0) (00)    ;(00000000000000000000000000000000) (0) (0) (00)   ;(00000000000000000000000000000000) (0) (0) (00)   ;(00000000000000000000000000000000) (0) (0) (00)   ;(00000000000000000000000000000000) (0) (0) (00)   ;(00000000000000000000000000000000) (0) (0) (00)   ;(00000000000000000000000000000000) (0) (0) (00)   ;(00000000000000000000000000000000) (0) (0) (00)   ;
;1016;(00000000000000000000000000000000) (0) (0) (00)    ;(00000000000000000000000000000000) (0) (0) (00)   ;(00000000000000000000000000000000) (0) (0) (00)   ;(00000000000000000000000000000000) (0) (0) (00)   ;(00000000000000000000000000000000) (0) (0) (00)   ;(00000000000000000000000000000000) (0) (0) (00)   ;(00000000000000000000000000000000) (0) (0) (00)   ;(00000000000000000000000000000000) (0) (0) (00)   ;


RAM content values are presented in the following format: (Binary) (Octal) (Decimal) (Hexadecimal) 
+------------------------------------------------------------------------------------------------------------------------------------------------------------------------------------------------------------------------------------------------------------------+
; |DLX|decode:DECODE|registers:R|altsyncram:ram_block_rtl_1|altsyncram_23g1:auto_generated|ALTSYNCRAM                                                                                                                                                              ;
+------------------------------------------------------------------------------------------------------------------------------------------------------------------------------------------------------------------------------------------------------------------+
;   Addr   ;              +0              ;              +1              ;              +2              ;              +3              ;              +4              ;              +5              ;              +6              ;              +7              ;
+----------+------------------------------+------------------------------+------------------------------+------------------------------+------------------------------+------------------------------+------------------------------+------------------------------+
;0;(00000000000000000000000000000000) (0) (0) (00)    ;(00000000000000000000000000000000) (0) (0) (00)   ;(00000000000000000000000000000000) (0) (0) (00)   ;(00000000000000000000000000000000) (0) (0) (00)   ;(00000000000000000000000000000000) (0) (0) (00)   ;(00000000000000000000000000000000) (0) (0) (00)   ;(00000000000000000000000000000000) (0) (0) (00)   ;(00000000000000000000000000000000) (0) (0) (00)   ;
;8;(00000000000000000000000000000000) (0) (0) (00)    ;(00000000000000000000000000000000) (0) (0) (00)   ;(00000000000000000000000000000000) (0) (0) (00)   ;(00000000000000000000000000000000) (0) (0) (00)   ;(00000000000000000000000000000000) (0) (0) (00)   ;(00000000000000000000000000000000) (0) (0) (00)   ;(00000000000000000000000000000000) (0) (0) (00)   ;(00000000000000000000000000000000) (0) (0) (00)   ;
;16;(00000000000000000000000000000000) (0) (0) (00)    ;(00000000000000000000000000000000) (0) (0) (00)   ;(00000000000000000000000000000000) (0) (0) (00)   ;(00000000000000000000000000000000) (0) (0) (00)   ;(00000000000000000000000000000000) (0) (0) (00)   ;(00000000000000000000000000000000) (0) (0) (00)   ;(00000000000000000000000000000000) (0) (0) (00)   ;(00000000000000000000000000000000) (0) (0) (00)   ;
;24;(00000000000000000000000000000000) (0) (0) (00)    ;(00000000000000000000000000000000) (0) (0) (00)   ;(00000000000000000000000000000000) (0) (0) (00)   ;(00000000000000000000000000000000) (0) (0) (00)   ;(00000000000000000000000000000000) (0) (0) (00)   ;(00000000000000000000000000000000) (0) (0) (00)   ;(00000000000000000000000000000000) (0) (0) (00)   ;(00000000000000000000000000000000) (0) (0) (00)   ;


+-------------------------------------------------+
; Routing Usage Summary                           ;
+-----------------------+-------------------------+
; Routing Resource Type ; Usage                   ;
+-----------------------+-------------------------+
; Block interconnects   ; 4,563 / 148,641 ( 3 % ) ;
; C16 interconnects     ; 14 / 5,382 ( < 1 % )    ;
; C4 interconnects      ; 2,003 / 106,704 ( 2 % ) ;
; Direct links          ; 731 / 148,641 ( < 1 % ) ;
; Global clocks         ; 3 / 20 ( 15 % )         ;
; Local interconnects   ; 1,429 / 49,760 ( 3 % )  ;
; NSLEEPs               ; 0 / 500 ( 0 % )         ;
; R24 interconnects     ; 48 / 5,406 ( < 1 % )    ;
; R4 interconnects      ; 2,870 / 147,764 ( 2 % ) ;
+-----------------------+-------------------------+


+-----------------------------------------------------------------------------+
; LAB Logic Elements                                                          ;
+---------------------------------------------+-------------------------------+
; Number of Logic Elements  (Average = 12.90) ; Number of LABs  (Total = 236) ;
+---------------------------------------------+-------------------------------+
; 1                                           ; 20                            ;
; 2                                           ; 6                             ;
; 3                                           ; 7                             ;
; 4                                           ; 2                             ;
; 5                                           ; 0                             ;
; 6                                           ; 3                             ;
; 7                                           ; 3                             ;
; 8                                           ; 2                             ;
; 9                                           ; 3                             ;
; 10                                          ; 5                             ;
; 11                                          ; 4                             ;
; 12                                          ; 8                             ;
; 13                                          ; 4                             ;
; 14                                          ; 12                            ;
; 15                                          ; 20                            ;
; 16                                          ; 137                           ;
+---------------------------------------------+-------------------------------+


+--------------------------------------------------------------------+
; LAB-wide Signals                                                   ;
+------------------------------------+-------------------------------+
; LAB-wide Signals  (Average = 1.19) ; Number of LABs  (Total = 236) ;
+------------------------------------+-------------------------------+
; 1 Async. clear                     ; 68                            ;
; 1 Clock                            ; 146                           ;
; 1 Clock enable                     ; 27                            ;
; 1 Sync. clear                      ; 4                             ;
; 1 Sync. load                       ; 28                            ;
; 2 Clock enables                    ; 5                             ;
; 2 Clocks                           ; 2                             ;
+------------------------------------+-------------------------------+


+------------------------------------------------------------------------------+
; LAB Signals Sourced                                                          ;
+----------------------------------------------+-------------------------------+
; Number of Signals Sourced  (Average = 15.40) ; Number of LABs  (Total = 236) ;
+----------------------------------------------+-------------------------------+
; 0                                            ; 5                             ;
; 1                                            ; 16                            ;
; 2                                            ; 11                            ;
; 3                                            ; 3                             ;
; 4                                            ; 2                             ;
; 5                                            ; 2                             ;
; 6                                            ; 4                             ;
; 7                                            ; 2                             ;
; 8                                            ; 0                             ;
; 9                                            ; 5                             ;
; 10                                           ; 2                             ;
; 11                                           ; 2                             ;
; 12                                           ; 3                             ;
; 13                                           ; 2                             ;
; 14                                           ; 3                             ;
; 15                                           ; 11                            ;
; 16                                           ; 56                            ;
; 17                                           ; 22                            ;
; 18                                           ; 18                            ;
; 19                                           ; 10                            ;
; 20                                           ; 6                             ;
; 21                                           ; 8                             ;
; 22                                           ; 9                             ;
; 23                                           ; 4                             ;
; 24                                           ; 7                             ;
; 25                                           ; 6                             ;
; 26                                           ; 3                             ;
; 27                                           ; 3                             ;
; 28                                           ; 1                             ;
; 29                                           ; 3                             ;
; 30                                           ; 0                             ;
; 31                                           ; 2                             ;
; 32                                           ; 5                             ;
+----------------------------------------------+-------------------------------+


+---------------------------------------------------------------------------------+
; LAB Signals Sourced Out                                                         ;
+-------------------------------------------------+-------------------------------+
; Number of Signals Sourced Out  (Average = 8.83) ; Number of LABs  (Total = 236) ;
+-------------------------------------------------+-------------------------------+
; 0                                               ; 5                             ;
; 1                                               ; 25                            ;
; 2                                               ; 8                             ;
; 3                                               ; 11                            ;
; 4                                               ; 13                            ;
; 5                                               ; 6                             ;
; 6                                               ; 8                             ;
; 7                                               ; 11                            ;
; 8                                               ; 20                            ;
; 9                                               ; 21                            ;
; 10                                              ; 21                            ;
; 11                                              ; 14                            ;
; 12                                              ; 10                            ;
; 13                                              ; 8                             ;
; 14                                              ; 11                            ;
; 15                                              ; 6                             ;
; 16                                              ; 30                            ;
; 17                                              ; 6                             ;
; 18                                              ; 1                             ;
; 19                                              ; 0                             ;
; 20                                              ; 0                             ;
; 21                                              ; 1                             ;
+-------------------------------------------------+-------------------------------+


+------------------------------------------------------------------------------+
; LAB Distinct Inputs                                                          ;
+----------------------------------------------+-------------------------------+
; Number of Distinct Inputs  (Average = 17.48) ; Number of LABs  (Total = 236) ;
+----------------------------------------------+-------------------------------+
; 0                                            ; 0                             ;
; 1                                            ; 1                             ;
; 2                                            ; 9                             ;
; 3                                            ; 8                             ;
; 4                                            ; 10                            ;
; 5                                            ; 5                             ;
; 6                                            ; 3                             ;
; 7                                            ; 3                             ;
; 8                                            ; 1                             ;
; 9                                            ; 4                             ;
; 10                                           ; 10                            ;
; 11                                           ; 5                             ;
; 12                                           ; 2                             ;
; 13                                           ; 5                             ;
; 14                                           ; 6                             ;
; 15                                           ; 9                             ;
; 16                                           ; 11                            ;
; 17                                           ; 16                            ;
; 18                                           ; 28                            ;
; 19                                           ; 13                            ;
; 20                                           ; 10                            ;
; 21                                           ; 5                             ;
; 22                                           ; 6                             ;
; 23                                           ; 8                             ;
; 24                                           ; 7                             ;
; 25                                           ; 7                             ;
; 26                                           ; 1                             ;
; 27                                           ; 9                             ;
; 28                                           ; 4                             ;
; 29                                           ; 3                             ;
; 30                                           ; 4                             ;
; 31                                           ; 3                             ;
; 32                                           ; 6                             ;
; 33                                           ; 9                             ;
; 34                                           ; 2                             ;
; 35                                           ; 1                             ;
; 36                                           ; 1                             ;
+----------------------------------------------+-------------------------------+


+------------------------------------------+
; I/O Rules Summary                        ;
+----------------------------------+-------+
; I/O Rules Statistic              ; Total ;
+----------------------------------+-------+
; Total I/O Rules                  ; 30    ;
; Number of I/O Rules Passed       ; 10    ;
; Number of I/O Rules Failed       ; 0     ;
; Number of I/O Rules Unchecked    ; 0     ;
; Number of I/O Rules Inapplicable ; 20    ;
+----------------------------------+-------+


+--------------------------------------------------------------------------------------------------------------------------------------------------------------------------------------------------------------------------------------------------------------------------------------+
; I/O Rules Details                                                                                                                                                                                                                                                                    ;
+--------------+-----------+-----------------------------------+------------------------------------------------------------------------------------------------------+----------+--------------------------------------------------------------------------+------+-------------------+
; Status       ; ID        ; Category                          ; Rule Description                                                                                     ; Severity ; Information                                                              ; Area ; Extra Information ;
+--------------+-----------+-----------------------------------+------------------------------------------------------------------------------------------------------+----------+--------------------------------------------------------------------------+------+-------------------+
; Pass         ; IO_000001 ; Capacity Checks                   ; Number of pins in an I/O bank should not exceed the number of locations available.                   ; Critical ; 0 such failures found.                                                   ; I/O  ;                   ;
; Inapplicable ; IO_000002 ; Capacity Checks                   ; Number of clocks in an I/O bank should not exceed the number of clocks available.                    ; Critical ; No Global Signal assignments found.                                      ; I/O  ;                   ;
; Pass         ; IO_000003 ; Capacity Checks                   ; Number of pins in a Vrefgroup should not exceed the number of locations available.                   ; Critical ; 0 such failures found.                                                   ; I/O  ;                   ;
; Inapplicable ; IO_000004 ; Voltage Compatibility Checks      ; The I/O bank should support the requested VCCIO.                                                     ; Critical ; No IOBANK_VCCIO assignments found.                                       ; I/O  ;                   ;
; Inapplicable ; IO_000005 ; Voltage Compatibility Checks      ; The I/O bank should not have competing VREF values.                                                  ; Critical ; No VREF I/O Standard assignments found.                                  ; I/O  ;                   ;
; Pass         ; IO_000006 ; Voltage Compatibility Checks      ; The I/O bank should not have competing VCCIO values.                                                 ; Critical ; 0 such failures found.                                                   ; I/O  ;                   ;
; Pass         ; IO_000007 ; Valid Location Checks             ; Checks for unavailable locations.                                                                    ; Critical ; 0 such failures found.                                                   ; I/O  ;                   ;
; Inapplicable ; IO_000008 ; Valid Location Checks             ; Checks for reserved locations.                                                                       ; Critical ; No reserved LogicLock region found.                                      ; I/O  ;                   ;
; Pass         ; IO_000009 ; I/O Properties Checks for One I/O ; The location should support the requested I/O standard.                                              ; Critical ; 0 such failures found.                                                   ; I/O  ;                   ;
; Pass         ; IO_000010 ; I/O Properties Checks for One I/O ; The location should support the requested I/O direction.                                             ; Critical ; 0 such failures found.                                                   ; I/O  ;                   ;
; Inapplicable ; IO_000011 ; I/O Properties Checks for One I/O ; The location should support the requested Current Strength.                                          ; Critical ; No Current Strength assignments found.                                   ; I/O  ;                   ;
; Inapplicable ; IO_000012 ; I/O Properties Checks for One I/O ; The location should support the requested On Chip Termination value.                                 ; Critical ; No Termination assignments found.                                        ; I/O  ;                   ;
; Inapplicable ; IO_000013 ; I/O Properties Checks for One I/O ; The location should support the requested Bus Hold value.                                            ; Critical ; No Enable Bus-Hold Circuitry assignments found.                          ; I/O  ;                   ;
; Inapplicable ; IO_000014 ; I/O Properties Checks for One I/O ; The location should support the requested Weak Pull Up value.                                        ; Critical ; No Weak Pull-Up Resistor assignments found.                              ; I/O  ;                   ;
; Pass         ; IO_000015 ; I/O Properties Checks for One I/O ; The location should support the requested PCI Clamp Diode.                                           ; Critical ; 0 such failures found.                                                   ; I/O  ;                   ;
; Inapplicable ; IO_000018 ; I/O Properties Checks for One I/O ; The I/O standard should support the requested Current Strength.                                      ; Critical ; No Current Strength assignments found.                                   ; I/O  ;                   ;
; Inapplicable ; IO_000019 ; I/O Properties Checks for One I/O ; The I/O standard should support the requested On Chip Termination value.                             ; Critical ; No Termination assignments found.                                        ; I/O  ;                   ;
; Pass         ; IO_000020 ; I/O Properties Checks for One I/O ; The I/O standard should support the requested PCI Clamp Diode.                                       ; Critical ; 0 such failures found.                                                   ; I/O  ;                   ;
; Inapplicable ; IO_000021 ; I/O Properties Checks for One I/O ; The I/O standard should support the requested Weak Pull Up value.                                    ; Critical ; No Weak Pull-Up Resistor assignments found.                              ; I/O  ;                   ;
; Inapplicable ; IO_000022 ; I/O Properties Checks for One I/O ; The I/O standard should support the requested Bus Hold value.                                        ; Critical ; No Enable Bus-Hold Circuitry assignments found.                          ; I/O  ;                   ;
; Pass         ; IO_000023 ; I/O Properties Checks for One I/O ; The I/O standard should support the Open Drain value.                                                ; Critical ; 0 such failures found.                                                   ; I/O  ;                   ;
; Inapplicable ; IO_000024 ; I/O Properties Checks for One I/O ; The I/O direction should support the On Chip Termination value.                                      ; Critical ; No Termination assignments found.                                        ; I/O  ;                   ;
; Inapplicable ; IO_000026 ; I/O Properties Checks for One I/O ; On Chip Termination and Current Strength should not be used at the same time.                        ; Critical ; No Current Strength or Termination assignments found.                    ; I/O  ;                   ;
; Inapplicable ; IO_000027 ; I/O Properties Checks for One I/O ; Weak Pull Up and Bus Hold should not be used at the same time.                                       ; Critical ; No Enable Bus-Hold Circuitry or Weak Pull-Up Resistor assignments found. ; I/O  ;                   ;
; Inapplicable ; IO_000045 ; I/O Properties Checks for One I/O ; The I/O standard should support the requested Slew Rate value.                                       ; Critical ; No Slew Rate assignments found.                                          ; I/O  ;                   ;
; Inapplicable ; IO_000046 ; I/O Properties Checks for One I/O ; The location should support the requested Slew Rate value.                                           ; Critical ; No Slew Rate assignments found.                                          ; I/O  ;                   ;
; Inapplicable ; IO_000047 ; I/O Properties Checks for One I/O ; On Chip Termination and Slew Rate should not be used at the same time.                               ; Critical ; No Slew Rate assignments found.                                          ; I/O  ;                   ;
; Pass         ; IO_000033 ; Electromigration Checks           ; Current density for consecutive I/Os should not exceed 160mA for row I/Os and 160mA for column I/Os. ; Critical ; 0 such failures found.                                                   ; I/O  ;                   ;
; Inapplicable ; IO_000034 ; SI Related Distance Checks        ; Single-ended outputs should be 5 LAB row(s) away from a differential I/O.                            ; High     ; No Differential I/O Standard assignments found.                          ; I/O  ;                   ;
; Inapplicable ; IO_000042 ; SI Related SSO Limit Checks       ; No more than 20 outputs are allowed in a VREF group when VREF is being read from.                    ; High     ; No VREF I/O Standard assignments found.                                  ; I/O  ;                   ;
+--------------+-----------+-----------------------------------+------------------------------------------------------------------------------------------------------+----------+--------------------------------------------------------------------------+------+-------------------+


+-----------------------------------------------------------------------------------------------------------------------------------------------------------------------------------------------------------------------------------------------------------------------------------------------------------------------------------------------------------------------------------------------------------------------------------------------------------+
; I/O Rules Matrix                                                                                                                                                                                                                                                                                                                                                                                                                                          ;
+--------------------+-----------+--------------+-----------+--------------+--------------+-----------+-----------+--------------+-----------+-----------+--------------+--------------+--------------+--------------+-----------+--------------+--------------+-----------+--------------+--------------+--------------+--------------+--------------+--------------+--------------+--------------+--------------+-----------+--------------+--------------+
; Pin/Rules          ; IO_000001 ; IO_000002    ; IO_000003 ; IO_000004    ; IO_000005    ; IO_000006 ; IO_000007 ; IO_000008    ; IO_000009 ; IO_000010 ; IO_000011    ; IO_000012    ; IO_000013    ; IO_000014    ; IO_000015 ; IO_000018    ; IO_000019    ; IO_000020 ; IO_000021    ; IO_000022    ; IO_000023    ; IO_000024    ; IO_000026    ; IO_000027    ; IO_000045    ; IO_000046    ; IO_000047    ; IO_000033 ; IO_000034    ; IO_000042    ;
+--------------------+-----------+--------------+-----------+--------------+--------------+-----------+-----------+--------------+-----------+-----------+--------------+--------------+--------------+--------------+-----------+--------------+--------------+-----------+--------------+--------------+--------------+--------------+--------------+--------------+--------------+--------------+--------------+-----------+--------------+--------------+
; Total Pass         ; 41        ; 0            ; 41        ; 0            ; 0            ; 41        ; 41        ; 0            ; 41        ; 41        ; 0            ; 0            ; 0            ; 0            ; 41        ; 0            ; 0            ; 41        ; 0            ; 0            ; 35           ; 0            ; 0            ; 0            ; 0            ; 0            ; 0            ; 41        ; 0            ; 0            ;
; Total Unchecked    ; 0         ; 0            ; 0         ; 0            ; 0            ; 0         ; 0         ; 0            ; 0         ; 0         ; 0            ; 0            ; 0            ; 0            ; 0         ; 0            ; 0            ; 0         ; 0            ; 0            ; 0            ; 0            ; 0            ; 0            ; 0            ; 0            ; 0            ; 0         ; 0            ; 0            ;
; Total Inapplicable ; 0         ; 41           ; 0         ; 41           ; 41           ; 0         ; 0         ; 41           ; 0         ; 0         ; 41           ; 41           ; 41           ; 41           ; 0         ; 41           ; 41           ; 0         ; 41           ; 41           ; 6            ; 41           ; 41           ; 41           ; 41           ; 41           ; 41           ; 0         ; 41           ; 41           ;
; Total Fail         ; 0         ; 0            ; 0         ; 0            ; 0            ; 0         ; 0         ; 0            ; 0         ; 0         ; 0            ; 0            ; 0            ; 0            ; 0         ; 0            ; 0            ; 0         ; 0            ; 0            ; 0            ; 0            ; 0            ; 0            ; 0            ; 0            ; 0            ; 0         ; 0            ; 0            ;
; KEY[1]             ; Pass      ; Inapplicable ; Pass      ; Inapplicable ; Inapplicable ; Pass      ; Pass      ; Inapplicable ; Pass      ; Pass      ; Inapplicable ; Inapplicable ; Inapplicable ; Inapplicable ; Pass      ; Inapplicable ; Inapplicable ; Pass      ; Inapplicable ; Inapplicable ; Inapplicable ; Inapplicable ; Inapplicable ; Inapplicable ; Inapplicable ; Inapplicable ; Inapplicable ; Pass      ; Inapplicable ; Inapplicable ;
; ADC_CLK_10         ; Pass      ; Inapplicable ; Pass      ; Inapplicable ; Inapplicable ; Pass      ; Pass      ; Inapplicable ; Pass      ; Pass      ; Inapplicable ; Inapplicable ; Inapplicable ; Inapplicable ; Pass      ; Inapplicable ; Inapplicable ; Pass      ; Inapplicable ; Inapplicable ; Inapplicable ; Inapplicable ; Inapplicable ; Inapplicable ; Inapplicable ; Inapplicable ; Inapplicable ; Pass      ; Inapplicable ; Inapplicable ;
; MAX10_CLK2_50      ; Pass      ; Inapplicable ; Pass      ; Inapplicable ; Inapplicable ; Pass      ; Pass      ; Inapplicable ; Pass      ; Pass      ; Inapplicable ; Inapplicable ; Inapplicable ; Inapplicable ; Pass      ; Inapplicable ; Inapplicable ; Pass      ; Inapplicable ; Inapplicable ; Inapplicable ; Inapplicable ; Inapplicable ; Inapplicable ; Inapplicable ; Inapplicable ; Inapplicable ; Pass      ; Inapplicable ; Inapplicable ;
; GPIO[0]            ; Pass      ; Inapplicable ; Pass      ; Inapplicable ; Inapplicable ; Pass      ; Pass      ; Inapplicable ; Pass      ; Pass      ; Inapplicable ; Inapplicable ; Inapplicable ; Inapplicable ; Pass      ; Inapplicable ; Inapplicable ; Pass      ; Inapplicable ; Inapplicable ; Pass         ; Inapplicable ; Inapplicable ; Inapplicable ; Inapplicable ; Inapplicable ; Inapplicable ; Pass      ; Inapplicable ; Inapplicable ;
; GPIO[2]            ; Pass      ; Inapplicable ; Pass      ; Inapplicable ; Inapplicable ; Pass      ; Pass      ; Inapplicable ; Pass      ; Pass      ; Inapplicable ; Inapplicable ; Inapplicable ; Inapplicable ; Pass      ; Inapplicable ; Inapplicable ; Pass      ; Inapplicable ; Inapplicable ; Pass         ; Inapplicable ; Inapplicable ; Inapplicable ; Inapplicable ; Inapplicable ; Inapplicable ; Pass      ; Inapplicable ; Inapplicable ;
; GPIO[3]            ; Pass      ; Inapplicable ; Pass      ; Inapplicable ; Inapplicable ; Pass      ; Pass      ; Inapplicable ; Pass      ; Pass      ; Inapplicable ; Inapplicable ; Inapplicable ; Inapplicable ; Pass      ; Inapplicable ; Inapplicable ; Pass      ; Inapplicable ; Inapplicable ; Pass         ; Inapplicable ; Inapplicable ; Inapplicable ; Inapplicable ; Inapplicable ; Inapplicable ; Pass      ; Inapplicable ; Inapplicable ;
; GPIO[4]            ; Pass      ; Inapplicable ; Pass      ; Inapplicable ; Inapplicable ; Pass      ; Pass      ; Inapplicable ; Pass      ; Pass      ; Inapplicable ; Inapplicable ; Inapplicable ; Inapplicable ; Pass      ; Inapplicable ; Inapplicable ; Pass      ; Inapplicable ; Inapplicable ; Pass         ; Inapplicable ; Inapplicable ; Inapplicable ; Inapplicable ; Inapplicable ; Inapplicable ; Pass      ; Inapplicable ; Inapplicable ;
; GPIO[5]            ; Pass      ; Inapplicable ; Pass      ; Inapplicable ; Inapplicable ; Pass      ; Pass      ; Inapplicable ; Pass      ; Pass      ; Inapplicable ; Inapplicable ; Inapplicable ; Inapplicable ; Pass      ; Inapplicable ; Inapplicable ; Pass      ; Inapplicable ; Inapplicable ; Pass         ; Inapplicable ; Inapplicable ; Inapplicable ; Inapplicable ; Inapplicable ; Inapplicable ; Pass      ; Inapplicable ; Inapplicable ;
; GPIO[6]            ; Pass      ; Inapplicable ; Pass      ; Inapplicable ; Inapplicable ; Pass      ; Pass      ; Inapplicable ; Pass      ; Pass      ; Inapplicable ; Inapplicable ; Inapplicable ; Inapplicable ; Pass      ; Inapplicable ; Inapplicable ; Pass      ; Inapplicable ; Inapplicable ; Pass         ; Inapplicable ; Inapplicable ; Inapplicable ; Inapplicable ; Inapplicable ; Inapplicable ; Pass      ; Inapplicable ; Inapplicable ;
; GPIO[7]            ; Pass      ; Inapplicable ; Pass      ; Inapplicable ; Inapplicable ; Pass      ; Pass      ; Inapplicable ; Pass      ; Pass      ; Inapplicable ; Inapplicable ; Inapplicable ; Inapplicable ; Pass      ; Inapplicable ; Inapplicable ; Pass      ; Inapplicable ; Inapplicable ; Pass         ; Inapplicable ; Inapplicable ; Inapplicable ; Inapplicable ; Inapplicable ; Inapplicable ; Pass      ; Inapplicable ; Inapplicable ;
; GPIO[8]            ; Pass      ; Inapplicable ; Pass      ; Inapplicable ; Inapplicable ; Pass      ; Pass      ; Inapplicable ; Pass      ; Pass      ; Inapplicable ; Inapplicable ; Inapplicable ; Inapplicable ; Pass      ; Inapplicable ; Inapplicable ; Pass      ; Inapplicable ; Inapplicable ; Pass         ; Inapplicable ; Inapplicable ; Inapplicable ; Inapplicable ; Inapplicable ; Inapplicable ; Pass      ; Inapplicable ; Inapplicable ;
; GPIO[9]            ; Pass      ; Inapplicable ; Pass      ; Inapplicable ; Inapplicable ; Pass      ; Pass      ; Inapplicable ; Pass      ; Pass      ; Inapplicable ; Inapplicable ; Inapplicable ; Inapplicable ; Pass      ; Inapplicable ; Inapplicable ; Pass      ; Inapplicable ; Inapplicable ; Pass         ; Inapplicable ; Inapplicable ; Inapplicable ; Inapplicable ; Inapplicable ; Inapplicable ; Pass      ; Inapplicable ; Inapplicable ;
; GPIO[10]           ; Pass      ; Inapplicable ; Pass      ; Inapplicable ; Inapplicable ; Pass      ; Pass      ; Inapplicable ; Pass      ; Pass      ; Inapplicable ; Inapplicable ; Inapplicable ; Inapplicable ; Pass      ; Inapplicable ; Inapplicable ; Pass      ; Inapplicable ; Inapplicable ; Pass         ; Inapplicable ; Inapplicable ; Inapplicable ; Inapplicable ; Inapplicable ; Inapplicable ; Pass      ; Inapplicable ; Inapplicable ;
; GPIO[11]           ; Pass      ; Inapplicable ; Pass      ; Inapplicable ; Inapplicable ; Pass      ; Pass      ; Inapplicable ; Pass      ; Pass      ; Inapplicable ; Inapplicable ; Inapplicable ; Inapplicable ; Pass      ; Inapplicable ; Inapplicable ; Pass      ; Inapplicable ; Inapplicable ; Pass         ; Inapplicable ; Inapplicable ; Inapplicable ; Inapplicable ; Inapplicable ; Inapplicable ; Pass      ; Inapplicable ; Inapplicable ;
; GPIO[12]           ; Pass      ; Inapplicable ; Pass      ; Inapplicable ; Inapplicable ; Pass      ; Pass      ; Inapplicable ; Pass      ; Pass      ; Inapplicable ; Inapplicable ; Inapplicable ; Inapplicable ; Pass      ; Inapplicable ; Inapplicable ; Pass      ; Inapplicable ; Inapplicable ; Pass         ; Inapplicable ; Inapplicable ; Inapplicable ; Inapplicable ; Inapplicable ; Inapplicable ; Pass      ; Inapplicable ; Inapplicable ;
; GPIO[13]           ; Pass      ; Inapplicable ; Pass      ; Inapplicable ; Inapplicable ; Pass      ; Pass      ; Inapplicable ; Pass      ; Pass      ; Inapplicable ; Inapplicable ; Inapplicable ; Inapplicable ; Pass      ; Inapplicable ; Inapplicable ; Pass      ; Inapplicable ; Inapplicable ; Pass         ; Inapplicable ; Inapplicable ; Inapplicable ; Inapplicable ; Inapplicable ; Inapplicable ; Pass      ; Inapplicable ; Inapplicable ;
; GPIO[14]           ; Pass      ; Inapplicable ; Pass      ; Inapplicable ; Inapplicable ; Pass      ; Pass      ; Inapplicable ; Pass      ; Pass      ; Inapplicable ; Inapplicable ; Inapplicable ; Inapplicable ; Pass      ; Inapplicable ; Inapplicable ; Pass      ; Inapplicable ; Inapplicable ; Pass         ; Inapplicable ; Inapplicable ; Inapplicable ; Inapplicable ; Inapplicable ; Inapplicable ; Pass      ; Inapplicable ; Inapplicable ;
; GPIO[15]           ; Pass      ; Inapplicable ; Pass      ; Inapplicable ; Inapplicable ; Pass      ; Pass      ; Inapplicable ; Pass      ; Pass      ; Inapplicable ; Inapplicable ; Inapplicable ; Inapplicable ; Pass      ; Inapplicable ; Inapplicable ; Pass      ; Inapplicable ; Inapplicable ; Pass         ; Inapplicable ; Inapplicable ; Inapplicable ; Inapplicable ; Inapplicable ; Inapplicable ; Pass      ; Inapplicable ; Inapplicable ;
; GPIO[16]           ; Pass      ; Inapplicable ; Pass      ; Inapplicable ; Inapplicable ; Pass      ; Pass      ; Inapplicable ; Pass      ; Pass      ; Inapplicable ; Inapplicable ; Inapplicable ; Inapplicable ; Pass      ; Inapplicable ; Inapplicable ; Pass      ; Inapplicable ; Inapplicable ; Pass         ; Inapplicable ; Inapplicable ; Inapplicable ; Inapplicable ; Inapplicable ; Inapplicable ; Pass      ; Inapplicable ; Inapplicable ;
; GPIO[17]           ; Pass      ; Inapplicable ; Pass      ; Inapplicable ; Inapplicable ; Pass      ; Pass      ; Inapplicable ; Pass      ; Pass      ; Inapplicable ; Inapplicable ; Inapplicable ; Inapplicable ; Pass      ; Inapplicable ; Inapplicable ; Pass      ; Inapplicable ; Inapplicable ; Pass         ; Inapplicable ; Inapplicable ; Inapplicable ; Inapplicable ; Inapplicable ; Inapplicable ; Pass      ; Inapplicable ; Inapplicable ;
; GPIO[18]           ; Pass      ; Inapplicable ; Pass      ; Inapplicable ; Inapplicable ; Pass      ; Pass      ; Inapplicable ; Pass      ; Pass      ; Inapplicable ; Inapplicable ; Inapplicable ; Inapplicable ; Pass      ; Inapplicable ; Inapplicable ; Pass      ; Inapplicable ; Inapplicable ; Pass         ; Inapplicable ; Inapplicable ; Inapplicable ; Inapplicable ; Inapplicable ; Inapplicable ; Pass      ; Inapplicable ; Inapplicable ;
; GPIO[19]           ; Pass      ; Inapplicable ; Pass      ; Inapplicable ; Inapplicable ; Pass      ; Pass      ; Inapplicable ; Pass      ; Pass      ; Inapplicable ; Inapplicable ; Inapplicable ; Inapplicable ; Pass      ; Inapplicable ; Inapplicable ; Pass      ; Inapplicable ; Inapplicable ; Pass         ; Inapplicable ; Inapplicable ; Inapplicable ; Inapplicable ; Inapplicable ; Inapplicable ; Pass      ; Inapplicable ; Inapplicable ;
; GPIO[20]           ; Pass      ; Inapplicable ; Pass      ; Inapplicable ; Inapplicable ; Pass      ; Pass      ; Inapplicable ; Pass      ; Pass      ; Inapplicable ; Inapplicable ; Inapplicable ; Inapplicable ; Pass      ; Inapplicable ; Inapplicable ; Pass      ; Inapplicable ; Inapplicable ; Pass         ; Inapplicable ; Inapplicable ; Inapplicable ; Inapplicable ; Inapplicable ; Inapplicable ; Pass      ; Inapplicable ; Inapplicable ;
; GPIO[21]           ; Pass      ; Inapplicable ; Pass      ; Inapplicable ; Inapplicable ; Pass      ; Pass      ; Inapplicable ; Pass      ; Pass      ; Inapplicable ; Inapplicable ; Inapplicable ; Inapplicable ; Pass      ; Inapplicable ; Inapplicable ; Pass      ; Inapplicable ; Inapplicable ; Pass         ; Inapplicable ; Inapplicable ; Inapplicable ; Inapplicable ; Inapplicable ; Inapplicable ; Pass      ; Inapplicable ; Inapplicable ;
; GPIO[22]           ; Pass      ; Inapplicable ; Pass      ; Inapplicable ; Inapplicable ; Pass      ; Pass      ; Inapplicable ; Pass      ; Pass      ; Inapplicable ; Inapplicable ; Inapplicable ; Inapplicable ; Pass      ; Inapplicable ; Inapplicable ; Pass      ; Inapplicable ; Inapplicable ; Pass         ; Inapplicable ; Inapplicable ; Inapplicable ; Inapplicable ; Inapplicable ; Inapplicable ; Pass      ; Inapplicable ; Inapplicable ;
; GPIO[23]           ; Pass      ; Inapplicable ; Pass      ; Inapplicable ; Inapplicable ; Pass      ; Pass      ; Inapplicable ; Pass      ; Pass      ; Inapplicable ; Inapplicable ; Inapplicable ; Inapplicable ; Pass      ; Inapplicable ; Inapplicable ; Pass      ; Inapplicable ; Inapplicable ; Pass         ; Inapplicable ; Inapplicable ; Inapplicable ; Inapplicable ; Inapplicable ; Inapplicable ; Pass      ; Inapplicable ; Inapplicable ;
; GPIO[24]           ; Pass      ; Inapplicable ; Pass      ; Inapplicable ; Inapplicable ; Pass      ; Pass      ; Inapplicable ; Pass      ; Pass      ; Inapplicable ; Inapplicable ; Inapplicable ; Inapplicable ; Pass      ; Inapplicable ; Inapplicable ; Pass      ; Inapplicable ; Inapplicable ; Pass         ; Inapplicable ; Inapplicable ; Inapplicable ; Inapplicable ; Inapplicable ; Inapplicable ; Pass      ; Inapplicable ; Inapplicable ;
; GPIO[25]           ; Pass      ; Inapplicable ; Pass      ; Inapplicable ; Inapplicable ; Pass      ; Pass      ; Inapplicable ; Pass      ; Pass      ; Inapplicable ; Inapplicable ; Inapplicable ; Inapplicable ; Pass      ; Inapplicable ; Inapplicable ; Pass      ; Inapplicable ; Inapplicable ; Pass         ; Inapplicable ; Inapplicable ; Inapplicable ; Inapplicable ; Inapplicable ; Inapplicable ; Pass      ; Inapplicable ; Inapplicable ;
; GPIO[26]           ; Pass      ; Inapplicable ; Pass      ; Inapplicable ; Inapplicable ; Pass      ; Pass      ; Inapplicable ; Pass      ; Pass      ; Inapplicable ; Inapplicable ; Inapplicable ; Inapplicable ; Pass      ; Inapplicable ; Inapplicable ; Pass      ; Inapplicable ; Inapplicable ; Pass         ; Inapplicable ; Inapplicable ; Inapplicable ; Inapplicable ; Inapplicable ; Inapplicable ; Pass      ; Inapplicable ; Inapplicable ;
; GPIO[27]           ; Pass      ; Inapplicable ; Pass      ; Inapplicable ; Inapplicable ; Pass      ; Pass      ; Inapplicable ; Pass      ; Pass      ; Inapplicable ; Inapplicable ; Inapplicable ; Inapplicable ; Pass      ; Inapplicable ; Inapplicable ; Pass      ; Inapplicable ; Inapplicable ; Pass         ; Inapplicable ; Inapplicable ; Inapplicable ; Inapplicable ; Inapplicable ; Inapplicable ; Pass      ; Inapplicable ; Inapplicable ;
; GPIO[28]           ; Pass      ; Inapplicable ; Pass      ; Inapplicable ; Inapplicable ; Pass      ; Pass      ; Inapplicable ; Pass      ; Pass      ; Inapplicable ; Inapplicable ; Inapplicable ; Inapplicable ; Pass      ; Inapplicable ; Inapplicable ; Pass      ; Inapplicable ; Inapplicable ; Pass         ; Inapplicable ; Inapplicable ; Inapplicable ; Inapplicable ; Inapplicable ; Inapplicable ; Pass      ; Inapplicable ; Inapplicable ;
; GPIO[29]           ; Pass      ; Inapplicable ; Pass      ; Inapplicable ; Inapplicable ; Pass      ; Pass      ; Inapplicable ; Pass      ; Pass      ; Inapplicable ; Inapplicable ; Inapplicable ; Inapplicable ; Pass      ; Inapplicable ; Inapplicable ; Pass      ; Inapplicable ; Inapplicable ; Pass         ; Inapplicable ; Inapplicable ; Inapplicable ; Inapplicable ; Inapplicable ; Inapplicable ; Pass      ; Inapplicable ; Inapplicable ;
; GPIO[30]           ; Pass      ; Inapplicable ; Pass      ; Inapplicable ; Inapplicable ; Pass      ; Pass      ; Inapplicable ; Pass      ; Pass      ; Inapplicable ; Inapplicable ; Inapplicable ; Inapplicable ; Pass      ; Inapplicable ; Inapplicable ; Pass      ; Inapplicable ; Inapplicable ; Pass         ; Inapplicable ; Inapplicable ; Inapplicable ; Inapplicable ; Inapplicable ; Inapplicable ; Pass      ; Inapplicable ; Inapplicable ;
; GPIO[31]           ; Pass      ; Inapplicable ; Pass      ; Inapplicable ; Inapplicable ; Pass      ; Pass      ; Inapplicable ; Pass      ; Pass      ; Inapplicable ; Inapplicable ; Inapplicable ; Inapplicable ; Pass      ; Inapplicable ; Inapplicable ; Pass      ; Inapplicable ; Inapplicable ; Pass         ; Inapplicable ; Inapplicable ; Inapplicable ; Inapplicable ; Inapplicable ; Inapplicable ; Pass      ; Inapplicable ; Inapplicable ;
; GPIO[32]           ; Pass      ; Inapplicable ; Pass      ; Inapplicable ; Inapplicable ; Pass      ; Pass      ; Inapplicable ; Pass      ; Pass      ; Inapplicable ; Inapplicable ; Inapplicable ; Inapplicable ; Pass      ; Inapplicable ; Inapplicable ; Pass      ; Inapplicable ; Inapplicable ; Pass         ; Inapplicable ; Inapplicable ; Inapplicable ; Inapplicable ; Inapplicable ; Inapplicable ; Pass      ; Inapplicable ; Inapplicable ;
; GPIO[33]           ; Pass      ; Inapplicable ; Pass      ; Inapplicable ; Inapplicable ; Pass      ; Pass      ; Inapplicable ; Pass      ; Pass      ; Inapplicable ; Inapplicable ; Inapplicable ; Inapplicable ; Pass      ; Inapplicable ; Inapplicable ; Pass      ; Inapplicable ; Inapplicable ; Pass         ; Inapplicable ; Inapplicable ; Inapplicable ; Inapplicable ; Inapplicable ; Inapplicable ; Pass      ; Inapplicable ; Inapplicable ;
; GPIO[34]           ; Pass      ; Inapplicable ; Pass      ; Inapplicable ; Inapplicable ; Pass      ; Pass      ; Inapplicable ; Pass      ; Pass      ; Inapplicable ; Inapplicable ; Inapplicable ; Inapplicable ; Pass      ; Inapplicable ; Inapplicable ; Pass      ; Inapplicable ; Inapplicable ; Pass         ; Inapplicable ; Inapplicable ; Inapplicable ; Inapplicable ; Inapplicable ; Inapplicable ; Pass      ; Inapplicable ; Inapplicable ;
; GPIO[35]           ; Pass      ; Inapplicable ; Pass      ; Inapplicable ; Inapplicable ; Pass      ; Pass      ; Inapplicable ; Pass      ; Pass      ; Inapplicable ; Inapplicable ; Inapplicable ; Inapplicable ; Pass      ; Inapplicable ; Inapplicable ; Pass      ; Inapplicable ; Inapplicable ; Pass         ; Inapplicable ; Inapplicable ; Inapplicable ; Inapplicable ; Inapplicable ; Inapplicable ; Pass      ; Inapplicable ; Inapplicable ;
; GPIO[1]            ; Pass      ; Inapplicable ; Pass      ; Inapplicable ; Inapplicable ; Pass      ; Pass      ; Inapplicable ; Pass      ; Pass      ; Inapplicable ; Inapplicable ; Inapplicable ; Inapplicable ; Pass      ; Inapplicable ; Inapplicable ; Pass      ; Inapplicable ; Inapplicable ; Inapplicable ; Inapplicable ; Inapplicable ; Inapplicable ; Inapplicable ; Inapplicable ; Inapplicable ; Pass      ; Inapplicable ; Inapplicable ;
; KEY[0]             ; Pass      ; Inapplicable ; Pass      ; Inapplicable ; Inapplicable ; Pass      ; Pass      ; Inapplicable ; Pass      ; Pass      ; Inapplicable ; Inapplicable ; Inapplicable ; Inapplicable ; Pass      ; Inapplicable ; Inapplicable ; Pass      ; Inapplicable ; Inapplicable ; Inapplicable ; Inapplicable ; Inapplicable ; Inapplicable ; Inapplicable ; Inapplicable ; Inapplicable ; Pass      ; Inapplicable ; Inapplicable ;
; MAX10_CLK1_50      ; Pass      ; Inapplicable ; Pass      ; Inapplicable ; Inapplicable ; Pass      ; Pass      ; Inapplicable ; Pass      ; Pass      ; Inapplicable ; Inapplicable ; Inapplicable ; Inapplicable ; Pass      ; Inapplicable ; Inapplicable ; Pass      ; Inapplicable ; Inapplicable ; Inapplicable ; Inapplicable ; Inapplicable ; Inapplicable ; Inapplicable ; Inapplicable ; Inapplicable ; Pass      ; Inapplicable ; Inapplicable ;
+--------------------+-----------+--------------+-----------+--------------+--------------+-----------+-----------+--------------+-----------+-----------+--------------+--------------+--------------+--------------+-----------+--------------+--------------+-----------+--------------+--------------+--------------+--------------+--------------+--------------+--------------+--------------+--------------+-----------+--------------+--------------+


+-------------------------------------------------------------------------------------------+
; Fitter Device Options                                                                     ;
+------------------------------------------------------------------+------------------------+
; Option                                                           ; Setting                ;
+------------------------------------------------------------------+------------------------+
; Enable user-supplied start-up clock (CLKUSR)                     ; Off                    ;
; Enable device-wide reset (DEV_CLRn)                              ; Off                    ;
; Enable device-wide output enable (DEV_OE)                        ; Off                    ;
; Enable INIT_DONE output                                          ; Off                    ;
; Configuration scheme                                             ; Internal Configuration ;
; Enable Error Detection CRC_ERROR pin                             ; Off                    ;
; Enable open drain on CRC_ERROR pin                               ; Off                    ;
; Enable nCONFIG, nSTATUS, and CONF_DONE pins                      ; On                     ;
; Enable JTAG pin sharing                                          ; Off                    ;
; Enable nCE pin                                                   ; Off                    ;
; Enable CONFIG_SEL pin                                            ; On                     ;
; Enable input tri-state on active configuration pins in user mode ; Off                    ;
; Configuration Voltage Level                                      ; Auto                   ;
; Force Configuration Voltage Level                                ; Off                    ;
; Data[0]                                                          ; Unreserved             ;
; Data[1]/ASDO                                                     ; Unreserved             ;
; FLASH_nCE/nCSO                                                   ; Unreserved             ;
; DCLK                                                             ; Unreserved             ;
+------------------------------------------------------------------+------------------------+


+------------------------------------+
; Operating Settings and Conditions  ;
+---------------------------+--------+
; Setting                   ; Value  ;
+---------------------------+--------+
; Nominal Core Voltage      ; 1.20 V ;
; Low Junction Temperature  ; 0 °C   ;
; High Junction Temperature ; 85 °C  ;
+---------------------------+--------+


+------------------------------------------------------------+
; Estimated Delay Added for Hold Timing Summary              ;
+-----------------+----------------------+-------------------+
; Source Clock(s) ; Destination Clock(s) ; Delay Added in ns ;
+-----------------+----------------------+-------------------+
; MAX10_CLK1_50   ; MAX10_CLK1_50        ; 9.0               ;
+-----------------+----------------------+-------------------+
Note: For more information on problematic transfers, consider running the Fitter again with the Optimize hold timing option (Settings Menu) turned off.
This will disable optimization of problematic paths and expose them for further analysis using the Timing Analyzer.


+---------------------------------------------------------------------------------------------------------------------------------------------------------------------------------------------------------------------------------------------------------------------------------------------------------------------------------------------------------------------------------------------------------------------------------------------------------------------------------------------------------------------------------------+
; Estimated Delay Added for Hold Timing Details                                                                                                                                                                                                                                                                                                                                                                                                                                                                                         ;
+--------------------------------------------------------------------------------------------------------------------------------------------------------------------------------------------------------------------------------------------+----------------------------------------------------------------------------------------------------------------------------------------------------------------------------------------------------------------------------------------------------------------------+-------------------+
; Source Register                                                                                                                                                                                                                            ; Destination Register                                                                                                                                                                                                                                                 ; Delay Added in ns ;
+--------------------------------------------------------------------------------------------------------------------------------------------------------------------------------------------------------------------------------------------+----------------------------------------------------------------------------------------------------------------------------------------------------------------------------------------------------------------------------------------------------------------------+-------------------+
; execute:EXECUTE|q_2_out[1]                                                                                                                                                                                                                 ; memory:MEMORY|my_ram:RAM|altsyncram:altsyncram_component|altsyncram_29s3:auto_generated|ram_block1a1~porta_datain_reg0                                                                                                                                               ; 0.364             ;
; execute:EXECUTE|q_2_out[3]                                                                                                                                                                                                                 ; memory:MEMORY|my_ram:RAM|altsyncram:altsyncram_component|altsyncram_29s3:auto_generated|ram_block1a3~porta_datain_reg0                                                                                                                                               ; 0.364             ;
; execute:EXECUTE|q_2_out[27]                                                                                                                                                                                                                ; memory:MEMORY|my_ram:RAM|altsyncram:altsyncram_component|altsyncram_29s3:auto_generated|ram_block1a27~porta_datain_reg0                                                                                                                                              ; 0.364             ;
; print_FSM:FSM|fifo_word:FIFO1|scfifo:scfifo_component|scfifo_4k51:auto_generated|a_dpfifo_jj21:dpfifo|cntr_p2b:wr_ptr|counter_reg_bit[6]                                                                                                   ; print_FSM:FSM|fifo_word:FIFO1|scfifo:scfifo_component|scfifo_4k51:auto_generated|a_dpfifo_jj21:dpfifo|altsyncram_o2m1:FIFOram|ram_block1a12~porta_address_reg0                                                                                                       ; 0.350             ;
; print_FSM:FSM|fifo_word:FIFO1|scfifo:scfifo_component|scfifo_4k51:auto_generated|a_dpfifo_jj21:dpfifo|cntr_p2b:wr_ptr|counter_reg_bit[5]                                                                                                   ; print_FSM:FSM|fifo_word:FIFO1|scfifo:scfifo_component|scfifo_4k51:auto_generated|a_dpfifo_jj21:dpfifo|altsyncram_o2m1:FIFOram|ram_block1a12~porta_address_reg0                                                                                                       ; 0.350             ;
; print_FSM:FSM|fifo_word:FIFO1|scfifo:scfifo_component|scfifo_4k51:auto_generated|a_dpfifo_jj21:dpfifo|cntr_p2b:wr_ptr|counter_reg_bit[4]                                                                                                   ; print_FSM:FSM|fifo_word:FIFO1|scfifo:scfifo_component|scfifo_4k51:auto_generated|a_dpfifo_jj21:dpfifo|altsyncram_o2m1:FIFOram|ram_block1a12~porta_address_reg0                                                                                                       ; 0.350             ;
; print_FSM:FSM|fifo_word:FIFO1|scfifo:scfifo_component|scfifo_4k51:auto_generated|a_dpfifo_jj21:dpfifo|cntr_p2b:wr_ptr|counter_reg_bit[3]                                                                                                   ; print_FSM:FSM|fifo_word:FIFO1|scfifo:scfifo_component|scfifo_4k51:auto_generated|a_dpfifo_jj21:dpfifo|altsyncram_o2m1:FIFOram|ram_block1a12~porta_address_reg0                                                                                                       ; 0.350             ;
; print_FSM:FSM|fifo_word:FIFO1|scfifo:scfifo_component|scfifo_4k51:auto_generated|a_dpfifo_jj21:dpfifo|cntr_p2b:wr_ptr|counter_reg_bit[2]                                                                                                   ; print_FSM:FSM|fifo_word:FIFO1|scfifo:scfifo_component|scfifo_4k51:auto_generated|a_dpfifo_jj21:dpfifo|altsyncram_o2m1:FIFOram|ram_block1a12~porta_address_reg0                                                                                                       ; 0.350             ;
; print_FSM:FSM|fifo_word:FIFO1|scfifo:scfifo_component|scfifo_4k51:auto_generated|a_dpfifo_jj21:dpfifo|cntr_p2b:wr_ptr|counter_reg_bit[1]                                                                                                   ; print_FSM:FSM|fifo_word:FIFO1|scfifo:scfifo_component|scfifo_4k51:auto_generated|a_dpfifo_jj21:dpfifo|altsyncram_o2m1:FIFOram|ram_block1a12~porta_address_reg0                                                                                                       ; 0.350             ;
; print_FSM:FSM|fifo_word:FIFO1|scfifo:scfifo_component|scfifo_4k51:auto_generated|a_dpfifo_jj21:dpfifo|cntr_p2b:wr_ptr|counter_reg_bit[7]                                                                                                   ; print_FSM:FSM|fifo_word:FIFO1|scfifo:scfifo_component|scfifo_4k51:auto_generated|a_dpfifo_jj21:dpfifo|altsyncram_o2m1:FIFOram|ram_block1a12~porta_address_reg0                                                                                                       ; 0.350             ;
; print_FSM:FSM|fifo_word:FIFO1|scfifo:scfifo_component|scfifo_4k51:auto_generated|a_dpfifo_jj21:dpfifo|cntr_p2b:rd_ptr_count|counter_reg_bit[6]                                                                                             ; print_FSM:FSM|fifo_word:FIFO1|scfifo:scfifo_component|scfifo_4k51:auto_generated|a_dpfifo_jj21:dpfifo|altsyncram_o2m1:FIFOram|ram_block1a35~portb_address_reg0                                                                                                       ; 0.323             ;
; print_FSM:FSM|fifo_word:FIFO1|scfifo:scfifo_component|scfifo_4k51:auto_generated|a_dpfifo_jj21:dpfifo|cntr_p2b:rd_ptr_count|counter_reg_bit[5]                                                                                             ; print_FSM:FSM|fifo_word:FIFO1|scfifo:scfifo_component|scfifo_4k51:auto_generated|a_dpfifo_jj21:dpfifo|altsyncram_o2m1:FIFOram|ram_block1a35~portb_address_reg0                                                                                                       ; 0.323             ;
; print_FSM:FSM|fifo_word:FIFO1|scfifo:scfifo_component|scfifo_4k51:auto_generated|a_dpfifo_jj21:dpfifo|cntr_p2b:rd_ptr_count|counter_reg_bit[4]                                                                                             ; print_FSM:FSM|fifo_word:FIFO1|scfifo:scfifo_component|scfifo_4k51:auto_generated|a_dpfifo_jj21:dpfifo|altsyncram_o2m1:FIFOram|ram_block1a35~portb_address_reg0                                                                                                       ; 0.323             ;
; print_FSM:FSM|fifo_word:FIFO1|scfifo:scfifo_component|scfifo_4k51:auto_generated|a_dpfifo_jj21:dpfifo|cntr_p2b:rd_ptr_count|counter_reg_bit[3]                                                                                             ; print_FSM:FSM|fifo_word:FIFO1|scfifo:scfifo_component|scfifo_4k51:auto_generated|a_dpfifo_jj21:dpfifo|altsyncram_o2m1:FIFOram|ram_block1a35~portb_address_reg0                                                                                                       ; 0.323             ;
; print_FSM:FSM|fifo_word:FIFO1|scfifo:scfifo_component|scfifo_4k51:auto_generated|a_dpfifo_jj21:dpfifo|cntr_p2b:rd_ptr_count|counter_reg_bit[2]                                                                                             ; print_FSM:FSM|fifo_word:FIFO1|scfifo:scfifo_component|scfifo_4k51:auto_generated|a_dpfifo_jj21:dpfifo|altsyncram_o2m1:FIFOram|ram_block1a35~portb_address_reg0                                                                                                       ; 0.323             ;
; print_FSM:FSM|fifo_word:FIFO1|scfifo:scfifo_component|scfifo_4k51:auto_generated|a_dpfifo_jj21:dpfifo|cntr_p2b:rd_ptr_count|counter_reg_bit[1]                                                                                             ; print_FSM:FSM|fifo_word:FIFO1|scfifo:scfifo_component|scfifo_4k51:auto_generated|a_dpfifo_jj21:dpfifo|altsyncram_o2m1:FIFOram|ram_block1a35~portb_address_reg0                                                                                                       ; 0.323             ;
; print_FSM:FSM|fifo_word:FIFO1|scfifo:scfifo_component|scfifo_4k51:auto_generated|a_dpfifo_jj21:dpfifo|cntr_p2b:rd_ptr_count|counter_reg_bit[7]                                                                                             ; print_FSM:FSM|fifo_word:FIFO1|scfifo:scfifo_component|scfifo_4k51:auto_generated|a_dpfifo_jj21:dpfifo|altsyncram_o2m1:FIFOram|ram_block1a35~portb_address_reg0                                                                                                       ; 0.323             ;
; print_FSM:FSM|fifo_word:FIFO1|scfifo:scfifo_component|scfifo_4k51:auto_generated|a_dpfifo_jj21:dpfifo|cntr_p2b:wr_ptr|counter_reg_bit[0]                                                                                                   ; print_FSM:FSM|fifo_word:FIFO1|scfifo:scfifo_component|scfifo_4k51:auto_generated|a_dpfifo_jj21:dpfifo|altsyncram_o2m1:FIFOram|ram_block1a12~porta_address_reg0                                                                                                       ; 0.205             ;
; print_FSM:FSM|fifo_word:FIFO1|scfifo:scfifo_component|scfifo_4k51:auto_generated|a_dpfifo_jj21:dpfifo|cntr_p2b:rd_ptr_count|counter_reg_bit[0]                                                                                             ; print_FSM:FSM|fifo_word:FIFO1|scfifo:scfifo_component|scfifo_4k51:auto_generated|a_dpfifo_jj21:dpfifo|altsyncram_o2m1:FIFOram|ram_block1a35~portb_address_reg0                                                                                                       ; 0.178             ;
; memory:MEMORY|my_ram:RAM|altsyncram:altsyncram_component|altsyncram_29s3:auto_generated|ram_block1a8~porta_we_reg                                                                                                                          ; decode:DECODE|registers:R|altsyncram:ram_block_rtl_0|altsyncram_23g1:auto_generated|ram_block1a8~porta_datain_reg0                                                                                                                                                   ; 0.158             ;
; memory:MEMORY|alu_result_wb[8]                                                                                                                                                                                                             ; decode:DECODE|registers:R|altsyncram:ram_block_rtl_0|altsyncram_23g1:auto_generated|ram_block1a8~porta_datain_reg0                                                                                                                                                   ; 0.158             ;
; memory:MEMORY|instruction_out[26]                                                                                                                                                                                                          ; decode:DECODE|registers:R|altsyncram:ram_block_rtl_0|altsyncram_23g1:auto_generated|ram_block1a8~porta_datain_reg0                                                                                                                                                   ; 0.158             ;
; memory:MEMORY|instruction_out[29]                                                                                                                                                                                                          ; decode:DECODE|registers:R|altsyncram:ram_block_rtl_0|altsyncram_23g1:auto_generated|ram_block1a8~porta_datain_reg0                                                                                                                                                   ; 0.158             ;
; memory:MEMORY|instruction_out[28]                                                                                                                                                                                                          ; decode:DECODE|registers:R|altsyncram:ram_block_rtl_0|altsyncram_23g1:auto_generated|ram_block1a8~porta_datain_reg0                                                                                                                                                   ; 0.158             ;
; memory:MEMORY|instruction_out[31]                                                                                                                                                                                                          ; decode:DECODE|registers:R|altsyncram:ram_block_rtl_0|altsyncram_23g1:auto_generated|ram_block1a8~porta_datain_reg0                                                                                                                                                   ; 0.158             ;
; memory:MEMORY|instruction_out[30]                                                                                                                                                                                                          ; decode:DECODE|registers:R|altsyncram:ram_block_rtl_0|altsyncram_23g1:auto_generated|ram_block1a8~porta_datain_reg0                                                                                                                                                   ; 0.158             ;
; memory:MEMORY|instruction_out[27]                                                                                                                                                                                                          ; decode:DECODE|registers:R|altsyncram:ram_block_rtl_0|altsyncram_23g1:auto_generated|ram_block1a8~porta_datain_reg0                                                                                                                                                   ; 0.158             ;
; memory:MEMORY|my_ram:RAM|altsyncram:altsyncram_component|altsyncram_29s3:auto_generated|ram_block1a9~porta_we_reg                                                                                                                          ; decode:DECODE|registers:R|altsyncram:ram_block_rtl_1|altsyncram_23g1:auto_generated|ram_block1a9~porta_datain_reg0                                                                                                                                                   ; 0.157             ;
; memory:MEMORY|alu_result_wb[9]                                                                                                                                                                                                             ; decode:DECODE|registers:R|altsyncram:ram_block_rtl_1|altsyncram_23g1:auto_generated|ram_block1a9~porta_datain_reg0                                                                                                                                                   ; 0.157             ;
; execute:EXECUTE|q_2_out[4]                                                                                                                                                                                                                 ; memory:MEMORY|my_ram:RAM|altsyncram:altsyncram_component|altsyncram_29s3:auto_generated|ram_block1a4~porta_datain_reg0                                                                                                                                               ; 0.127             ;
; execute:EXECUTE|q_2_out[26]                                                                                                                                                                                                                ; memory:MEMORY|my_ram:RAM|altsyncram:altsyncram_component|altsyncram_29s3:auto_generated|ram_block1a26~porta_datain_reg0                                                                                                                                              ; 0.127             ;
; execute:EXECUTE|q_2_out[30]                                                                                                                                                                                                                ; memory:MEMORY|my_ram:RAM|altsyncram:altsyncram_component|altsyncram_29s3:auto_generated|ram_block1a30~porta_datain_reg0                                                                                                                                              ; 0.108             ;
; print_FSM:FSM|diva:DIVIDER|lpm_divide:LPM_DIVIDE_component|lpm_divide_ous:auto_generated|sign_div_unsign_q8i:divider|alt_u_div_d6f:divider|altshift_taps:DFFQuotient_rtl_0|shift_taps_53o:auto_generated|dffe3a[0]                         ; print_FSM:FSM|diva:DIVIDER|lpm_divide:LPM_DIVIDE_component|lpm_divide_ous:auto_generated|sign_div_unsign_q8i:divider|alt_u_div_d6f:divider|altshift_taps:DFFQuotient_rtl_0|shift_taps_53o:auto_generated|altsyncram_pv21:altsyncram4|ram_block5a7~portb_address_reg0 ; 0.107             ;
; print_FSM:FSM|fifo_char:FIFO2|dcfifo:dcfifo_component|dcfifo_f1f1:auto_generated|a_graycounter_dgb:wrptr_g1p|counter8a7                                                                                                                    ; print_FSM:FSM|fifo_char:FIFO2|dcfifo:dcfifo_component|dcfifo_f1f1:auto_generated|a_graycounter_dgb:wrptr_g1p|sub_parity10a[1]                                                                                                                                        ; 0.102             ;
; print_FSM:FSM|diva:DIVIDER|lpm_divide:LPM_DIVIDE_component|lpm_divide_ous:auto_generated|sign_div_unsign_q8i:divider|alt_u_div_d6f:divider|altshift_taps:DFFQuotient_rtl_0|shift_taps_53o:auto_generated|cntr_s3f:cntr1|counter_reg_bit[1] ; print_FSM:FSM|diva:DIVIDER|lpm_divide:LPM_DIVIDE_component|lpm_divide_ous:auto_generated|sign_div_unsign_q8i:divider|alt_u_div_d6f:divider|altshift_taps:DFFQuotient_rtl_0|shift_taps_53o:auto_generated|altsyncram_pv21:altsyncram4|ram_block5a7~porta_address_reg0 ; 0.097             ;
; print_FSM:FSM|fifo_char:FIFO2|dcfifo:dcfifo_component|dcfifo_f1f1:auto_generated|a_graycounter_dgb:wrptr_g1p|counter8a6                                                                                                                    ; print_FSM:FSM|fifo_char:FIFO2|dcfifo:dcfifo_component|dcfifo_f1f1:auto_generated|a_graycounter_dgb:wrptr_g1p|sub_parity10a[1]                                                                                                                                        ; 0.095             ;
; print_FSM:FSM|fifo_char:FIFO2|dcfifo:dcfifo_component|dcfifo_f1f1:auto_generated|a_graycounter_dgb:wrptr_g1p|counter8a2                                                                                                                    ; print_FSM:FSM|fifo_char:FIFO2|dcfifo:dcfifo_component|dcfifo_f1f1:auto_generated|a_graycounter_dgb:wrptr_g1p|sub_parity10a[0]                                                                                                                                        ; 0.095             ;
; execute:EXECUTE|ALU:ALU|alu_result[9]                                                                                                                                                                                                      ; memory:MEMORY|my_ram:RAM|altsyncram:altsyncram_component|altsyncram_29s3:auto_generated|ram_block1a6~porta_address_reg0                                                                                                                                              ; 0.091             ;
; execute:EXECUTE|ALU:ALU|alu_result[8]                                                                                                                                                                                                      ; memory:MEMORY|my_ram:RAM|altsyncram:altsyncram_component|altsyncram_29s3:auto_generated|ram_block1a6~porta_address_reg0                                                                                                                                              ; 0.090             ;
; print_FSM:FSM|fifo_char:FIFO2|dcfifo:dcfifo_component|dcfifo_f1f1:auto_generated|a_graycounter_dgb:wrptr_g1p|counter8a1                                                                                                                    ; print_FSM:FSM|fifo_char:FIFO2|dcfifo:dcfifo_component|dcfifo_f1f1:auto_generated|a_graycounter_dgb:wrptr_g1p|sub_parity10a[0]                                                                                                                                        ; 0.086             ;
; execute:EXECUTE|q_2_out[0]                                                                                                                                                                                                                 ; memory:MEMORY|my_ram:RAM|altsyncram:altsyncram_component|altsyncram_29s3:auto_generated|ram_block1a0~porta_datain_reg0                                                                                                                                               ; 0.085             ;
; execute:EXECUTE|q_2_out[25]                                                                                                                                                                                                                ; memory:MEMORY|my_ram:RAM|altsyncram:altsyncram_component|altsyncram_29s3:auto_generated|ram_block1a25~porta_datain_reg0                                                                                                                                              ; 0.085             ;
; execute:EXECUTE|q_2_out[13]                                                                                                                                                                                                                ; memory:MEMORY|my_ram:RAM|altsyncram:altsyncram_component|altsyncram_29s3:auto_generated|ram_block1a13~porta_datain_reg0                                                                                                                                              ; 0.083             ;
; print_FSM:FSM|fifo_word:FIFO1|scfifo:scfifo_component|scfifo_4k51:auto_generated|a_dpfifo_jj21:dpfifo|a_fefifo_08f:fifo_state|b_full                                                                                                       ; print_FSM:FSM|wrreq_word                                                                                                                                                                                                                                             ; 0.071             ;
; execute:EXECUTE|q_2_out[29]                                                                                                                                                                                                                ; memory:MEMORY|my_ram:RAM|altsyncram:altsyncram_component|altsyncram_29s3:auto_generated|ram_block1a29~porta_datain_reg0                                                                                                                                              ; 0.068             ;
; execute:EXECUTE|q_2_out[16]                                                                                                                                                                                                                ; memory:MEMORY|my_ram:RAM|altsyncram:altsyncram_component|altsyncram_29s3:auto_generated|ram_block1a16~porta_datain_reg0                                                                                                                                              ; 0.068             ;
; execute:EXECUTE|q_2_out[22]                                                                                                                                                                                                                ; memory:MEMORY|my_ram:RAM|altsyncram:altsyncram_component|altsyncram_29s3:auto_generated|ram_block1a22~porta_datain_reg0                                                                                                                                              ; 0.068             ;
; execute:EXECUTE|q_2_out[24]                                                                                                                                                                                                                ; memory:MEMORY|my_ram:RAM|altsyncram:altsyncram_component|altsyncram_29s3:auto_generated|ram_block1a24~porta_datain_reg0                                                                                                                                              ; 0.068             ;
; execute:EXECUTE|q_2_out[8]                                                                                                                                                                                                                 ; memory:MEMORY|my_ram:RAM|altsyncram:altsyncram_component|altsyncram_29s3:auto_generated|ram_block1a8~porta_datain_reg0                                                                                                                                               ; 0.057             ;
; execute:EXECUTE|q_2_out[21]                                                                                                                                                                                                                ; memory:MEMORY|my_ram:RAM|altsyncram:altsyncram_component|altsyncram_29s3:auto_generated|ram_block1a21~porta_datain_reg0                                                                                                                                              ; 0.056             ;
; execute:EXECUTE|q_2_out[9]                                                                                                                                                                                                                 ; memory:MEMORY|my_ram:RAM|altsyncram:altsyncram_component|altsyncram_29s3:auto_generated|ram_block1a9~porta_datain_reg0                                                                                                                                               ; 0.045             ;
; execute:EXECUTE|q_2_out[2]                                                                                                                                                                                                                 ; memory:MEMORY|my_ram:RAM|altsyncram:altsyncram_component|altsyncram_29s3:auto_generated|ram_block1a2~porta_datain_reg0                                                                                                                                               ; 0.044             ;
; execute:EXECUTE|q_2_out[19]                                                                                                                                                                                                                ; memory:MEMORY|my_ram:RAM|altsyncram:altsyncram_component|altsyncram_29s3:auto_generated|ram_block1a19~porta_datain_reg0                                                                                                                                              ; 0.044             ;
; execute:EXECUTE|q_2_out[17]                                                                                                                                                                                                                ; memory:MEMORY|my_ram:RAM|altsyncram:altsyncram_component|altsyncram_29s3:auto_generated|ram_block1a17~porta_datain_reg0                                                                                                                                              ; 0.044             ;
; execute:EXECUTE|q_2_out[5]                                                                                                                                                                                                                 ; memory:MEMORY|my_ram:RAM|altsyncram:altsyncram_component|altsyncram_29s3:auto_generated|ram_block1a5~porta_datain_reg0                                                                                                                                               ; 0.040             ;
; decode:DECODE|instruction_out[22]                                                                                                                                                                                                          ; execute:EXECUTE|instruction_out[22]                                                                                                                                                                                                                                  ; 0.040             ;
; execute:EXECUTE|q_2_out[31]                                                                                                                                                                                                                ; memory:MEMORY|my_ram:RAM|altsyncram:altsyncram_component|altsyncram_29s3:auto_generated|ram_block1a31~porta_datain_reg0                                                                                                                                              ; 0.035             ;
; memory:MEMORY|my_ram:RAM|altsyncram:altsyncram_component|altsyncram_29s3:auto_generated|ram_block1a5~porta_we_reg                                                                                                                          ; decode:DECODE|registers:R|altsyncram:ram_block_rtl_0|altsyncram_23g1:auto_generated|ram_block1a5~porta_datain_reg0                                                                                                                                                   ; 0.011             ;
; memory:MEMORY|alu_result_wb[5]                                                                                                                                                                                                             ; decode:DECODE|registers:R|altsyncram:ram_block_rtl_0|altsyncram_23g1:auto_generated|ram_block1a5~porta_datain_reg0                                                                                                                                                   ; 0.011             ;
; memory:MEMORY|my_ram:RAM|altsyncram:altsyncram_component|altsyncram_29s3:auto_generated|ram_block1a31~porta_we_reg                                                                                                                         ; decode:DECODE|registers:R|altsyncram:ram_block_rtl_1|altsyncram_23g1:auto_generated|ram_block1a31~porta_datain_reg0                                                                                                                                                  ; 0.010             ;
; memory:MEMORY|alu_result_wb[31]                                                                                                                                                                                                            ; decode:DECODE|registers:R|altsyncram:ram_block_rtl_1|altsyncram_23g1:auto_generated|ram_block1a31~porta_datain_reg0                                                                                                                                                  ; 0.010             ;
+--------------------------------------------------------------------------------------------------------------------------------------------------------------------------------------------------------------------------------------------+----------------------------------------------------------------------------------------------------------------------------------------------------------------------------------------------------------------------------------------------------------------------+-------------------+
Note: This table only shows the top 61 path(s) that have the largest delay added for hold.


+-----------------+
; Fitter Messages ;
+-----------------+
Warning (18236): Number of processors has not been specified which may cause overloading on shared machines.  Set the global assignment NUM_PARALLEL_PROCESSORS in your QSF to an appropriate value for best performance.
Info (20030): Parallel compilation is enabled and will use 14 of the 14 processors detected
Info (119006): Selected device 10M50DAF484C7G for design "DLX"
Info (21077): Low junction temperature is 0 degrees C
Info (21077): High junction temperature is 85 degrees C
Warning (15564): Compensate clock of PLL "pll:PLLTX|altpll:altpll_component|pll_altpll:auto_generated|pll1" has been set to clock1 File: C:/Users/A02395949/Documents/advanced/ECE_6740/Lab8/db/pll_altpll.v Line: 51
Info (15535): Implemented PLL "pll:PLLTX|altpll:altpll_component|pll_altpll:auto_generated|pll1" as MAX 10 PLL type File: C:/Users/A02395949/Documents/advanced/ECE_6740/Lab8/db/pll_altpll.v Line: 51
    Info (15099): Implementing clock multiplication of 36, clock division of 15625, and phase shift of 0 degrees (0 ps) for pll:PLLTX|altpll:altpll_component|pll_altpll:auto_generated|wire_pll1_clk[1] port File: C:/Users/A02395949/Documents/advanced/ECE_6740/Lab8/db/pll_altpll.v Line: 51
Info (171003): Fitter is performing an Auto Fit compilation, which may decrease Fitter effort to reduce compilation time
Warning (292013): Feature LogicLock is only available with a valid subscription license. You can purchase a software subscription to gain full access to this feature.
Info (176444): Device migration not selected. If you intend to use device migration later, you may need to change the pin assignments as they may be incompatible with other devices
    Info (176445): Device 10M08DAF484I7G is compatible
    Info (176445): Device 10M08DAF484I7P is compatible
    Info (176445): Device 10M16DAF484A7G is compatible
    Info (176445): Device 10M16DAF484C7G is compatible
    Info (176445): Device 10M16DAF484I7G is compatible
    Info (176445): Device 10M16DAF484I7P is compatible
    Info (176445): Device 10M25DAF484A7G is compatible
    Info (176445): Device 10M25DAF484C7G is compatible
    Info (176445): Device 10M25DAF484I7G is compatible
    Info (176445): Device 10M50DAF484I7G is compatible
    Info (176445): Device 10M50DAF484I7P is compatible
    Info (176445): Device 10M40DAF484C7G is compatible
    Info (176445): Device 10M40DAF484I7G is compatible
Info (169124): Fitter converted 8 user pins into dedicated programming pins
    Info (169125): Pin ~ALTERA_TMS~ is reserved at location H2
    Info (169125): Pin ~ALTERA_TCK~ is reserved at location G2
    Info (169125): Pin ~ALTERA_TDI~ is reserved at location L4
    Info (169125): Pin ~ALTERA_TDO~ is reserved at location M5
    Info (169125): Pin ~ALTERA_CONFIG_SEL~ is reserved at location H10
    Info (169125): Pin ~ALTERA_nCONFIG~ is reserved at location H9
    Info (169125): Pin ~ALTERA_nSTATUS~ is reserved at location G9
    Info (169125): Pin ~ALTERA_CONF_DONE~ is reserved at location F8
Info (169141): DATA[0] dual-purpose pin not reserved
Info (12825): Data[1]/ASDO dual-purpose pin not reserved
Info (12825): nCSO dual-purpose pin not reserved
Info (12825): DCLK dual-purpose pin not reserved
Warning (15714): Some pins have incomplete I/O assignments. Refer to the I/O Assignment Warnings report for details
Info (176045): Design uses memory blocks. Violating setup or hold times of memory block address registers for either read or write operations could cause memory contents to be corrupted. Make sure that all memory block address registers meet the setup and hold time requirements.
Info (332164): Evaluating HDL-embedded SDC commands
    Info (332165): Entity dcfifo_f1f1
        Info (332166): set_false_path -from *rdptr_g* -to *ws_dgrp|dffpipe_3v8:dffpipe16|dffe17a* 
        Info (332166): set_false_path -from *delayed_wrptr_g* -to *rs_dgwp|dffpipe_2v8:dffpipe12|dffe13a* 
Info (332104): Reading SDC File: 'DLX.sdc'
Info (332110): Deriving PLL clocks
    Info (332110): create_generated_clock -source {PLLTX|altpll_component|auto_generated|pll1|inclk[0]} -divide_by 15625 -multiply_by 36 -duty_cycle 50.00 -name {PLLTX|altpll_component|auto_generated|pll1|clk[1]} {PLLTX|altpll_component|auto_generated|pll1|clk[1]}
Info (332151): Clock uncertainty is not calculated until you update the timing netlist.
Info (332123): Deriving Clock Uncertainty. Please refer to report_sdc in the Timing Analyzer to see clock uncertainties.
Info (332129): Detected timing requirements -- optimizing circuit to achieve only the specified requirements
Info (332111): Found 4 clocks
    Info (332111):   Period   Clock Name
    Info (332111): ======== ============
    Info (332111):  100.000   ADC_CLK_10
    Info (332111):   20.000 MAX10_CLK1_50
    Info (332111):   20.000 MAX10_CLK2_50
    Info (332111): 8680.555 PLLTX|altpll_component|auto_generated|pll1|clk[1]
Info (176353): Automatically promoted node MAX10_CLK1_50~input (placed in PIN P11 (CLK7p, DIFFIO_TX_RX_B20p, DIFFOUT_B20p, High_Speed)) File: C:/Users/A02395949/Documents/advanced/ECE_6740/Lab8/DLX.vhd Line: 11
    Info (176355): Automatically promoted destinations to use location or clock signal Global Clock CLKCTRL_G18
Info (176353): Automatically promoted node pll:PLLTX|altpll:altpll_component|pll_altpll:auto_generated|wire_pll1_clk[1] (placed in counter C1 of PLL_1) File: C:/Users/A02395949/Documents/advanced/ECE_6740/Lab8/db/pll_altpll.v Line: 93
    Info (176355): Automatically promoted destinations to use location or clock signal Global Clock CLKCTRL_G19
Info (176353): Automatically promoted node rst_l  File: C:/Users/A02395949/Documents/advanced/ECE_6740/Lab8/DLX.vhd Line: 22
    Info (176355): Automatically promoted destinations to use location or clock signal Global Clock
    Info (176356): Following destination nodes may be non-global or may not use global or regional clocks
        Info (176357): Destination node print_FSM:FSM|UART_trans:U|tx File: C:/Users/A02395949/Documents/advanced/ECE_6740/Lab8/UART_trans.vhd Line: 13
        Info (176357): Destination node print_FSM:FSM|UART_trans:U|idle_flag File: C:/Users/A02395949/Documents/advanced/ECE_6740/Lab8/UART_trans.vhd Line: 14
        Info (176357): Destination node print_FSM:FSM|stack~134 File: C:/Users/A02395949/Documents/advanced/ECE_6740/Lab8/print_FSM.vhd Line: 283
        Info (176357): Destination node fetch:FETCH|tag_for_flush_1d File: C:/Users/A02395949/Documents/advanced/ECE_6740/Lab8/fetch.vhd Line: 30
        Info (176357): Destination node execute:EXECUTE|ALU:ALU|ram_we File: C:/Users/A02395949/Documents/advanced/ECE_6740/Lab8/ALU.vhd Line: 15
Info (176233): Starting register packing
Info (176235): Finished register packing
    Extra Info (176219): No registers were packed into other blocks
Warning (15705): Ignored locations or region assignments to the following nodes
    Warning (15706): Node "ARDUINO_IO[0]" is assigned to location or region, but does not exist in design
    Warning (15706): Node "ARDUINO_IO[10]" is assigned to location or region, but does not exist in design
    Warning (15706): Node "ARDUINO_IO[11]" is assigned to location or region, but does not exist in design
    Warning (15706): Node "ARDUINO_IO[12]" is assigned to location or region, but does not exist in design
    Warning (15706): Node "ARDUINO_IO[13]" is assigned to location or region, but does not exist in design
    Warning (15706): Node "ARDUINO_IO[14]" is assigned to location or region, but does not exist in design
    Warning (15706): Node "ARDUINO_IO[15]" is assigned to location or region, but does not exist in design
    Warning (15706): Node "ARDUINO_IO[1]" is assigned to location or region, but does not exist in design
    Warning (15706): Node "ARDUINO_IO[2]" is assigned to location or region, but does not exist in design
    Warning (15706): Node "ARDUINO_IO[3]" is assigned to location or region, but does not exist in design
    Warning (15706): Node "ARDUINO_IO[4]" is assigned to location or region, but does not exist in design
    Warning (15706): Node "ARDUINO_IO[5]" is assigned to location or region, but does not exist in design
    Warning (15706): Node "ARDUINO_IO[6]" is assigned to location or region, but does not exist in design
    Warning (15706): Node "ARDUINO_IO[7]" is assigned to location or region, but does not exist in design
    Warning (15706): Node "ARDUINO_IO[8]" is assigned to location or region, but does not exist in design
    Warning (15706): Node "ARDUINO_IO[9]" is assigned to location or region, but does not exist in design
    Warning (15706): Node "ARDUINO_RESET_N" is assigned to location or region, but does not exist in design
    Warning (15706): Node "DRAM_ADDR[0]" is assigned to location or region, but does not exist in design
    Warning (15706): Node "DRAM_ADDR[10]" is assigned to location or region, but does not exist in design
    Warning (15706): Node "DRAM_ADDR[11]" is assigned to location or region, but does not exist in design
    Warning (15706): Node "DRAM_ADDR[12]" is assigned to location or region, but does not exist in design
    Warning (15706): Node "DRAM_ADDR[1]" is assigned to location or region, but does not exist in design
    Warning (15706): Node "DRAM_ADDR[2]" is assigned to location or region, but does not exist in design
    Warning (15706): Node "DRAM_ADDR[3]" is assigned to location or region, but does not exist in design
    Warning (15706): Node "DRAM_ADDR[4]" is assigned to location or region, but does not exist in design
    Warning (15706): Node "DRAM_ADDR[5]" is assigned to location or region, but does not exist in design
    Warning (15706): Node "DRAM_ADDR[6]" is assigned to location or region, but does not exist in design
    Warning (15706): Node "DRAM_ADDR[7]" is assigned to location or region, but does not exist in design
    Warning (15706): Node "DRAM_ADDR[8]" is assigned to location or region, but does not exist in design
    Warning (15706): Node "DRAM_ADDR[9]" is assigned to location or region, but does not exist in design
    Warning (15706): Node "DRAM_BA[0]" is assigned to location or region, but does not exist in design
    Warning (15706): Node "DRAM_BA[1]" is assigned to location or region, but does not exist in design
    Warning (15706): Node "DRAM_CAS_N" is assigned to location or region, but does not exist in design
    Warning (15706): Node "DRAM_CKE" is assigned to location or region, but does not exist in design
    Warning (15706): Node "DRAM_CLK" is assigned to location or region, but does not exist in design
    Warning (15706): Node "DRAM_CS_N" is assigned to location or region, but does not exist in design
    Warning (15706): Node "DRAM_DQ[0]" is assigned to location or region, but does not exist in design
    Warning (15706): Node "DRAM_DQ[10]" is assigned to location or region, but does not exist in design
    Warning (15706): Node "DRAM_DQ[11]" is assigned to location or region, but does not exist in design
    Warning (15706): Node "DRAM_DQ[12]" is assigned to location or region, but does not exist in design
    Warning (15706): Node "DRAM_DQ[13]" is assigned to location or region, but does not exist in design
    Warning (15706): Node "DRAM_DQ[14]" is assigned to location or region, but does not exist in design
    Warning (15706): Node "DRAM_DQ[15]" is assigned to location or region, but does not exist in design
    Warning (15706): Node "DRAM_DQ[1]" is assigned to location or region, but does not exist in design
    Warning (15706): Node "DRAM_DQ[2]" is assigned to location or region, but does not exist in design
    Warning (15706): Node "DRAM_DQ[3]" is assigned to location or region, but does not exist in design
    Warning (15706): Node "DRAM_DQ[4]" is assigned to location or region, but does not exist in design
    Warning (15706): Node "DRAM_DQ[5]" is assigned to location or region, but does not exist in design
    Warning (15706): Node "DRAM_DQ[6]" is assigned to location or region, but does not exist in design
    Warning (15706): Node "DRAM_DQ[7]" is assigned to location or region, but does not exist in design
    Warning (15706): Node "DRAM_DQ[8]" is assigned to location or region, but does not exist in design
    Warning (15706): Node "DRAM_DQ[9]" is assigned to location or region, but does not exist in design
    Warning (15706): Node "DRAM_LDQM" is assigned to location or region, but does not exist in design
    Warning (15706): Node "DRAM_RAS_N" is assigned to location or region, but does not exist in design
    Warning (15706): Node "DRAM_UDQM" is assigned to location or region, but does not exist in design
    Warning (15706): Node "DRAM_WE_N" is assigned to location or region, but does not exist in design
    Warning (15706): Node "HEX0[0]" is assigned to location or region, but does not exist in design
    Warning (15706): Node "HEX0[1]" is assigned to location or region, but does not exist in design
    Warning (15706): Node "HEX0[2]" is assigned to location or region, but does not exist in design
    Warning (15706): Node "HEX0[3]" is assigned to location or region, but does not exist in design
    Warning (15706): Node "HEX0[4]" is assigned to location or region, but does not exist in design
    Warning (15706): Node "HEX0[5]" is assigned to location or region, but does not exist in design
    Warning (15706): Node "HEX0[6]" is assigned to location or region, but does not exist in design
    Warning (15706): Node "HEX0[7]" is assigned to location or region, but does not exist in design
    Warning (15706): Node "HEX1[0]" is assigned to location or region, but does not exist in design
    Warning (15706): Node "HEX1[1]" is assigned to location or region, but does not exist in design
    Warning (15706): Node "HEX1[2]" is assigned to location or region, but does not exist in design
    Warning (15706): Node "HEX1[3]" is assigned to location or region, but does not exist in design
    Warning (15706): Node "HEX1[4]" is assigned to location or region, but does not exist in design
    Warning (15706): Node "HEX1[5]" is assigned to location or region, but does not exist in design
    Warning (15706): Node "HEX1[6]" is assigned to location or region, but does not exist in design
    Warning (15706): Node "HEX1[7]" is assigned to location or region, but does not exist in design
    Warning (15706): Node "HEX2[0]" is assigned to location or region, but does not exist in design
    Warning (15706): Node "HEX2[1]" is assigned to location or region, but does not exist in design
    Warning (15706): Node "HEX2[2]" is assigned to location or region, but does not exist in design
    Warning (15706): Node "HEX2[3]" is assigned to location or region, but does not exist in design
    Warning (15706): Node "HEX2[4]" is assigned to location or region, but does not exist in design
    Warning (15706): Node "HEX2[5]" is assigned to location or region, but does not exist in design
    Warning (15706): Node "HEX2[6]" is assigned to location or region, but does not exist in design
    Warning (15706): Node "HEX2[7]" is assigned to location or region, but does not exist in design
    Warning (15706): Node "HEX3[0]" is assigned to location or region, but does not exist in design
    Warning (15706): Node "HEX3[1]" is assigned to location or region, but does not exist in design
    Warning (15706): Node "HEX3[2]" is assigned to location or region, but does not exist in design
    Warning (15706): Node "HEX3[3]" is assigned to location or region, but does not exist in design
    Warning (15706): Node "HEX3[4]" is assigned to location or region, but does not exist in design
    Warning (15706): Node "HEX3[5]" is assigned to location or region, but does not exist in design
    Warning (15706): Node "HEX3[6]" is assigned to location or region, but does not exist in design
    Warning (15706): Node "HEX3[7]" is assigned to location or region, but does not exist in design
    Warning (15706): Node "HEX4[0]" is assigned to location or region, but does not exist in design
    Warning (15706): Node "HEX4[1]" is assigned to location or region, but does not exist in design
    Warning (15706): Node "HEX4[2]" is assigned to location or region, but does not exist in design
    Warning (15706): Node "HEX4[3]" is assigned to location or region, but does not exist in design
    Warning (15706): Node "HEX4[4]" is assigned to location or region, but does not exist in design
    Warning (15706): Node "HEX4[5]" is assigned to location or region, but does not exist in design
    Warning (15706): Node "HEX4[6]" is assigned to location or region, but does not exist in design
    Warning (15706): Node "HEX4[7]" is assigned to location or region, but does not exist in design
    Warning (15706): Node "HEX5[0]" is assigned to location or region, but does not exist in design
    Warning (15706): Node "HEX5[1]" is assigned to location or region, but does not exist in design
    Warning (15706): Node "HEX5[2]" is assigned to location or region, but does not exist in design
    Warning (15706): Node "HEX5[3]" is assigned to location or region, but does not exist in design
    Warning (15706): Node "HEX5[4]" is assigned to location or region, but does not exist in design
    Warning (15706): Node "HEX5[5]" is assigned to location or region, but does not exist in design
    Warning (15706): Node "HEX5[6]" is assigned to location or region, but does not exist in design
    Warning (15706): Node "HEX5[7]" is assigned to location or region, but does not exist in design
    Warning (15706): Node "LEDR[0]" is assigned to location or region, but does not exist in design
    Warning (15706): Node "LEDR[1]" is assigned to location or region, but does not exist in design
    Warning (15706): Node "LEDR[2]" is assigned to location or region, but does not exist in design
    Warning (15706): Node "LEDR[3]" is assigned to location or region, but does not exist in design
    Warning (15706): Node "LEDR[4]" is assigned to location or region, but does not exist in design
    Warning (15706): Node "LEDR[5]" is assigned to location or region, but does not exist in design
    Warning (15706): Node "LEDR[6]" is assigned to location or region, but does not exist in design
    Warning (15706): Node "LEDR[7]" is assigned to location or region, but does not exist in design
    Warning (15706): Node "LEDR[8]" is assigned to location or region, but does not exist in design
    Warning (15706): Node "LEDR[9]" is assigned to location or region, but does not exist in design
    Warning (15706): Node "SW[0]" is assigned to location or region, but does not exist in design
    Warning (15706): Node "SW[1]" is assigned to location or region, but does not exist in design
    Warning (15706): Node "SW[2]" is assigned to location or region, but does not exist in design
    Warning (15706): Node "SW[3]" is assigned to location or region, but does not exist in design
    Warning (15706): Node "SW[4]" is assigned to location or region, but does not exist in design
    Warning (15706): Node "SW[5]" is assigned to location or region, but does not exist in design
    Warning (15706): Node "SW[6]" is assigned to location or region, but does not exist in design
    Warning (15706): Node "SW[7]" is assigned to location or region, but does not exist in design
    Warning (15706): Node "SW[8]" is assigned to location or region, but does not exist in design
    Warning (15706): Node "SW[9]" is assigned to location or region, but does not exist in design
Info (171121): Fitter preparation operations ending: elapsed time is 00:00:01
Info (14896): Fitter has disabled Advanced Physical Optimization because it is not supported for the current family.
Info (170189): Fitter placement preparation operations beginning
Info (170190): Fitter placement preparation operations ending: elapsed time is 00:00:00
Info (170191): Fitter placement operations beginning
Info (170137): Fitter placement was successful
Info (170192): Fitter placement operations ending: elapsed time is 00:00:05
Info (170193): Fitter routing operations beginning
Info (170195): Router estimated average interconnect usage is 1% of the available device resources
    Info (170196): Router estimated peak interconnect usage is 12% of the available device resources in the region that extends from location X22_Y11 to location X32_Y21
Info (170199): The Fitter performed an Auto Fit compilation.  Optimizations were skipped to reduce compilation time.
    Info (170201): Optimizations that may affect the design's routability were skipped
Info (170194): Fitter routing operations ending: elapsed time is 00:00:02
Info (11888): Total time spent on timing analysis during the Fitter is 1.15 seconds.
Info (334003): Started post-fitting delay annotation
Info (334004): Delay annotation completed successfully
Info (334003): Started post-fitting delay annotation
Info (334004): Delay annotation completed successfully
Info (11218): Fitter post-fit operations ending: elapsed time is 00:00:01
Warning (171167): Found invalid Fitter assignments. See the Ignored Assignments panel in the Fitter Compilation Report for more information.
Warning (169177): 41 pins must meet Intel FPGA requirements for 3.3-, 3.0-, and 2.5-V interfaces. For more information, refer to AN 447: Interfacing MAX 10 Devices with 3.3/3.0/2.5-V LVTTL/LVCMOS I/O Systems.
    Info (169178): Pin KEY[1] uses I/O standard 3.3 V Schmitt Trigger at A7 File: C:/Users/A02395949/Documents/advanced/ECE_6740/Lab8/DLX.vhd Line: 9
    Info (169178): Pin ADC_CLK_10 uses I/O standard 3.3-V LVTTL at N5 File: C:/Users/A02395949/Documents/advanced/ECE_6740/Lab8/DLX.vhd Line: 10
    Info (169178): Pin MAX10_CLK2_50 uses I/O standard 3.3-V LVTTL at N14 File: C:/Users/A02395949/Documents/advanced/ECE_6740/Lab8/DLX.vhd Line: 12
    Info (169178): Pin GPIO[0] uses I/O standard 3.3-V LVTTL at V10 File: C:/Users/A02395949/Documents/advanced/ECE_6740/Lab8/DLX.vhd Line: 13
    Info (169178): Pin GPIO[2] uses I/O standard 3.3-V LVTTL at V9 File: C:/Users/A02395949/Documents/advanced/ECE_6740/Lab8/DLX.vhd Line: 13
    Info (169178): Pin GPIO[3] uses I/O standard 3.3-V LVTTL at W9 File: C:/Users/A02395949/Documents/advanced/ECE_6740/Lab8/DLX.vhd Line: 13
    Info (169178): Pin GPIO[4] uses I/O standard 3.3-V LVTTL at V8 File: C:/Users/A02395949/Documents/advanced/ECE_6740/Lab8/DLX.vhd Line: 13
    Info (169178): Pin GPIO[5] uses I/O standard 3.3-V LVTTL at W8 File: C:/Users/A02395949/Documents/advanced/ECE_6740/Lab8/DLX.vhd Line: 13
    Info (169178): Pin GPIO[6] uses I/O standard 3.3-V LVTTL at V7 File: C:/Users/A02395949/Documents/advanced/ECE_6740/Lab8/DLX.vhd Line: 13
    Info (169178): Pin GPIO[7] uses I/O standard 3.3-V LVTTL at W7 File: C:/Users/A02395949/Documents/advanced/ECE_6740/Lab8/DLX.vhd Line: 13
    Info (169178): Pin GPIO[8] uses I/O standard 3.3-V LVTTL at W6 File: C:/Users/A02395949/Documents/advanced/ECE_6740/Lab8/DLX.vhd Line: 13
    Info (169178): Pin GPIO[9] uses I/O standard 3.3-V LVTTL at V5 File: C:/Users/A02395949/Documents/advanced/ECE_6740/Lab8/DLX.vhd Line: 13
    Info (169178): Pin GPIO[10] uses I/O standard 3.3-V LVTTL at W5 File: C:/Users/A02395949/Documents/advanced/ECE_6740/Lab8/DLX.vhd Line: 13
    Info (169178): Pin GPIO[11] uses I/O standard 3.3-V LVTTL at AA15 File: C:/Users/A02395949/Documents/advanced/ECE_6740/Lab8/DLX.vhd Line: 13
    Info (169178): Pin GPIO[12] uses I/O standard 3.3-V LVTTL at AA14 File: C:/Users/A02395949/Documents/advanced/ECE_6740/Lab8/DLX.vhd Line: 13
    Info (169178): Pin GPIO[13] uses I/O standard 3.3-V LVTTL at W13 File: C:/Users/A02395949/Documents/advanced/ECE_6740/Lab8/DLX.vhd Line: 13
    Info (169178): Pin GPIO[14] uses I/O standard 3.3-V LVTTL at W12 File: C:/Users/A02395949/Documents/advanced/ECE_6740/Lab8/DLX.vhd Line: 13
    Info (169178): Pin GPIO[15] uses I/O standard 3.3-V LVTTL at AB13 File: C:/Users/A02395949/Documents/advanced/ECE_6740/Lab8/DLX.vhd Line: 13
    Info (169178): Pin GPIO[16] uses I/O standard 3.3-V LVTTL at AB12 File: C:/Users/A02395949/Documents/advanced/ECE_6740/Lab8/DLX.vhd Line: 13
    Info (169178): Pin GPIO[17] uses I/O standard 3.3-V LVTTL at Y11 File: C:/Users/A02395949/Documents/advanced/ECE_6740/Lab8/DLX.vhd Line: 13
    Info (169178): Pin GPIO[18] uses I/O standard 3.3-V LVTTL at AB11 File: C:/Users/A02395949/Documents/advanced/ECE_6740/Lab8/DLX.vhd Line: 13
    Info (169178): Pin GPIO[19] uses I/O standard 3.3-V LVTTL at W11 File: C:/Users/A02395949/Documents/advanced/ECE_6740/Lab8/DLX.vhd Line: 13
    Info (169178): Pin GPIO[20] uses I/O standard 3.3-V LVTTL at AB10 File: C:/Users/A02395949/Documents/advanced/ECE_6740/Lab8/DLX.vhd Line: 13
    Info (169178): Pin GPIO[21] uses I/O standard 3.3-V LVTTL at AA10 File: C:/Users/A02395949/Documents/advanced/ECE_6740/Lab8/DLX.vhd Line: 13
    Info (169178): Pin GPIO[22] uses I/O standard 3.3-V LVTTL at AA9 File: C:/Users/A02395949/Documents/advanced/ECE_6740/Lab8/DLX.vhd Line: 13
    Info (169178): Pin GPIO[23] uses I/O standard 3.3-V LVTTL at Y8 File: C:/Users/A02395949/Documents/advanced/ECE_6740/Lab8/DLX.vhd Line: 13
    Info (169178): Pin GPIO[24] uses I/O standard 3.3-V LVTTL at AA8 File: C:/Users/A02395949/Documents/advanced/ECE_6740/Lab8/DLX.vhd Line: 13
    Info (169178): Pin GPIO[25] uses I/O standard 3.3-V LVTTL at Y7 File: C:/Users/A02395949/Documents/advanced/ECE_6740/Lab8/DLX.vhd Line: 13
    Info (169178): Pin GPIO[26] uses I/O standard 3.3-V LVTTL at AA7 File: C:/Users/A02395949/Documents/advanced/ECE_6740/Lab8/DLX.vhd Line: 13
    Info (169178): Pin GPIO[27] uses I/O standard 3.3-V LVTTL at Y6 File: C:/Users/A02395949/Documents/advanced/ECE_6740/Lab8/DLX.vhd Line: 13
    Info (169178): Pin GPIO[28] uses I/O standard 3.3-V LVTTL at AA6 File: C:/Users/A02395949/Documents/advanced/ECE_6740/Lab8/DLX.vhd Line: 13
    Info (169178): Pin GPIO[29] uses I/O standard 3.3-V LVTTL at Y5 File: C:/Users/A02395949/Documents/advanced/ECE_6740/Lab8/DLX.vhd Line: 13
    Info (169178): Pin GPIO[30] uses I/O standard 3.3-V LVTTL at AA5 File: C:/Users/A02395949/Documents/advanced/ECE_6740/Lab8/DLX.vhd Line: 13
    Info (169178): Pin GPIO[31] uses I/O standard 3.3-V LVTTL at Y4 File: C:/Users/A02395949/Documents/advanced/ECE_6740/Lab8/DLX.vhd Line: 13
    Info (169178): Pin GPIO[32] uses I/O standard 3.3-V LVTTL at AB3 File: C:/Users/A02395949/Documents/advanced/ECE_6740/Lab8/DLX.vhd Line: 13
    Info (169178): Pin GPIO[33] uses I/O standard 3.3-V LVTTL at Y3 File: C:/Users/A02395949/Documents/advanced/ECE_6740/Lab8/DLX.vhd Line: 13
    Info (169178): Pin GPIO[34] uses I/O standard 3.3-V LVTTL at AB2 File: C:/Users/A02395949/Documents/advanced/ECE_6740/Lab8/DLX.vhd Line: 13
    Info (169178): Pin GPIO[35] uses I/O standard 3.3-V LVTTL at AA2 File: C:/Users/A02395949/Documents/advanced/ECE_6740/Lab8/DLX.vhd Line: 13
    Info (169178): Pin GPIO[1] uses I/O standard 3.3-V LVTTL at W10 File: C:/Users/A02395949/Documents/advanced/ECE_6740/Lab8/DLX.vhd Line: 13
    Info (169178): Pin KEY[0] uses I/O standard 3.3 V Schmitt Trigger at B8 File: C:/Users/A02395949/Documents/advanced/ECE_6740/Lab8/DLX.vhd Line: 9
    Info (169178): Pin MAX10_CLK1_50 uses I/O standard 3.3-V LVTTL at P11 File: C:/Users/A02395949/Documents/advanced/ECE_6740/Lab8/DLX.vhd Line: 11
Warning (169064): Following 36 pins have no output enable or a GND or VCC output enable - later changes to this connectivity may change fitting results
    Info (169065): Pin GPIO[0] has a permanently disabled output enable File: C:/Users/A02395949/Documents/advanced/ECE_6740/Lab8/DLX.vhd Line: 13
    Info (169065): Pin GPIO[2] has a permanently disabled output enable File: C:/Users/A02395949/Documents/advanced/ECE_6740/Lab8/DLX.vhd Line: 13
    Info (169065): Pin GPIO[3] has a permanently disabled output enable File: C:/Users/A02395949/Documents/advanced/ECE_6740/Lab8/DLX.vhd Line: 13
    Info (169065): Pin GPIO[4] has a permanently disabled output enable File: C:/Users/A02395949/Documents/advanced/ECE_6740/Lab8/DLX.vhd Line: 13
    Info (169065): Pin GPIO[5] has a permanently disabled output enable File: C:/Users/A02395949/Documents/advanced/ECE_6740/Lab8/DLX.vhd Line: 13
    Info (169065): Pin GPIO[6] has a permanently disabled output enable File: C:/Users/A02395949/Documents/advanced/ECE_6740/Lab8/DLX.vhd Line: 13
    Info (169065): Pin GPIO[7] has a permanently disabled output enable File: C:/Users/A02395949/Documents/advanced/ECE_6740/Lab8/DLX.vhd Line: 13
    Info (169065): Pin GPIO[8] has a permanently disabled output enable File: C:/Users/A02395949/Documents/advanced/ECE_6740/Lab8/DLX.vhd Line: 13
    Info (169065): Pin GPIO[9] has a permanently disabled output enable File: C:/Users/A02395949/Documents/advanced/ECE_6740/Lab8/DLX.vhd Line: 13
    Info (169065): Pin GPIO[10] has a permanently disabled output enable File: C:/Users/A02395949/Documents/advanced/ECE_6740/Lab8/DLX.vhd Line: 13
    Info (169065): Pin GPIO[11] has a permanently disabled output enable File: C:/Users/A02395949/Documents/advanced/ECE_6740/Lab8/DLX.vhd Line: 13
    Info (169065): Pin GPIO[12] has a permanently disabled output enable File: C:/Users/A02395949/Documents/advanced/ECE_6740/Lab8/DLX.vhd Line: 13
    Info (169065): Pin GPIO[13] has a permanently disabled output enable File: C:/Users/A02395949/Documents/advanced/ECE_6740/Lab8/DLX.vhd Line: 13
    Info (169065): Pin GPIO[14] has a permanently disabled output enable File: C:/Users/A02395949/Documents/advanced/ECE_6740/Lab8/DLX.vhd Line: 13
    Info (169065): Pin GPIO[15] has a permanently disabled output enable File: C:/Users/A02395949/Documents/advanced/ECE_6740/Lab8/DLX.vhd Line: 13
    Info (169065): Pin GPIO[16] has a permanently disabled output enable File: C:/Users/A02395949/Documents/advanced/ECE_6740/Lab8/DLX.vhd Line: 13
    Info (169065): Pin GPIO[17] has a permanently disabled output enable File: C:/Users/A02395949/Documents/advanced/ECE_6740/Lab8/DLX.vhd Line: 13
    Info (169065): Pin GPIO[18] has a permanently disabled output enable File: C:/Users/A02395949/Documents/advanced/ECE_6740/Lab8/DLX.vhd Line: 13
    Info (169065): Pin GPIO[19] has a permanently disabled output enable File: C:/Users/A02395949/Documents/advanced/ECE_6740/Lab8/DLX.vhd Line: 13
    Info (169065): Pin GPIO[20] has a permanently disabled output enable File: C:/Users/A02395949/Documents/advanced/ECE_6740/Lab8/DLX.vhd Line: 13
    Info (169065): Pin GPIO[21] has a permanently disabled output enable File: C:/Users/A02395949/Documents/advanced/ECE_6740/Lab8/DLX.vhd Line: 13
    Info (169065): Pin GPIO[22] has a permanently disabled output enable File: C:/Users/A02395949/Documents/advanced/ECE_6740/Lab8/DLX.vhd Line: 13
    Info (169065): Pin GPIO[23] has a permanently disabled output enable File: C:/Users/A02395949/Documents/advanced/ECE_6740/Lab8/DLX.vhd Line: 13
    Info (169065): Pin GPIO[24] has a permanently disabled output enable File: C:/Users/A02395949/Documents/advanced/ECE_6740/Lab8/DLX.vhd Line: 13
    Info (169065): Pin GPIO[25] has a permanently disabled output enable File: C:/Users/A02395949/Documents/advanced/ECE_6740/Lab8/DLX.vhd Line: 13
    Info (169065): Pin GPIO[26] has a permanently disabled output enable File: C:/Users/A02395949/Documents/advanced/ECE_6740/Lab8/DLX.vhd Line: 13
    Info (169065): Pin GPIO[27] has a permanently disabled output enable File: C:/Users/A02395949/Documents/advanced/ECE_6740/Lab8/DLX.vhd Line: 13
    Info (169065): Pin GPIO[28] has a permanently disabled output enable File: C:/Users/A02395949/Documents/advanced/ECE_6740/Lab8/DLX.vhd Line: 13
    Info (169065): Pin GPIO[29] has a permanently disabled output enable File: C:/Users/A02395949/Documents/advanced/ECE_6740/Lab8/DLX.vhd Line: 13
    Info (169065): Pin GPIO[30] has a permanently disabled output enable File: C:/Users/A02395949/Documents/advanced/ECE_6740/Lab8/DLX.vhd Line: 13
    Info (169065): Pin GPIO[31] has a permanently disabled output enable File: C:/Users/A02395949/Documents/advanced/ECE_6740/Lab8/DLX.vhd Line: 13
    Info (169065): Pin GPIO[32] has a permanently disabled output enable File: C:/Users/A02395949/Documents/advanced/ECE_6740/Lab8/DLX.vhd Line: 13
    Info (169065): Pin GPIO[33] has a permanently disabled output enable File: C:/Users/A02395949/Documents/advanced/ECE_6740/Lab8/DLX.vhd Line: 13
    Info (169065): Pin GPIO[34] has a permanently disabled output enable File: C:/Users/A02395949/Documents/advanced/ECE_6740/Lab8/DLX.vhd Line: 13
    Info (169065): Pin GPIO[35] has a permanently disabled output enable File: C:/Users/A02395949/Documents/advanced/ECE_6740/Lab8/DLX.vhd Line: 13
    Info (169065): Pin GPIO[1] has a permanently enabled output enable File: C:/Users/A02395949/Documents/advanced/ECE_6740/Lab8/DLX.vhd Line: 13
Info (144001): Generated suppressed messages file C:/Users/A02395949/Documents/advanced/ECE_6740/Lab8/DLX.fit.smsg
Info: Quartus Prime Fitter was successful. 0 errors, 132 warnings
    Info: Peak virtual memory: 6543 megabytes
    Info: Processing ended: Thu Mar 19 00:08:48 2026
    Info: Elapsed time: 00:00:13
    Info: Total CPU time (on all processors): 00:00:36


+----------------------------+
; Fitter Suppressed Messages ;
+----------------------------+
The suppressed messages can be found in C:/Users/A02395949/Documents/advanced/ECE_6740/Lab8/DLX.fit.smsg.


