Fitter report for DLX
Tue Apr 14 19:53:45 2026
Quartus Prime Version 24.1std.0 Build 1077 03/04/2025 SC Lite Edition


---------------------
; Table of Contents ;
---------------------
  1. Legal Notice
  2. Fitter Summary
  3. Fitter Settings
  4. Parallel Compilation
  5. Ignored Assignments
  6. Incremental Compilation Preservation Summary
  7. Incremental Compilation Partition Settings
  8. Incremental Compilation Placement Preservation
  9. Pin-Out File
 10. Fitter Resource Usage Summary
 11. Fitter Partition Statistics
 12. Input Pins
 13. Output Pins
 14. Bidir Pins
 15. Dual Purpose and Dedicated Pins
 16. I/O Bank Usage
 17. All Package Pins
 18. PLL Summary
 19. PLL Usage
 20. I/O Assignment Warnings
 21. Fitter Resource Utilization by Entity
 22. Delay Chain Summary
 23. Pad To Core Delay Chain Fanout
 24. Control Signals
 25. Global & Other Fast Signals
 26. Fitter RAM Summary
 27. |DLX|fetch:FETCH|my_ROM:U1|altsyncram:altsyncram_component|altsyncram_hvr3:auto_generated|ALTSYNCRAM
 28. |DLX|memory:MEMORY|my_ram:RAM|altsyncram:altsyncram_component|altsyncram_63s3:auto_generated|ALTSYNCRAM
 29. |DLX|decode:DECODE|registers:R|altsyncram:ram_block_rtl_0|altsyncram_23g1:auto_generated|ALTSYNCRAM
 30. |DLX|decode:DECODE|registers:R|altsyncram:ram_block_rtl_1|altsyncram_23g1:auto_generated|ALTSYNCRAM
 31. Routing Usage Summary
 32. LAB Logic Elements
 33. LAB-wide Signals
 34. LAB Signals Sourced
 35. LAB Signals Sourced Out
 36. LAB Distinct Inputs
 37. I/O Rules Summary
 38. I/O Rules Details
 39. I/O Rules Matrix
 40. Fitter Device Options
 41. Operating Settings and Conditions
 42. Estimated Delay Added for Hold Timing Summary
 43. Estimated Delay Added for Hold Timing Details
 44. Fitter Messages
 45. Fitter Suppressed Messages



----------------
; Legal Notice ;
----------------
Copyright (C) 2025  Altera Corporation. All rights reserved.
Your use of Altera Corporation's design tools, logic functions 
and other software and tools, and any partner logic 
functions, and any output files from any of the foregoing 
(including device programming or simulation files), and any 
associated documentation or information are expressly subject 
to the terms and conditions of the Altera Program License 
Subscription Agreement, the Altera Quartus Prime License Agreement,
the Altera IP License Agreement, or other applicable license
agreement, including, without limitation, that your use is for
the sole purpose of programming logic devices manufactured by
Altera and sold by Altera or its authorized distributors.  Please
refer to the Altera Software License Subscription Agreements 
on the Quartus Prime software download page.



+--------------------------------------------------------------------------------------+
; Fitter Summary                                                                       ;
+------------------------------------+-------------------------------------------------+
; Fitter Status                      ; Successful - Tue Apr 14 19:53:45 2026           ;
; Quartus Prime Version              ; 24.1std.0 Build 1077 03/04/2025 SC Lite Edition ;
; Revision Name                      ; DLX                                             ;
; Top-level Entity Name              ; DLX                                             ;
; Family                             ; MAX 10                                          ;
; Device                             ; 10M50DAF484C7G                                  ;
; Timing Models                      ; Final                                           ;
; Total logic elements               ; 3,696 / 49,760 ( 7 % )                          ;
;     Total combinational functions  ; 3,486 / 49,760 ( 7 % )                          ;
;     Dedicated logic registers      ; 1,735 / 49,760 ( 3 % )                          ;
; Total registers                    ; 1735                                            ;
; Total pins                         ; 99 / 360 ( 28 % )                               ;
; Total virtual pins                 ; 0                                               ;
; Total memory bits                  ; 89,608 / 1,677,312 ( 5 % )                      ;
; Embedded Multiplier 9-bit elements ; 0 / 288 ( 0 % )                                 ;
; Total PLLs                         ; 1 / 4 ( 25 % )                                  ;
; UFM blocks                         ; 0 / 1 ( 0 % )                                   ;
; ADC blocks                         ; 0 / 2 ( 0 % )                                   ;
+------------------------------------+-------------------------------------------------+


+----------------------------------------------------------------------------------------------------------------------------------------------------+
; Fitter Settings                                                                                                                                    ;
+--------------------------------------------------------------------+---------------------------------------+---------------------------------------+
; Option                                                             ; Setting                               ; Default Value                         ;
+--------------------------------------------------------------------+---------------------------------------+---------------------------------------+
; Device                                                             ; 10M50DAF484C7G                        ;                                       ;
; Minimum Core Junction Temperature                                  ; 0                                     ;                                       ;
; Maximum Core Junction Temperature                                  ; 85                                    ;                                       ;
; Router Timing Optimization Level                                   ; MAXIMUM                               ; Normal                                ;
; Placement Effort Multiplier                                        ; 4.0                                   ; 1.0                                   ;
; Fit Attempts to Skip                                               ; 0                                     ; 0.0                                   ;
; Perform Physical Synthesis for Combinational Logic for Performance ; On                                    ; Off                                   ;
; Perform Register Retiming for Performance                          ; On                                    ; Off                                   ;
; Fitter Effort                                                      ; Fast Fit                              ; Auto Fit                              ;
; Use smart compilation                                              ; Off                                   ; Off                                   ;
; Enable parallel Assembler and Timing Analyzer during compilation   ; On                                    ; On                                    ;
; Enable compact report table                                        ; Off                                   ; Off                                   ;
; Auto Merge PLLs                                                    ; On                                    ; On                                    ;
; Perform Clocking Topology Analysis During Routing                  ; Off                                   ; Off                                   ;
; Router Effort Multiplier                                           ; 1.0                                   ; 1.0                                   ;
; Optimize Hold Timing                                               ; All Paths                             ; All Paths                             ;
; Optimize Multi-Corner Timing                                       ; On                                    ; On                                    ;
; Power Optimization During Fitting                                  ; Normal compilation                    ; Normal compilation                    ;
; SSN Optimization                                                   ; Off                                   ; Off                                   ;
; Optimize Timing                                                    ; Normal compilation                    ; Normal compilation                    ;
; Optimize Timing for ECOs                                           ; Off                                   ; Off                                   ;
; Regenerate Full Fit Report During ECO Compiles                     ; Off                                   ; Off                                   ;
; Optimize IOC Register Placement for Timing                         ; Normal                                ; Normal                                ;
; Final Placement Optimizations                                      ; Automatically                         ; Automatically                         ;
; Fitter Initial Placement Seed                                      ; 1                                     ; 1                                     ;
; Periphery to Core Placement and Routing Optimization               ; Off                                   ; Off                                   ;
; PCI I/O                                                            ; Off                                   ; Off                                   ;
; Weak Pull-Up Resistor                                              ; Off                                   ; Off                                   ;
; Enable Bus-Hold Circuitry                                          ; Off                                   ; Off                                   ;
; Auto Packed Registers                                              ; Auto                                  ; Auto                                  ;
; Auto Delay Chains                                                  ; On                                    ; On                                    ;
; Auto Delay Chains for High Fanout Input Pins                       ; Off                                   ; Off                                   ;
; Allow Single-ended Buffer for Differential-XSTL Input              ; Off                                   ; Off                                   ;
; Treat Bidirectional Pin as Output Pin                              ; Off                                   ; Off                                   ;
; Perform Physical Synthesis for Combinational Logic for Fitting     ; Off                                   ; Off                                   ;
; Perform Register Duplication for Performance                       ; Off                                   ; Off                                   ;
; Perform Logic to Memory Mapping for Fitting                        ; Off                                   ; Off                                   ;
; Perform Asynchronous Signal Pipelining                             ; Off                                   ; Off                                   ;
; Physical Synthesis Effort Level                                    ; Normal                                ; Normal                                ;
; Logic Cell Insertion - Logic Duplication                           ; Auto                                  ; Auto                                  ;
; Auto Register Duplication                                          ; Auto                                  ; Auto                                  ;
; Auto Global Clock                                                  ; On                                    ; On                                    ;
; Auto Global Register Control Signals                               ; On                                    ; On                                    ;
; Reserve all unused pins                                            ; As input tri-stated with weak pull-up ; As input tri-stated with weak pull-up ;
; Synchronizer Identification                                        ; Auto                                  ; Auto                                  ;
; Enable Beneficial Skew Optimization                                ; On                                    ; On                                    ;
; Optimize Design for Metastability                                  ; On                                    ; On                                    ;
; Force Fitter to Avoid Periphery Placement Warnings                 ; Off                                   ; Off                                   ;
; Enable input tri-state on active configuration pins in user mode   ; Off                                   ; Off                                   ;
+--------------------------------------------------------------------+---------------------------------------+---------------------------------------+


+------------------------------------------+
; Parallel Compilation                     ;
+----------------------------+-------------+
; Processors                 ; Number      ;
+----------------------------+-------------+
; Number detected on machine ; 14          ;
; Maximum allowed            ; 14          ;
;                            ;             ;
; Average used               ; 1.66        ;
; Maximum used               ; 14          ;
;                            ;             ;
; Usage by Processor         ; % Time Used ;
;     Processor 1            ; 100.0%      ;
;     Processor 2            ;   5.4%      ;
;     Processor 3            ;   5.3%      ;
;     Processor 4            ;   5.2%      ;
;     Processor 5            ;   5.2%      ;
;     Processor 6            ;   5.1%      ;
;     Processor 7            ;   5.0%      ;
;     Processor 8            ;   5.0%      ;
;     Processors 9-14        ;   4.9%      ;
+----------------------------+-------------+


+---------------------------------------------------------------------------------------------------------+
; Ignored Assignments                                                                                     ;
+--------------+----------------+--------------+-----------------+-----------------------+----------------+
; Name         ; Ignored Entity ; Ignored From ; Ignored To      ; Ignored Value         ; Ignored Source ;
+--------------+----------------+--------------+-----------------+-----------------------+----------------+
; Location     ;                ;              ; ARDUINO_IO[0]   ; PIN_AB5               ; QSF Assignment ;
; Location     ;                ;              ; ARDUINO_IO[10]  ; PIN_AB19              ; QSF Assignment ;
; Location     ;                ;              ; ARDUINO_IO[11]  ; PIN_AA19              ; QSF Assignment ;
; Location     ;                ;              ; ARDUINO_IO[12]  ; PIN_Y19               ; QSF Assignment ;
; Location     ;                ;              ; ARDUINO_IO[13]  ; PIN_AB20              ; QSF Assignment ;
; Location     ;                ;              ; ARDUINO_IO[14]  ; PIN_AB21              ; QSF Assignment ;
; Location     ;                ;              ; ARDUINO_IO[15]  ; PIN_AA20              ; QSF Assignment ;
; Location     ;                ;              ; ARDUINO_IO[1]   ; PIN_AB6               ; QSF Assignment ;
; Location     ;                ;              ; ARDUINO_IO[2]   ; PIN_AB7               ; QSF Assignment ;
; Location     ;                ;              ; ARDUINO_IO[3]   ; PIN_AB8               ; QSF Assignment ;
; Location     ;                ;              ; ARDUINO_IO[4]   ; PIN_AB9               ; QSF Assignment ;
; Location     ;                ;              ; ARDUINO_IO[5]   ; PIN_Y10               ; QSF Assignment ;
; Location     ;                ;              ; ARDUINO_IO[6]   ; PIN_AA11              ; QSF Assignment ;
; Location     ;                ;              ; ARDUINO_IO[7]   ; PIN_AA12              ; QSF Assignment ;
; Location     ;                ;              ; ARDUINO_IO[8]   ; PIN_AB17              ; QSF Assignment ;
; Location     ;                ;              ; ARDUINO_IO[9]   ; PIN_AA17              ; QSF Assignment ;
; Location     ;                ;              ; ARDUINO_RESET_N ; PIN_F16               ; QSF Assignment ;
; Location     ;                ;              ; DRAM_ADDR[0]    ; PIN_U17               ; QSF Assignment ;
; Location     ;                ;              ; DRAM_ADDR[10]   ; PIN_T20               ; QSF Assignment ;
; Location     ;                ;              ; DRAM_ADDR[11]   ; PIN_P20               ; QSF Assignment ;
; Location     ;                ;              ; DRAM_ADDR[12]   ; PIN_R20               ; QSF Assignment ;
; Location     ;                ;              ; DRAM_ADDR[1]    ; PIN_W19               ; QSF Assignment ;
; Location     ;                ;              ; DRAM_ADDR[2]    ; PIN_V18               ; QSF Assignment ;
; Location     ;                ;              ; DRAM_ADDR[3]    ; PIN_U18               ; QSF Assignment ;
; Location     ;                ;              ; DRAM_ADDR[4]    ; PIN_U19               ; QSF Assignment ;
; Location     ;                ;              ; DRAM_ADDR[5]    ; PIN_T18               ; QSF Assignment ;
; Location     ;                ;              ; DRAM_ADDR[6]    ; PIN_T19               ; QSF Assignment ;
; Location     ;                ;              ; DRAM_ADDR[7]    ; PIN_R18               ; QSF Assignment ;
; Location     ;                ;              ; DRAM_ADDR[8]    ; PIN_P18               ; QSF Assignment ;
; Location     ;                ;              ; DRAM_ADDR[9]    ; PIN_P19               ; QSF Assignment ;
; Location     ;                ;              ; DRAM_BA[0]      ; PIN_T21               ; QSF Assignment ;
; Location     ;                ;              ; DRAM_BA[1]      ; PIN_T22               ; QSF Assignment ;
; Location     ;                ;              ; DRAM_CAS_N      ; PIN_U21               ; QSF Assignment ;
; Location     ;                ;              ; DRAM_CKE        ; PIN_N22               ; QSF Assignment ;
; Location     ;                ;              ; DRAM_CLK        ; PIN_L14               ; QSF Assignment ;
; Location     ;                ;              ; DRAM_CS_N       ; PIN_U20               ; QSF Assignment ;
; Location     ;                ;              ; DRAM_DQ[0]      ; PIN_Y21               ; QSF Assignment ;
; Location     ;                ;              ; DRAM_DQ[10]     ; PIN_H21               ; QSF Assignment ;
; Location     ;                ;              ; DRAM_DQ[11]     ; PIN_H22               ; QSF Assignment ;
; Location     ;                ;              ; DRAM_DQ[12]     ; PIN_G22               ; QSF Assignment ;
; Location     ;                ;              ; DRAM_DQ[13]     ; PIN_G20               ; QSF Assignment ;
; Location     ;                ;              ; DRAM_DQ[14]     ; PIN_G19               ; QSF Assignment ;
; Location     ;                ;              ; DRAM_DQ[15]     ; PIN_F22               ; QSF Assignment ;
; Location     ;                ;              ; DRAM_DQ[1]      ; PIN_Y20               ; QSF Assignment ;
; Location     ;                ;              ; DRAM_DQ[2]      ; PIN_AA22              ; QSF Assignment ;
; Location     ;                ;              ; DRAM_DQ[3]      ; PIN_AA21              ; QSF Assignment ;
; Location     ;                ;              ; DRAM_DQ[4]      ; PIN_Y22               ; QSF Assignment ;
; Location     ;                ;              ; DRAM_DQ[5]      ; PIN_W22               ; QSF Assignment ;
; Location     ;                ;              ; DRAM_DQ[6]      ; PIN_W20               ; QSF Assignment ;
; Location     ;                ;              ; DRAM_DQ[7]      ; PIN_V21               ; QSF Assignment ;
; Location     ;                ;              ; DRAM_DQ[8]      ; PIN_P21               ; QSF Assignment ;
; Location     ;                ;              ; DRAM_DQ[9]      ; PIN_J22               ; QSF Assignment ;
; Location     ;                ;              ; DRAM_LDQM       ; PIN_V22               ; QSF Assignment ;
; Location     ;                ;              ; DRAM_RAS_N      ; PIN_U22               ; QSF Assignment ;
; Location     ;                ;              ; DRAM_UDQM       ; PIN_J21               ; QSF Assignment ;
; Location     ;                ;              ; DRAM_WE_N       ; PIN_V20               ; QSF Assignment ;
; Location     ;                ;              ; SW[0]           ; PIN_C10               ; QSF Assignment ;
; Location     ;                ;              ; SW[1]           ; PIN_C11               ; QSF Assignment ;
; Location     ;                ;              ; SW[2]           ; PIN_D12               ; QSF Assignment ;
; Location     ;                ;              ; SW[3]           ; PIN_C12               ; QSF Assignment ;
; Location     ;                ;              ; SW[4]           ; PIN_A12               ; QSF Assignment ;
; Location     ;                ;              ; SW[5]           ; PIN_B12               ; QSF Assignment ;
; Location     ;                ;              ; SW[6]           ; PIN_A13               ; QSF Assignment ;
; Location     ;                ;              ; SW[7]           ; PIN_A14               ; QSF Assignment ;
; Location     ;                ;              ; SW[8]           ; PIN_B14               ; QSF Assignment ;
; Location     ;                ;              ; SW[9]           ; PIN_F15               ; QSF Assignment ;
; I/O Standard ; DLX            ;              ; ARDUINO_IO[0]   ; 3.3-V LVTTL           ; QSF Assignment ;
; I/O Standard ; DLX            ;              ; ARDUINO_IO[10]  ; 3.3-V LVTTL           ; QSF Assignment ;
; I/O Standard ; DLX            ;              ; ARDUINO_IO[11]  ; 3.3-V LVTTL           ; QSF Assignment ;
; I/O Standard ; DLX            ;              ; ARDUINO_IO[12]  ; 3.3-V LVTTL           ; QSF Assignment ;
; I/O Standard ; DLX            ;              ; ARDUINO_IO[13]  ; 3.3-V LVTTL           ; QSF Assignment ;
; I/O Standard ; DLX            ;              ; ARDUINO_IO[14]  ; 3.3-V LVTTL           ; QSF Assignment ;
; I/O Standard ; DLX            ;              ; ARDUINO_IO[15]  ; 3.3-V LVTTL           ; QSF Assignment ;
; I/O Standard ; DLX            ;              ; ARDUINO_IO[1]   ; 3.3-V LVTTL           ; QSF Assignment ;
; I/O Standard ; DLX            ;              ; ARDUINO_IO[2]   ; 3.3-V LVTTL           ; QSF Assignment ;
; I/O Standard ; DLX            ;              ; ARDUINO_IO[3]   ; 3.3-V LVTTL           ; QSF Assignment ;
; I/O Standard ; DLX            ;              ; ARDUINO_IO[4]   ; 3.3-V LVTTL           ; QSF Assignment ;
; I/O Standard ; DLX            ;              ; ARDUINO_IO[5]   ; 3.3-V LVTTL           ; QSF Assignment ;
; I/O Standard ; DLX            ;              ; ARDUINO_IO[6]   ; 3.3-V LVTTL           ; QSF Assignment ;
; I/O Standard ; DLX            ;              ; ARDUINO_IO[7]   ; 3.3-V LVTTL           ; QSF Assignment ;
; I/O Standard ; DLX            ;              ; ARDUINO_IO[8]   ; 3.3-V LVTTL           ; QSF Assignment ;
; I/O Standard ; DLX            ;              ; ARDUINO_IO[9]   ; 3.3-V LVTTL           ; QSF Assignment ;
; I/O Standard ; DLX            ;              ; ARDUINO_RESET_N ; 3.3 V SCHMITT TRIGGER ; QSF Assignment ;
; I/O Standard ; DLX            ;              ; DRAM_ADDR[0]    ; 3.3-V LVTTL           ; QSF Assignment ;
; I/O Standard ; DLX            ;              ; DRAM_ADDR[10]   ; 3.3-V LVTTL           ; QSF Assignment ;
; I/O Standard ; DLX            ;              ; DRAM_ADDR[11]   ; 3.3-V LVTTL           ; QSF Assignment ;
; I/O Standard ; DLX            ;              ; DRAM_ADDR[12]   ; 3.3-V LVTTL           ; QSF Assignment ;
; I/O Standard ; DLX            ;              ; DRAM_ADDR[1]    ; 3.3-V LVTTL           ; QSF Assignment ;
; I/O Standard ; DLX            ;              ; DRAM_ADDR[2]    ; 3.3-V LVTTL           ; QSF Assignment ;
; I/O Standard ; DLX            ;              ; DRAM_ADDR[3]    ; 3.3-V LVTTL           ; QSF Assignment ;
; I/O Standard ; DLX            ;              ; DRAM_ADDR[4]    ; 3.3-V LVTTL           ; QSF Assignment ;
; I/O Standard ; DLX            ;              ; DRAM_ADDR[5]    ; 3.3-V LVTTL           ; QSF Assignment ;
; I/O Standard ; DLX            ;              ; DRAM_ADDR[6]    ; 3.3-V LVTTL           ; QSF Assignment ;
; I/O Standard ; DLX            ;              ; DRAM_ADDR[7]    ; 3.3-V LVTTL           ; QSF Assignment ;
; I/O Standard ; DLX            ;              ; DRAM_ADDR[8]    ; 3.3-V LVTTL           ; QSF Assignment ;
; I/O Standard ; DLX            ;              ; DRAM_ADDR[9]    ; 3.3-V LVTTL           ; QSF Assignment ;
; I/O Standard ; DLX            ;              ; DRAM_BA[0]      ; 3.3-V LVTTL           ; QSF Assignment ;
; I/O Standard ; DLX            ;              ; DRAM_BA[1]      ; 3.3-V LVTTL           ; QSF Assignment ;
; I/O Standard ; DLX            ;              ; DRAM_CAS_N      ; 3.3-V LVTTL           ; QSF Assignment ;
; I/O Standard ; DLX            ;              ; DRAM_CKE        ; 3.3-V LVTTL           ; QSF Assignment ;
; I/O Standard ; DLX            ;              ; DRAM_CLK        ; 3.3-V LVTTL           ; QSF Assignment ;
; I/O Standard ; DLX            ;              ; DRAM_CS_N       ; 3.3-V LVTTL           ; QSF Assignment ;
; I/O Standard ; DLX            ;              ; DRAM_DQ[0]      ; 3.3-V LVTTL           ; QSF Assignment ;
; I/O Standard ; DLX            ;              ; DRAM_DQ[10]     ; 3.3-V LVTTL           ; QSF Assignment ;
; I/O Standard ; DLX            ;              ; DRAM_DQ[11]     ; 3.3-V LVTTL           ; QSF Assignment ;
; I/O Standard ; DLX            ;              ; DRAM_DQ[12]     ; 3.3-V LVTTL           ; QSF Assignment ;
; I/O Standard ; DLX            ;              ; DRAM_DQ[13]     ; 3.3-V LVTTL           ; QSF Assignment ;
; I/O Standard ; DLX            ;              ; DRAM_DQ[14]     ; 3.3-V LVTTL           ; QSF Assignment ;
; I/O Standard ; DLX            ;              ; DRAM_DQ[15]     ; 3.3-V LVTTL           ; QSF Assignment ;
; I/O Standard ; DLX            ;              ; DRAM_DQ[1]      ; 3.3-V LVTTL           ; QSF Assignment ;
; I/O Standard ; DLX            ;              ; DRAM_DQ[2]      ; 3.3-V LVTTL           ; QSF Assignment ;
; I/O Standard ; DLX            ;              ; DRAM_DQ[3]      ; 3.3-V LVTTL           ; QSF Assignment ;
; I/O Standard ; DLX            ;              ; DRAM_DQ[4]      ; 3.3-V LVTTL           ; QSF Assignment ;
; I/O Standard ; DLX            ;              ; DRAM_DQ[5]      ; 3.3-V LVTTL           ; QSF Assignment ;
; I/O Standard ; DLX            ;              ; DRAM_DQ[6]      ; 3.3-V LVTTL           ; QSF Assignment ;
; I/O Standard ; DLX            ;              ; DRAM_DQ[7]      ; 3.3-V LVTTL           ; QSF Assignment ;
; I/O Standard ; DLX            ;              ; DRAM_DQ[8]      ; 3.3-V LVTTL           ; QSF Assignment ;
; I/O Standard ; DLX            ;              ; DRAM_DQ[9]      ; 3.3-V LVTTL           ; QSF Assignment ;
; I/O Standard ; DLX            ;              ; DRAM_LDQM       ; 3.3-V LVTTL           ; QSF Assignment ;
; I/O Standard ; DLX            ;              ; DRAM_RAS_N      ; 3.3-V LVTTL           ; QSF Assignment ;
; I/O Standard ; DLX            ;              ; DRAM_UDQM       ; 3.3-V LVTTL           ; QSF Assignment ;
; I/O Standard ; DLX            ;              ; DRAM_WE_N       ; 3.3-V LVTTL           ; QSF Assignment ;
; I/O Standard ; DLX            ;              ; SW[0]           ; 3.3-V LVTTL           ; QSF Assignment ;
; I/O Standard ; DLX            ;              ; SW[1]           ; 3.3-V LVTTL           ; QSF Assignment ;
; I/O Standard ; DLX            ;              ; SW[2]           ; 3.3-V LVTTL           ; QSF Assignment ;
; I/O Standard ; DLX            ;              ; SW[3]           ; 3.3-V LVTTL           ; QSF Assignment ;
; I/O Standard ; DLX            ;              ; SW[4]           ; 3.3-V LVTTL           ; QSF Assignment ;
; I/O Standard ; DLX            ;              ; SW[5]           ; 3.3-V LVTTL           ; QSF Assignment ;
; I/O Standard ; DLX            ;              ; SW[6]           ; 3.3-V LVTTL           ; QSF Assignment ;
; I/O Standard ; DLX            ;              ; SW[7]           ; 3.3-V LVTTL           ; QSF Assignment ;
; I/O Standard ; DLX            ;              ; SW[8]           ; 3.3-V LVTTL           ; QSF Assignment ;
; I/O Standard ; DLX            ;              ; SW[9]           ; 3.3-V LVTTL           ; QSF Assignment ;
+--------------+----------------+--------------+-----------------+-----------------------+----------------+


+---------------------------------------------------------------------------------------------------+
; Incremental Compilation Preservation Summary                                                      ;
+---------------------+---------------------+----------------------------+--------------------------+
; Type                ; Total [A + B]       ; From Design Partitions [A] ; From Rapid Recompile [B] ;
+---------------------+---------------------+----------------------------+--------------------------+
; Placement (by node) ;                     ;                            ;                          ;
;     -- Requested    ; 0.00 % ( 0 / 5695 ) ; 0.00 % ( 0 / 5695 )        ; 0.00 % ( 0 / 5695 )      ;
;     -- Achieved     ; 0.00 % ( 0 / 5695 ) ; 0.00 % ( 0 / 5695 )        ; 0.00 % ( 0 / 5695 )      ;
;                     ;                     ;                            ;                          ;
; Routing (by net)    ;                     ;                            ;                          ;
;     -- Requested    ; 0.00 % ( 0 / 0 )    ; 0.00 % ( 0 / 0 )           ; 0.00 % ( 0 / 0 )         ;
;     -- Achieved     ; 0.00 % ( 0 / 0 )    ; 0.00 % ( 0 / 0 )           ; 0.00 % ( 0 / 0 )         ;
+---------------------+---------------------+----------------------------+--------------------------+


+----------------------------------------------------------------------------------------------------------------------------------------------------------------------------------------+
; Incremental Compilation Partition Settings                                                                                                                                             ;
+--------------------------------+----------------+-------------------+-------------------------+------------------------+------------------------------+--------------------------------+
; Partition Name                 ; Partition Type ; Netlist Type Used ; Preservation Level Used ; Netlist Type Requested ; Preservation Level Requested ; Contents                       ;
+--------------------------------+----------------+-------------------+-------------------------+------------------------+------------------------------+--------------------------------+
; Top                            ; User-created   ; Source File       ; N/A                     ; Source File            ; N/A                          ;                                ;
; hard_block:auto_generated_inst ; Auto-generated ; Source File       ; N/A                     ; Source File            ; N/A                          ; hard_block:auto_generated_inst ;
+--------------------------------+----------------+-------------------+-------------------------+------------------------+------------------------------+--------------------------------+


+------------------------------------------------------------------------------------------------------------------------------------+
; Incremental Compilation Placement Preservation                                                                                     ;
+--------------------------------+-----------------------+-------------------------+-------------------+---------------------+-------+
; Partition Name                 ; Preservation Achieved ; Preservation Level Used ; Netlist Type Used ; Preservation Method ; Notes ;
+--------------------------------+-----------------------+-------------------------+-------------------+---------------------+-------+
; Top                            ; 0.00 % ( 0 / 5675 )   ; N/A                     ; Source File       ; N/A                 ;       ;
; hard_block:auto_generated_inst ; 0.00 % ( 0 / 20 )     ; N/A                     ; Source File       ; N/A                 ;       ;
+--------------------------------+-----------------------+-------------------------+-------------------+---------------------+-------+


+--------------+
; Pin-Out File ;
+--------------+
The pin-out file can be found in C:/Users/A02395949/Documents/advanced/ECE_6740/FinalProject/DLX.pin.


+---------------------------------------------------------------------------+
; Fitter Resource Usage Summary                                             ;
+---------------------------------------------+-----------------------------+
; Resource                                    ; Usage                       ;
+---------------------------------------------+-----------------------------+
; Total logic elements                        ; 3,696 / 49,760 ( 7 % )      ;
;     -- Combinational with no register       ; 1961                        ;
;     -- Register only                        ; 210                         ;
;     -- Combinational with a register        ; 1525                        ;
;                                             ;                             ;
; Logic element usage by number of LUT inputs ;                             ;
;     -- 4 input functions                    ; 1724                        ;
;     -- 3 input functions                    ; 895                         ;
;     -- <=2 input functions                  ; 867                         ;
;     -- Register only                        ; 210                         ;
;                                             ;                             ;
; Logic elements by mode                      ;                             ;
;     -- normal mode                          ; 2400                        ;
;     -- arithmetic mode                      ; 1086                        ;
;                                             ;                             ;
; Total registers*                            ; 1,735 / 51,509 ( 3 % )      ;
;     -- Dedicated logic registers            ; 1,735 / 49,760 ( 3 % )      ;
;     -- I/O registers                        ; 0 / 1,749 ( 0 % )           ;
;                                             ;                             ;
; Total LABs:  partially or completely used   ; 288 / 3,110 ( 9 % )         ;
; Virtual pins                                ; 0                           ;
; I/O pins                                    ; 99 / 360 ( 28 % )           ;
;     -- Clock pins                           ; 4 / 8 ( 50 % )              ;
;     -- Dedicated input pins                 ; 1 / 1 ( 100 % )             ;
;                                             ;                             ;
; M9Ks                                        ; 16 / 182 ( 9 % )            ;
; UFM blocks                                  ; 0 / 1 ( 0 % )               ;
; ADC blocks                                  ; 0 / 2 ( 0 % )               ;
; Total block memory bits                     ; 89,608 / 1,677,312 ( 5 % )  ;
; Total block memory implementation bits      ; 147,456 / 1,677,312 ( 9 % ) ;
; Embedded Multiplier 9-bit elements          ; 0 / 288 ( 0 % )             ;
; PLLs                                        ; 1 / 4 ( 25 % )              ;
; Global signals                              ; 6                           ;
;     -- Global clocks                        ; 6 / 20 ( 30 % )             ;
; JTAGs                                       ; 0 / 1 ( 0 % )               ;
; CRC blocks                                  ; 0 / 1 ( 0 % )               ;
; Remote update blocks                        ; 0 / 1 ( 0 % )               ;
; Oscillator blocks                           ; 0 / 1 ( 0 % )               ;
; Impedance control blocks                    ; 0 / 1 ( 0 % )               ;
; Average interconnect usage (total/H/V)      ; 3.2% / 3.2% / 3.3%          ;
; Peak interconnect usage (total/H/V)         ; 35.4% / 35.0% / 35.9%       ;
; Maximum fan-out                             ; 1224                        ;
; Highest non-global fan-out                  ; 157                         ;
; Total fan-out                               ; 17417                       ;
; Average fan-out                             ; 3.08                        ;
+---------------------------------------------+-----------------------------+
*  Register count does not include registers inside RAM blocks or DSP blocks.



+-----------------------------------------------------------------------------------------------------+
; Fitter Partition Statistics                                                                         ;
+---------------------------------------------+----------------------+--------------------------------+
; Statistic                                   ; Top                  ; hard_block:auto_generated_inst ;
+---------------------------------------------+----------------------+--------------------------------+
; Difficulty Clustering Region                ; Low                  ; Low                            ;
;                                             ;                      ;                                ;
; Total logic elements                        ; 3696 / 49760 ( 7 % ) ; 0 / 49760 ( 0 % )              ;
;     -- Combinational with no register       ; 1961                 ; 0                              ;
;     -- Register only                        ; 210                  ; 0                              ;
;     -- Combinational with a register        ; 1525                 ; 0                              ;
;                                             ;                      ;                                ;
; Logic element usage by number of LUT inputs ;                      ;                                ;
;     -- 4 input functions                    ; 1724                 ; 0                              ;
;     -- 3 input functions                    ; 895                  ; 0                              ;
;     -- <=2 input functions                  ; 867                  ; 0                              ;
;     -- Register only                        ; 210                  ; 0                              ;
;                                             ;                      ;                                ;
; Logic elements by mode                      ;                      ;                                ;
;     -- normal mode                          ; 2400                 ; 0                              ;
;     -- arithmetic mode                      ; 1086                 ; 0                              ;
;                                             ;                      ;                                ;
; Total registers                             ; 1735                 ; 0                              ;
;     -- Dedicated logic registers            ; 1735 / 49760 ( 3 % ) ; 0 / 49760 ( 0 % )              ;
;     -- I/O registers                        ; 0                    ; 0                              ;
;                                             ;                      ;                                ;
; Total LABs:  partially or completely used   ; 288 / 3110 ( 9 % )   ; 0 / 3110 ( 0 % )               ;
;                                             ;                      ;                                ;
; Virtual pins                                ; 0                    ; 0                              ;
; I/O pins                                    ; 99                   ; 0                              ;
; Embedded Multiplier 9-bit elements          ; 0 / 288 ( 0 % )      ; 0 / 288 ( 0 % )                ;
; Total memory bits                           ; 89608                ; 0                              ;
; Total RAM block bits                        ; 147456               ; 0                              ;
; PLL                                         ; 0 / 4 ( 0 % )        ; 1 / 4 ( 25 % )                 ;
; M9K                                         ; 16 / 182 ( 8 % )     ; 0 / 182 ( 0 % )                ;
; Clock control block                         ; 3 / 24 ( 12 % )      ; 3 / 24 ( 12 % )                ;
; User Flash Memory                           ; 1 / 1 ( 100 % )      ; 0 / 1 ( 0 % )                  ;
; Analog-to-Digital Converter                 ; 2 / 2 ( 100 % )      ; 0 / 2 ( 0 % )                  ;
;                                             ;                      ;                                ;
; Connections                                 ;                      ;                                ;
;     -- Input Connections                    ; 1571                 ; 2                              ;
;     -- Registered Input Connections         ; 1517                 ; 0                              ;
;     -- Output Connections                   ; 38                   ; 1535                           ;
;     -- Registered Output Connections        ; 0                    ; 0                              ;
;                                             ;                      ;                                ;
; Internal Connections                        ;                      ;                                ;
;     -- Total Connections                    ; 17501                ; 1549                           ;
;     -- Registered Connections               ; 6062                 ; 0                              ;
;                                             ;                      ;                                ;
; External Connections                        ;                      ;                                ;
;     -- Top                                  ; 72                   ; 1537                           ;
;     -- hard_block:auto_generated_inst       ; 1537                 ; 0                              ;
;                                             ;                      ;                                ;
; Partition Interface                         ;                      ;                                ;
;     -- Input Ports                          ; 5                    ; 2                              ;
;     -- Output Ports                         ; 58                   ; 4                              ;
;     -- Bidir Ports                          ; 36                   ; 0                              ;
;                                             ;                      ;                                ;
; Registered Ports                            ;                      ;                                ;
;     -- Registered Input Ports               ; 0                    ; 0                              ;
;     -- Registered Output Ports              ; 0                    ; 0                              ;
;                                             ;                      ;                                ;
; Port Connectivity                           ;                      ;                                ;
;     -- Input Ports driven by GND            ; 0                    ; 0                              ;
;     -- Output Ports driven by GND           ; 0                    ; 0                              ;
;     -- Input Ports driven by VCC            ; 0                    ; 0                              ;
;     -- Output Ports driven by VCC           ; 0                    ; 0                              ;
;     -- Input Ports with no Source           ; 0                    ; 0                              ;
;     -- Output Ports with no Source          ; 0                    ; 0                              ;
;     -- Input Ports with no Fanout           ; 0                    ; 0                              ;
;     -- Output Ports with no Fanout          ; 0                    ; 0                              ;
+---------------------------------------------+----------------------+--------------------------------+


+---------------------------------------------------------------------------------------------------------------------------------------------------------------------------------------------------------------------------------------------------------------------------------------------------------+
; Input Pins                                                                                                                                                                                                                                                                                              ;
+---------------+-------+----------+--------------+--------------+--------------+-----------------------+--------------------+--------+----------------+---------------+-----------------+----------+--------------+-----------------------+---------------------------+----------------------+-----------+
; Name          ; Pin # ; I/O Bank ; X coordinate ; Y coordinate ; Z coordinate ; Combinational Fan-Out ; Registered Fan-Out ; Global ; Input Register ; Power Up High ; PCI I/O Enabled ; Bus Hold ; Weak Pull Up ; I/O Standard          ; Termination Control Block ; Location assigned by ; Slew Rate ;
+---------------+-------+----------+--------------+--------------+--------------+-----------------------+--------------------+--------+----------------+---------------+-----------------+----------+--------------+-----------------------+---------------------------+----------------------+-----------+
; ADC_CLK_10    ; N5    ; 2        ; 0            ; 23           ; 21           ; 0                     ; 0                  ; no     ; no             ; no            ; yes             ; no       ; Off          ; 3.3-V LVTTL           ; --                        ; User                 ; 0         ;
; KEY[0]        ; B8    ; 7        ; 46           ; 54           ; 28           ; 4                     ; 0                  ; no     ; no             ; no            ; yes             ; no       ; Off          ; 3.3 V Schmitt Trigger ; --                        ; User                 ; 0         ;
; KEY[1]        ; A7    ; 7        ; 49           ; 54           ; 28           ; 0                     ; 0                  ; no     ; no             ; no            ; yes             ; no       ; Off          ; 3.3 V Schmitt Trigger ; --                        ; User                 ; 0         ;
; MAX10_CLK1_50 ; P11   ; 3        ; 34           ; 0            ; 28           ; 225                   ; 0                  ; yes    ; no             ; no            ; yes             ; no       ; Off          ; 3.3-V LVTTL           ; --                        ; User                 ; 0         ;
; MAX10_CLK2_50 ; N14   ; 6        ; 78           ; 29           ; 21           ; 0                     ; 0                  ; no     ; no             ; no            ; yes             ; no       ; Off          ; 3.3-V LVTTL           ; --                        ; User                 ; 0         ;
+---------------+-------+----------+--------------+--------------+--------------+-----------------------+--------------------+--------+----------------+---------------+-----------------+----------+--------------+-----------------------+---------------------------+----------------------+-----------+


+------------------------------------------------------------------------------------------------------------------------------------------------------------------------------------------------------------------------------------------------------------------------------------------------------------------------------------------------------------------------------------------------------------------------------------+
; Output Pins                                                                                                                                                                                                                                                                                                                                                                                                                        ;
+---------+-------+----------+--------------+--------------+--------------+-----------------+------------------------+---------------+-----------+-----------------+------------+---------------+----------+--------------+--------------+------------------+-------------+---------------------------+----------------------------+-----------------------------+----------------------+----------------------+---------------------+
; Name    ; Pin # ; I/O Bank ; X coordinate ; Y coordinate ; Z coordinate ; Output Register ; Output Enable Register ; Power Up High ; Slew Rate ; PCI I/O Enabled ; Open Drain ; TRI Primitive ; Bus Hold ; Weak Pull Up ; I/O Standard ; Current Strength ; Termination ; Termination Control Block ; Output Buffer Pre-emphasis ; Voltage Output Differential ; Location assigned by ; Output Enable Source ; Output Enable Group ;
+---------+-------+----------+--------------+--------------+--------------+-----------------+------------------------+---------------+-----------+-----------------+------------+---------------+----------+--------------+--------------+------------------+-------------+---------------------------+----------------------------+-----------------------------+----------------------+----------------------+---------------------+
; HEX0[0] ; C14   ; 7        ; 58           ; 54           ; 14           ; no              ; no                     ; no            ; 2         ; no              ; no         ; no            ; no       ; Off          ; 3.3-V LVTTL  ; 8mA              ; Off         ; --                        ; no                         ; no                          ; User                 ; -                    ; -                   ;
; HEX0[1] ; E15   ; 7        ; 74           ; 54           ; 7            ; no              ; no                     ; no            ; 2         ; no              ; no         ; no            ; no       ; Off          ; 3.3-V LVTTL  ; 8mA              ; Off         ; --                        ; no                         ; no                          ; User                 ; -                    ; -                   ;
; HEX0[2] ; C15   ; 7        ; 60           ; 54           ; 0            ; no              ; no                     ; no            ; 2         ; no              ; no         ; no            ; no       ; Off          ; 3.3-V LVTTL  ; 8mA              ; Off         ; --                        ; no                         ; no                          ; User                 ; -                    ; -                   ;
; HEX0[3] ; C16   ; 7        ; 62           ; 54           ; 28           ; no              ; no                     ; no            ; 2         ; no              ; no         ; no            ; no       ; Off          ; 3.3-V LVTTL  ; 8mA              ; Off         ; --                        ; no                         ; no                          ; User                 ; -                    ; -                   ;
; HEX0[4] ; E16   ; 7        ; 74           ; 54           ; 0            ; no              ; no                     ; no            ; 2         ; no              ; no         ; no            ; no       ; Off          ; 3.3-V LVTTL  ; 8mA              ; Off         ; --                        ; no                         ; no                          ; User                 ; -                    ; -                   ;
; HEX0[5] ; D17   ; 7        ; 74           ; 54           ; 14           ; no              ; no                     ; no            ; 2         ; no              ; no         ; no            ; no       ; Off          ; 3.3-V LVTTL  ; 8mA              ; Off         ; --                        ; no                         ; no                          ; User                 ; -                    ; -                   ;
; HEX0[6] ; C17   ; 7        ; 74           ; 54           ; 21           ; no              ; no                     ; no            ; 2         ; no              ; no         ; no            ; no       ; Off          ; 3.3-V LVTTL  ; 8mA              ; Off         ; --                        ; no                         ; no                          ; User                 ; -                    ; -                   ;
; HEX0[7] ; D15   ; 7        ; 66           ; 54           ; 14           ; no              ; no                     ; no            ; 2         ; no              ; no         ; no            ; no       ; Off          ; 3.3-V LVTTL  ; 8mA              ; Off         ; --                        ; no                         ; no                          ; User                 ; -                    ; -                   ;
; HEX1[0] ; C18   ; 7        ; 69           ; 54           ; 21           ; no              ; no                     ; no            ; 2         ; no              ; no         ; no            ; no       ; Off          ; 3.3-V LVTTL  ; 8mA              ; Off         ; --                        ; no                         ; no                          ; User                 ; -                    ; -                   ;
; HEX1[1] ; D18   ; 6        ; 78           ; 49           ; 7            ; no              ; no                     ; no            ; 2         ; no              ; no         ; no            ; no       ; Off          ; 3.3-V LVTTL  ; 8mA              ; Off         ; --                        ; no                         ; no                          ; User                 ; -                    ; -                   ;
; HEX1[2] ; E18   ; 6        ; 78           ; 49           ; 0            ; no              ; no                     ; no            ; 2         ; no              ; no         ; no            ; no       ; Off          ; 3.3-V LVTTL  ; 8mA              ; Off         ; --                        ; no                         ; no                          ; User                 ; -                    ; -                   ;
; HEX1[3] ; B16   ; 7        ; 60           ; 54           ; 7            ; no              ; no                     ; no            ; 2         ; no              ; no         ; no            ; no       ; Off          ; 3.3-V LVTTL  ; 8mA              ; Off         ; --                        ; no                         ; no                          ; User                 ; -                    ; -                   ;
; HEX1[4] ; A17   ; 7        ; 64           ; 54           ; 0            ; no              ; no                     ; no            ; 2         ; no              ; no         ; no            ; no       ; Off          ; 3.3-V LVTTL  ; 8mA              ; Off         ; --                        ; no                         ; no                          ; User                 ; -                    ; -                   ;
; HEX1[5] ; A18   ; 7        ; 66           ; 54           ; 28           ; no              ; no                     ; no            ; 2         ; no              ; no         ; no            ; no       ; Off          ; 3.3-V LVTTL  ; 8mA              ; Off         ; --                        ; no                         ; no                          ; User                 ; -                    ; -                   ;
; HEX1[6] ; B17   ; 7        ; 69           ; 54           ; 28           ; no              ; no                     ; no            ; 2         ; no              ; no         ; no            ; no       ; Off          ; 3.3-V LVTTL  ; 8mA              ; Off         ; --                        ; no                         ; no                          ; User                 ; -                    ; -                   ;
; HEX1[7] ; A16   ; 7        ; 60           ; 54           ; 14           ; no              ; no                     ; no            ; 2         ; no              ; no         ; no            ; no       ; Off          ; 3.3-V LVTTL  ; 8mA              ; Off         ; --                        ; no                         ; no                          ; User                 ; -                    ; -                   ;
; HEX2[0] ; B20   ; 6        ; 78           ; 44           ; 7            ; no              ; no                     ; no            ; 2         ; no              ; no         ; no            ; no       ; Off          ; 3.3-V LVTTL  ; 8mA              ; Off         ; --                        ; no                         ; no                          ; User                 ; -                    ; -                   ;
; HEX2[1] ; A20   ; 7        ; 66           ; 54           ; 0            ; no              ; no                     ; no            ; 2         ; no              ; no         ; no            ; no       ; Off          ; 3.3-V LVTTL  ; 8mA              ; Off         ; --                        ; no                         ; no                          ; User                 ; -                    ; -                   ;
; HEX2[2] ; B19   ; 7        ; 69           ; 54           ; 14           ; no              ; no                     ; no            ; 2         ; no              ; no         ; no            ; no       ; Off          ; 3.3-V LVTTL  ; 8mA              ; Off         ; --                        ; no                         ; no                          ; User                 ; -                    ; -                   ;
; HEX2[3] ; A21   ; 6        ; 78           ; 44           ; 0            ; no              ; no                     ; no            ; 2         ; no              ; no         ; no            ; no       ; Off          ; 3.3-V LVTTL  ; 8mA              ; Off         ; --                        ; no                         ; no                          ; User                 ; -                    ; -                   ;
; HEX2[4] ; B21   ; 6        ; 78           ; 43           ; 0            ; no              ; no                     ; no            ; 2         ; no              ; no         ; no            ; no       ; Off          ; 3.3-V LVTTL  ; 8mA              ; Off         ; --                        ; no                         ; no                          ; User                 ; -                    ; -                   ;
; HEX2[5] ; C22   ; 6        ; 78           ; 35           ; 0            ; no              ; no                     ; no            ; 2         ; no              ; no         ; no            ; no       ; Off          ; 3.3-V LVTTL  ; 8mA              ; Off         ; --                        ; no                         ; no                          ; User                 ; -                    ; -                   ;
; HEX2[6] ; B22   ; 6        ; 78           ; 43           ; 7            ; no              ; no                     ; no            ; 2         ; no              ; no         ; no            ; no       ; Off          ; 3.3-V LVTTL  ; 8mA              ; Off         ; --                        ; no                         ; no                          ; User                 ; -                    ; -                   ;
; HEX2[7] ; A19   ; 7        ; 66           ; 54           ; 7            ; no              ; no                     ; no            ; 2         ; no              ; no         ; no            ; no       ; Off          ; 3.3-V LVTTL  ; 8mA              ; Off         ; --                        ; no                         ; no                          ; User                 ; -                    ; -                   ;
; HEX3[0] ; F21   ; 6        ; 78           ; 35           ; 21           ; no              ; no                     ; no            ; 2         ; no              ; no         ; no            ; no       ; Off          ; 3.3-V LVTTL  ; 8mA              ; Off         ; --                        ; no                         ; no                          ; User                 ; -                    ; -                   ;
; HEX3[1] ; E22   ; 6        ; 78           ; 33           ; 7            ; no              ; no                     ; no            ; 2         ; no              ; no         ; no            ; no       ; Off          ; 3.3-V LVTTL  ; 8mA              ; Off         ; --                        ; no                         ; no                          ; User                 ; -                    ; -                   ;
; HEX3[2] ; E21   ; 6        ; 78           ; 33           ; 0            ; no              ; no                     ; no            ; 2         ; no              ; no         ; no            ; no       ; Off          ; 3.3-V LVTTL  ; 8mA              ; Off         ; --                        ; no                         ; no                          ; User                 ; -                    ; -                   ;
; HEX3[3] ; C19   ; 7        ; 69           ; 54           ; 7            ; no              ; no                     ; no            ; 2         ; no              ; no         ; no            ; no       ; Off          ; 3.3-V LVTTL  ; 8mA              ; Off         ; --                        ; no                         ; no                          ; User                 ; -                    ; -                   ;
; HEX3[4] ; C20   ; 6        ; 78           ; 41           ; 7            ; no              ; no                     ; no            ; 2         ; no              ; no         ; no            ; no       ; Off          ; 3.3-V LVTTL  ; 8mA              ; Off         ; --                        ; no                         ; no                          ; User                 ; -                    ; -                   ;
; HEX3[5] ; D19   ; 6        ; 78           ; 41           ; 0            ; no              ; no                     ; no            ; 2         ; no              ; no         ; no            ; no       ; Off          ; 3.3-V LVTTL  ; 8mA              ; Off         ; --                        ; no                         ; no                          ; User                 ; -                    ; -                   ;
; HEX3[6] ; E17   ; 6        ; 78           ; 43           ; 14           ; no              ; no                     ; no            ; 2         ; no              ; no         ; no            ; no       ; Off          ; 3.3-V LVTTL  ; 8mA              ; Off         ; --                        ; no                         ; no                          ; User                 ; -                    ; -                   ;
; HEX3[7] ; D22   ; 6        ; 78           ; 35           ; 7            ; no              ; no                     ; no            ; 2         ; no              ; no         ; no            ; no       ; Off          ; 3.3-V LVTTL  ; 8mA              ; Off         ; --                        ; no                         ; no                          ; User                 ; -                    ; -                   ;
; HEX4[0] ; F18   ; 6        ; 78           ; 40           ; 14           ; no              ; no                     ; no            ; 2         ; no              ; no         ; no            ; no       ; Off          ; 3.3-V LVTTL  ; 8mA              ; Off         ; --                        ; no                         ; no                          ; User                 ; -                    ; -                   ;
; HEX4[1] ; E20   ; 6        ; 78           ; 40           ; 0            ; no              ; no                     ; no            ; 2         ; no              ; no         ; no            ; no       ; Off          ; 3.3-V LVTTL  ; 8mA              ; Off         ; --                        ; no                         ; no                          ; User                 ; -                    ; -                   ;
; HEX4[2] ; E19   ; 6        ; 78           ; 40           ; 21           ; no              ; no                     ; no            ; 2         ; no              ; no         ; no            ; no       ; Off          ; 3.3-V LVTTL  ; 8mA              ; Off         ; --                        ; no                         ; no                          ; User                 ; -                    ; -                   ;
; HEX4[3] ; J18   ; 6        ; 78           ; 42           ; 14           ; no              ; no                     ; no            ; 2         ; no              ; no         ; no            ; no       ; Off          ; 3.3-V LVTTL  ; 8mA              ; Off         ; --                        ; no                         ; no                          ; User                 ; -                    ; -                   ;
; HEX4[4] ; H19   ; 6        ; 78           ; 45           ; 21           ; no              ; no                     ; no            ; 2         ; no              ; no         ; no            ; no       ; Off          ; 3.3-V LVTTL  ; 8mA              ; Off         ; --                        ; no                         ; no                          ; User                 ; -                    ; -                   ;
; HEX4[5] ; F19   ; 6        ; 78           ; 40           ; 7            ; no              ; no                     ; no            ; 2         ; no              ; no         ; no            ; no       ; Off          ; 3.3-V LVTTL  ; 8mA              ; Off         ; --                        ; no                         ; no                          ; User                 ; -                    ; -                   ;
; HEX4[6] ; F20   ; 6        ; 78           ; 35           ; 14           ; no              ; no                     ; no            ; 2         ; no              ; no         ; no            ; no       ; Off          ; 3.3-V LVTTL  ; 8mA              ; Off         ; --                        ; no                         ; no                          ; User                 ; -                    ; -                   ;
; HEX4[7] ; F17   ; 6        ; 78           ; 43           ; 21           ; no              ; no                     ; no            ; 2         ; no              ; no         ; no            ; no       ; Off          ; 3.3-V LVTTL  ; 8mA              ; Off         ; --                        ; no                         ; no                          ; User                 ; -                    ; -                   ;
; HEX5[0] ; J20   ; 6        ; 78           ; 45           ; 7            ; no              ; no                     ; no            ; 2         ; no              ; no         ; no            ; no       ; Off          ; 3.3-V LVTTL  ; 8mA              ; Off         ; --                        ; no                         ; no                          ; User                 ; -                    ; -                   ;
; HEX5[1] ; K20   ; 6        ; 78           ; 42           ; 0            ; no              ; no                     ; no            ; 2         ; no              ; no         ; no            ; no       ; Off          ; 3.3-V LVTTL  ; 8mA              ; Off         ; --                        ; no                         ; no                          ; User                 ; -                    ; -                   ;
; HEX5[2] ; L18   ; 6        ; 78           ; 37           ; 14           ; no              ; no                     ; no            ; 2         ; no              ; no         ; no            ; no       ; Off          ; 3.3-V LVTTL  ; 8mA              ; Off         ; --                        ; no                         ; no                          ; User                 ; -                    ; -                   ;
; HEX5[3] ; N18   ; 6        ; 78           ; 34           ; 22           ; no              ; no                     ; no            ; 2         ; no              ; no         ; no            ; no       ; Off          ; 3.3-V LVTTL  ; 8mA              ; Off         ; --                        ; no                         ; no                          ; User                 ; -                    ; -                   ;
; HEX5[4] ; M20   ; 6        ; 78           ; 34           ; 7            ; no              ; no                     ; no            ; 2         ; no              ; no         ; no            ; no       ; Off          ; 3.3-V LVTTL  ; 8mA              ; Off         ; --                        ; no                         ; no                          ; User                 ; -                    ; -                   ;
; HEX5[5] ; N19   ; 6        ; 78           ; 34           ; 14           ; no              ; no                     ; no            ; 2         ; no              ; no         ; no            ; no       ; Off          ; 3.3-V LVTTL  ; 8mA              ; Off         ; --                        ; no                         ; no                          ; User                 ; -                    ; -                   ;
; HEX5[6] ; N20   ; 6        ; 78           ; 34           ; 0            ; no              ; no                     ; no            ; 2         ; no              ; no         ; no            ; no       ; Off          ; 3.3-V LVTTL  ; 8mA              ; Off         ; --                        ; no                         ; no                          ; User                 ; -                    ; -                   ;
; HEX5[7] ; L19   ; 6        ; 78           ; 37           ; 7            ; no              ; no                     ; no            ; 2         ; no              ; no         ; no            ; no       ; Off          ; 3.3-V LVTTL  ; 8mA              ; Off         ; --                        ; no                         ; no                          ; User                 ; -                    ; -                   ;
; LEDR[0] ; A8    ; 7        ; 46           ; 54           ; 0            ; no              ; no                     ; no            ; 2         ; no              ; no         ; no            ; no       ; Off          ; 3.3-V LVTTL  ; 8mA              ; Off         ; --                        ; no                         ; no                          ; User                 ; -                    ; -                   ;
; LEDR[1] ; A9    ; 7        ; 46           ; 54           ; 21           ; no              ; no                     ; no            ; 2         ; no              ; no         ; no            ; no       ; Off          ; 3.3-V LVTTL  ; 8mA              ; Off         ; --                        ; no                         ; no                          ; User                 ; -                    ; -                   ;
; LEDR[2] ; A10   ; 7        ; 51           ; 54           ; 14           ; no              ; no                     ; no            ; 2         ; no              ; no         ; no            ; no       ; Off          ; 3.3-V LVTTL  ; 8mA              ; Off         ; --                        ; no                         ; no                          ; User                 ; -                    ; -                   ;
; LEDR[3] ; B10   ; 7        ; 46           ; 54           ; 7            ; no              ; no                     ; no            ; 2         ; no              ; no         ; no            ; no       ; Off          ; 3.3-V LVTTL  ; 8mA              ; Off         ; --                        ; no                         ; no                          ; User                 ; -                    ; -                   ;
; LEDR[4] ; D13   ; 7        ; 56           ; 54           ; 28           ; no              ; no                     ; no            ; 2         ; no              ; no         ; no            ; no       ; Off          ; 3.3-V LVTTL  ; 8mA              ; Off         ; --                        ; no                         ; no                          ; User                 ; -                    ; -                   ;
; LEDR[5] ; C13   ; 7        ; 58           ; 54           ; 21           ; no              ; no                     ; no            ; 2         ; no              ; no         ; no            ; no       ; Off          ; 3.3-V LVTTL  ; 8mA              ; Off         ; --                        ; no                         ; no                          ; User                 ; -                    ; -                   ;
; LEDR[6] ; E14   ; 7        ; 66           ; 54           ; 21           ; no              ; no                     ; no            ; 2         ; no              ; no         ; no            ; no       ; Off          ; 3.3-V LVTTL  ; 8mA              ; Off         ; --                        ; no                         ; no                          ; User                 ; -                    ; -                   ;
; LEDR[7] ; D14   ; 7        ; 56           ; 54           ; 7            ; no              ; no                     ; no            ; 2         ; no              ; no         ; no            ; no       ; Off          ; 3.3-V LVTTL  ; 8mA              ; Off         ; --                        ; no                         ; no                          ; User                 ; -                    ; -                   ;
; LEDR[8] ; A11   ; 7        ; 51           ; 54           ; 7            ; no              ; no                     ; no            ; 2         ; no              ; no         ; no            ; no       ; Off          ; 3.3-V LVTTL  ; 8mA              ; Off         ; --                        ; no                         ; no                          ; User                 ; -                    ; -                   ;
; LEDR[9] ; B11   ; 7        ; 49           ; 54           ; 7            ; no              ; no                     ; no            ; 2         ; no              ; no         ; no            ; no       ; Off          ; 3.3-V LVTTL  ; 8mA              ; Off         ; --                        ; no                         ; no                          ; User                 ; -                    ; -                   ;
+---------+-------+----------+--------------+--------------+--------------+-----------------+------------------------+---------------+-----------+-----------------+------------+---------------+----------+--------------+--------------+------------------+-------------+---------------------------+----------------------------+-----------------------------+----------------------+----------------------+---------------------+


+---------------------------------------------------------------------------------------------------------------------------------------------------------------------------------------------------------------------------------------------------------------------------------------------------------------------------------------------------------------------------------------------------------------------------------------------------------------------+
; Bidir Pins                                                                                                                                                                                                                                                                                                                                                                                                                                                          ;
+----------+-------+----------+--------------+--------------+--------------+-----------------------+--------------------+--------+----------------+-----------------+------------------------+---------------+-----------+-----------------+------------+----------+--------------+--------------+------------------+--------------------+---------------------------+----------------------------+----------------------+----------------------+---------------------+
; Name     ; Pin # ; I/O Bank ; X coordinate ; Y coordinate ; Z coordinate ; Combinational Fan-Out ; Registered Fan-Out ; Global ; Input Register ; Output Register ; Output Enable Register ; Power Up High ; Slew Rate ; PCI I/O Enabled ; Open Drain ; Bus Hold ; Weak Pull Up ; I/O Standard ; Current Strength ; Output Termination ; Termination Control Block ; Output Buffer Pre-emphasis ; Location assigned by ; Output Enable Source ; Output Enable Group ;
+----------+-------+----------+--------------+--------------+--------------+-----------------------+--------------------+--------+----------------+-----------------+------------------------+---------------+-----------+-----------------+------------+----------+--------------+--------------+------------------+--------------------+---------------------------+----------------------------+----------------------+----------------------+---------------------+
; GPIO[0]  ; V10   ; 3        ; 31           ; 0            ; 21           ; 2                     ; 0                  ; no     ; no             ; no              ; no                     ; no            ; 2         ; yes             ; yes        ; no       ; Off          ; 3.3-V LVTTL  ; 8mA              ; Off                ; --                        ; no                         ; User                 ; 0 pF                 ; -                   ;
; GPIO[10] ; W5    ; 3        ; 14           ; 0            ; 0            ; 0                     ; 0                  ; no     ; no             ; no              ; no                     ; no            ; 2         ; yes             ; yes        ; no       ; Off          ; 3.3-V LVTTL  ; 8mA              ; Off                ; --                        ; no                         ; User                 ; 0 pF                 ; -                   ;
; GPIO[11] ; AA15  ; 4        ; 54           ; 0            ; 28           ; 0                     ; 0                  ; no     ; no             ; no              ; no                     ; no            ; 2         ; yes             ; yes        ; no       ; Off          ; 3.3-V LVTTL  ; 8mA              ; Off                ; --                        ; no                         ; User                 ; 0 pF                 ; -                   ;
; GPIO[12] ; AA14  ; 4        ; 51           ; 0            ; 21           ; 0                     ; 0                  ; no     ; no             ; no              ; no                     ; no            ; 2         ; yes             ; yes        ; no       ; Off          ; 3.3-V LVTTL  ; 8mA              ; Off                ; --                        ; no                         ; User                 ; 0 pF                 ; -                   ;
; GPIO[13] ; W13   ; 4        ; 46           ; 0            ; 0            ; 0                     ; 0                  ; no     ; no             ; no              ; no                     ; no            ; 2         ; yes             ; yes        ; no       ; Off          ; 3.3-V LVTTL  ; 8mA              ; Off                ; --                        ; no                         ; User                 ; 0 pF                 ; -                   ;
; GPIO[14] ; W12   ; 4        ; 46           ; 0            ; 7            ; 0                     ; 0                  ; no     ; no             ; no              ; no                     ; no            ; 2         ; yes             ; yes        ; no       ; Off          ; 3.3-V LVTTL  ; 8mA              ; Off                ; --                        ; no                         ; User                 ; 0 pF                 ; -                   ;
; GPIO[15] ; AB13  ; 4        ; 40           ; 0            ; 14           ; 0                     ; 0                  ; no     ; no             ; no              ; no                     ; no            ; 2         ; yes             ; yes        ; no       ; Off          ; 3.3-V LVTTL  ; 8mA              ; Off                ; --                        ; no                         ; User                 ; 0 pF                 ; -                   ;
; GPIO[16] ; AB12  ; 4        ; 40           ; 0            ; 21           ; 0                     ; 0                  ; no     ; no             ; no              ; no                     ; no            ; 2         ; yes             ; yes        ; no       ; Off          ; 3.3-V LVTTL  ; 8mA              ; Off                ; --                        ; no                         ; User                 ; 0 pF                 ; -                   ;
; GPIO[17] ; Y11   ; 4        ; 36           ; 0            ; 0            ; 0                     ; 0                  ; no     ; no             ; no              ; no                     ; no            ; 2         ; yes             ; yes        ; no       ; Off          ; 3.3-V LVTTL  ; 8mA              ; Off                ; --                        ; no                         ; User                 ; 0 pF                 ; -                   ;
; GPIO[18] ; AB11  ; 4        ; 38           ; 0            ; 7            ; 0                     ; 0                  ; no     ; no             ; no              ; no                     ; no            ; 2         ; yes             ; yes        ; no       ; Off          ; 3.3-V LVTTL  ; 8mA              ; Off                ; --                        ; no                         ; User                 ; 0 pF                 ; -                   ;
; GPIO[19] ; W11   ; 4        ; 36           ; 0            ; 7            ; 0                     ; 0                  ; no     ; no             ; no              ; no                     ; no            ; 2         ; yes             ; yes        ; no       ; Off          ; 3.3-V LVTTL  ; 8mA              ; Off                ; --                        ; no                         ; User                 ; 0 pF                 ; -                   ;
; GPIO[1]  ; W10   ; 3        ; 24           ; 0            ; 28           ; 0                     ; 0                  ; no     ; no             ; no              ; no                     ; no            ; 2         ; yes             ; no         ; no       ; Off          ; 3.3-V LVTTL  ; 8mA              ; Off                ; --                        ; no                         ; User                 ; 0 pF                 ; -                   ;
; GPIO[20] ; AB10  ; 4        ; 38           ; 0            ; 14           ; 0                     ; 0                  ; no     ; no             ; no              ; no                     ; no            ; 2         ; yes             ; yes        ; no       ; Off          ; 3.3-V LVTTL  ; 8mA              ; Off                ; --                        ; no                         ; User                 ; 0 pF                 ; -                   ;
; GPIO[21] ; AA10  ; 3        ; 34           ; 0            ; 0            ; 0                     ; 0                  ; no     ; no             ; no              ; no                     ; no            ; 2         ; yes             ; yes        ; no       ; Off          ; 3.3-V LVTTL  ; 8mA              ; Off                ; --                        ; no                         ; User                 ; 0 pF                 ; -                   ;
; GPIO[22] ; AA9   ; 3        ; 34           ; 0            ; 21           ; 0                     ; 0                  ; no     ; no             ; no              ; no                     ; no            ; 2         ; yes             ; yes        ; no       ; Off          ; 3.3-V LVTTL  ; 8mA              ; Off                ; --                        ; no                         ; User                 ; 0 pF                 ; -                   ;
; GPIO[23] ; Y8    ; 3        ; 20           ; 0            ; 0            ; 0                     ; 0                  ; no     ; no             ; no              ; no                     ; no            ; 2         ; yes             ; yes        ; no       ; Off          ; 3.3-V LVTTL  ; 8mA              ; Off                ; --                        ; no                         ; User                 ; 0 pF                 ; -                   ;
; GPIO[24] ; AA8   ; 3        ; 31           ; 0            ; 14           ; 0                     ; 0                  ; no     ; no             ; no              ; no                     ; no            ; 2         ; yes             ; yes        ; no       ; Off          ; 3.3-V LVTTL  ; 8mA              ; Off                ; --                        ; no                         ; User                 ; 0 pF                 ; -                   ;
; GPIO[25] ; Y7    ; 3        ; 20           ; 0            ; 7            ; 0                     ; 0                  ; no     ; no             ; no              ; no                     ; no            ; 2         ; yes             ; yes        ; no       ; Off          ; 3.3-V LVTTL  ; 8mA              ; Off                ; --                        ; no                         ; User                 ; 0 pF                 ; -                   ;
; GPIO[26] ; AA7   ; 3        ; 29           ; 0            ; 14           ; 0                     ; 0                  ; no     ; no             ; no              ; no                     ; no            ; 2         ; yes             ; yes        ; no       ; Off          ; 3.3-V LVTTL  ; 8mA              ; Off                ; --                        ; no                         ; User                 ; 0 pF                 ; -                   ;
; GPIO[27] ; Y6    ; 3        ; 20           ; 0            ; 28           ; 0                     ; 0                  ; no     ; no             ; no              ; no                     ; no            ; 2         ; yes             ; yes        ; no       ; Off          ; 3.3-V LVTTL  ; 8mA              ; Off                ; --                        ; no                         ; User                 ; 0 pF                 ; -                   ;
; GPIO[28] ; AA6   ; 3        ; 29           ; 0            ; 21           ; 0                     ; 0                  ; no     ; no             ; no              ; no                     ; no            ; 2         ; yes             ; yes        ; no       ; Off          ; 3.3-V LVTTL  ; 8mA              ; Off                ; --                        ; no                         ; User                 ; 0 pF                 ; -                   ;
; GPIO[29] ; Y5    ; 3        ; 18           ; 0            ; 0            ; 0                     ; 0                  ; no     ; no             ; no              ; no                     ; no            ; 2         ; yes             ; yes        ; no       ; Off          ; 3.3-V LVTTL  ; 8mA              ; Off                ; --                        ; no                         ; User                 ; 0 pF                 ; -                   ;
; GPIO[2]  ; V9    ; 3        ; 31           ; 0            ; 28           ; 0                     ; 0                  ; no     ; no             ; no              ; no                     ; no            ; 2         ; yes             ; yes        ; no       ; Off          ; 3.3-V LVTTL  ; 8mA              ; Off                ; --                        ; no                         ; User                 ; 0 pF                 ; -                   ;
; GPIO[30] ; AA5   ; 3        ; 26           ; 0            ; 0            ; 0                     ; 0                  ; no     ; no             ; no              ; no                     ; no            ; 2         ; yes             ; yes        ; no       ; Off          ; 3.3-V LVTTL  ; 8mA              ; Off                ; --                        ; no                         ; User                 ; 0 pF                 ; -                   ;
; GPIO[31] ; Y4    ; 3        ; 24           ; 0            ; 14           ; 0                     ; 0                  ; no     ; no             ; no              ; no                     ; no            ; 2         ; yes             ; yes        ; no       ; Off          ; 3.3-V LVTTL  ; 8mA              ; Off                ; --                        ; no                         ; User                 ; 0 pF                 ; -                   ;
; GPIO[32] ; AB3   ; 3        ; 22           ; 0            ; 7            ; 0                     ; 0                  ; no     ; no             ; no              ; no                     ; no            ; 2         ; yes             ; yes        ; no       ; Off          ; 3.3-V LVTTL  ; 8mA              ; Off                ; --                        ; no                         ; User                 ; 0 pF                 ; -                   ;
; GPIO[33] ; Y3    ; 3        ; 24           ; 0            ; 21           ; 0                     ; 0                  ; no     ; no             ; no              ; no                     ; no            ; 2         ; yes             ; yes        ; no       ; Off          ; 3.3-V LVTTL  ; 8mA              ; Off                ; --                        ; no                         ; User                 ; 0 pF                 ; -                   ;
; GPIO[34] ; AB2   ; 3        ; 22           ; 0            ; 14           ; 0                     ; 0                  ; no     ; no             ; no              ; no                     ; no            ; 2         ; yes             ; yes        ; no       ; Off          ; 3.3-V LVTTL  ; 8mA              ; Off                ; --                        ; no                         ; User                 ; 0 pF                 ; -                   ;
; GPIO[35] ; AA2   ; 3        ; 18           ; 0            ; 21           ; 0                     ; 0                  ; no     ; no             ; no              ; no                     ; no            ; 2         ; yes             ; yes        ; no       ; Off          ; 3.3-V LVTTL  ; 8mA              ; Off                ; --                        ; no                         ; User                 ; 0 pF                 ; -                   ;
; GPIO[3]  ; W9    ; 3        ; 22           ; 0            ; 0            ; 0                     ; 0                  ; no     ; no             ; no              ; no                     ; no            ; 2         ; yes             ; yes        ; no       ; Off          ; 3.3-V LVTTL  ; 8mA              ; Off                ; --                        ; no                         ; User                 ; 0 pF                 ; -                   ;
; GPIO[4]  ; V8    ; 3        ; 20           ; 0            ; 14           ; 0                     ; 0                  ; no     ; no             ; no              ; no                     ; no            ; 2         ; yes             ; yes        ; no       ; Off          ; 3.3-V LVTTL  ; 8mA              ; Off                ; --                        ; no                         ; User                 ; 0 pF                 ; -                   ;
; GPIO[5]  ; W8    ; 3        ; 24           ; 0            ; 0            ; 0                     ; 0                  ; no     ; no             ; no              ; no                     ; no            ; 2         ; yes             ; yes        ; no       ; Off          ; 3.3-V LVTTL  ; 8mA              ; Off                ; --                        ; no                         ; User                 ; 0 pF                 ; -                   ;
; GPIO[6]  ; V7    ; 3        ; 20           ; 0            ; 21           ; 0                     ; 0                  ; no     ; no             ; no              ; no                     ; no            ; 2         ; yes             ; yes        ; no       ; Off          ; 3.3-V LVTTL  ; 8mA              ; Off                ; --                        ; no                         ; User                 ; 0 pF                 ; -                   ;
; GPIO[7]  ; W7    ; 3        ; 24           ; 0            ; 7            ; 0                     ; 0                  ; no     ; no             ; no              ; no                     ; no            ; 2         ; yes             ; yes        ; no       ; Off          ; 3.3-V LVTTL  ; 8mA              ; Off                ; --                        ; no                         ; User                 ; 0 pF                 ; -                   ;
; GPIO[8]  ; W6    ; 3        ; 16           ; 0            ; 28           ; 0                     ; 0                  ; no     ; no             ; no              ; no                     ; no            ; 2         ; yes             ; yes        ; no       ; Off          ; 3.3-V LVTTL  ; 8mA              ; Off                ; --                        ; no                         ; User                 ; 0 pF                 ; -                   ;
; GPIO[9]  ; V5    ; 3        ; 14           ; 0            ; 7            ; 0                     ; 0                  ; no     ; no             ; no              ; no                     ; no            ; 2         ; yes             ; yes        ; no       ; Off          ; 3.3-V LVTTL  ; 8mA              ; Off                ; --                        ; no                         ; User                 ; 0 pF                 ; -                   ;
+----------+-------+----------+--------------+--------------+--------------+-----------------------+--------------------+--------+----------------+-----------------+------------------------+---------------+-----------+-----------------+------------+----------+--------------+--------------+------------------+--------------------+---------------------------+----------------------------+----------------------+----------------------+---------------------+


+-----------------------------------------------------------------------------------------------------------------------------------------+
; Dual Purpose and Dedicated Pins                                                                                                         ;
+----------+----------------------------------------------------+--------------------------------+---------------------+------------------+
; Location ; Pin Name                                           ; Reserved As                    ; User Signal Name    ; Pin Type         ;
+----------+----------------------------------------------------+--------------------------------+---------------------+------------------+
; H2       ; DIFFIO_RX_L17n, DIFFOUT_L17n, TMS, Low_Speed       ; Reserved as secondary function ; ~ALTERA_TMS~        ; Dual Purpose Pin ;
; G2       ; DIFFIO_RX_L17p, DIFFOUT_L17p, TCK, Low_Speed       ; Reserved as secondary function ; ~ALTERA_TCK~        ; Dual Purpose Pin ;
; L4       ; DIFFIO_RX_L18n, DIFFOUT_L18n, TDI, Low_Speed       ; Reserved as secondary function ; ~ALTERA_TDI~        ; Dual Purpose Pin ;
; M5       ; DIFFIO_RX_L18p, DIFFOUT_L18p, TDO, Low_Speed       ; Reserved as secondary function ; ~ALTERA_TDO~        ; Dual Purpose Pin ;
; H10      ; CONFIG_SEL, Low_Speed                              ; Reserved as secondary function ; ~ALTERA_CONFIG_SEL~ ; Dual Purpose Pin ;
; H9       ; nCONFIG, Low_Speed                                 ; Reserved as secondary function ; ~ALTERA_nCONFIG~    ; Dual Purpose Pin ;
; G9       ; DIFFIO_RX_T50p, DIFFOUT_T50p, nSTATUS, Low_Speed   ; Reserved as secondary function ; ~ALTERA_nSTATUS~    ; Dual Purpose Pin ;
; F8       ; DIFFIO_RX_T50n, DIFFOUT_T50n, CONF_DONE, Low_Speed ; Reserved as secondary function ; ~ALTERA_CONF_DONE~  ; Dual Purpose Pin ;
+----------+----------------------------------------------------+--------------------------------+---------------------+------------------+


+------------------------------------------------------------+
; I/O Bank Usage                                             ;
+----------+------------------+---------------+--------------+
; I/O Bank ; Usage            ; VCCIO Voltage ; VREF Voltage ;
+----------+------------------+---------------+--------------+
; 1A       ; 0 / 16 ( 0 % )   ; 2.5V          ; --           ;
; 1B       ; 4 / 24 ( 17 % )  ; 2.5V          ; --           ;
; 2        ; 1 / 36 ( 3 % )   ; 3.3V          ; --           ;
; 3        ; 27 / 48 ( 56 % ) ; 3.3V          ; --           ;
; 4        ; 10 / 48 ( 21 % ) ; 3.3V          ; --           ;
; 5        ; 0 / 40 ( 0 % )   ; 2.5V          ; --           ;
; 6        ; 31 / 60 ( 52 % ) ; 3.3V          ; --           ;
; 7        ; 30 / 52 ( 58 % ) ; 3.3V          ; --           ;
; 8        ; 4 / 36 ( 11 % )  ; 2.5V          ; --           ;
+----------+------------------+---------------+--------------+


+---------------------------------------------------------------------------------------------------------------------------------------------------------------------------------------+
; All Package Pins                                                                                                                                                                      ;
+----------+------------+----------+------------------------------------------------+--------+-----------------------+---------+------------+-----------------+----------+--------------+
; Location ; Pad Number ; I/O Bank ; Pin Name/Usage                                 ; Dir.   ; I/O Standard          ; Voltage ; I/O Type   ; User Assignment ; Bus Hold ; Weak Pull Up ;
+----------+------------+----------+------------------------------------------------+--------+-----------------------+---------+------------+-----------------+----------+--------------+
; A1       ;            ;          ; GND                                            ; gnd    ;                       ;         ; --         ;                 ; --       ; --           ;
; A2       ; 481        ; 8        ; RESERVED_INPUT_WITH_WEAK_PULLUP                ;        ;                       ;         ; Column I/O ;                 ; no       ; On           ;
; A3       ; 483        ; 8        ; RESERVED_INPUT_WITH_WEAK_PULLUP                ;        ;                       ;         ; Column I/O ;                 ; no       ; On           ;
; A4       ; 475        ; 8        ; RESERVED_INPUT_WITH_WEAK_PULLUP                ;        ;                       ;         ; Column I/O ;                 ; no       ; On           ;
; A5       ; 473        ; 8        ; RESERVED_INPUT_WITH_WEAK_PULLUP                ;        ;                       ;         ; Column I/O ;                 ; no       ; On           ;
; A6       ; 471        ; 8        ; RESERVED_INPUT_WITH_WEAK_PULLUP                ;        ;                       ;         ; Column I/O ;                 ; no       ; On           ;
; A7       ; 445        ; 7        ; KEY[1]                                         ; input  ; 3.3 V Schmitt Trigger ;         ; Column I/O ; Y               ; no       ; Off          ;
; A8       ; 447        ; 7        ; LEDR[0]                                        ; output ; 3.3-V LVTTL           ;         ; Column I/O ; Y               ; no       ; Off          ;
; A9       ; 449        ; 7        ; LEDR[1]                                        ; output ; 3.3-V LVTTL           ;         ; Column I/O ; Y               ; no       ; Off          ;
; A10      ; 439        ; 7        ; LEDR[2]                                        ; output ; 3.3-V LVTTL           ;         ; Column I/O ; Y               ; no       ; Off          ;
; A11      ; 437        ; 7        ; LEDR[8]                                        ; output ; 3.3-V LVTTL           ;         ; Column I/O ; Y               ; no       ; Off          ;
; A12      ; 435        ; 7        ; RESERVED_INPUT_WITH_WEAK_PULLUP                ;        ;                       ;         ; Column I/O ;                 ; no       ; On           ;
; A13      ; 433        ; 7        ; RESERVED_INPUT_WITH_WEAK_PULLUP                ;        ;                       ;         ; Column I/O ;                 ; no       ; On           ;
; A14      ; 425        ; 7        ; RESERVED_INPUT_WITH_WEAK_PULLUP                ;        ;                       ;         ; Column I/O ;                 ; no       ; On           ;
; A15      ; 421        ; 7        ; RESERVED_INPUT_WITH_WEAK_PULLUP                ;        ;                       ;         ; Column I/O ;                 ; no       ; On           ;
; A16      ; 419        ; 7        ; HEX1[7]                                        ; output ; 3.3-V LVTTL           ;         ; Column I/O ; Y               ; no       ; Off          ;
; A17      ; 407        ; 7        ; HEX1[4]                                        ; output ; 3.3-V LVTTL           ;         ; Column I/O ; Y               ; no       ; Off          ;
; A18      ; 405        ; 7        ; HEX1[5]                                        ; output ; 3.3-V LVTTL           ;         ; Column I/O ; Y               ; no       ; Off          ;
; A19      ; 403        ; 7        ; HEX2[7]                                        ; output ; 3.3-V LVTTL           ;         ; Column I/O ; Y               ; no       ; Off          ;
; A20      ; 401        ; 7        ; HEX2[1]                                        ; output ; 3.3-V LVTTL           ;         ; Column I/O ; Y               ; no       ; Off          ;
; A21      ; 371        ; 6        ; HEX2[3]                                        ; output ; 3.3-V LVTTL           ;         ; Row I/O    ; Y               ; no       ; Off          ;
; A22      ;            ;          ; GND                                            ; gnd    ;                       ;         ; --         ;                 ; --       ; --           ;
; AA1      ; 133        ; 3        ; RESERVED_INPUT_WITH_WEAK_PULLUP                ;        ;                       ;         ; Column I/O ;                 ; no       ; On           ;
; AA2      ; 135        ; 3        ; GPIO[35]                                       ; bidir  ; 3.3-V LVTTL           ;         ; Column I/O ; Y               ; no       ; Off          ;
; AA3      ; 153        ; 3        ; RESERVED_INPUT_WITH_WEAK_PULLUP                ;        ;                       ;         ; Column I/O ;                 ; --       ; --           ;
; AA4      ;            ;          ; GND                                            ; gnd    ;                       ;         ; --         ;                 ; --       ; --           ;
; AA5      ; 157        ; 3        ; GPIO[30]                                       ; bidir  ; 3.3-V LVTTL           ;         ; Column I/O ; Y               ; no       ; Off          ;
; AA6      ; 156        ; 3        ; GPIO[28]                                       ; bidir  ; 3.3-V LVTTL           ;         ; Column I/O ; Y               ; no       ; Off          ;
; AA7      ; 158        ; 3        ; GPIO[26]                                       ; bidir  ; 3.3-V LVTTL           ;         ; Column I/O ; Y               ; no       ; Off          ;
; AA8      ; 165        ; 3        ; GPIO[24]                                       ; bidir  ; 3.3-V LVTTL           ;         ; Column I/O ; Y               ; no       ; Off          ;
; AA9      ; 169        ; 3        ; GPIO[22]                                       ; bidir  ; 3.3-V LVTTL           ;         ; Column I/O ; Y               ; no       ; Off          ;
; AA10     ; 170        ; 3        ; GPIO[21]                                       ; bidir  ; 3.3-V LVTTL           ;         ; Column I/O ; Y               ; no       ; Off          ;
; AA11     ; 180        ; 4        ; RESERVED_INPUT_WITH_WEAK_PULLUP                ;        ;                       ;         ; Column I/O ;                 ; no       ; On           ;
; AA12     ; 182        ; 4        ; RESERVED_INPUT_WITH_WEAK_PULLUP                ;        ;                       ;         ; Column I/O ;                 ; no       ; On           ;
; AA13     ; 197        ; 4        ; RESERVED_INPUT_WITH_WEAK_PULLUP                ;        ;                       ;         ; Column I/O ;                 ; --       ; --           ;
; AA14     ; 201        ; 4        ; GPIO[12]                                       ; bidir  ; 3.3-V LVTTL           ;         ; Column I/O ; Y               ; no       ; Off          ;
; AA15     ; 205        ; 4        ; GPIO[11]                                       ; bidir  ; 3.3-V LVTTL           ;         ; Column I/O ; Y               ; no       ; Off          ;
; AA16     ; 211        ; 4        ; RESERVED_INPUT_WITH_WEAK_PULLUP                ;        ;                       ;         ; Column I/O ;                 ; no       ; On           ;
; AA17     ; 212        ; 4        ; RESERVED_INPUT_WITH_WEAK_PULLUP                ;        ;                       ;         ; Column I/O ;                 ; no       ; On           ;
; AA18     ;            ;          ; GND                                            ; gnd    ;                       ;         ; --         ;                 ; --       ; --           ;
; AA19     ; 217        ; 4        ; RESERVED_INPUT_WITH_WEAK_PULLUP                ;        ;                       ;         ; Column I/O ;                 ; no       ; On           ;
; AA20     ; 227        ; 4        ; RESERVED_INPUT_WITH_WEAK_PULLUP                ;        ;                       ;         ; Column I/O ;                 ; no       ; On           ;
; AA21     ; 245        ; 5        ; RESERVED_INPUT_WITH_WEAK_PULLUP                ;        ;                       ;         ; Row I/O    ;                 ; no       ; On           ;
; AA22     ; 247        ; 5        ; RESERVED_INPUT_WITH_WEAK_PULLUP                ;        ;                       ;         ; Row I/O    ;                 ; no       ; On           ;
; AB1      ;            ;          ; GND                                            ; gnd    ;                       ;         ; --         ;                 ; --       ; --           ;
; AB2      ; 145        ; 3        ; GPIO[34]                                       ; bidir  ; 3.3-V LVTTL           ;         ; Column I/O ; Y               ; no       ; Off          ;
; AB3      ; 147        ; 3        ; GPIO[32]                                       ; bidir  ; 3.3-V LVTTL           ;         ; Column I/O ; Y               ; no       ; Off          ;
; AB4      ; 155        ; 3        ; RESERVED_INPUT_WITH_WEAK_PULLUP                ;        ;                       ;         ; Column I/O ;                 ; no       ; On           ;
; AB5      ; 159        ; 3        ; RESERVED_INPUT_WITH_WEAK_PULLUP                ;        ;                       ;         ; Column I/O ;                 ; no       ; On           ;
; AB6      ; 161        ; 3        ; RESERVED_INPUT_WITH_WEAK_PULLUP                ;        ;                       ;         ; Column I/O ;                 ; no       ; On           ;
; AB7      ; 163        ; 3        ; RESERVED_INPUT_WITH_WEAK_PULLUP                ;        ;                       ;         ; Column I/O ;                 ; no       ; On           ;
; AB8      ; 167        ; 3        ; RESERVED_INPUT_WITH_WEAK_PULLUP                ;        ;                       ;         ; Column I/O ;                 ; no       ; On           ;
; AB9      ; 171        ; 3        ; RESERVED_INPUT_WITH_WEAK_PULLUP                ;        ;                       ;         ; Column I/O ;                 ; no       ; On           ;
; AB10     ; 177        ; 4        ; GPIO[20]                                       ; bidir  ; 3.3-V LVTTL           ;         ; Column I/O ; Y               ; no       ; Off          ;
; AB11     ; 179        ; 4        ; GPIO[18]                                       ; bidir  ; 3.3-V LVTTL           ;         ; Column I/O ; Y               ; no       ; Off          ;
; AB12     ; 181        ; 4        ; GPIO[16]                                       ; bidir  ; 3.3-V LVTTL           ;         ; Column I/O ; Y               ; no       ; Off          ;
; AB13     ; 183        ; 4        ; GPIO[15]                                       ; bidir  ; 3.3-V LVTTL           ;         ; Column I/O ; Y               ; no       ; Off          ;
; AB14     ; 199        ; 4        ; RESERVED_INPUT_WITH_WEAK_PULLUP                ;        ;                       ;         ; Column I/O ;                 ; no       ; On           ;
; AB15     ; 203        ; 4        ; RESERVED_INPUT_WITH_WEAK_PULLUP                ;        ;                       ;         ; Column I/O ;                 ; no       ; On           ;
; AB16     ; 209        ; 4        ; RESERVED_INPUT_WITH_WEAK_PULLUP                ;        ;                       ;         ; Column I/O ;                 ; no       ; On           ;
; AB17     ; 241        ; 4        ; RESERVED_INPUT_WITH_WEAK_PULLUP                ;        ;                       ;         ; Column I/O ;                 ; no       ; On           ;
; AB18     ; 243        ; 4        ; RESERVED_INPUT_WITH_WEAK_PULLUP                ;        ;                       ;         ; Column I/O ;                 ; no       ; On           ;
; AB19     ; 213        ; 4        ; RESERVED_INPUT_WITH_WEAK_PULLUP                ;        ;                       ;         ; Column I/O ;                 ; no       ; On           ;
; AB20     ; 215        ; 4        ; RESERVED_INPUT_WITH_WEAK_PULLUP                ;        ;                       ;         ; Column I/O ;                 ; no       ; On           ;
; AB21     ; 225        ; 4        ; RESERVED_INPUT_WITH_WEAK_PULLUP                ;        ;                       ;         ; Column I/O ;                 ; no       ; On           ;
; AB22     ;            ;          ; GND                                            ; gnd    ;                       ;         ; --         ;                 ; --       ; --           ;
; B1       ; 495        ; 8        ; RESERVED_INPUT_WITH_WEAK_PULLUP                ;        ;                       ;         ; Column I/O ;                 ; no       ; On           ;
; B2       ; 493        ; 8        ; RESERVED_INPUT_WITH_WEAK_PULLUP                ;        ;                       ;         ; Column I/O ;                 ; no       ; On           ;
; B3       ; 484        ; 8        ; RESERVED_INPUT_WITH_WEAK_PULLUP                ;        ;                       ;         ; Column I/O ;                 ; no       ; On           ;
; B4       ; 486        ; 8        ; RESERVED_INPUT_WITH_WEAK_PULLUP                ;        ;                       ;         ; Column I/O ;                 ; no       ; On           ;
; B5       ; 485        ; 8        ; RESERVED_INPUT_WITH_WEAK_PULLUP                ;        ;                       ;         ; Column I/O ;                 ; no       ; On           ;
; B6       ;            ;          ; GND                                            ; gnd    ;                       ;         ; --         ;                 ; --       ; --           ;
; B7       ; 469        ; 8        ; RESERVED_INPUT_WITH_WEAK_PULLUP                ;        ;                       ;         ; Column I/O ;                 ; no       ; On           ;
; B8       ; 451        ; 7        ; KEY[0]                                         ; input  ; 3.3 V Schmitt Trigger ;         ; Column I/O ; Y               ; no       ; Off          ;
; B9       ;            ;          ; GND                                            ; gnd    ;                       ;         ; --         ;                 ; --       ; --           ;
; B10      ; 448        ; 7        ; LEDR[3]                                        ; output ; 3.3-V LVTTL           ;         ; Column I/O ; Y               ; no       ; Off          ;
; B11      ; 443        ; 7        ; LEDR[9]                                        ; output ; 3.3-V LVTTL           ;         ; Column I/O ; Y               ; no       ; Off          ;
; B12      ; 441        ; 7        ; RESERVED_INPUT_WITH_WEAK_PULLUP                ;        ;                       ;         ; Column I/O ;                 ; no       ; On           ;
; B13      ;            ;          ; GND                                            ; gnd    ;                       ;         ; --         ;                 ; --       ; --           ;
; B14      ; 427        ; 7        ; RESERVED_INPUT_WITH_WEAK_PULLUP                ;        ;                       ;         ; Column I/O ;                 ; no       ; On           ;
; B15      ; 423        ; 7        ; RESERVED_INPUT_WITH_WEAK_PULLUP                ;        ;                       ;         ; Column I/O ;                 ; --       ; --           ;
; B16      ; 417        ; 7        ; HEX1[3]                                        ; output ; 3.3-V LVTTL           ;         ; Column I/O ; Y               ; no       ; Off          ;
; B17      ; 402        ; 7        ; HEX1[6]                                        ; output ; 3.3-V LVTTL           ;         ; Column I/O ; Y               ; no       ; Off          ;
; B18      ;            ;          ; GND                                            ; gnd    ;                       ;         ; --         ;                 ; --       ; --           ;
; B19      ; 399        ; 7        ; HEX2[2]                                        ; output ; 3.3-V LVTTL           ;         ; Column I/O ; Y               ; no       ; Off          ;
; B20      ; 369        ; 6        ; HEX2[0]                                        ; output ; 3.3-V LVTTL           ;         ; Row I/O    ; Y               ; no       ; Off          ;
; B21      ; 367        ; 6        ; HEX2[4]                                        ; output ; 3.3-V LVTTL           ;         ; Row I/O    ; Y               ; no       ; Off          ;
; B22      ; 365        ; 6        ; HEX2[6]                                        ; output ; 3.3-V LVTTL           ;         ; Row I/O    ; Y               ; no       ; Off          ;
; C1       ; 33         ; 1B       ; RESERVED_INPUT_WITH_WEAK_PULLUP                ;        ;                       ;         ; Row I/O    ;                 ; --       ; --           ;
; C2       ; 499        ; 8        ; RESERVED_INPUT_WITH_WEAK_PULLUP                ;        ;                       ;         ; Column I/O ;                 ; no       ; On           ;
; C3       ; 497        ; 8        ; RESERVED_INPUT_WITH_WEAK_PULLUP                ;        ;                       ;         ; Column I/O ;                 ; no       ; On           ;
; C4       ; 487        ; 8        ; RESERVED_INPUT_WITH_WEAK_PULLUP                ;        ;                       ;         ; Column I/O ;                 ; no       ; On           ;
; C5       ; 489        ; 8        ; RESERVED_INPUT_WITH_WEAK_PULLUP                ;        ;                       ;         ; Column I/O ;                 ; no       ; On           ;
; C6       ; 477        ; 8        ; RESERVED_INPUT_WITH_WEAK_PULLUP                ;        ;                       ;         ; Column I/O ;                 ; no       ; On           ;
; C7       ; 467        ; 8        ; RESERVED_INPUT_WITH_WEAK_PULLUP                ;        ;                       ;         ; Column I/O ;                 ; no       ; On           ;
; C8       ; 465        ; 8        ; RESERVED_INPUT_WITH_WEAK_PULLUP                ;        ;                       ;         ; Column I/O ;                 ; no       ; On           ;
; C9       ; 450        ; 7        ; RESERVED_INPUT_WITH_WEAK_PULLUP                ;        ;                       ;         ; Column I/O ;                 ; no       ; On           ;
; C10      ; 442        ; 7        ; RESERVED_INPUT_WITH_WEAK_PULLUP                ;        ;                       ;         ; Column I/O ;                 ; no       ; On           ;
; C11      ; 440        ; 7        ; RESERVED_INPUT_WITH_WEAK_PULLUP                ;        ;                       ;         ; Column I/O ;                 ; no       ; On           ;
; C12      ; 436        ; 7        ; RESERVED_INPUT_WITH_WEAK_PULLUP                ;        ;                       ;         ; Column I/O ;                 ; no       ; On           ;
; C13      ; 426        ; 7        ; LEDR[5]                                        ; output ; 3.3-V LVTTL           ;         ; Column I/O ; Y               ; no       ; Off          ;
; C14      ; 424        ; 7        ; HEX0[0]                                        ; output ; 3.3-V LVTTL           ;         ; Column I/O ; Y               ; no       ; Off          ;
; C15      ; 418        ; 7        ; HEX0[2]                                        ; output ; 3.3-V LVTTL           ;         ; Column I/O ; Y               ; no       ; Off          ;
; C16      ; 416        ; 7        ; HEX0[3]                                        ; output ; 3.3-V LVTTL           ;         ; Column I/O ; Y               ; no       ; Off          ;
; C17      ; 391        ; 7        ; HEX0[6]                                        ; output ; 3.3-V LVTTL           ;         ; Column I/O ; Y               ; no       ; Off          ;
; C18      ; 400        ; 7        ; HEX1[0]                                        ; output ; 3.3-V LVTTL           ;         ; Column I/O ; Y               ; no       ; Off          ;
; C19      ; 397        ; 7        ; HEX3[3]                                        ; output ; 3.3-V LVTTL           ;         ; Column I/O ; Y               ; no       ; Off          ;
; C20      ; 357        ; 6        ; HEX3[4]                                        ; output ; 3.3-V LVTTL           ;         ; Row I/O    ; Y               ; no       ; Off          ;
; C21      ; 347        ; 6        ; RESERVED_INPUT_WITH_WEAK_PULLUP                ;        ;                       ;         ; Row I/O    ;                 ; no       ; On           ;
; C22      ; 343        ; 6        ; HEX2[5]                                        ; output ; 3.3-V LVTTL           ;         ; Row I/O    ; Y               ; no       ; Off          ;
; D1       ; 35         ; 1B       ; RESERVED_INPUT_WITH_WEAK_PULLUP                ;        ;                       ;         ; Row I/O    ;                 ; no       ; On           ;
; D2       ; 31         ; 1B       ; RESERVED_INPUT_WITH_WEAK_PULLUP                ;        ;                       ;         ; Row I/O    ;                 ; no       ; On           ;
; D3       ; 29         ; 1B       ; RESERVED_INPUT_WITH_WEAK_PULLUP                ;        ;                       ;         ; Row I/O    ;                 ; no       ; On           ;
; D4       ;            ;          ; GND                                            ; gnd    ;                       ;         ; --         ;                 ; --       ; --           ;
; D5       ; 491        ; 8        ; RESERVED_INPUT_WITH_WEAK_PULLUP                ;        ;                       ;         ; Column I/O ;                 ; no       ; On           ;
; D6       ; 496        ; 8        ; RESERVED_INPUT_WITH_WEAK_PULLUP                ;        ;                       ;         ; Column I/O ;                 ; no       ; On           ;
; D7       ; 479        ; 8        ; RESERVED_INPUT_WITH_WEAK_PULLUP                ;        ;                       ;         ; Column I/O ;                 ; --       ; --           ;
; D8       ; 472        ; 8        ; RESERVED_INPUT_WITH_WEAK_PULLUP                ;        ;                       ;         ; Column I/O ;                 ; no       ; On           ;
; D9       ; 474        ; 8        ; RESERVED_INPUT_WITH_WEAK_PULLUP                ;        ;                       ;         ; Column I/O ;                 ; no       ; On           ;
; D10      ; 476        ; 8        ; RESERVED_INPUT_WITH_WEAK_PULLUP                ;        ;                       ;         ; Column I/O ;                 ; no       ; On           ;
; D11      ;            ;          ; GND                                            ; gnd    ;                       ;         ; --         ;                 ; --       ; --           ;
; D12      ; 438        ; 7        ; RESERVED_INPUT_WITH_WEAK_PULLUP                ;        ;                       ;         ; Column I/O ;                 ; no       ; On           ;
; D13      ; 431        ; 7        ; LEDR[4]                                        ; output ; 3.3-V LVTTL           ;         ; Column I/O ; Y               ; no       ; Off          ;
; D14      ; 428        ; 7        ; LEDR[7]                                        ; output ; 3.3-V LVTTL           ;         ; Column I/O ; Y               ; no       ; Off          ;
; D15      ; 404        ; 7        ; HEX0[7]                                        ; output ; 3.3-V LVTTL           ;         ; Column I/O ; Y               ; no       ; Off          ;
; D16      ;            ;          ; GND                                            ; gnd    ;                       ;         ; --         ;                 ; --       ; --           ;
; D17      ; 389        ; 7        ; HEX0[5]                                        ; output ; 3.3-V LVTTL           ;         ; Column I/O ; Y               ; no       ; Off          ;
; D18      ; 385        ; 6        ; HEX1[1]                                        ; output ; 3.3-V LVTTL           ;         ; Row I/O    ; Y               ; no       ; Off          ;
; D19      ; 359        ; 6        ; HEX3[5]                                        ; output ; 3.3-V LVTTL           ;         ; Row I/O    ; Y               ; no       ; Off          ;
; D20      ;            ;          ; GND                                            ; gnd    ;                       ;         ; --         ;                 ; --       ; --           ;
; D21      ; 345        ; 6        ; RESERVED_INPUT_WITH_WEAK_PULLUP                ;        ;                       ;         ; Row I/O    ;                 ; --       ; --           ;
; D22      ; 341        ; 6        ; HEX3[7]                                        ; output ; 3.3-V LVTTL           ;         ; Row I/O    ; Y               ; no       ; Off          ;
; E1       ; 41         ; 1B       ; RESERVED_INPUT_WITH_WEAK_PULLUP                ;        ;                       ;         ; Row I/O    ;                 ; no       ; On           ;
; E2       ;            ;          ; GND                                            ; gnd    ;                       ;         ; --         ;                 ; --       ; --           ;
; E3       ; 3          ; 1A       ; RESERVED_INPUT_WITH_WEAK_PULLUP                ;        ;                       ;         ; Row I/O    ;                 ; no       ; On           ;
; E4       ; 1          ; 1A       ; RESERVED_INPUT_WITH_WEAK_PULLUP                ;        ;                       ;         ; Row I/O    ;                 ; no       ; On           ;
; E5       ;            ;          ; NC                                             ;        ;                       ;         ; --         ;                 ; --       ; --           ;
; E6       ; 498        ; 8        ; RESERVED_INPUT_WITH_WEAK_PULLUP                ;        ;                       ;         ; Column I/O ;                 ; no       ; On           ;
; E7       ;            ;          ; GND                                            ; gnd    ;                       ;         ; --         ;                 ; --       ; --           ;
; E8       ; 488        ; 8        ; RESERVED_INPUT_WITH_WEAK_PULLUP                ;        ;                       ;         ; Column I/O ;                 ; no       ; On           ;
; E9       ; 478        ; 8        ; RESERVED_INPUT_WITH_WEAK_PULLUP                ;        ;                       ;         ; Column I/O ;                 ; no       ; On           ;
; E10      ; 466        ; 8        ; RESERVED_INPUT_WITH_WEAK_PULLUP                ;        ;                       ;         ; Column I/O ;                 ; no       ; On           ;
; E11      ; 464        ; 8        ; RESERVED_INPUT_WITH_WEAK_PULLUP                ;        ;                       ;         ; Column I/O ;                 ; no       ; On           ;
; E12      ; 429        ; 7        ; RESERVED_INPUT_WITH_WEAK_PULLUP                ;        ;                       ;         ; Column I/O ;                 ; no       ; On           ;
; E13      ; 430        ; 7        ; RESERVED_INPUT_WITH_WEAK_PULLUP                ;        ;                       ;         ; Column I/O ;                 ; no       ; On           ;
; E14      ; 406        ; 7        ; LEDR[6]                                        ; output ; 3.3-V LVTTL           ;         ; Column I/O ; Y               ; no       ; Off          ;
; E15      ; 390        ; 7        ; HEX0[1]                                        ; output ; 3.3-V LVTTL           ;         ; Column I/O ; Y               ; no       ; Off          ;
; E16      ; 388        ; 7        ; HEX0[4]                                        ; output ; 3.3-V LVTTL           ;         ; Column I/O ; Y               ; no       ; Off          ;
; E17      ; 366        ; 6        ; HEX3[6]                                        ; output ; 3.3-V LVTTL           ;         ; Row I/O    ; Y               ; no       ; Off          ;
; E18      ; 387        ; 6        ; HEX1[2]                                        ; output ; 3.3-V LVTTL           ;         ; Row I/O    ; Y               ; no       ; Off          ;
; E19      ; 352        ; 6        ; HEX4[2]                                        ; output ; 3.3-V LVTTL           ;         ; Row I/O    ; Y               ; no       ; Off          ;
; E20      ; 355        ; 6        ; HEX4[1]                                        ; output ; 3.3-V LVTTL           ;         ; Row I/O    ; Y               ; no       ; Off          ;
; E21      ; 335        ; 6        ; HEX3[2]                                        ; output ; 3.3-V LVTTL           ;         ; Row I/O    ; Y               ; no       ; Off          ;
; E22      ; 333        ; 6        ; HEX3[1]                                        ; output ; 3.3-V LVTTL           ;         ; Row I/O    ; Y               ; no       ; Off          ;
; F1       ; 47         ; 1B       ; RESERVED_INPUT_WITH_WEAK_PULLUP                ;        ;                       ;         ; Row I/O    ;                 ; no       ; On           ;
; F2       ; 43         ; 1B       ; RESERVED_INPUT_WITH_WEAK_PULLUP                ;        ;                       ;         ; Row I/O    ;                 ; no       ; On           ;
; F3       ; 7          ; 1A       ; RESERVED_INPUT_WITH_WEAK_PULLUP                ;        ;                       ;         ; Row I/O    ;                 ; no       ; On           ;
; F4       ; 2          ; 1A       ; RESERVED_INPUT_WITH_WEAK_PULLUP                ;        ;                       ;         ; Row I/O    ;                 ; no       ; On           ;
; F5       ; 0          ; 1A       ; RESERVED_INPUT_WITH_WEAK_PULLUP                ;        ;                       ;         ; Row I/O    ;                 ; no       ; On           ;
; F6       ;            ;          ; NC                                             ;        ;                       ;         ; --         ;                 ; --       ; --           ;
; F7       ; 490        ; 8        ; RESERVED_INPUT_WITH_WEAK_PULLUP                ;        ;                       ;         ; Column I/O ;                 ; no       ; On           ;
; F8       ; 494        ; 8        ; ~ALTERA_CONF_DONE~ / RESERVED_INPUT            ; input  ; 2.5 V Schmitt Trigger ;         ; Column I/O ; N               ; no       ; Off          ;
; F9       ;            ; 8        ; VCCIO8                                         ; power  ;                       ; 2.5V    ; --         ;                 ; --       ; --           ;
; F10      ;            ;          ; GND                                            ; gnd    ;                       ;         ; --         ;                 ; --       ; --           ;
; F11      ;            ; 8        ; VCCIO8                                         ; power  ;                       ; 2.5V    ; --         ;                 ; --       ; --           ;
; F12      ;            ; 7        ; VCCIO7                                         ; power  ;                       ; 3.3V    ; --         ;                 ; --       ; --           ;
; F13      ;            ;          ; GND                                            ; gnd    ;                       ;         ; --         ;                 ; --       ; --           ;
; F14      ;            ; 7        ; VCCIO7                                         ; power  ;                       ; 3.3V    ; --         ;                 ; --       ; --           ;
; F15      ; 398        ; 7        ; RESERVED_INPUT_WITH_WEAK_PULLUP                ;        ;                       ;         ; Column I/O ;                 ; no       ; On           ;
; F16      ; 396        ; 7        ; RESERVED_INPUT_WITH_WEAK_PULLUP                ;        ;                       ;         ; Column I/O ;                 ; no       ; On           ;
; F17      ; 364        ; 6        ; HEX4[7]                                        ; output ; 3.3-V LVTTL           ;         ; Row I/O    ; Y               ; no       ; Off          ;
; F18      ; 354        ; 6        ; HEX4[0]                                        ; output ; 3.3-V LVTTL           ;         ; Row I/O    ; Y               ; no       ; Off          ;
; F19      ; 353        ; 6        ; HEX4[5]                                        ; output ; 3.3-V LVTTL           ;         ; Row I/O    ; Y               ; no       ; Off          ;
; F20      ; 342        ; 6        ; HEX4[6]                                        ; output ; 3.3-V LVTTL           ;         ; Row I/O    ; Y               ; no       ; Off          ;
; F21      ; 340        ; 6        ; HEX3[0]                                        ; output ; 3.3-V LVTTL           ;         ; Row I/O    ; Y               ; no       ; Off          ;
; F22      ; 331        ; 6        ; RESERVED_INPUT_WITH_WEAK_PULLUP                ;        ;                       ;         ; Row I/O    ;                 ; no       ; On           ;
; G1       ; 45         ; 1B       ; RESERVED_INPUT_WITH_WEAK_PULLUP                ;        ;                       ;         ; Row I/O    ;                 ; no       ; On           ;
; G2       ; 34         ; 1B       ; ~ALTERA_TCK~ / RESERVED_INPUT                  ; input  ; 2.5 V Schmitt Trigger ;         ; Row I/O    ; N               ; no       ; Off          ;
; G3       ; 11         ; 1A       ; RESERVED_INPUT_WITH_WEAK_PULLUP                ;        ;                       ;         ; Row I/O    ;                 ; no       ; On           ;
; G4       ; 5          ; 1A       ; RESERVED_INPUT_WITH_WEAK_PULLUP                ;        ;                       ;         ; Row I/O    ;                 ; no       ; On           ;
; G5       ;            ;          ; ANAIN1                                         ;        ;                       ;         ; --         ;                 ; --       ; --           ;
; G6       ;            ;          ; GND                                            ; gnd    ;                       ;         ; --         ;                 ; --       ; --           ;
; G7       ;            ;          ; VCCD_PLL3                                      ; power  ;                       ; 1.2V    ; --         ;                 ; --       ; --           ;
; G8       ;            ;          ; GND                                            ; gnd    ;                       ;         ; --         ;                 ; --       ; --           ;
; G9       ; 492        ; 8        ; ~ALTERA_nSTATUS~ / RESERVED_INPUT              ; input  ; 2.5 V Schmitt Trigger ;         ; Column I/O ; N               ; no       ; Off          ;
; G10      ;            ; 8        ; VCCIO8                                         ; power  ;                       ; 2.5V    ; --         ;                 ; --       ; --           ;
; G11      ;            ; 8        ; VCCIO8                                         ; power  ;                       ; 2.5V    ; --         ;                 ; --       ; --           ;
; G12      ;            ; 7        ; VCCIO7                                         ; power  ;                       ; 3.3V    ; --         ;                 ; --       ; --           ;
; G13      ;            ; 7        ; VCCIO7                                         ; power  ;                       ; 3.3V    ; --         ;                 ; --       ; --           ;
; G14      ;            ; 7        ; VCCIO7                                         ; power  ;                       ; 3.3V    ; --         ;                 ; --       ; --           ;
; G15      ;            ;          ; GND                                            ; gnd    ;                       ;         ; --         ;                 ; --       ; --           ;
; G16      ;            ;          ; VCCD_PLL2                                      ; power  ;                       ; 1.2V    ; --         ;                 ; --       ; --           ;
; G17      ; 386        ; 6        ; RESERVED_INPUT_WITH_WEAK_PULLUP                ;        ;                       ;         ; Row I/O    ;                 ; no       ; On           ;
; G18      ;            ;          ; GND                                            ; gnd    ;                       ;         ; --         ;                 ; --       ; --           ;
; G19      ; 330        ; 6        ; RESERVED_INPUT_WITH_WEAK_PULLUP                ;        ;                       ;         ; Row I/O    ;                 ; no       ; On           ;
; G20      ; 328        ; 6        ; RESERVED_INPUT_WITH_WEAK_PULLUP                ;        ;                       ;         ; Row I/O    ;                 ; no       ; On           ;
; G21      ;            ;          ; GND                                            ; gnd    ;                       ;         ; --         ;                 ; --       ; --           ;
; G22      ; 329        ; 6        ; RESERVED_INPUT_WITH_WEAK_PULLUP                ;        ;                       ;         ; Row I/O    ;                 ; no       ; On           ;
; H1       ; 44         ; 1B       ; RESERVED_INPUT_WITH_WEAK_PULLUP                ;        ;                       ;         ; Row I/O    ;                 ; no       ; On           ;
; H2       ; 32         ; 1B       ; ~ALTERA_TMS~ / RESERVED_INPUT_WITH_WEAK_PULLUP ; input  ; 2.5 V Schmitt Trigger ;         ; Row I/O    ; N               ; no       ; On           ;
; H3       ; 10         ; 1A       ; RESERVED_INPUT_WITH_WEAK_PULLUP                ;        ;                       ;         ; Row I/O    ;                 ; no       ; On           ;
; H4       ; 9          ; 1A       ; RESERVED_INPUT_WITH_WEAK_PULLUP                ;        ;                       ;         ; Row I/O    ;                 ; no       ; On           ;
; H5       ;            ;          ; REFGND                                         ;        ;                       ;         ; --         ;                 ; --       ; --           ;
; H6       ;            ;          ; ADC_VREF                                       ;        ;                       ;         ; --         ;                 ; --       ; --           ;
; H7       ;            ; --       ; VCCA_ADC                                       ; power  ;                       ; 2.5V    ; --         ;                 ; --       ; --           ;
; H8       ;            ; --       ; VCCA3                                          ; power  ;                       ; 2.5V    ; --         ;                 ; --       ; --           ;
; H9       ; 482        ; 8        ; ~ALTERA_nCONFIG~ / RESERVED_INPUT              ; input  ; 2.5 V Schmitt Trigger ;         ; Column I/O ; N               ; no       ; Off          ;
; H10      ; 480        ; 8        ; ~ALTERA_CONFIG_SEL~ / RESERVED_INPUT           ; input  ; 2.5 V                 ;         ; Column I/O ; N               ; no       ; Off          ;
; H11      ; 470        ; 8        ; RESERVED_INPUT_WITH_WEAK_PULLUP                ;        ;                       ;         ; Column I/O ;                 ; no       ; On           ;
; H12      ; 444        ; 7        ; RESERVED_INPUT_WITH_WEAK_PULLUP                ;        ;                       ;         ; Column I/O ;                 ; no       ; On           ;
; H13      ; 432        ; 7        ; RESERVED_INPUT_WITH_WEAK_PULLUP                ;        ;                       ;         ; Column I/O ;                 ; no       ; On           ;
; H14      ; 420        ; 7        ; RESERVED_INPUT_WITH_WEAK_PULLUP                ;        ;                       ;         ; Column I/O ;                 ; no       ; On           ;
; H15      ;            ; --       ; VCCA2                                          ; power  ;                       ; 2.5V    ; --         ;                 ; --       ; --           ;
; H16      ;            ; 6        ; VCCIO6                                         ; power  ;                       ; 3.3V    ; --         ;                 ; --       ; --           ;
; H17      ; 384        ; 6        ; RESERVED_INPUT_WITH_WEAK_PULLUP                ;        ;                       ;         ; Row I/O    ;                 ; no       ; On           ;
; H18      ; 374        ; 6        ; RESERVED_INPUT_WITH_WEAK_PULLUP                ;        ;                       ;         ; Row I/O    ;                 ; no       ; On           ;
; H19      ; 372        ; 6        ; HEX4[4]                                        ; output ; 3.3-V LVTTL           ;         ; Row I/O    ; Y               ; no       ; Off          ;
; H20      ; 375        ; 6        ; RESERVED_INPUT_WITH_WEAK_PULLUP                ;        ;                       ;         ; Row I/O    ;                 ; no       ; On           ;
; H21      ; 323        ; 6        ; RESERVED_INPUT_WITH_WEAK_PULLUP                ;        ;                       ;         ; Row I/O    ;                 ; no       ; On           ;
; H22      ; 321        ; 6        ; RESERVED_INPUT_WITH_WEAK_PULLUP                ;        ;                       ;         ; Row I/O    ;                 ; no       ; On           ;
; J1       ; 46         ; 1B       ; RESERVED_INPUT_WITH_WEAK_PULLUP                ;        ;                       ;         ; Row I/O    ;                 ; no       ; On           ;
; J2       ;            ;          ; GND                                            ; gnd    ;                       ;         ; --         ;                 ; --       ; --           ;
; J3       ; 15         ; 1A       ; RESERVED_INPUT_WITH_WEAK_PULLUP                ;        ;                       ;         ; Row I/O    ;                 ; no       ; On           ;
; J4       ; 8          ; 1A       ; RESERVED_INPUT_WITH_WEAK_PULLUP                ;        ;                       ;         ; Row I/O    ;                 ; no       ; On           ;
; J5       ;            ;          ; ANAIN2                                         ;        ;                       ;         ; --         ;                 ; --       ; --           ;
; J6       ;            ;          ; GND                                            ; gnd    ;                       ;         ; --         ;                 ; --       ; --           ;
; J7       ;            ;          ; VCCINT                                         ; power  ;                       ; 1.2V    ; --         ;                 ; --       ; --           ;
; J8       ; 4          ; 1A       ; RESERVED_INPUT_WITH_WEAK_PULLUP                ;        ;                       ;         ; Row I/O    ;                 ; no       ; On           ;
; J9       ; 6          ; 1A       ; RESERVED_INPUT_WITH_WEAK_PULLUP                ;        ;                       ;         ; Row I/O    ;                 ; no       ; On           ;
; J10      ; 468        ; 8        ; RESERVED_INPUT_WITH_WEAK_PULLUP                ;        ;                       ;         ; Column I/O ;                 ; no       ; On           ;
; J11      ; 446        ; 7        ; RESERVED_INPUT_WITH_WEAK_PULLUP                ;        ;                       ;         ; Column I/O ;                 ; no       ; On           ;
; J12      ; 434        ; 7        ; RESERVED_INPUT_WITH_WEAK_PULLUP                ;        ;                       ;         ; Column I/O ;                 ; no       ; On           ;
; J13      ; 422        ; 7        ; RESERVED_INPUT_WITH_WEAK_PULLUP                ;        ;                       ;         ; Column I/O ;                 ; no       ; On           ;
; J14      ; 368        ; 6        ; RESERVED_INPUT_WITH_WEAK_PULLUP                ;        ;                       ;         ; Row I/O    ;                 ; no       ; On           ;
; J15      ; 370        ; 6        ; RESERVED_INPUT_WITH_WEAK_PULLUP                ;        ;                       ;         ; Row I/O    ;                 ; no       ; On           ;
; J16      ;            ;          ; GND                                            ; gnd    ;                       ;         ; --         ;                 ; --       ; --           ;
; J17      ;            ; 6        ; VCCIO6                                         ; power  ;                       ; 3.3V    ; --         ;                 ; --       ; --           ;
; J18      ; 362        ; 6        ; HEX4[3]                                        ; output ; 3.3-V LVTTL           ;         ; Row I/O    ; Y               ; no       ; Off          ;
; J19      ;            ;          ; GND                                            ; gnd    ;                       ;         ; --         ;                 ; --       ; --           ;
; J20      ; 373        ; 6        ; HEX5[0]                                        ; output ; 3.3-V LVTTL           ;         ; Row I/O    ; Y               ; no       ; Off          ;
; J21      ; 327        ; 6        ; RESERVED_INPUT_WITH_WEAK_PULLUP                ;        ;                       ;         ; Row I/O    ;                 ; no       ; On           ;
; J22      ; 325        ; 6        ; RESERVED_INPUT_WITH_WEAK_PULLUP                ;        ;                       ;         ; Row I/O    ;                 ; no       ; On           ;
; K1       ; 49         ; 1B       ; RESERVED_INPUT_WITH_WEAK_PULLUP                ;        ;                       ;         ; Row I/O    ;                 ; no       ; On           ;
; K2       ; 37         ; 1B       ; RESERVED_INPUT_WITH_WEAK_PULLUP                ;        ;                       ;         ; Row I/O    ;                 ; no       ; On           ;
; K3       ;            ;          ; GND                                            ; gnd    ;                       ;         ; --         ;                 ; --       ; --           ;
; K4       ; 13         ; 1A       ; RESERVED_INPUT_WITH_WEAK_PULLUP                ;        ;                       ;         ; Row I/O    ;                 ; no       ; On           ;
; K5       ; 12         ; 1A       ; RESERVED_INPUT_WITH_WEAK_PULLUP                ;        ;                       ;         ; Row I/O    ;                 ; no       ; On           ;
; K6       ; 14         ; 1A       ; RESERVED_INPUT_WITH_WEAK_PULLUP                ;        ;                       ;         ; Row I/O    ;                 ; no       ; On           ;
; K7       ;            ; 1A       ; VCCIO1A                                        ; power  ;                       ; 2.5V    ; --         ;                 ; --       ; --           ;
; K8       ; 28         ; 1B       ; RESERVED_INPUT_WITH_WEAK_PULLUP                ;        ;                       ;         ; Row I/O    ;                 ; no       ; On           ;
; K9       ; 30         ; 1B       ; RESERVED_INPUT_WITH_WEAK_PULLUP                ;        ;                       ;         ; Row I/O    ;                 ; no       ; On           ;
; K10      ;            ;          ; GND                                            ; gnd    ;                       ;         ; --         ;                 ; --       ; --           ;
; K11      ;            ; --       ; VCC                                            ; power  ;                       ; 1.2V    ; --         ;                 ; --       ; --           ;
; K12      ;            ;          ; GND                                            ; gnd    ;                       ;         ; --         ;                 ; --       ; --           ;
; K13      ;            ; --       ; VCC                                            ; power  ;                       ; 1.2V    ; --         ;                 ; --       ; --           ;
; K14      ; 356        ; 6        ; RESERVED_INPUT_WITH_WEAK_PULLUP                ;        ;                       ;         ; Row I/O    ;                 ; no       ; On           ;
; K15      ; 358        ; 6        ; RESERVED_INPUT_WITH_WEAK_PULLUP                ;        ;                       ;         ; Row I/O    ;                 ; no       ; On           ;
; K16      ;            ; 6        ; VCCIO6                                         ; power  ;                       ; 3.3V    ; --         ;                 ; --       ; --           ;
; K17      ;            ; 6        ; VCCIO6                                         ; power  ;                       ; 3.3V    ; --         ;                 ; --       ; --           ;
; K18      ; 360        ; 6        ; RESERVED_INPUT_WITH_WEAK_PULLUP                ;        ;                       ;         ; Row I/O    ;                 ; no       ; On           ;
; K19      ; 361        ; 6        ; RESERVED_INPUT_WITH_WEAK_PULLUP                ;        ;                       ;         ; Row I/O    ;                 ; no       ; On           ;
; K20      ; 363        ; 6        ; HEX5[1]                                        ; output ; 3.3-V LVTTL           ;         ; Row I/O    ; Y               ; no       ; Off          ;
; K21      ; 326        ; 6        ; RESERVED_INPUT_WITH_WEAK_PULLUP                ;        ;                       ;         ; Row I/O    ;                 ; no       ; On           ;
; K22      ; 324        ; 6        ; RESERVED_INPUT_WITH_WEAK_PULLUP                ;        ;                       ;         ; Row I/O    ;                 ; no       ; On           ;
; L1       ; 51         ; 1B       ; RESERVED_INPUT_WITH_WEAK_PULLUP                ;        ;                       ;         ; Row I/O    ;                 ; no       ; On           ;
; L2       ; 39         ; 1B       ; RESERVED_INPUT_WITH_WEAK_PULLUP                ;        ;                       ;         ; Row I/O    ;                 ; no       ; On           ;
; L3       ;            ;          ; DNU                                            ;        ;                       ;         ; --         ;                 ; --       ; --           ;
; L4       ; 36         ; 1B       ; ~ALTERA_TDI~ / RESERVED_INPUT_WITH_WEAK_PULLUP ; input  ; 2.5 V Schmitt Trigger ;         ; Row I/O    ; N               ; no       ; On           ;
; L5       ;            ;          ; GND                                            ; gnd    ;                       ;         ; --         ;                 ; --       ; --           ;
; L6       ;            ; 1A       ; VCCIO1A                                        ; power  ;                       ; 2.5V    ; --         ;                 ; --       ; --           ;
; L7       ;            ; 1B       ; VCCIO1B                                        ; power  ;                       ; 2.5V    ; --         ;                 ; --       ; --           ;
; L8       ; 40         ; 1B       ; RESERVED_INPUT_WITH_WEAK_PULLUP                ;        ;                       ;         ; Row I/O    ;                 ; no       ; On           ;
; L9       ; 42         ; 1B       ; RESERVED_INPUT_WITH_WEAK_PULLUP                ;        ;                       ;         ; Row I/O    ;                 ; no       ; On           ;
; L10      ;            ; --       ; VCC                                            ; power  ;                       ; 1.2V    ; --         ;                 ; --       ; --           ;
; L11      ;            ; --       ; VCC                                            ; power  ;                       ; 1.2V    ; --         ;                 ; --       ; --           ;
; L12      ;            ; --       ; VCC                                            ; power  ;                       ; 1.2V    ; --         ;                 ; --       ; --           ;
; L13      ;            ;          ; GND                                            ; gnd    ;                       ;         ; --         ;                 ; --       ; --           ;
; L14      ; 344        ; 6        ; RESERVED_INPUT_WITH_WEAK_PULLUP                ;        ;                       ;         ; Row I/O    ;                 ; no       ; On           ;
; L15      ; 346        ; 6        ; RESERVED_INPUT_WITH_WEAK_PULLUP                ;        ;                       ;         ; Row I/O    ;                 ; no       ; On           ;
; L16      ;            ; 6        ; VCCIO6                                         ; power  ;                       ; 3.3V    ; --         ;                 ; --       ; --           ;
; L17      ;            ;          ; GND                                            ; gnd    ;                       ;         ; --         ;                 ; --       ; --           ;
; L18      ; 350        ; 6        ; HEX5[2]                                        ; output ; 3.3-V LVTTL           ;         ; Row I/O    ; Y               ; no       ; Off          ;
; L19      ; 349        ; 6        ; HEX5[7]                                        ; output ; 3.3-V LVTTL           ;         ; Row I/O    ; Y               ; no       ; Off          ;
; L20      ; 351        ; 6        ; RESERVED_INPUT_WITH_WEAK_PULLUP                ;        ;                       ;         ; Row I/O    ;                 ; no       ; On           ;
; L21      ;            ;          ; GND                                            ; gnd    ;                       ;         ; --         ;                 ; --       ; --           ;
; L22      ; 314        ; 5        ; RESERVED_INPUT_WITH_WEAK_PULLUP                ;        ;                       ;         ; Row I/O    ;                 ; no       ; On           ;
; M1       ; 79         ; 2        ; RESERVED_INPUT_WITH_WEAK_PULLUP                ;        ;                       ;         ; Row I/O    ;                 ; no       ; On           ;
; M2       ; 77         ; 2        ; RESERVED_INPUT_WITH_WEAK_PULLUP                ;        ;                       ;         ; Row I/O    ;                 ; --       ; --           ;
; M3       ; 50         ; 1B       ; RESERVED_INPUT_WITH_WEAK_PULLUP                ;        ;                       ;         ; Row I/O    ;                 ; no       ; On           ;
; M4       ; 48         ; 1B       ; RESERVED_INPUT_WITH_WEAK_PULLUP                ;        ;                       ;         ; Row I/O    ;                 ; no       ; On           ;
; M5       ; 38         ; 1B       ; ~ALTERA_TDO~                                   ; output ; 2.5 V                 ;         ; Row I/O    ; N               ; no       ; Off          ;
; M6       ;            ; 1B       ; VCCIO1B                                        ; power  ;                       ; 2.5V    ; --         ;                 ; --       ; --           ;
; M7       ;            ;          ; GND                                            ; gnd    ;                       ;         ; --         ;                 ; --       ; --           ;
; M8       ; 72         ; 2        ; RESERVED_INPUT_WITH_WEAK_PULLUP                ;        ;                       ;         ; Row I/O    ;                 ; no       ; On           ;
; M9       ; 74         ; 2        ; RESERVED_INPUT_WITH_WEAK_PULLUP                ;        ;                       ;         ; Row I/O    ;                 ; no       ; On           ;
; M10      ;            ;          ; GND                                            ; gnd    ;                       ;         ; --         ;                 ; --       ; --           ;
; M11      ;            ; --       ; VCC                                            ; power  ;                       ; 1.2V    ; --         ;                 ; --       ; --           ;
; M12      ;            ; --       ; VCC                                            ; power  ;                       ; 1.2V    ; --         ;                 ; --       ; --           ;
; M13      ;            ; --       ; VCC                                            ; power  ;                       ; 1.2V    ; --         ;                 ; --       ; --           ;
; M14      ; 334        ; 6        ; RESERVED_INPUT_WITH_WEAK_PULLUP                ;        ;                       ;         ; Row I/O    ;                 ; no       ; On           ;
; M15      ; 332        ; 6        ; RESERVED_INPUT_WITH_WEAK_PULLUP                ;        ;                       ;         ; Row I/O    ;                 ; no       ; On           ;
; M16      ;            ;          ; GND                                            ; gnd    ;                       ;         ; --         ;                 ; --       ; --           ;
; M17      ;            ; 6        ; VCCIO6                                         ; power  ;                       ; 3.3V    ; --         ;                 ; --       ; --           ;
; M18      ; 348        ; 6        ; RESERVED_INPUT_WITH_WEAK_PULLUP                ;        ;                       ;         ; Row I/O    ;                 ; no       ; On           ;
; M19      ;            ;          ; GND                                            ; gnd    ;                       ;         ; --         ;                 ; --       ; --           ;
; M20      ; 337        ; 6        ; HEX5[4]                                        ; output ; 3.3-V LVTTL           ;         ; Row I/O    ; Y               ; no       ; Off          ;
; M21      ; 312        ; 5        ; RESERVED_INPUT_WITH_WEAK_PULLUP                ;        ;                       ;         ; Row I/O    ;                 ; no       ; On           ;
; M22      ; 315        ; 5        ; RESERVED_INPUT_WITH_WEAK_PULLUP                ;        ;                       ;         ; Row I/O    ;                 ; no       ; On           ;
; N1       ; 87         ; 2        ; RESERVED_INPUT_WITH_WEAK_PULLUP                ;        ;                       ;         ; Row I/O    ;                 ; no       ; On           ;
; N2       ; 75         ; 2        ; RESERVED_INPUT_WITH_WEAK_PULLUP                ;        ;                       ;         ; Row I/O    ;                 ; no       ; On           ;
; N3       ; 73         ; 2        ; RESERVED_INPUT_WITH_WEAK_PULLUP                ;        ;                       ;         ; Row I/O    ;                 ; no       ; On           ;
; N4       ; 56         ; 2        ; RESERVED_INPUT_WITH_WEAK_PULLUP                ;        ;                       ;         ; Row I/O    ;                 ; no       ; On           ;
; N5       ; 58         ; 2        ; ADC_CLK_10                                     ; input  ; 3.3-V LVTTL           ;         ; Row I/O    ; Y               ; no       ; Off          ;
; N6       ;            ; 2        ; VCCIO2                                         ; power  ;                       ; 3.3V    ; --         ;                 ; --       ; --           ;
; N7       ;            ; 2        ; VCCIO2                                         ; power  ;                       ; 3.3V    ; --         ;                 ; --       ; --           ;
; N8       ; 84         ; 2        ; RESERVED_INPUT_WITH_WEAK_PULLUP                ;        ;                       ;         ; Row I/O    ;                 ; no       ; On           ;
; N9       ; 86         ; 2        ; RESERVED_INPUT_WITH_WEAK_PULLUP                ;        ;                       ;         ; Row I/O    ;                 ; no       ; On           ;
; N10      ;            ; --       ; VCC                                            ; power  ;                       ; 1.2V    ; --         ;                 ; --       ; --           ;
; N11      ;            ;          ; GND                                            ; gnd    ;                       ;         ; --         ;                 ; --       ; --           ;
; N12      ;            ; --       ; VCC                                            ; power  ;                       ; 1.2V    ; --         ;                 ; --       ; --           ;
; N13      ;            ;          ; GND                                            ; gnd    ;                       ;         ; --         ;                 ; --       ; --           ;
; N14      ; 320        ; 6        ; MAX10_CLK2_50                                  ; input  ; 3.3-V LVTTL           ;         ; Row I/O    ; Y               ; no       ; Off          ;
; N15      ; 322        ; 6        ; RESERVED_INPUT_WITH_WEAK_PULLUP                ;        ;                       ;         ; Row I/O    ;                 ; no       ; On           ;
; N16      ;            ; 5        ; VCCIO5                                         ; power  ;                       ; 2.5V    ; --         ;                 ; --       ; --           ;
; N17      ;            ; 6        ; VCCIO6                                         ; power  ;                       ; 3.3V    ; --         ;                 ; --       ; --           ;
; N18      ; 336        ; 6        ; HEX5[3]                                        ; output ; 3.3-V LVTTL           ;         ; Row I/O    ; Y               ; no       ; Off          ;
; N19      ; 338        ; 6        ; HEX5[5]                                        ; output ; 3.3-V LVTTL           ;         ; Row I/O    ; Y               ; no       ; Off          ;
; N20      ; 339        ; 6        ; HEX5[6]                                        ; output ; 3.3-V LVTTL           ;         ; Row I/O    ; Y               ; no       ; Off          ;
; N21      ; 313        ; 5        ; RESERVED_INPUT_WITH_WEAK_PULLUP                ;        ;                       ;         ; Row I/O    ;                 ; no       ; On           ;
; N22      ; 307        ; 5        ; RESERVED_INPUT_WITH_WEAK_PULLUP                ;        ;                       ;         ; Row I/O    ;                 ; no       ; On           ;
; P1       ; 85         ; 2        ; RESERVED_INPUT_WITH_WEAK_PULLUP                ;        ;                       ;         ; Row I/O    ;                 ; no       ; On           ;
; P2       ;            ;          ; GND                                            ; gnd    ;                       ;         ; --         ;                 ; --       ; --           ;
; P3       ; 76         ; 2        ; RESERVED_INPUT_WITH_WEAK_PULLUP                ;        ;                       ;         ; Row I/O    ;                 ; no       ; On           ;
; P4       ; 57         ; 2        ; RESERVED_INPUT_WITH_WEAK_PULLUP                ;        ;                       ;         ; Row I/O    ;                 ; no       ; On           ;
; P5       ; 59         ; 2        ; RESERVED_INPUT_WITH_WEAK_PULLUP                ;        ;                       ;         ; Row I/O    ;                 ; no       ; On           ;
; P6       ;            ;          ; GND                                            ; gnd    ;                       ;         ; --         ;                 ; --       ; --           ;
; P7       ;            ; 2        ; VCCIO2                                         ; power  ;                       ; 3.3V    ; --         ;                 ; --       ; --           ;
; P8       ; 96         ; 2        ; RESERVED_INPUT_WITH_WEAK_PULLUP                ;        ;                       ;         ; Row I/O    ;                 ; no       ; On           ;
; P9       ; 142        ; 3        ; RESERVED_INPUT_WITH_WEAK_PULLUP                ;        ;                       ;         ; Column I/O ;                 ; no       ; On           ;
; P10      ; 154        ; 3        ; RESERVED_INPUT_WITH_WEAK_PULLUP                ;        ;                       ;         ; Column I/O ;                 ; no       ; On           ;
; P11      ; 166        ; 3        ; MAX10_CLK1_50                                  ; input  ; 3.3-V LVTTL           ;         ; Column I/O ; Y               ; no       ; Off          ;
; P12      ; 178        ; 4        ; RESERVED_INPUT_WITH_WEAK_PULLUP                ;        ;                       ;         ; Column I/O ;                 ; no       ; On           ;
; P13      ; 198        ; 4        ; RESERVED_INPUT_WITH_WEAK_PULLUP                ;        ;                       ;         ; Column I/O ;                 ; no       ; On           ;
; P14      ; 306        ; 5        ; RESERVED_INPUT_WITH_WEAK_PULLUP                ;        ;                       ;         ; Row I/O    ;                 ; no       ; On           ;
; P15      ; 304        ; 5        ; RESERVED_INPUT_WITH_WEAK_PULLUP                ;        ;                       ;         ; Row I/O    ;                 ; no       ; On           ;
; P16      ;            ; 5        ; VCCIO5                                         ; power  ;                       ; 2.5V    ; --         ;                 ; --       ; --           ;
; P17      ;            ;          ; GND                                            ; gnd    ;                       ;         ; --         ;                 ; --       ; --           ;
; P18      ; 310        ; 5        ; RESERVED_INPUT_WITH_WEAK_PULLUP                ;        ;                       ;         ; Row I/O    ;                 ; no       ; On           ;
; P19      ; 309        ; 5        ; RESERVED_INPUT_WITH_WEAK_PULLUP                ;        ;                       ;         ; Row I/O    ;                 ; no       ; On           ;
; P20      ; 311        ; 5        ; RESERVED_INPUT_WITH_WEAK_PULLUP                ;        ;                       ;         ; Row I/O    ;                 ; no       ; On           ;
; P21      ; 305        ; 5        ; RESERVED_INPUT_WITH_WEAK_PULLUP                ;        ;                       ;         ; Row I/O    ;                 ; no       ; On           ;
; P22      ; 303        ; 5        ; RESERVED_INPUT_WITH_WEAK_PULLUP                ;        ;                       ;         ; Row I/O    ;                 ; --       ; --           ;
; R1       ; 121        ; 2        ; RESERVED_INPUT_WITH_WEAK_PULLUP                ;        ;                       ;         ; Row I/O    ;                 ; no       ; On           ;
; R2       ; 123        ; 2        ; RESERVED_INPUT_WITH_WEAK_PULLUP                ;        ;                       ;         ; Row I/O    ;                 ; no       ; On           ;
; R3       ; 78         ; 2        ; RESERVED_INPUT_WITH_WEAK_PULLUP                ;        ;                       ;         ; Row I/O    ;                 ; no       ; On           ;
; R4       ; 80         ; 2        ; RESERVED_INPUT_WITH_WEAK_PULLUP                ;        ;                       ;         ; Row I/O    ;                 ; no       ; On           ;
; R5       ; 82         ; 2        ; RESERVED_INPUT_WITH_WEAK_PULLUP                ;        ;                       ;         ; Row I/O    ;                 ; no       ; On           ;
; R6       ;            ; 2        ; VCCIO2                                         ; power  ;                       ; 3.3V    ; --         ;                 ; --       ; --           ;
; R7       ; 98         ; 2        ; RESERVED_INPUT_WITH_WEAK_PULLUP                ;        ;                       ;         ; Row I/O    ;                 ; no       ; On           ;
; R8       ;            ; --       ; VCCA1                                          ; power  ;                       ; 2.5V    ; --         ;                 ; --       ; --           ;
; R9       ; 140        ; 3        ; RESERVED_INPUT_WITH_WEAK_PULLUP                ;        ;                       ;         ; Column I/O ;                 ; no       ; On           ;
; R10      ; 152        ; 3        ; RESERVED_INPUT_WITH_WEAK_PULLUP                ;        ;                       ;         ; Column I/O ;                 ; no       ; On           ;
; R11      ; 164        ; 3        ; RESERVED_INPUT_WITH_WEAK_PULLUP                ;        ;                       ;         ; Column I/O ;                 ; no       ; On           ;
; R12      ; 176        ; 4        ; RESERVED_INPUT_WITH_WEAK_PULLUP                ;        ;                       ;         ; Column I/O ;                 ; no       ; On           ;
; R13      ; 196        ; 4        ; RESERVED_INPUT_WITH_WEAK_PULLUP                ;        ;                       ;         ; Column I/O ;                 ; no       ; On           ;
; R14      ; 294        ; 5        ; RESERVED_INPUT_WITH_WEAK_PULLUP                ;        ;                       ;         ; Row I/O    ;                 ; no       ; On           ;
; R15      ; 292        ; 5        ; RESERVED_INPUT_WITH_WEAK_PULLUP                ;        ;                       ;         ; Row I/O    ;                 ; no       ; On           ;
; R16      ;            ; 5        ; VCCIO5                                         ; power  ;                       ; 2.5V    ; --         ;                 ; --       ; --           ;
; R17      ;            ; 5        ; VCCIO5                                         ; power  ;                       ; 2.5V    ; --         ;                 ; --       ; --           ;
; R18      ; 308        ; 5        ; RESERVED_INPUT_WITH_WEAK_PULLUP                ;        ;                       ;         ; Row I/O    ;                 ; no       ; On           ;
; R19      ;            ;          ; GND                                            ; gnd    ;                       ;         ; --         ;                 ; --       ; --           ;
; R20      ; 299        ; 5        ; RESERVED_INPUT_WITH_WEAK_PULLUP                ;        ;                       ;         ; Row I/O    ;                 ; no       ; On           ;
; R21      ;            ;          ; GND                                            ; gnd    ;                       ;         ; --         ;                 ; --       ; --           ;
; R22      ; 301        ; 5        ; RESERVED_INPUT_WITH_WEAK_PULLUP                ;        ;                       ;         ; Row I/O    ;                 ; no       ; On           ;
; T1       ; 81         ; 2        ; RESERVED_INPUT_WITH_WEAK_PULLUP                ;        ;                       ;         ; Row I/O    ;                 ; no       ; On           ;
; T2       ; 83         ; 2        ; RESERVED_INPUT_WITH_WEAK_PULLUP                ;        ;                       ;         ; Row I/O    ;                 ; no       ; On           ;
; T3       ; 88         ; 2        ; RESERVED_INPUT_WITH_WEAK_PULLUP                ;        ;                       ;         ; Row I/O    ;                 ; no       ; On           ;
; T4       ;            ;          ; GND                                            ; gnd    ;                       ;         ; --         ;                 ; --       ; --           ;
; T5       ; 120        ; 2        ; RESERVED_INPUT_WITH_WEAK_PULLUP                ;        ;                       ;         ; Row I/O    ;                 ; no       ; On           ;
; T6       ; 122        ; 2        ; RESERVED_INPUT_WITH_WEAK_PULLUP                ;        ;                       ;         ; Row I/O    ;                 ; no       ; On           ;
; T7       ;            ;          ; VCCD_PLL1                                      ; power  ;                       ; 1.2V    ; --         ;                 ; --       ; --           ;
; T8       ;            ;          ; GND                                            ; gnd    ;                       ;         ; --         ;                 ; --       ; --           ;
; T9       ;            ; 3        ; VCCIO3                                         ; power  ;                       ; 3.3V    ; --         ;                 ; --       ; --           ;
; T10      ;            ; 3        ; VCCIO3                                         ; power  ;                       ; 3.3V    ; --         ;                 ; --       ; --           ;
; T11      ;            ; 3        ; VCCIO3                                         ; power  ;                       ; 3.3V    ; --         ;                 ; --       ; --           ;
; T12      ;            ; 4        ; VCCIO4                                         ; power  ;                       ; 3.3V    ; --         ;                 ; --       ; --           ;
; T13      ;            ; 4        ; VCCIO4                                         ; power  ;                       ; 3.3V    ; --         ;                 ; --       ; --           ;
; T14      ;            ;          ; GND                                            ; gnd    ;                       ;         ; --         ;                 ; --       ; --           ;
; T15      ;            ; --       ; VCCA4                                          ; power  ;                       ; 2.5V    ; --         ;                 ; --       ; --           ;
; T16      ;            ;          ; GND                                            ; gnd    ;                       ;         ; --         ;                 ; --       ; --           ;
; T17      ;            ; 5        ; VCCIO5                                         ; power  ;                       ; 2.5V    ; --         ;                 ; --       ; --           ;
; T18      ; 298        ; 5        ; RESERVED_INPUT_WITH_WEAK_PULLUP                ;        ;                       ;         ; Row I/O    ;                 ; no       ; On           ;
; T19      ; 296        ; 5        ; RESERVED_INPUT_WITH_WEAK_PULLUP                ;        ;                       ;         ; Row I/O    ;                 ; no       ; On           ;
; T20      ; 297        ; 5        ; RESERVED_INPUT_WITH_WEAK_PULLUP                ;        ;                       ;         ; Row I/O    ;                 ; no       ; On           ;
; T21      ; 293        ; 5        ; RESERVED_INPUT_WITH_WEAK_PULLUP                ;        ;                       ;         ; Row I/O    ;                 ; no       ; On           ;
; T22      ; 295        ; 5        ; RESERVED_INPUT_WITH_WEAK_PULLUP                ;        ;                       ;         ; Row I/O    ;                 ; no       ; On           ;
; U1       ; 89         ; 2        ; RESERVED_INPUT_WITH_WEAK_PULLUP                ;        ;                       ;         ; Row I/O    ;                 ; no       ; On           ;
; U2       ; 90         ; 2        ; RESERVED_INPUT_WITH_WEAK_PULLUP                ;        ;                       ;         ; Row I/O    ;                 ; no       ; On           ;
; U3       ; 93         ; 2        ; RESERVED_INPUT_WITH_WEAK_PULLUP                ;        ;                       ;         ; Row I/O    ;                 ; no       ; On           ;
; U4       ; 92         ; 2        ; RESERVED_INPUT_WITH_WEAK_PULLUP                ;        ;                       ;         ; Row I/O    ;                 ; no       ; On           ;
; U5       ; 94         ; 2        ; RESERVED_INPUT_WITH_WEAK_PULLUP                ;        ;                       ;         ; Row I/O    ;                 ; no       ; On           ;
; U6       ; 128        ; 3        ; RESERVED_INPUT_WITH_WEAK_PULLUP                ;        ;                       ;         ; Column I/O ;                 ; no       ; On           ;
; U7       ; 130        ; 3        ; RESERVED_INPUT_WITH_WEAK_PULLUP                ;        ;                       ;         ; Column I/O ;                 ; no       ; On           ;
; U8       ;            ; 3        ; VCCIO3                                         ; power  ;                       ; 3.3V    ; --         ;                 ; --       ; --           ;
; U9       ;            ; 3        ; VCCIO3                                         ; power  ;                       ; 3.3V    ; --         ;                 ; --       ; --           ;
; U10      ;            ;          ; GND                                            ; gnd    ;                       ;         ; --         ;                 ; --       ; --           ;
; U11      ;            ; 4        ; VCCIO4                                         ; power  ;                       ; 3.3V    ; --         ;                 ; --       ; --           ;
; U12      ;            ; 4        ; VCCIO4                                         ; power  ;                       ; 3.3V    ; --         ;                 ; --       ; --           ;
; U13      ;            ;          ; GND                                            ; gnd    ;                       ;         ; --         ;                 ; --       ; --           ;
; U14      ;            ; 4        ; VCCIO4                                         ; power  ;                       ; 3.3V    ; --         ;                 ; --       ; --           ;
; U15      ; 208        ; 4        ; RESERVED_INPUT_WITH_WEAK_PULLUP                ;        ;                       ;         ; Column I/O ;                 ; no       ; On           ;
; U16      ;            ;          ; VCCD_PLL4                                      ; power  ;                       ; 1.2V    ; --         ;                 ; --       ; --           ;
; U17      ; 246        ; 5        ; RESERVED_INPUT_WITH_WEAK_PULLUP                ;        ;                       ;         ; Row I/O    ;                 ; no       ; On           ;
; U18      ; 244        ; 5        ; RESERVED_INPUT_WITH_WEAK_PULLUP                ;        ;                       ;         ; Row I/O    ;                 ; no       ; On           ;
; U19      ; 282        ; 5        ; RESERVED_INPUT_WITH_WEAK_PULLUP                ;        ;                       ;         ; Row I/O    ;                 ; no       ; On           ;
; U20      ; 290        ; 5        ; RESERVED_INPUT_WITH_WEAK_PULLUP                ;        ;                       ;         ; Row I/O    ;                 ; no       ; On           ;
; U21      ; 300        ; 5        ; RESERVED_INPUT_WITH_WEAK_PULLUP                ;        ;                       ;         ; Row I/O    ;                 ; no       ; On           ;
; U22      ; 302        ; 5        ; RESERVED_INPUT_WITH_WEAK_PULLUP                ;        ;                       ;         ; Row I/O    ;                 ; no       ; On           ;
; V1       ; 91         ; 2        ; RESERVED_INPUT_WITH_WEAK_PULLUP                ;        ;                       ;         ; Row I/O    ;                 ; no       ; On           ;
; V2       ;            ;          ; GND                                            ; gnd    ;                       ;         ; --         ;                 ; --       ; --           ;
; V3       ; 95         ; 2        ; RESERVED_INPUT_WITH_WEAK_PULLUP                ;        ;                       ;         ; Row I/O    ;                 ; no       ; On           ;
; V4       ; 125        ; 3        ; RESERVED_INPUT_WITH_WEAK_PULLUP                ;        ;                       ;         ; Column I/O ;                 ; no       ; On           ;
; V5       ; 127        ; 3        ; GPIO[9]                                        ; bidir  ; 3.3-V LVTTL           ;         ; Column I/O ; Y               ; no       ; Off          ;
; V6       ;            ;          ; GND                                            ; gnd    ;                       ;         ; --         ;                 ; --       ; --           ;
; V7       ; 136        ; 3        ; GPIO[6]                                        ; bidir  ; 3.3-V LVTTL           ;         ; Column I/O ; Y               ; no       ; Off          ;
; V8       ; 138        ; 3        ; GPIO[4]                                        ; bidir  ; 3.3-V LVTTL           ;         ; Column I/O ; Y               ; no       ; Off          ;
; V9       ; 160        ; 3        ; GPIO[2]                                        ; bidir  ; 3.3-V LVTTL           ;         ; Column I/O ; Y               ; no       ; Off          ;
; V10      ; 162        ; 3        ; GPIO[0]                                        ; bidir  ; 3.3-V LVTTL           ;         ; Column I/O ; Y               ; no       ; Off          ;
; V11      ; 172        ; 4        ; RESERVED_INPUT_WITH_WEAK_PULLUP                ;        ;                       ;         ; Column I/O ;                 ; no       ; On           ;
; V12      ; 174        ; 4        ; RESERVED_INPUT_WITH_WEAK_PULLUP                ;        ;                       ;         ; Column I/O ;                 ; no       ; On           ;
; V13      ; 192        ; 4        ; RESERVED_INPUT_WITH_WEAK_PULLUP                ;        ;                       ;         ; Column I/O ;                 ; no       ; On           ;
; V14      ; 204        ; 4        ; RESERVED_INPUT_WITH_WEAK_PULLUP                ;        ;                       ;         ; Column I/O ;                 ; no       ; On           ;
; V15      ; 216        ; 4        ; RESERVED_INPUT_WITH_WEAK_PULLUP                ;        ;                       ;         ; Column I/O ;                 ; no       ; On           ;
; V16      ; 210        ; 4        ; RESERVED_INPUT_WITH_WEAK_PULLUP                ;        ;                       ;         ; Column I/O ;                 ; no       ; On           ;
; V17      ; 242        ; 4        ; RESERVED_INPUT_WITH_WEAK_PULLUP                ;        ;                       ;         ; Column I/O ;                 ; no       ; On           ;
; V18      ; 280        ; 5        ; RESERVED_INPUT_WITH_WEAK_PULLUP                ;        ;                       ;         ; Row I/O    ;                 ; no       ; On           ;
; V19      ;            ;          ; GND                                            ; gnd    ;                       ;         ; --         ;                 ; --       ; --           ;
; V20      ; 288        ; 5        ; RESERVED_INPUT_WITH_WEAK_PULLUP                ;        ;                       ;         ; Row I/O    ;                 ; no       ; On           ;
; V21      ; 289        ; 5        ; RESERVED_INPUT_WITH_WEAK_PULLUP                ;        ;                       ;         ; Row I/O    ;                 ; no       ; On           ;
; V22      ; 291        ; 5        ; RESERVED_INPUT_WITH_WEAK_PULLUP                ;        ;                       ;         ; Row I/O    ;                 ; no       ; On           ;
; W1       ; 97         ; 2        ; RESERVED_INPUT_WITH_WEAK_PULLUP                ;        ;                       ;         ; Row I/O    ;                 ; no       ; On           ;
; W2       ; 99         ; 2        ; RESERVED_INPUT_WITH_WEAK_PULLUP                ;        ;                       ;         ; Row I/O    ;                 ; no       ; On           ;
; W3       ; 134        ; 3        ; RESERVED_INPUT_WITH_WEAK_PULLUP                ;        ;                       ;         ; Column I/O ;                 ; no       ; On           ;
; W4       ; 132        ; 3        ; RESERVED_INPUT_WITH_WEAK_PULLUP                ;        ;                       ;         ; Column I/O ;                 ; no       ; On           ;
; W5       ; 124        ; 3        ; GPIO[10]                                       ; bidir  ; 3.3-V LVTTL           ;         ; Column I/O ; Y               ; no       ; Off          ;
; W6       ; 126        ; 3        ; GPIO[8]                                        ; bidir  ; 3.3-V LVTTL           ;         ; Column I/O ; Y               ; no       ; Off          ;
; W7       ; 148        ; 3        ; GPIO[7]                                        ; bidir  ; 3.3-V LVTTL           ;         ; Column I/O ; Y               ; no       ; Off          ;
; W8       ; 150        ; 3        ; GPIO[5]                                        ; bidir  ; 3.3-V LVTTL           ;         ; Column I/O ; Y               ; no       ; Off          ;
; W9       ; 144        ; 3        ; GPIO[3]                                        ; bidir  ; 3.3-V LVTTL           ;         ; Column I/O ; Y               ; no       ; Off          ;
; W10      ; 146        ; 3        ; GPIO[1]                                        ; bidir  ; 3.3-V LVTTL           ;         ; Column I/O ; Y               ; no       ; Off          ;
; W11      ; 173        ; 4        ; GPIO[19]                                       ; bidir  ; 3.3-V LVTTL           ;         ; Column I/O ; Y               ; no       ; Off          ;
; W12      ; 193        ; 4        ; GPIO[14]                                       ; bidir  ; 3.3-V LVTTL           ;         ; Column I/O ; Y               ; no       ; Off          ;
; W13      ; 195        ; 4        ; GPIO[13]                                       ; bidir  ; 3.3-V LVTTL           ;         ; Column I/O ; Y               ; no       ; Off          ;
; W14      ; 194        ; 4        ; RESERVED_INPUT_WITH_WEAK_PULLUP                ;        ;                       ;         ; Column I/O ;                 ; no       ; On           ;
; W15      ; 206        ; 4        ; RESERVED_INPUT_WITH_WEAK_PULLUP                ;        ;                       ;         ; Column I/O ;                 ; no       ; On           ;
; W16      ; 218        ; 4        ; RESERVED_INPUT_WITH_WEAK_PULLUP                ;        ;                       ;         ; Column I/O ;                 ; no       ; On           ;
; W17      ; 240        ; 4        ; RESERVED_INPUT_WITH_WEAK_PULLUP                ;        ;                       ;         ; Column I/O ;                 ; no       ; On           ;
; W18      ; 226        ; 4        ; RESERVED_INPUT_WITH_WEAK_PULLUP                ;        ;                       ;         ; Column I/O ;                 ; no       ; On           ;
; W19      ; 284        ; 5        ; RESERVED_INPUT_WITH_WEAK_PULLUP                ;        ;                       ;         ; Row I/O    ;                 ; no       ; On           ;
; W20      ; 286        ; 5        ; RESERVED_INPUT_WITH_WEAK_PULLUP                ;        ;                       ;         ; Row I/O    ;                 ; no       ; On           ;
; W21      ;            ;          ; GND                                            ; gnd    ;                       ;         ; --         ;                 ; --       ; --           ;
; W22      ; 283        ; 5        ; RESERVED_INPUT_WITH_WEAK_PULLUP                ;        ;                       ;         ; Row I/O    ;                 ; no       ; On           ;
; Y1       ; 129        ; 3        ; RESERVED_INPUT_WITH_WEAK_PULLUP                ;        ;                       ;         ; Column I/O ;                 ; no       ; On           ;
; Y2       ; 131        ; 3        ; RESERVED_INPUT_WITH_WEAK_PULLUP                ;        ;                       ;         ; Column I/O ;                 ; no       ; On           ;
; Y3       ; 149        ; 3        ; GPIO[33]                                       ; bidir  ; 3.3-V LVTTL           ;         ; Column I/O ; Y               ; no       ; Off          ;
; Y4       ; 151        ; 3        ; GPIO[31]                                       ; bidir  ; 3.3-V LVTTL           ;         ; Column I/O ; Y               ; no       ; Off          ;
; Y5       ; 137        ; 3        ; GPIO[29]                                       ; bidir  ; 3.3-V LVTTL           ;         ; Column I/O ; Y               ; no       ; Off          ;
; Y6       ; 139        ; 3        ; GPIO[27]                                       ; bidir  ; 3.3-V LVTTL           ;         ; Column I/O ; Y               ; no       ; Off          ;
; Y7       ; 141        ; 3        ; GPIO[25]                                       ; bidir  ; 3.3-V LVTTL           ;         ; Column I/O ; Y               ; no       ; Off          ;
; Y8       ; 143        ; 3        ; GPIO[23]                                       ; bidir  ; 3.3-V LVTTL           ;         ; Column I/O ; Y               ; no       ; Off          ;
; Y9       ;            ;          ; GND                                            ; gnd    ;                       ;         ; --         ;                 ; --       ; --           ;
; Y10      ; 168        ; 3        ; RESERVED_INPUT_WITH_WEAK_PULLUP                ;        ;                       ;         ; Column I/O ;                 ; no       ; On           ;
; Y11      ; 175        ; 4        ; GPIO[17]                                       ; bidir  ; 3.3-V LVTTL           ;         ; Column I/O ; Y               ; no       ; Off          ;
; Y12      ;            ;          ; GND                                            ; gnd    ;                       ;         ; --         ;                 ; --       ; --           ;
; Y13      ; 200        ; 4        ; RESERVED_INPUT_WITH_WEAK_PULLUP                ;        ;                       ;         ; Column I/O ;                 ; no       ; On           ;
; Y14      ; 202        ; 4        ; RESERVED_INPUT_WITH_WEAK_PULLUP                ;        ;                       ;         ; Column I/O ;                 ; no       ; On           ;
; Y15      ;            ;          ; GND                                            ; gnd    ;                       ;         ; --         ;                 ; --       ; --           ;
; Y16      ; 207        ; 4        ; RESERVED_INPUT_WITH_WEAK_PULLUP                ;        ;                       ;         ; Column I/O ;                 ; no       ; On           ;
; Y17      ; 214        ; 4        ; RESERVED_INPUT_WITH_WEAK_PULLUP                ;        ;                       ;         ; Column I/O ;                 ; no       ; On           ;
; Y18      ; 219        ; 4        ; RESERVED_INPUT_WITH_WEAK_PULLUP                ;        ;                       ;         ; Column I/O ;                 ; no       ; On           ;
; Y19      ; 224        ; 4        ; RESERVED_INPUT_WITH_WEAK_PULLUP                ;        ;                       ;         ; Column I/O ;                 ; no       ; On           ;
; Y20      ; 285        ; 5        ; RESERVED_INPUT_WITH_WEAK_PULLUP                ;        ;                       ;         ; Row I/O    ;                 ; no       ; On           ;
; Y21      ; 287        ; 5        ; RESERVED_INPUT_WITH_WEAK_PULLUP                ;        ;                       ;         ; Row I/O    ;                 ; no       ; On           ;
; Y22      ; 281        ; 5        ; RESERVED_INPUT_WITH_WEAK_PULLUP                ;        ;                       ;         ; Row I/O    ;                 ; no       ; On           ;
+----------+------------+----------+------------------------------------------------+--------+-----------------------+---------+------------+-----------------+----------+--------------+
Note: Pin directions (input, output or bidir) are based on device operating in user mode.


+--------------------------------------------------------------------------------------------------+
; PLL Summary                                                                                      ;
+-------------------------------+------------------------------------------------------------------+
; Name                          ; pll:PLLTX|altpll:altpll_component|pll_altpll:auto_generated|pll1 ;
+-------------------------------+------------------------------------------------------------------+
; SDC pin name                  ; PLLTX|altpll_component|auto_generated|pll1                       ;
; PLL mode                      ; Normal                                                           ;
; Compensate clock              ; clock0                                                           ;
; Compensated input/output pins ; --                                                               ;
; Switchover type               ; --                                                               ;
; Input frequency 0             ; 50.0 MHz                                                         ;
; Input frequency 1             ; --                                                               ;
; Nominal PFD frequency         ; 6.3 MHz                                                          ;
; Nominal VCO frequency         ; 456.3 MHz                                                        ;
; VCO post scale K counter      ; 2                                                                ;
; VCO frequency control         ; Auto                                                             ;
; VCO phase shift step          ; 273 ps                                                           ;
; VCO multiply                  ; --                                                               ;
; VCO divide                    ; --                                                               ;
; Freq min lock                 ; 43.2 MHz                                                         ;
; Freq max lock                 ; 71.26 MHz                                                        ;
; M VCO Tap                     ; 0                                                                ;
; M Initial                     ; 1                                                                ;
; M value                       ; 73                                                               ;
; N value                       ; 8                                                                ;
; Charge pump current           ; setting 1                                                        ;
; Loop filter resistance        ; setting 16                                                       ;
; Loop filter capacitance       ; setting 0                                                        ;
; Bandwidth                     ; 340 kHz to 540 kHz                                               ;
; Bandwidth type                ; Medium                                                           ;
; Real time reconfigurable      ; Off                                                              ;
; Scan chain MIF file           ; --                                                               ;
; Preserve PLL counter order    ; Off                                                              ;
; PLL location                  ; PLL_1                                                            ;
; Inclk0 signal                 ; MAX10_CLK1_50                                                    ;
; Inclk1 signal                 ; --                                                               ;
; Inclk0 signal type            ; Dedicated Pin                                                    ;
; Inclk1 signal type            ; --                                                               ;
+-------------------------------+------------------------------------------------------------------+


+------------------------------------------------------------------------------------------------------------------------------------------------------------------------------------------------------------------------------------------------------------------------------------------------------------------------+
; PLL Usage                                                                                                                                                                                                                                                                                                              ;
+-----------------------------------------------------------------------------------------+--------------+------+-------+------------------+-------------+------------------+------------+---------+---------------+-------------+---------------+---------+---------+---------------------------------------------------+
; Name                                                                                    ; Output Clock ; Mult ; Div   ; Output Frequency ; Phase Shift ; Phase Shift Step ; Duty Cycle ; Counter ; Counter Value ; High / Low  ; Cascade Input ; Initial ; VCO Tap ; SDC Pin Name                                      ;
+-----------------------------------------------------------------------------------------+--------------+------+-------+------------------+-------------+------------------+------------+---------+---------------+-------------+---------------+---------+---------+---------------------------------------------------+
; pll:PLLTX|altpll:altpll_component|pll_altpll:auto_generated|wire_pll1_clk[0]            ; clock0       ; 73   ; 3960  ; 0.92 MHz         ; 0 (0 ps)    ; 0.09 (273 ps)    ; 50/50      ; C0      ; 495           ; 248/247 Odd ; --            ; 1       ; 0       ; PLLTX|altpll_component|auto_generated|pll1|clk[0] ;
; pll:PLLTX|altpll:altpll_component|pll_altpll:auto_generated|wire_pll1_clk[1]            ; clock1       ; 73   ; 31688 ; 0.12 MHz         ; 0 (0 ps)    ; 0.19 (273 ps)    ; 50/50      ; C2      ; 233           ; 117/116 Odd ; C1            ; 1       ; 0       ; PLLTX|altpll_component|auto_generated|pll1|clk[1] ;
; pll:PLLTX|altpll:altpll_component|pll_altpll:auto_generated|wire_pll1_clk[2]            ; clock2       ; 73   ; 48    ; 76.04 MHz        ; 0 (0 ps)    ; 7.50 (273 ps)    ; 50/50      ; C3      ; 6             ; 3/3 Even    ; --            ; 1       ; 0       ; PLLTX|altpll_component|auto_generated|pll1|clk[2] ;
; pll:PLLTX|altpll:altpll_component|pll_altpll:auto_generated|wire_pll1_clk[1]~cascade_in ; --           ; --   ; --    ; --               ; --          ; --               ; --         ; C1      ; 17            ; 8/9 Odd     ; --            ; 1       ; 0       ;                                                   ;
+-----------------------------------------------------------------------------------------+--------------+------+-------+------------------+-------------+------------------+------------+---------+---------------+-------------+---------------+---------+---------+---------------------------------------------------+


+-----------------------------------+
; I/O Assignment Warnings           ;
+----------+------------------------+
; Pin Name ; Reason                 ;
+----------+------------------------+
; HEX0[0]  ; Missing drive strength ;
; HEX0[1]  ; Missing drive strength ;
; HEX0[2]  ; Missing drive strength ;
; HEX0[3]  ; Missing drive strength ;
; HEX0[4]  ; Missing drive strength ;
; HEX0[5]  ; Missing drive strength ;
; HEX0[6]  ; Missing drive strength ;
; HEX0[7]  ; Missing drive strength ;
; HEX1[0]  ; Missing drive strength ;
; HEX1[1]  ; Missing drive strength ;
; HEX1[2]  ; Missing drive strength ;
; HEX1[3]  ; Missing drive strength ;
; HEX1[4]  ; Missing drive strength ;
; HEX1[5]  ; Missing drive strength ;
; HEX1[6]  ; Missing drive strength ;
; HEX1[7]  ; Missing drive strength ;
; HEX2[0]  ; Missing drive strength ;
; HEX2[1]  ; Missing drive strength ;
; HEX2[2]  ; Missing drive strength ;
; HEX2[3]  ; Missing drive strength ;
; HEX2[4]  ; Missing drive strength ;
; HEX2[5]  ; Missing drive strength ;
; HEX2[6]  ; Missing drive strength ;
; HEX2[7]  ; Missing drive strength ;
; HEX3[0]  ; Missing drive strength ;
; HEX3[1]  ; Missing drive strength ;
; HEX3[2]  ; Missing drive strength ;
; HEX3[3]  ; Missing drive strength ;
; HEX3[4]  ; Missing drive strength ;
; HEX3[5]  ; Missing drive strength ;
; HEX3[6]  ; Missing drive strength ;
; HEX3[7]  ; Missing drive strength ;
; HEX4[0]  ; Missing drive strength ;
; HEX4[1]  ; Missing drive strength ;
; HEX4[2]  ; Missing drive strength ;
; HEX4[3]  ; Missing drive strength ;
; HEX4[4]  ; Missing drive strength ;
; HEX4[5]  ; Missing drive strength ;
; HEX4[6]  ; Missing drive strength ;
; HEX4[7]  ; Missing drive strength ;
; HEX5[0]  ; Missing drive strength ;
; HEX5[1]  ; Missing drive strength ;
; HEX5[2]  ; Missing drive strength ;
; HEX5[3]  ; Missing drive strength ;
; HEX5[4]  ; Missing drive strength ;
; HEX5[5]  ; Missing drive strength ;
; HEX5[6]  ; Missing drive strength ;
; HEX5[7]  ; Missing drive strength ;
; LEDR[0]  ; Missing drive strength ;
; LEDR[1]  ; Missing drive strength ;
; LEDR[2]  ; Missing drive strength ;
; LEDR[3]  ; Missing drive strength ;
; LEDR[4]  ; Missing drive strength ;
; LEDR[5]  ; Missing drive strength ;
; LEDR[6]  ; Missing drive strength ;
; LEDR[7]  ; Missing drive strength ;
; LEDR[8]  ; Missing drive strength ;
; LEDR[9]  ; Missing drive strength ;
; GPIO[2]  ; Missing drive strength ;
; GPIO[3]  ; Missing drive strength ;
; GPIO[4]  ; Missing drive strength ;
; GPIO[5]  ; Missing drive strength ;
; GPIO[6]  ; Missing drive strength ;
; GPIO[7]  ; Missing drive strength ;
; GPIO[8]  ; Missing drive strength ;
; GPIO[9]  ; Missing drive strength ;
; GPIO[10] ; Missing drive strength ;
; GPIO[11] ; Missing drive strength ;
; GPIO[12] ; Missing drive strength ;
; GPIO[13] ; Missing drive strength ;
; GPIO[14] ; Missing drive strength ;
; GPIO[15] ; Missing drive strength ;
; GPIO[16] ; Missing drive strength ;
; GPIO[17] ; Missing drive strength ;
; GPIO[18] ; Missing drive strength ;
; GPIO[19] ; Missing drive strength ;
; GPIO[20] ; Missing drive strength ;
; GPIO[21] ; Missing drive strength ;
; GPIO[22] ; Missing drive strength ;
; GPIO[23] ; Missing drive strength ;
; GPIO[24] ; Missing drive strength ;
; GPIO[25] ; Missing drive strength ;
; GPIO[26] ; Missing drive strength ;
; GPIO[27] ; Missing drive strength ;
; GPIO[28] ; Missing drive strength ;
; GPIO[29] ; Missing drive strength ;
; GPIO[30] ; Missing drive strength ;
; GPIO[31] ; Missing drive strength ;
; GPIO[32] ; Missing drive strength ;
; GPIO[33] ; Missing drive strength ;
; GPIO[34] ; Missing drive strength ;
; GPIO[35] ; Missing drive strength ;
; GPIO[0]  ; Missing drive strength ;
; GPIO[1]  ; Missing drive strength ;
+----------+------------------------+


+-----------------------------------------------------------------------------------------------------------------------------------------------------------------------------------------------------------------------------------------------------------------------------------------------------------------------------------------------------------------------------------------------------------------------------------------------------------------------------+
; Fitter Resource Utilization by Entity                                                                                                                                                                                                                                                                                                                                                                                                                                       ;
+--------------------------------------------------+-------------+---------------------------+---------------+-------------+------+------------+--------------+---------+-----------+------+--------------+--------------+-------------------+------------------+------------+------------------------------------------------------------------------------------------------------------------------------------------------------------+--------------------+--------------+
; Compilation Hierarchy Node                       ; Logic Cells ; Dedicated Logic Registers ; I/O Registers ; Memory Bits ; M9Ks ; UFM Blocks ; DSP Elements ; DSP 9x9 ; DSP 18x18 ; Pins ; Virtual Pins ; LUT-Only LCs ; Register-Only LCs ; LUT/Register LCs ; ADC blocks ; Full Hierarchy Name                                                                                                                                        ; Entity Name        ; Library Name ;
+--------------------------------------------------+-------------+---------------------------+---------------+-------------+------+------------+--------------+---------+-----------+------+--------------+--------------+-------------------+------------------+------------+------------------------------------------------------------------------------------------------------------------------------------------------------------+--------------------+--------------+
; |DLX                                             ; 3696 (3)    ; 1735 (0)                  ; 0 (0)         ; 89608       ; 16   ; 1          ; 0            ; 0       ; 0         ; 99   ; 0            ; 1961 (3)     ; 210 (0)           ; 1525 (0)         ; 0          ; |DLX                                                                                                                                                       ; DLX                ; work         ;
;    |OVERSEER:OOO|                                ; 19 (19)     ; 0 (0)                     ; 0 (0)         ; 0           ; 0    ; 0          ; 0            ; 0       ; 0         ; 0    ; 0            ; 19 (19)      ; 0 (0)             ; 0 (0)            ; 0          ; |DLX|OVERSEER:OOO                                                                                                                                          ; OVERSEER           ; work         ;
;    |Timer:TIM|                                   ; 372 (372)   ; 224 (224)                 ; 0 (0)         ; 0           ; 0    ; 0          ; 0            ; 0       ; 0         ; 0    ; 0            ; 147 (147)    ; 0 (0)             ; 225 (225)        ; 0          ; |DLX|Timer:TIM                                                                                                                                             ; Timer              ; work         ;
;    |decode:DECODE|                               ; 180 (34)    ; 135 (31)                  ; 0 (0)         ; 2048        ; 2    ; 0          ; 0            ; 0       ; 0         ; 0    ; 0            ; 41 (3)       ; 14 (1)            ; 125 (45)         ; 0          ; |DLX|decode:DECODE                                                                                                                                         ; decode             ; work         ;
;       |registers:R|                              ; 122 (122)   ; 86 (86)                   ; 0 (0)         ; 2048        ; 2    ; 0          ; 0            ; 0       ; 0         ; 0    ; 0            ; 33 (33)      ; 13 (13)           ; 76 (76)          ; 0          ; |DLX|decode:DECODE|registers:R                                                                                                                             ; registers          ; work         ;
;          |altsyncram:ram_block_rtl_0|            ; 0 (0)       ; 0 (0)                     ; 0 (0)         ; 1024        ; 1    ; 0          ; 0            ; 0       ; 0         ; 0    ; 0            ; 0 (0)        ; 0 (0)             ; 0 (0)            ; 0          ; |DLX|decode:DECODE|registers:R|altsyncram:ram_block_rtl_0                                                                                                  ; altsyncram         ; work         ;
;             |altsyncram_23g1:auto_generated|     ; 0 (0)       ; 0 (0)                     ; 0 (0)         ; 1024        ; 1    ; 0          ; 0            ; 0       ; 0         ; 0    ; 0            ; 0 (0)        ; 0 (0)             ; 0 (0)            ; 0          ; |DLX|decode:DECODE|registers:R|altsyncram:ram_block_rtl_0|altsyncram_23g1:auto_generated                                                                   ; altsyncram_23g1    ; work         ;
;          |altsyncram:ram_block_rtl_1|            ; 0 (0)       ; 0 (0)                     ; 0 (0)         ; 1024        ; 1    ; 0          ; 0            ; 0       ; 0         ; 0    ; 0            ; 0 (0)        ; 0 (0)             ; 0 (0)            ; 0          ; |DLX|decode:DECODE|registers:R|altsyncram:ram_block_rtl_1                                                                                                  ; altsyncram         ; work         ;
;             |altsyncram_23g1:auto_generated|     ; 0 (0)       ; 0 (0)                     ; 0 (0)         ; 1024        ; 1    ; 0          ; 0            ; 0       ; 0         ; 0    ; 0            ; 0 (0)        ; 0 (0)             ; 0 (0)            ; 0          ; |DLX|decode:DECODE|registers:R|altsyncram:ram_block_rtl_1|altsyncram_23g1:auto_generated                                                                   ; altsyncram_23g1    ; work         ;
;       |sign_extend:SE|                           ; 24 (24)     ; 18 (18)                   ; 0 (0)         ; 0           ; 0    ; 0          ; 0            ; 0       ; 0         ; 0    ; 0            ; 5 (5)        ; 0 (0)             ; 19 (19)          ; 0          ; |DLX|decode:DECODE|sign_extend:SE                                                                                                                          ; sign_extend        ; work         ;
;    |execute:EXECUTE|                             ; 1682 (106)  ; 415 (77)                  ; 0 (0)         ; 0           ; 0    ; 0          ; 0            ; 0       ; 0         ; 0    ; 0            ; 1189 (42)    ; 19 (13)           ; 474 (51)         ; 0          ; |DLX|execute:EXECUTE                                                                                                                                       ; execute            ; work         ;
;       |ALU:ALU|                                  ; 1242 (1242) ; 326 (326)                 ; 0 (0)         ; 0           ; 0    ; 0          ; 0            ; 0       ; 0         ; 0    ; 0            ; 897 (897)    ; 6 (6)             ; 339 (339)        ; 0          ; |DLX|execute:EXECUTE|ALU:ALU                                                                                                                               ; ALU                ; work         ;
;       |PC_mux:MUX1|                              ; 194 (194)   ; 1 (1)                     ; 0 (0)         ; 0           ; 0    ; 0          ; 0            ; 0       ; 0         ; 0    ; 0            ; 122 (122)    ; 0 (0)             ; 72 (72)          ; 0          ; |DLX|execute:EXECUTE|PC_mux:MUX1                                                                                                                           ; PC_mux             ; work         ;
;       |Zeros:ZEROS|                              ; 26 (26)     ; 11 (11)                   ; 0 (0)         ; 0           ; 0    ; 0          ; 0            ; 0       ; 0         ; 0    ; 0            ; 14 (14)      ; 0 (0)             ; 12 (12)          ; 0          ; |DLX|execute:EXECUTE|Zeros:ZEROS                                                                                                                           ; Zeros              ; work         ;
;       |imm_mux:MUX2|                             ; 122 (122)   ; 0 (0)                     ; 0 (0)         ; 0           ; 0    ; 0          ; 0            ; 0       ; 0         ; 0    ; 0            ; 114 (114)    ; 0 (0)             ; 8 (8)            ; 0          ; |DLX|execute:EXECUTE|imm_mux:MUX2                                                                                                                          ; imm_mux            ; work         ;
;    |fetch:FETCH|                                 ; 41 (41)     ; 11 (11)                   ; 0 (0)         ; 32768       ; 4    ; 0          ; 0            ; 0       ; 0         ; 0    ; 0            ; 30 (30)      ; 10 (10)           ; 1 (1)            ; 0          ; |DLX|fetch:FETCH                                                                                                                                           ; fetch              ; work         ;
;       |my_ROM:U1|                                ; 0 (0)       ; 0 (0)                     ; 0 (0)         ; 32768       ; 4    ; 0          ; 0            ; 0       ; 0         ; 0    ; 0            ; 0 (0)        ; 0 (0)             ; 0 (0)            ; 0          ; |DLX|fetch:FETCH|my_ROM:U1                                                                                                                                 ; my_ROM             ; work         ;
;          |altsyncram:altsyncram_component|       ; 0 (0)       ; 0 (0)                     ; 0 (0)         ; 32768       ; 4    ; 0          ; 0            ; 0       ; 0         ; 0    ; 0            ; 0 (0)        ; 0 (0)             ; 0 (0)            ; 0          ; |DLX|fetch:FETCH|my_ROM:U1|altsyncram:altsyncram_component                                                                                                 ; altsyncram         ; work         ;
;             |altsyncram_hvr3:auto_generated|     ; 0 (0)       ; 0 (0)                     ; 0 (0)         ; 32768       ; 4    ; 0          ; 0            ; 0       ; 0         ; 0    ; 0            ; 0 (0)        ; 0 (0)             ; 0 (0)            ; 0          ; |DLX|fetch:FETCH|my_ROM:U1|altsyncram:altsyncram_component|altsyncram_hvr3:auto_generated                                                                  ; altsyncram_hvr3    ; work         ;
;    |memory:MEMORY|                               ; 43 (43)     ; 43 (43)                   ; 0 (0)         ; 32768       ; 4    ; 0          ; 0            ; 0       ; 0         ; 0    ; 0            ; 0 (0)        ; 11 (11)           ; 32 (32)          ; 0          ; |DLX|memory:MEMORY                                                                                                                                         ; memory             ; work         ;
;       |my_ram:RAM|                               ; 0 (0)       ; 0 (0)                     ; 0 (0)         ; 32768       ; 4    ; 0          ; 0            ; 0       ; 0         ; 0    ; 0            ; 0 (0)        ; 0 (0)             ; 0 (0)            ; 0          ; |DLX|memory:MEMORY|my_ram:RAM                                                                                                                              ; my_ram             ; work         ;
;          |altsyncram:altsyncram_component|       ; 0 (0)       ; 0 (0)                     ; 0 (0)         ; 32768       ; 4    ; 0          ; 0            ; 0       ; 0         ; 0    ; 0            ; 0 (0)        ; 0 (0)             ; 0 (0)            ; 0          ; |DLX|memory:MEMORY|my_ram:RAM|altsyncram:altsyncram_component                                                                                              ; altsyncram         ; work         ;
;             |altsyncram_63s3:auto_generated|     ; 0 (0)       ; 0 (0)                     ; 0 (0)         ; 32768       ; 4    ; 0          ; 0            ; 0       ; 0         ; 0    ; 0            ; 0 (0)        ; 0 (0)             ; 0 (0)            ; 0          ; |DLX|memory:MEMORY|my_ram:RAM|altsyncram:altsyncram_component|altsyncram_63s3:auto_generated                                                               ; altsyncram_63s3    ; work         ;
;    |pll:PLLTX|                                   ; 1 (0)       ; 1 (0)                     ; 0 (0)         ; 0           ; 0    ; 0          ; 0            ; 0       ; 0         ; 0    ; 0            ; 0 (0)        ; 0 (0)             ; 1 (0)            ; 0          ; |DLX|pll:PLLTX                                                                                                                                             ; pll                ; work         ;
;       |altpll:altpll_component|                  ; 1 (0)       ; 1 (0)                     ; 0 (0)         ; 0           ; 0    ; 0          ; 0            ; 0       ; 0         ; 0    ; 0            ; 0 (0)        ; 0 (0)             ; 1 (0)            ; 0          ; |DLX|pll:PLLTX|altpll:altpll_component                                                                                                                     ; altpll             ; work         ;
;          |pll_altpll:auto_generated|             ; 1 (1)       ; 1 (1)                     ; 0 (0)         ; 0           ; 0    ; 0          ; 0            ; 0       ; 0         ; 0    ; 0            ; 0 (0)        ; 0 (0)             ; 1 (1)            ; 0          ; |DLX|pll:PLLTX|altpll:altpll_component|pll_altpll:auto_generated                                                                                           ; pll_altpll         ; work         ;
;    |print_FSM:FSM|                               ; 879 (433)   ; 572 (181)                 ; 0 (0)         ; 11776       ; 3    ; 0          ; 0            ; 0       ; 0         ; 0    ; 0            ; 307 (251)    ; 84 (34)           ; 488 (149)        ; 0          ; |DLX|print_FSM:FSM                                                                                                                                         ; print_FSM          ; work         ;
;       |UART_trans:U|                             ; 51 (51)     ; 35 (35)                   ; 0 (0)         ; 0           ; 0    ; 0          ; 0            ; 0       ; 0         ; 0    ; 0            ; 16 (16)      ; 0 (0)             ; 35 (35)          ; 0          ; |DLX|print_FSM:FSM|UART_trans:U                                                                                                                            ; UART_trans         ; work         ;
;       |diva_ten:DIVIDER|                         ; 240 (240)   ; 224 (224)                 ; 0 (0)         ; 0           ; 0    ; 0          ; 0            ; 0       ; 0         ; 0    ; 0            ; 16 (16)      ; 4 (4)             ; 220 (220)        ; 0          ; |DLX|print_FSM:FSM|diva_ten:DIVIDER                                                                                                                        ; diva_ten           ; work         ;
;       |fifo_char:FIFO2|                          ; 119 (0)     ; 105 (0)                   ; 0 (0)         ; 2048        ; 1    ; 0          ; 0            ; 0       ; 0         ; 0    ; 0            ; 14 (0)       ; 46 (0)            ; 59 (0)           ; 0          ; |DLX|print_FSM:FSM|fifo_char:FIFO2                                                                                                                         ; fifo_char          ; work         ;
;          |dcfifo:dcfifo_component|               ; 119 (0)     ; 105 (0)                   ; 0 (0)         ; 2048        ; 1    ; 0          ; 0            ; 0       ; 0         ; 0    ; 0            ; 14 (0)       ; 46 (0)            ; 59 (0)           ; 0          ; |DLX|print_FSM:FSM|fifo_char:FIFO2|dcfifo:dcfifo_component                                                                                                 ; dcfifo             ; work         ;
;             |dcfifo_f1f1:auto_generated|         ; 119 (35)    ; 105 (27)                  ; 0 (0)         ; 2048        ; 1    ; 0          ; 0            ; 0       ; 0         ; 0    ; 0            ; 14 (4)       ; 46 (17)           ; 59 (8)           ; 0          ; |DLX|print_FSM:FSM|fifo_char:FIFO2|dcfifo:dcfifo_component|dcfifo_f1f1:auto_generated                                                                      ; dcfifo_f1f1        ; work         ;
;                |a_gray2bin_kra:wrptr_g_gray2bin| ; 8 (8)       ; 0 (0)                     ; 0 (0)         ; 0           ; 0    ; 0          ; 0            ; 0       ; 0         ; 0    ; 0            ; 3 (3)        ; 0 (0)             ; 5 (5)            ; 0          ; |DLX|print_FSM:FSM|fifo_char:FIFO2|dcfifo:dcfifo_component|dcfifo_f1f1:auto_generated|a_gray2bin_kra:wrptr_g_gray2bin                                      ; a_gray2bin_kra     ; work         ;
;                |a_gray2bin_kra:ws_dgrp_gray2bin| ; 8 (8)       ; 0 (0)                     ; 0 (0)         ; 0           ; 0    ; 0          ; 0            ; 0       ; 0         ; 0    ; 0            ; 1 (1)        ; 0 (0)             ; 7 (7)            ; 0          ; |DLX|print_FSM:FSM|fifo_char:FIFO2|dcfifo:dcfifo_component|dcfifo_f1f1:auto_generated|a_gray2bin_kra:ws_dgrp_gray2bin                                      ; a_gray2bin_kra     ; work         ;
;                |a_graycounter_dgb:wrptr_g1p|     ; 16 (16)     ; 13 (13)                   ; 0 (0)         ; 0           ; 0    ; 0          ; 0            ; 0       ; 0         ; 0    ; 0            ; 0 (0)        ; 0 (0)             ; 16 (16)          ; 0          ; |DLX|print_FSM:FSM|fifo_char:FIFO2|dcfifo:dcfifo_component|dcfifo_f1f1:auto_generated|a_graycounter_dgb:wrptr_g1p                                          ; a_graycounter_dgb  ; work         ;
;                |a_graycounter_h26:rdptr_g1p|     ; 17 (17)     ; 13 (13)                   ; 0 (0)         ; 0           ; 0    ; 0          ; 0            ; 0       ; 0         ; 0    ; 0            ; 4 (4)        ; 0 (0)             ; 13 (13)          ; 0          ; |DLX|print_FSM:FSM|fifo_char:FIFO2|dcfifo:dcfifo_component|dcfifo_f1f1:auto_generated|a_graycounter_h26:rdptr_g1p                                          ; a_graycounter_h26  ; work         ;
;                |alt_synch_pipe_h9l:rs_dgwp|      ; 18 (0)      ; 18 (0)                    ; 0 (0)         ; 0           ; 0    ; 0          ; 0            ; 0       ; 0         ; 0    ; 0            ; 0 (0)        ; 13 (0)            ; 5 (0)            ; 0          ; |DLX|print_FSM:FSM|fifo_char:FIFO2|dcfifo:dcfifo_component|dcfifo_f1f1:auto_generated|alt_synch_pipe_h9l:rs_dgwp                                           ; alt_synch_pipe_h9l ; work         ;
;                   |dffpipe_2v8:dffpipe12|        ; 18 (18)     ; 18 (18)                   ; 0 (0)         ; 0           ; 0    ; 0          ; 0            ; 0       ; 0         ; 0    ; 0            ; 0 (0)        ; 13 (13)           ; 5 (5)            ; 0          ; |DLX|print_FSM:FSM|fifo_char:FIFO2|dcfifo:dcfifo_component|dcfifo_f1f1:auto_generated|alt_synch_pipe_h9l:rs_dgwp|dffpipe_2v8:dffpipe12                     ; dffpipe_2v8        ; work         ;
;                |alt_synch_pipe_i9l:ws_dgrp|      ; 18 (0)      ; 18 (0)                    ; 0 (0)         ; 0           ; 0    ; 0          ; 0            ; 0       ; 0         ; 0    ; 0            ; 0 (0)        ; 14 (0)            ; 4 (0)            ; 0          ; |DLX|print_FSM:FSM|fifo_char:FIFO2|dcfifo:dcfifo_component|dcfifo_f1f1:auto_generated|alt_synch_pipe_i9l:ws_dgrp                                           ; alt_synch_pipe_i9l ; work         ;
;                   |dffpipe_3v8:dffpipe16|        ; 18 (18)     ; 18 (18)                   ; 0 (0)         ; 0           ; 0    ; 0          ; 0            ; 0       ; 0         ; 0    ; 0            ; 0 (0)        ; 14 (14)           ; 4 (4)            ; 0          ; |DLX|print_FSM:FSM|fifo_char:FIFO2|dcfifo:dcfifo_component|dcfifo_f1f1:auto_generated|alt_synch_pipe_i9l:ws_dgrp|dffpipe_3v8:dffpipe16                     ; dffpipe_3v8        ; work         ;
;                |altsyncram_qj31:fifo_ram|        ; 0 (0)       ; 0 (0)                     ; 0 (0)         ; 2048        ; 1    ; 0          ; 0            ; 0       ; 0         ; 0    ; 0            ; 0 (0)        ; 0 (0)             ; 0 (0)            ; 0          ; |DLX|print_FSM:FSM|fifo_char:FIFO2|dcfifo:dcfifo_component|dcfifo_f1f1:auto_generated|altsyncram_qj31:fifo_ram                                             ; altsyncram_qj31    ; work         ;
;                |cmpr_5h5:rdempty_eq_comp|        ; 5 (5)       ; 0 (0)                     ; 0 (0)         ; 0           ; 0    ; 0          ; 0            ; 0       ; 0         ; 0    ; 0            ; 1 (1)        ; 0 (0)             ; 4 (4)            ; 0          ; |DLX|print_FSM:FSM|fifo_char:FIFO2|dcfifo:dcfifo_component|dcfifo_f1f1:auto_generated|cmpr_5h5:rdempty_eq_comp                                             ; cmpr_5h5           ; work         ;
;                |cmpr_5h5:wrfull_eq_comp|         ; 6 (6)       ; 0 (0)                     ; 0 (0)         ; 0           ; 0    ; 0          ; 0            ; 0       ; 0         ; 0    ; 0            ; 1 (1)        ; 0 (0)             ; 5 (5)            ; 0          ; |DLX|print_FSM:FSM|fifo_char:FIFO2|dcfifo:dcfifo_component|dcfifo_f1f1:auto_generated|cmpr_5h5:wrfull_eq_comp                                              ; cmpr_5h5           ; work         ;
;                |dffpipe_1v8:ws_brp|              ; 8 (8)       ; 8 (8)                     ; 0 (0)         ; 0           ; 0    ; 0          ; 0            ; 0       ; 0         ; 0    ; 0            ; 0 (0)        ; 2 (2)             ; 6 (6)            ; 0          ; |DLX|print_FSM:FSM|fifo_char:FIFO2|dcfifo:dcfifo_component|dcfifo_f1f1:auto_generated|dffpipe_1v8:ws_brp                                                   ; dffpipe_1v8        ; work         ;
;                |dffpipe_1v8:ws_bwp|              ; 8 (8)       ; 8 (8)                     ; 0 (0)         ; 0           ; 0    ; 0          ; 0            ; 0       ; 0         ; 0    ; 0            ; 0 (0)        ; 0 (0)             ; 8 (8)            ; 0          ; |DLX|print_FSM:FSM|fifo_char:FIFO2|dcfifo:dcfifo_component|dcfifo_f1f1:auto_generated|dffpipe_1v8:ws_bwp                                                   ; dffpipe_1v8        ; work         ;
;       |fifo_word:FIFO1|                          ; 37 (0)      ; 27 (0)                    ; 0 (0)         ; 9728        ; 2    ; 0          ; 0            ; 0       ; 0         ; 0    ; 0            ; 10 (0)       ; 0 (0)             ; 27 (0)           ; 0          ; |DLX|print_FSM:FSM|fifo_word:FIFO1                                                                                                                         ; fifo_word          ; work         ;
;          |scfifo:scfifo_component|               ; 37 (0)      ; 27 (0)                    ; 0 (0)         ; 9728        ; 2    ; 0          ; 0            ; 0       ; 0         ; 0    ; 0            ; 10 (0)       ; 0 (0)             ; 27 (0)           ; 0          ; |DLX|print_FSM:FSM|fifo_word:FIFO1|scfifo:scfifo_component                                                                                                 ; scfifo             ; work         ;
;             |scfifo_4k51:auto_generated|         ; 37 (4)      ; 27 (1)                    ; 0 (0)         ; 9728        ; 2    ; 0          ; 0            ; 0       ; 0         ; 0    ; 0            ; 10 (3)       ; 0 (0)             ; 27 (1)           ; 0          ; |DLX|print_FSM:FSM|fifo_word:FIFO1|scfifo:scfifo_component|scfifo_4k51:auto_generated                                                                      ; scfifo_4k51        ; work         ;
;                |a_dpfifo_jj21:dpfifo|            ; 33 (2)      ; 26 (0)                    ; 0 (0)         ; 9728        ; 2    ; 0          ; 0            ; 0       ; 0         ; 0    ; 0            ; 7 (2)        ; 0 (0)             ; 26 (0)           ; 0          ; |DLX|print_FSM:FSM|fifo_word:FIFO1|scfifo:scfifo_component|scfifo_4k51:auto_generated|a_dpfifo_jj21:dpfifo                                                 ; a_dpfifo_jj21      ; work         ;
;                   |a_fefifo_08f:fifo_state|      ; 15 (7)      ; 10 (2)                    ; 0 (0)         ; 0           ; 0    ; 0          ; 0            ; 0       ; 0         ; 0    ; 0            ; 5 (5)        ; 0 (0)             ; 10 (2)           ; 0          ; |DLX|print_FSM:FSM|fifo_word:FIFO1|scfifo:scfifo_component|scfifo_4k51:auto_generated|a_dpfifo_jj21:dpfifo|a_fefifo_08f:fifo_state                         ; a_fefifo_08f       ; work         ;
;                      |cntr_537:count_usedw|      ; 8 (8)       ; 8 (8)                     ; 0 (0)         ; 0           ; 0    ; 0          ; 0            ; 0       ; 0         ; 0    ; 0            ; 0 (0)        ; 0 (0)             ; 8 (8)            ; 0          ; |DLX|print_FSM:FSM|fifo_word:FIFO1|scfifo:scfifo_component|scfifo_4k51:auto_generated|a_dpfifo_jj21:dpfifo|a_fefifo_08f:fifo_state|cntr_537:count_usedw    ; cntr_537           ; work         ;
;                   |altsyncram_o2m1:FIFOram|      ; 0 (0)       ; 0 (0)                     ; 0 (0)         ; 9728        ; 2    ; 0          ; 0            ; 0       ; 0         ; 0    ; 0            ; 0 (0)        ; 0 (0)             ; 0 (0)            ; 0          ; |DLX|print_FSM:FSM|fifo_word:FIFO1|scfifo:scfifo_component|scfifo_4k51:auto_generated|a_dpfifo_jj21:dpfifo|altsyncram_o2m1:FIFOram                         ; altsyncram_o2m1    ; work         ;
;                   |cntr_p2b:rd_ptr_count|        ; 8 (8)       ; 8 (8)                     ; 0 (0)         ; 0           ; 0    ; 0          ; 0            ; 0       ; 0         ; 0    ; 0            ; 0 (0)        ; 0 (0)             ; 8 (8)            ; 0          ; |DLX|print_FSM:FSM|fifo_word:FIFO1|scfifo:scfifo_component|scfifo_4k51:auto_generated|a_dpfifo_jj21:dpfifo|cntr_p2b:rd_ptr_count                           ; cntr_p2b           ; work         ;
;                   |cntr_p2b:wr_ptr|              ; 8 (8)       ; 8 (8)                     ; 0 (0)         ; 0           ; 0    ; 0          ; 0            ; 0       ; 0         ; 0    ; 0            ; 0 (0)        ; 0 (0)             ; 8 (8)            ; 0          ; |DLX|print_FSM:FSM|fifo_word:FIFO1|scfifo:scfifo_component|scfifo_4k51:auto_generated|a_dpfifo_jj21:dpfifo|cntr_p2b:wr_ptr                                 ; cntr_p2b           ; work         ;
;    |scan_FSM:SCAN|                               ; 540 (154)   ; 330 (35)                  ; 0 (0)         ; 10248       ; 3    ; 0          ; 0            ; 0       ; 0         ; 0    ; 0            ; 210 (119)    ; 72 (0)            ; 258 (35)         ; 0          ; |DLX|scan_FSM:SCAN                                                                                                                                         ; scan_FSM           ; work         ;
;       |FIFO_UART_RF:UART_RF|                     ; 101 (0)     ; 89 (0)                    ; 0 (0)         ; 2048        ; 1    ; 0          ; 0            ; 0       ; 0         ; 0    ; 0            ; 12 (0)       ; 52 (0)            ; 37 (0)           ; 0          ; |DLX|scan_FSM:SCAN|FIFO_UART_RF:UART_RF                                                                                                                    ; FIFO_UART_RF       ; work         ;
;          |dcfifo:dcfifo_component|               ; 101 (0)     ; 89 (0)                    ; 0 (0)         ; 2048        ; 1    ; 0          ; 0            ; 0       ; 0         ; 0    ; 0            ; 12 (0)       ; 52 (0)            ; 37 (0)           ; 0          ; |DLX|scan_FSM:SCAN|FIFO_UART_RF:UART_RF|dcfifo:dcfifo_component                                                                                            ; dcfifo             ; work         ;
;             |dcfifo_u7e1:auto_generated|         ; 101 (28)    ; 89 (27)                   ; 0 (0)         ; 2048        ; 1    ; 0          ; 0            ; 0       ; 0         ; 0    ; 0            ; 12 (1)       ; 52 (24)           ; 37 (4)           ; 0          ; |DLX|scan_FSM:SCAN|FIFO_UART_RF:UART_RF|dcfifo:dcfifo_component|dcfifo_u7e1:auto_generated                                                                 ; dcfifo_u7e1        ; work         ;
;                |a_graycounter_dgb:wrptr_g1p|     ; 17 (17)     ; 13 (13)                   ; 0 (0)         ; 0           ; 0    ; 0          ; 0            ; 0       ; 0         ; 0    ; 0            ; 4 (4)        ; 1 (1)             ; 12 (12)          ; 0          ; |DLX|scan_FSM:SCAN|FIFO_UART_RF:UART_RF|dcfifo:dcfifo_component|dcfifo_u7e1:auto_generated|a_graycounter_dgb:wrptr_g1p                                     ; a_graycounter_dgb  ; work         ;
;                |a_graycounter_h26:rdptr_g1p|     ; 18 (18)     ; 13 (13)                   ; 0 (0)         ; 0           ; 0    ; 0          ; 0            ; 0       ; 0         ; 0    ; 0            ; 5 (5)        ; 1 (1)             ; 12 (12)          ; 0          ; |DLX|scan_FSM:SCAN|FIFO_UART_RF:UART_RF|dcfifo:dcfifo_component|dcfifo_u7e1:auto_generated|a_graycounter_h26:rdptr_g1p                                     ; a_graycounter_h26  ; work         ;
;                |alt_synch_pipe_j9l:rs_dgwp|      ; 18 (0)      ; 18 (0)                    ; 0 (0)         ; 0           ; 0    ; 0          ; 0            ; 0       ; 0         ; 0    ; 0            ; 0 (0)        ; 13 (0)            ; 5 (0)            ; 0          ; |DLX|scan_FSM:SCAN|FIFO_UART_RF:UART_RF|dcfifo:dcfifo_component|dcfifo_u7e1:auto_generated|alt_synch_pipe_j9l:rs_dgwp                                      ; alt_synch_pipe_j9l ; work         ;
;                   |dffpipe_4v8:dffpipe5|         ; 18 (18)     ; 18 (18)                   ; 0 (0)         ; 0           ; 0    ; 0          ; 0            ; 0       ; 0         ; 0    ; 0            ; 0 (0)        ; 13 (13)           ; 5 (5)            ; 0          ; |DLX|scan_FSM:SCAN|FIFO_UART_RF:UART_RF|dcfifo:dcfifo_component|dcfifo_u7e1:auto_generated|alt_synch_pipe_j9l:rs_dgwp|dffpipe_4v8:dffpipe5                 ; dffpipe_4v8        ; work         ;
;                |alt_synch_pipe_k9l:ws_dgrp|      ; 18 (0)      ; 18 (0)                    ; 0 (0)         ; 0           ; 0    ; 0          ; 0            ; 0       ; 0         ; 0    ; 0            ; 0 (0)        ; 13 (0)            ; 5 (0)            ; 0          ; |DLX|scan_FSM:SCAN|FIFO_UART_RF:UART_RF|dcfifo:dcfifo_component|dcfifo_u7e1:auto_generated|alt_synch_pipe_k9l:ws_dgrp                                      ; alt_synch_pipe_k9l ; work         ;
;                   |dffpipe_5v8:dffpipe8|         ; 18 (18)     ; 18 (18)                   ; 0 (0)         ; 0           ; 0    ; 0          ; 0            ; 0       ; 0         ; 0    ; 0            ; 0 (0)        ; 13 (13)           ; 5 (5)            ; 0          ; |DLX|scan_FSM:SCAN|FIFO_UART_RF:UART_RF|dcfifo:dcfifo_component|dcfifo_u7e1:auto_generated|alt_synch_pipe_k9l:ws_dgrp|dffpipe_5v8:dffpipe8                 ; dffpipe_5v8        ; work         ;
;                |altsyncram_qj31:fifo_ram|        ; 0 (0)       ; 0 (0)                     ; 0 (0)         ; 2048        ; 1    ; 0          ; 0            ; 0       ; 0         ; 0    ; 0            ; 0 (0)        ; 0 (0)             ; 0 (0)            ; 0          ; |DLX|scan_FSM:SCAN|FIFO_UART_RF:UART_RF|dcfifo:dcfifo_component|dcfifo_u7e1:auto_generated|altsyncram_qj31:fifo_ram                                        ; altsyncram_qj31    ; work         ;
;                |cmpr_5h5:rdempty_eq_comp|        ; 6 (6)       ; 0 (0)                     ; 0 (0)         ; 0           ; 0    ; 0          ; 0            ; 0       ; 0         ; 0    ; 0            ; 1 (1)        ; 0 (0)             ; 5 (5)            ; 0          ; |DLX|scan_FSM:SCAN|FIFO_UART_RF:UART_RF|dcfifo:dcfifo_component|dcfifo_u7e1:auto_generated|cmpr_5h5:rdempty_eq_comp                                        ; cmpr_5h5           ; work         ;
;                |cmpr_5h5:wrfull_eq_comp|         ; 5 (5)       ; 0 (0)                     ; 0 (0)         ; 0           ; 0    ; 0          ; 0            ; 0       ; 0         ; 0    ; 0            ; 1 (1)        ; 0 (0)             ; 4 (4)            ; 0          ; |DLX|scan_FSM:SCAN|FIFO_UART_RF:UART_RF|dcfifo:dcfifo_component|dcfifo_u7e1:auto_generated|cmpr_5h5:wrfull_eq_comp                                         ; cmpr_5h5           ; work         ;
;       |UARTSampler:DA_SAMPLER|                   ; 188 (145)   ; 138 (100)                 ; 0 (0)         ; 8           ; 1    ; 0          ; 0            ; 0       ; 0         ; 0    ; 0            ; 50 (46)      ; 19 (0)            ; 119 (99)         ; 0          ; |DLX|scan_FSM:SCAN|UARTSampler:DA_SAMPLER                                                                                                                  ; UARTSampler        ; work         ;
;          |my_fifo:U2|                            ; 43 (0)      ; 38 (0)                    ; 0 (0)         ; 8           ; 1    ; 0          ; 0            ; 0       ; 0         ; 0    ; 0            ; 4 (0)        ; 19 (0)            ; 20 (0)           ; 0          ; |DLX|scan_FSM:SCAN|UARTSampler:DA_SAMPLER|my_fifo:U2                                                                                                       ; my_fifo            ; work         ;
;             |dcfifo:dcfifo_component|            ; 43 (0)      ; 38 (0)                    ; 0 (0)         ; 8           ; 1    ; 0          ; 0            ; 0       ; 0         ; 0    ; 0            ; 4 (0)        ; 19 (0)            ; 20 (0)           ; 0          ; |DLX|scan_FSM:SCAN|UARTSampler:DA_SAMPLER|my_fifo:U2|dcfifo:dcfifo_component                                                                               ; dcfifo             ; work         ;
;                |dcfifo_14e1:auto_generated|      ; 43 (13)     ; 38 (12)                   ; 0 (0)         ; 8           ; 1    ; 0          ; 0            ; 0       ; 0         ; 0    ; 0            ; 4 (0)        ; 19 (8)            ; 20 (5)           ; 0          ; |DLX|scan_FSM:SCAN|UARTSampler:DA_SAMPLER|my_fifo:U2|dcfifo:dcfifo_component|dcfifo_14e1:auto_generated                                                    ; dcfifo_14e1        ; work         ;
;                   |a_graycounter_8gb:wrptr_g1p|  ; 6 (6)       ; 5 (5)                     ; 0 (0)         ; 0           ; 0    ; 0          ; 0            ; 0       ; 0         ; 0    ; 0            ; 1 (1)        ; 0 (0)             ; 5 (5)            ; 0          ; |DLX|scan_FSM:SCAN|UARTSampler:DA_SAMPLER|my_fifo:U2|dcfifo:dcfifo_component|dcfifo_14e1:auto_generated|a_graycounter_8gb:wrptr_g1p                        ; a_graycounter_8gb  ; work         ;
;                   |a_graycounter_c26:rdptr_g1p|  ; 8 (8)       ; 5 (5)                     ; 0 (0)         ; 0           ; 0    ; 0          ; 0            ; 0       ; 0         ; 0    ; 0            ; 3 (3)        ; 0 (0)             ; 5 (5)            ; 0          ; |DLX|scan_FSM:SCAN|UARTSampler:DA_SAMPLER|my_fifo:U2|dcfifo:dcfifo_component|dcfifo_14e1:auto_generated|a_graycounter_c26:rdptr_g1p                        ; a_graycounter_c26  ; work         ;
;                   |alt_synch_pipe_c9l:rs_dgwp|   ; 8 (0)       ; 8 (0)                     ; 0 (0)         ; 0           ; 0    ; 0          ; 0            ; 0       ; 0         ; 0    ; 0            ; 0 (0)        ; 6 (0)             ; 2 (0)            ; 0          ; |DLX|scan_FSM:SCAN|UARTSampler:DA_SAMPLER|my_fifo:U2|dcfifo:dcfifo_component|dcfifo_14e1:auto_generated|alt_synch_pipe_c9l:rs_dgwp                         ; alt_synch_pipe_c9l ; work         ;
;                      |dffpipe_tu8:dffpipe10|     ; 8 (8)       ; 8 (8)                     ; 0 (0)         ; 0           ; 0    ; 0          ; 0            ; 0       ; 0         ; 0    ; 0            ; 0 (0)        ; 6 (6)             ; 2 (2)            ; 0          ; |DLX|scan_FSM:SCAN|UARTSampler:DA_SAMPLER|my_fifo:U2|dcfifo:dcfifo_component|dcfifo_14e1:auto_generated|alt_synch_pipe_c9l:rs_dgwp|dffpipe_tu8:dffpipe10   ; dffpipe_tu8        ; work         ;
;                   |alt_synch_pipe_d9l:ws_dgrp|   ; 8 (0)       ; 8 (0)                     ; 0 (0)         ; 0           ; 0    ; 0          ; 0            ; 0       ; 0         ; 0    ; 0            ; 0 (0)        ; 5 (0)             ; 3 (0)            ; 0          ; |DLX|scan_FSM:SCAN|UARTSampler:DA_SAMPLER|my_fifo:U2|dcfifo:dcfifo_component|dcfifo_14e1:auto_generated|alt_synch_pipe_d9l:ws_dgrp                         ; alt_synch_pipe_d9l ; work         ;
;                      |dffpipe_uu8:dffpipe13|     ; 8 (8)       ; 8 (8)                     ; 0 (0)         ; 0           ; 0    ; 0          ; 0            ; 0       ; 0         ; 0    ; 0            ; 0 (0)        ; 5 (5)             ; 3 (3)            ; 0          ; |DLX|scan_FSM:SCAN|UARTSampler:DA_SAMPLER|my_fifo:U2|dcfifo:dcfifo_component|dcfifo_14e1:auto_generated|alt_synch_pipe_d9l:ws_dgrp|dffpipe_uu8:dffpipe13   ; dffpipe_uu8        ; work         ;
;                   |altsyncram_2j31:fifo_ram|     ; 0 (0)       ; 0 (0)                     ; 0 (0)         ; 8           ; 1    ; 0          ; 0            ; 0       ; 0         ; 0    ; 0            ; 0 (0)        ; 0 (0)             ; 0 (0)            ; 0          ; |DLX|scan_FSM:SCAN|UARTSampler:DA_SAMPLER|my_fifo:U2|dcfifo:dcfifo_component|dcfifo_14e1:auto_generated|altsyncram_2j31:fifo_ram                           ; altsyncram_2j31    ; work         ;
;                   |cmpr_0h5:rdempty_eq_comp|     ; 3 (3)       ; 0 (0)                     ; 0 (0)         ; 0           ; 0    ; 0          ; 0            ; 0       ; 0         ; 0    ; 0            ; 0 (0)        ; 0 (0)             ; 3 (3)            ; 0          ; |DLX|scan_FSM:SCAN|UARTSampler:DA_SAMPLER|my_fifo:U2|dcfifo:dcfifo_component|dcfifo_14e1:auto_generated|cmpr_0h5:rdempty_eq_comp                           ; cmpr_0h5           ; work         ;
;                   |cmpr_0h5:wrfull_eq_comp|      ; 2 (2)       ; 0 (0)                     ; 0 (0)         ; 0           ; 0    ; 0          ; 0            ; 0       ; 0         ; 0    ; 0            ; 0 (0)        ; 0 (0)             ; 2 (2)            ; 0          ; |DLX|scan_FSM:SCAN|UARTSampler:DA_SAMPLER|my_fifo:U2|dcfifo:dcfifo_component|dcfifo_14e1:auto_generated|cmpr_0h5:wrfull_eq_comp                            ; cmpr_0h5           ; work         ;
;       |fifo_in_buf:IN_BUF|                       ; 35 (0)      ; 26 (0)                    ; 0 (0)         ; 8192        ; 1    ; 0          ; 0            ; 0       ; 0         ; 0    ; 0            ; 9 (0)        ; 0 (0)             ; 26 (0)           ; 0          ; |DLX|scan_FSM:SCAN|fifo_in_buf:IN_BUF                                                                                                                      ; fifo_in_buf        ; work         ;
;          |scfifo:scfifo_component|               ; 35 (0)      ; 26 (0)                    ; 0 (0)         ; 8192        ; 1    ; 0          ; 0            ; 0       ; 0         ; 0    ; 0            ; 9 (0)        ; 0 (0)             ; 26 (0)           ; 0          ; |DLX|scan_FSM:SCAN|fifo_in_buf:IN_BUF|scfifo:scfifo_component                                                                                              ; scfifo             ; work         ;
;             |scfifo_6d21:auto_generated|         ; 35 (0)      ; 26 (0)                    ; 0 (0)         ; 8192        ; 1    ; 0          ; 0            ; 0       ; 0         ; 0    ; 0            ; 9 (0)        ; 0 (0)             ; 26 (0)           ; 0          ; |DLX|scan_FSM:SCAN|fifo_in_buf:IN_BUF|scfifo:scfifo_component|scfifo_6d21:auto_generated                                                                   ; scfifo_6d21        ; work         ;
;                |a_dpfifo_dj21:dpfifo|            ; 35 (0)      ; 26 (0)                    ; 0 (0)         ; 8192        ; 1    ; 0          ; 0            ; 0       ; 0         ; 0    ; 0            ; 9 (0)        ; 0 (0)             ; 26 (0)           ; 0          ; |DLX|scan_FSM:SCAN|fifo_in_buf:IN_BUF|scfifo:scfifo_component|scfifo_6d21:auto_generated|a_dpfifo_dj21:dpfifo                                              ; a_dpfifo_dj21      ; work         ;
;                   |a_fefifo_08f:fifo_state|      ; 19 (11)     ; 10 (2)                    ; 0 (0)         ; 0           ; 0    ; 0          ; 0            ; 0       ; 0         ; 0    ; 0            ; 9 (9)        ; 0 (0)             ; 10 (2)           ; 0          ; |DLX|scan_FSM:SCAN|fifo_in_buf:IN_BUF|scfifo:scfifo_component|scfifo_6d21:auto_generated|a_dpfifo_dj21:dpfifo|a_fefifo_08f:fifo_state                      ; a_fefifo_08f       ; work         ;
;                      |cntr_537:count_usedw|      ; 8 (8)       ; 8 (8)                     ; 0 (0)         ; 0           ; 0    ; 0          ; 0            ; 0       ; 0         ; 0    ; 0            ; 0 (0)        ; 0 (0)             ; 8 (8)            ; 0          ; |DLX|scan_FSM:SCAN|fifo_in_buf:IN_BUF|scfifo:scfifo_component|scfifo_6d21:auto_generated|a_dpfifo_dj21:dpfifo|a_fefifo_08f:fifo_state|cntr_537:count_usedw ; cntr_537           ; work         ;
;                   |altsyncram_c2m1:FIFOram|      ; 0 (0)       ; 0 (0)                     ; 0 (0)         ; 8192        ; 1    ; 0          ; 0            ; 0       ; 0         ; 0    ; 0            ; 0 (0)        ; 0 (0)             ; 0 (0)            ; 0          ; |DLX|scan_FSM:SCAN|fifo_in_buf:IN_BUF|scfifo:scfifo_component|scfifo_6d21:auto_generated|a_dpfifo_dj21:dpfifo|altsyncram_c2m1:FIFOram                      ; altsyncram_c2m1    ; work         ;
;                   |cntr_p2b:rd_ptr_count|        ; 8 (8)       ; 8 (8)                     ; 0 (0)         ; 0           ; 0    ; 0          ; 0            ; 0       ; 0         ; 0    ; 0            ; 0 (0)        ; 0 (0)             ; 8 (8)            ; 0          ; |DLX|scan_FSM:SCAN|fifo_in_buf:IN_BUF|scfifo:scfifo_component|scfifo_6d21:auto_generated|a_dpfifo_dj21:dpfifo|cntr_p2b:rd_ptr_count                        ; cntr_p2b           ; work         ;
;                   |cntr_p2b:wr_ptr|              ; 8 (8)       ; 8 (8)                     ; 0 (0)         ; 0           ; 0    ; 0          ; 0            ; 0       ; 0         ; 0    ; 0            ; 0 (0)        ; 0 (0)             ; 8 (8)            ; 0          ; |DLX|scan_FSM:SCAN|fifo_in_buf:IN_BUF|scfifo:scfifo_component|scfifo_6d21:auto_generated|a_dpfifo_dj21:dpfifo|cntr_p2b:wr_ptr                              ; cntr_p2b           ; work         ;
;       |uart_recv:UART_RX|                        ; 62 (62)     ; 42 (42)                   ; 0 (0)         ; 0           ; 0    ; 0          ; 0            ; 0       ; 0         ; 0    ; 0            ; 20 (20)      ; 1 (1)             ; 41 (41)          ; 0          ; |DLX|scan_FSM:SCAN|uart_recv:UART_RX                                                                                                                       ; uart_recv          ; work         ;
;    |write_back:WB|                               ; 46 (46)     ; 4 (4)                     ; 0 (0)         ; 0           ; 0    ; 0          ; 0            ; 0       ; 0         ; 0    ; 0            ; 15 (15)      ; 0 (0)             ; 31 (31)          ; 0          ; |DLX|write_back:WB                                                                                                                                         ; write_back         ; work         ;
+--------------------------------------------------+-------------+---------------------------+---------------+-------------+------+------------+--------------+---------+-----------+------+--------------+--------------+-------------------+------------------+------------+------------------------------------------------------------------------------------------------------------------------------------------------------------+--------------------+--------------+
Note: For table entries with two numbers listed, the numbers in parentheses indicate the number of resources of the given type used by the specific entity alone. The numbers listed outside of parentheses indicate the total resources of the given type used by the specific entity and all of its sub-entities in the hierarchy.


+-----------------------------------------------------------------------------------------------+
; Delay Chain Summary                                                                           ;
+---------------+----------+---------------+---------------+-----------------------+-----+------+
; Name          ; Pin Type ; Pad to Core 0 ; Pad to Core 1 ; Pad to Input Register ; TCO ; TCOE ;
+---------------+----------+---------------+---------------+-----------------------+-----+------+
; KEY[1]        ; Input    ; --            ; --            ; --                    ; --  ; --   ;
; ADC_CLK_10    ; Input    ; --            ; --            ; --                    ; --  ; --   ;
; MAX10_CLK2_50 ; Input    ; --            ; --            ; --                    ; --  ; --   ;
; HEX0[0]       ; Output   ; --            ; --            ; --                    ; --  ; --   ;
; HEX0[1]       ; Output   ; --            ; --            ; --                    ; --  ; --   ;
; HEX0[2]       ; Output   ; --            ; --            ; --                    ; --  ; --   ;
; HEX0[3]       ; Output   ; --            ; --            ; --                    ; --  ; --   ;
; HEX0[4]       ; Output   ; --            ; --            ; --                    ; --  ; --   ;
; HEX0[5]       ; Output   ; --            ; --            ; --                    ; --  ; --   ;
; HEX0[6]       ; Output   ; --            ; --            ; --                    ; --  ; --   ;
; HEX0[7]       ; Output   ; --            ; --            ; --                    ; --  ; --   ;
; HEX1[0]       ; Output   ; --            ; --            ; --                    ; --  ; --   ;
; HEX1[1]       ; Output   ; --            ; --            ; --                    ; --  ; --   ;
; HEX1[2]       ; Output   ; --            ; --            ; --                    ; --  ; --   ;
; HEX1[3]       ; Output   ; --            ; --            ; --                    ; --  ; --   ;
; HEX1[4]       ; Output   ; --            ; --            ; --                    ; --  ; --   ;
; HEX1[5]       ; Output   ; --            ; --            ; --                    ; --  ; --   ;
; HEX1[6]       ; Output   ; --            ; --            ; --                    ; --  ; --   ;
; HEX1[7]       ; Output   ; --            ; --            ; --                    ; --  ; --   ;
; HEX2[0]       ; Output   ; --            ; --            ; --                    ; --  ; --   ;
; HEX2[1]       ; Output   ; --            ; --            ; --                    ; --  ; --   ;
; HEX2[2]       ; Output   ; --            ; --            ; --                    ; --  ; --   ;
; HEX2[3]       ; Output   ; --            ; --            ; --                    ; --  ; --   ;
; HEX2[4]       ; Output   ; --            ; --            ; --                    ; --  ; --   ;
; HEX2[5]       ; Output   ; --            ; --            ; --                    ; --  ; --   ;
; HEX2[6]       ; Output   ; --            ; --            ; --                    ; --  ; --   ;
; HEX2[7]       ; Output   ; --            ; --            ; --                    ; --  ; --   ;
; HEX3[0]       ; Output   ; --            ; --            ; --                    ; --  ; --   ;
; HEX3[1]       ; Output   ; --            ; --            ; --                    ; --  ; --   ;
; HEX3[2]       ; Output   ; --            ; --            ; --                    ; --  ; --   ;
; HEX3[3]       ; Output   ; --            ; --            ; --                    ; --  ; --   ;
; HEX3[4]       ; Output   ; --            ; --            ; --                    ; --  ; --   ;
; HEX3[5]       ; Output   ; --            ; --            ; --                    ; --  ; --   ;
; HEX3[6]       ; Output   ; --            ; --            ; --                    ; --  ; --   ;
; HEX3[7]       ; Output   ; --            ; --            ; --                    ; --  ; --   ;
; HEX4[0]       ; Output   ; --            ; --            ; --                    ; --  ; --   ;
; HEX4[1]       ; Output   ; --            ; --            ; --                    ; --  ; --   ;
; HEX4[2]       ; Output   ; --            ; --            ; --                    ; --  ; --   ;
; HEX4[3]       ; Output   ; --            ; --            ; --                    ; --  ; --   ;
; HEX4[4]       ; Output   ; --            ; --            ; --                    ; --  ; --   ;
; HEX4[5]       ; Output   ; --            ; --            ; --                    ; --  ; --   ;
; HEX4[6]       ; Output   ; --            ; --            ; --                    ; --  ; --   ;
; HEX4[7]       ; Output   ; --            ; --            ; --                    ; --  ; --   ;
; HEX5[0]       ; Output   ; --            ; --            ; --                    ; --  ; --   ;
; HEX5[1]       ; Output   ; --            ; --            ; --                    ; --  ; --   ;
; HEX5[2]       ; Output   ; --            ; --            ; --                    ; --  ; --   ;
; HEX5[3]       ; Output   ; --            ; --            ; --                    ; --  ; --   ;
; HEX5[4]       ; Output   ; --            ; --            ; --                    ; --  ; --   ;
; HEX5[5]       ; Output   ; --            ; --            ; --                    ; --  ; --   ;
; HEX5[6]       ; Output   ; --            ; --            ; --                    ; --  ; --   ;
; HEX5[7]       ; Output   ; --            ; --            ; --                    ; --  ; --   ;
; LEDR[0]       ; Output   ; --            ; --            ; --                    ; --  ; --   ;
; LEDR[1]       ; Output   ; --            ; --            ; --                    ; --  ; --   ;
; LEDR[2]       ; Output   ; --            ; --            ; --                    ; --  ; --   ;
; LEDR[3]       ; Output   ; --            ; --            ; --                    ; --  ; --   ;
; LEDR[4]       ; Output   ; --            ; --            ; --                    ; --  ; --   ;
; LEDR[5]       ; Output   ; --            ; --            ; --                    ; --  ; --   ;
; LEDR[6]       ; Output   ; --            ; --            ; --                    ; --  ; --   ;
; LEDR[7]       ; Output   ; --            ; --            ; --                    ; --  ; --   ;
; LEDR[8]       ; Output   ; --            ; --            ; --                    ; --  ; --   ;
; LEDR[9]       ; Output   ; --            ; --            ; --                    ; --  ; --   ;
; GPIO[2]       ; Bidir    ; --            ; --            ; --                    ; --  ; --   ;
; GPIO[3]       ; Bidir    ; --            ; --            ; --                    ; --  ; --   ;
; GPIO[4]       ; Bidir    ; --            ; --            ; --                    ; --  ; --   ;
; GPIO[5]       ; Bidir    ; --            ; --            ; --                    ; --  ; --   ;
; GPIO[6]       ; Bidir    ; --            ; --            ; --                    ; --  ; --   ;
; GPIO[7]       ; Bidir    ; --            ; --            ; --                    ; --  ; --   ;
; GPIO[8]       ; Bidir    ; --            ; --            ; --                    ; --  ; --   ;
; GPIO[9]       ; Bidir    ; --            ; --            ; --                    ; --  ; --   ;
; GPIO[10]      ; Bidir    ; --            ; --            ; --                    ; --  ; --   ;
; GPIO[11]      ; Bidir    ; --            ; --            ; --                    ; --  ; --   ;
; GPIO[12]      ; Bidir    ; --            ; --            ; --                    ; --  ; --   ;
; GPIO[13]      ; Bidir    ; --            ; --            ; --                    ; --  ; --   ;
; GPIO[14]      ; Bidir    ; --            ; --            ; --                    ; --  ; --   ;
; GPIO[15]      ; Bidir    ; --            ; --            ; --                    ; --  ; --   ;
; GPIO[16]      ; Bidir    ; --            ; --            ; --                    ; --  ; --   ;
; GPIO[17]      ; Bidir    ; --            ; --            ; --                    ; --  ; --   ;
; GPIO[18]      ; Bidir    ; --            ; --            ; --                    ; --  ; --   ;
; GPIO[19]      ; Bidir    ; --            ; --            ; --                    ; --  ; --   ;
; GPIO[20]      ; Bidir    ; --            ; --            ; --                    ; --  ; --   ;
; GPIO[21]      ; Bidir    ; --            ; --            ; --                    ; --  ; --   ;
; GPIO[22]      ; Bidir    ; --            ; --            ; --                    ; --  ; --   ;
; GPIO[23]      ; Bidir    ; --            ; --            ; --                    ; --  ; --   ;
; GPIO[24]      ; Bidir    ; --            ; --            ; --                    ; --  ; --   ;
; GPIO[25]      ; Bidir    ; --            ; --            ; --                    ; --  ; --   ;
; GPIO[26]      ; Bidir    ; --            ; --            ; --                    ; --  ; --   ;
; GPIO[27]      ; Bidir    ; --            ; --            ; --                    ; --  ; --   ;
; GPIO[28]      ; Bidir    ; --            ; --            ; --                    ; --  ; --   ;
; GPIO[29]      ; Bidir    ; --            ; --            ; --                    ; --  ; --   ;
; GPIO[30]      ; Bidir    ; --            ; --            ; --                    ; --  ; --   ;
; GPIO[31]      ; Bidir    ; --            ; --            ; --                    ; --  ; --   ;
; GPIO[32]      ; Bidir    ; --            ; --            ; --                    ; --  ; --   ;
; GPIO[33]      ; Bidir    ; --            ; --            ; --                    ; --  ; --   ;
; GPIO[34]      ; Bidir    ; --            ; --            ; --                    ; --  ; --   ;
; GPIO[35]      ; Bidir    ; --            ; --            ; --                    ; --  ; --   ;
; GPIO[0]       ; Bidir    ; (6) 868 ps    ; --            ; --                    ; --  ; --   ;
; GPIO[1]       ; Bidir    ; --            ; --            ; --                    ; --  ; --   ;
; MAX10_CLK1_50 ; Input    ; (0) 0 ps      ; --            ; --                    ; --  ; --   ;
; KEY[0]        ; Input    ; (6) 868 ps    ; --            ; --                    ; --  ; --   ;
+---------------+----------+---------------+---------------+-----------------------+-----+------+


+----------------------------------------------------------------------------------------------------------------+
; Pad To Core Delay Chain Fanout                                                                                 ;
+----------------------------------------------------------------------------------+-------------------+---------+
; Source Pin / Fanout                                                              ; Pad To Core Index ; Setting ;
+----------------------------------------------------------------------------------+-------------------+---------+
; KEY[1]                                                                           ;                   ;         ;
; ADC_CLK_10                                                                       ;                   ;         ;
; MAX10_CLK2_50                                                                    ;                   ;         ;
; GPIO[2]                                                                          ;                   ;         ;
; GPIO[3]                                                                          ;                   ;         ;
; GPIO[4]                                                                          ;                   ;         ;
; GPIO[5]                                                                          ;                   ;         ;
; GPIO[6]                                                                          ;                   ;         ;
; GPIO[7]                                                                          ;                   ;         ;
; GPIO[8]                                                                          ;                   ;         ;
; GPIO[9]                                                                          ;                   ;         ;
; GPIO[10]                                                                         ;                   ;         ;
; GPIO[11]                                                                         ;                   ;         ;
; GPIO[12]                                                                         ;                   ;         ;
; GPIO[13]                                                                         ;                   ;         ;
; GPIO[14]                                                                         ;                   ;         ;
; GPIO[15]                                                                         ;                   ;         ;
; GPIO[16]                                                                         ;                   ;         ;
; GPIO[17]                                                                         ;                   ;         ;
; GPIO[18]                                                                         ;                   ;         ;
; GPIO[19]                                                                         ;                   ;         ;
; GPIO[20]                                                                         ;                   ;         ;
; GPIO[21]                                                                         ;                   ;         ;
; GPIO[22]                                                                         ;                   ;         ;
; GPIO[23]                                                                         ;                   ;         ;
; GPIO[24]                                                                         ;                   ;         ;
; GPIO[25]                                                                         ;                   ;         ;
; GPIO[26]                                                                         ;                   ;         ;
; GPIO[27]                                                                         ;                   ;         ;
; GPIO[28]                                                                         ;                   ;         ;
; GPIO[29]                                                                         ;                   ;         ;
; GPIO[30]                                                                         ;                   ;         ;
; GPIO[31]                                                                         ;                   ;         ;
; GPIO[32]                                                                         ;                   ;         ;
; GPIO[33]                                                                         ;                   ;         ;
; GPIO[34]                                                                         ;                   ;         ;
; GPIO[35]                                                                         ;                   ;         ;
; GPIO[0]                                                                          ;                   ;         ;
;      - scan_FSM:SCAN|UARTSampler:DA_SAMPLER|zeros~96                             ; 0                 ; 6       ;
;      - scan_FSM:SCAN|UARTSampler:DA_SAMPLER|ones~96                              ; 0                 ; 6       ;
; GPIO[1]                                                                          ;                   ;         ;
; MAX10_CLK1_50                                                                    ;                   ;         ;
; KEY[0]                                                                           ;                   ;         ;
;      - pll:PLLTX|altpll:altpll_component|pll_altpll:auto_generated|pll_lock_sync ; 0                 ; 6       ;
;      - Timer:TIM|process_0~0                                                     ; 0                 ; 6       ;
;      - rst_l~0                                                                   ; 0                 ; 6       ;
;      - pll:PLLTX|altpll:altpll_component|pll_altpll:auto_generated|pll1          ; 0                 ; 6       ;
+----------------------------------------------------------------------------------+-------------------+---------+


+-------------------------------------------------------------------------------------------------------------------------------------------------------------------------------------------------------------------------------------------------------------------------------------------+
; Control Signals                                                                                                                                                                                                                                                                           ;
+------------------------------------------------------------------------------------------------------------------------------------------------+--------------------+---------+----------------------------+--------+----------------------+------------------+---------------------------+
; Name                                                                                                                                           ; Location           ; Fan-Out ; Usage                      ; Global ; Global Resource Used ; Global Line Name ; Enable Signal Source Name ;
+------------------------------------------------------------------------------------------------------------------------------------------------+--------------------+---------+----------------------------+--------+----------------------+------------------+---------------------------+
; KEY[0]                                                                                                                                         ; PIN_B8             ; 4       ; Async. clear               ; no     ; --                   ; --               ; --                        ;
; MAX10_CLK1_50                                                                                                                                  ; PIN_P11            ; 224     ; Clock                      ; yes    ; Global Clock         ; GCLK19           ; --                        ;
; MAX10_CLK1_50                                                                                                                                  ; PIN_P11            ; 2       ; Clock                      ; no     ; --                   ; --               ; --                        ;
; Timer:TIM|hundredths[3]~0                                                                                                                      ; LCCOMB_X42_Y35_N30 ; 32      ; Clock enable               ; no     ; --                   ; --               ; --                        ;
; Timer:TIM|min_ones[3]~1                                                                                                                        ; LCCOMB_X42_Y35_N2  ; 32      ; Clock enable               ; no     ; --                   ; --               ; --                        ;
; Timer:TIM|min_tens[3]~0                                                                                                                        ; LCCOMB_X42_Y35_N26 ; 32      ; Clock enable               ; no     ; --                   ; --               ; --                        ;
; Timer:TIM|process_0~0                                                                                                                          ; LCCOMB_X1_Y38_N0   ; 224     ; Async. clear               ; yes    ; Global Clock         ; GCLK4            ; --                        ;
; Timer:TIM|sec_ones[3]~0                                                                                                                        ; LCCOMB_X42_Y35_N22 ; 33      ; Clock enable               ; no     ; --                   ; --               ; --                        ;
; Timer:TIM|sec_tens[3]~1                                                                                                                        ; LCCOMB_X42_Y35_N18 ; 32      ; Clock enable               ; no     ; --                   ; --               ; --                        ;
; Timer:TIM|tenths[3]~0                                                                                                                          ; LCCOMB_X42_Y35_N0  ; 32      ; Clock enable               ; no     ; --                   ; --               ; --                        ;
; decode:DECODE|registers:R|process_0~3                                                                                                          ; LCCOMB_X35_Y28_N30 ; 4       ; Write enable               ; no     ; --                   ; --               ; --                        ;
; execute:EXECUTE|ALU:ALU|enable_time                                                                                                            ; FF_X42_Y35_N7      ; 38      ; Clock enable               ; no     ; --                   ; --               ; --                        ;
; execute:EXECUTE|ALU:ALU|ram_we                                                                                                                 ; FF_X40_Y23_N7      ; 4       ; Write enable               ; no     ; --                   ; --               ; --                        ;
; execute:EXECUTE|Equal0~1                                                                                                                       ; LCCOMB_X37_Y27_N18 ; 32      ; Sync. load                 ; no     ; --                   ; --               ; --                        ;
; execute:EXECUTE|Zeros:ZEROS|sel_jump                                                                                                           ; FF_X37_Y25_N21     ; 128     ; Sync. load                 ; no     ; --                   ; --               ; --                        ;
; pll:PLLTX|altpll:altpll_component|pll_altpll:auto_generated|wire_pll1_clk[0]                                                                   ; PLL_1              ; 120     ; Clock                      ; yes    ; Global Clock         ; GCLK18           ; --                        ;
; pll:PLLTX|altpll:altpll_component|pll_altpll:auto_generated|wire_pll1_clk[1]                                                                   ; PLL_1              ; 188     ; Clock                      ; yes    ; Global Clock         ; GCLK17           ; --                        ;
; pll:PLLTX|altpll:altpll_component|pll_altpll:auto_generated|wire_pll1_clk[2]                                                                   ; PLL_1              ; 1221    ; Clock                      ; yes    ; Global Clock         ; GCLK16           ; --                        ;
; pll:PLLTX|altpll:altpll_component|pll_altpll:auto_generated|wire_pll1_locked                                                                   ; PLL_1              ; 3       ; Clock                      ; no     ; --                   ; --               ; --                        ;
; print_FSM:FSM|Decoder0~10                                                                                                                      ; LCCOMB_X45_Y29_N24 ; 8       ; Clock enable               ; no     ; --                   ; --               ; --                        ;
; print_FSM:FSM|Decoder0~11                                                                                                                      ; LCCOMB_X45_Y29_N2  ; 8       ; Clock enable               ; no     ; --                   ; --               ; --                        ;
; print_FSM:FSM|Decoder0~12                                                                                                                      ; LCCOMB_X45_Y29_N22 ; 8       ; Clock enable               ; no     ; --                   ; --               ; --                        ;
; print_FSM:FSM|Decoder0~13                                                                                                                      ; LCCOMB_X45_Y29_N8  ; 8       ; Clock enable               ; no     ; --                   ; --               ; --                        ;
; print_FSM:FSM|Decoder0~14                                                                                                                      ; LCCOMB_X45_Y29_N30 ; 8       ; Clock enable               ; no     ; --                   ; --               ; --                        ;
; print_FSM:FSM|Decoder0~4                                                                                                                       ; LCCOMB_X45_Y29_N6  ; 8       ; Clock enable               ; no     ; --                   ; --               ; --                        ;
; print_FSM:FSM|Decoder0~5                                                                                                                       ; LCCOMB_X45_Y29_N0  ; 8       ; Clock enable               ; no     ; --                   ; --               ; --                        ;
; print_FSM:FSM|Decoder0~7                                                                                                                       ; LCCOMB_X45_Y29_N4  ; 8       ; Clock enable               ; no     ; --                   ; --               ; --                        ;
; print_FSM:FSM|Decoder0~8                                                                                                                       ; LCCOMB_X45_Y29_N20 ; 8       ; Clock enable               ; no     ; --                   ; --               ; --                        ;
; print_FSM:FSM|Decoder0~9                                                                                                                       ; LCCOMB_X45_Y29_N28 ; 8       ; Clock enable               ; no     ; --                   ; --               ; --                        ;
; print_FSM:FSM|LessThan1~9                                                                                                                      ; LCCOMB_X26_Y26_N20 ; 39      ; Sync. clear                ; no     ; --                   ; --               ; --                        ;
; print_FSM:FSM|UART_trans:U|LessThan0~9                                                                                                         ; LCCOMB_X58_Y35_N0  ; 34      ; Sync. load                 ; no     ; --                   ; --               ; --                        ;
; print_FSM:FSM|UART_trans:U|counter~34                                                                                                          ; LCCOMB_X56_Y35_N28 ; 32      ; Clock enable               ; no     ; --                   ; --               ; --                        ;
; print_FSM:FSM|UART_trans:U|state                                                                                                               ; FF_X56_Y35_N1      ; 35      ; Sync. clear                ; no     ; --                   ; --               ; --                        ;
; print_FSM:FSM|fifo_char:FIFO2|dcfifo:dcfifo_component|dcfifo_f1f1:auto_generated|valid_wrreq~0                                                 ; LCCOMB_X52_Y35_N6  ; 18      ; Clock enable, Write enable ; no     ; --                   ; --               ; --                        ;
; print_FSM:FSM|fifo_word:FIFO1|scfifo:scfifo_component|scfifo_4k51:auto_generated|a_dpfifo_jj21:dpfifo|a_fefifo_08f:fifo_state|_~0              ; LCCOMB_X40_Y28_N30 ; 8       ; Clock enable               ; no     ; --                   ; --               ; --                        ;
; print_FSM:FSM|fifo_word:FIFO1|scfifo:scfifo_component|scfifo_4k51:auto_generated|a_dpfifo_jj21:dpfifo|valid_rreq                               ; LCCOMB_X47_Y28_N0  ; 13      ; Clock enable               ; no     ; --                   ; --               ; --                        ;
; print_FSM:FSM|fifo_word:FIFO1|scfifo:scfifo_component|scfifo_4k51:auto_generated|a_dpfifo_jj21:dpfifo|valid_wreq                               ; LCCOMB_X38_Y27_N22 ; 17      ; Clock enable, Write enable ; no     ; --                   ; --               ; --                        ;
; print_FSM:FSM|rdreq_char~0                                                                                                                     ; LCCOMB_X55_Y35_N14 ; 21      ; Clock enable               ; no     ; --                   ; --               ; --                        ;
; print_FSM:FSM|state.DIV                                                                                                                        ; FF_X49_Y27_N25     ; 73      ; Clock enable               ; no     ; --                   ; --               ; --                        ;
; print_FSM:FSM|state.POP                                                                                                                        ; FF_X49_Y27_N27     ; 44      ; Sync. load                 ; no     ; --                   ; --               ; --                        ;
; rst_l~0                                                                                                                                        ; LCCOMB_X19_Y38_N8  ; 720     ; Async. clear               ; yes    ; Global Clock         ; GCLK13           ; --                        ;
; rst_l~0                                                                                                                                        ; LCCOMB_X19_Y38_N8  ; 17      ; Clock enable               ; no     ; --                   ; --               ; --                        ;
; scan_FSM:SCAN|FIFO_UART_RF:UART_RF|dcfifo:dcfifo_component|dcfifo_u7e1:auto_generated|valid_wrreq~0                                            ; LCCOMB_X54_Y22_N20 ; 18      ; Clock enable, Write enable ; no     ; --                   ; --               ; --                        ;
; scan_FSM:SCAN|UARTSampler:DA_SAMPLER|Equal0~10                                                                                                 ; LCCOMB_X55_Y29_N22 ; 69      ; Sync. clear                ; no     ; --                   ; --               ; --                        ;
; scan_FSM:SCAN|UARTSampler:DA_SAMPLER|my_fifo:U2|dcfifo:dcfifo_component|dcfifo_14e1:auto_generated|valid_rdreq~0                               ; LCCOMB_X58_Y33_N20 ; 6       ; Clock enable               ; no     ; --                   ; --               ; --                        ;
; scan_FSM:SCAN|UARTSampler:DA_SAMPLER|my_fifo:U2|dcfifo:dcfifo_component|dcfifo_14e1:auto_generated|valid_wrreq~0                               ; LCCOMB_X56_Y33_N2  ; 8       ; Clock enable, Write enable ; no     ; --                   ; --               ; --                        ;
; scan_FSM:SCAN|UARTSampler:DA_SAMPLER|ones~96                                                                                                   ; LCCOMB_X55_Y29_N20 ; 32      ; Clock enable               ; no     ; --                   ; --               ; --                        ;
; scan_FSM:SCAN|UARTSampler:DA_SAMPLER|zeros~96                                                                                                  ; LCCOMB_X51_Y19_N30 ; 32      ; Clock enable               ; no     ; --                   ; --               ; --                        ;
; scan_FSM:SCAN|data_in[31]~3                                                                                                                    ; LCCOMB_X27_Y22_N6  ; 32      ; Clock enable               ; no     ; --                   ; --               ; --                        ;
; scan_FSM:SCAN|fifo_in_buf:IN_BUF|scfifo:scfifo_component|scfifo_6d21:auto_generated|a_dpfifo_dj21:dpfifo|a_fefifo_08f:fifo_state|_~0           ; LCCOMB_X32_Y26_N24 ; 8       ; Clock enable               ; no     ; --                   ; --               ; --                        ;
; scan_FSM:SCAN|fifo_in_buf:IN_BUF|scfifo:scfifo_component|scfifo_6d21:auto_generated|a_dpfifo_dj21:dpfifo|a_fefifo_08f:fifo_state|b_non_empty~5 ; LCCOMB_X32_Y26_N30 ; 17      ; Clock enable, Write enable ; no     ; --                   ; --               ; --                        ;
; scan_FSM:SCAN|rdreq_in_buf~1                                                                                                                   ; LCCOMB_X32_Y26_N4  ; 12      ; Clock enable               ; no     ; --                   ; --               ; --                        ;
; scan_FSM:SCAN|rdreq_uart_rf~0                                                                                                                  ; LCCOMB_X27_Y22_N22 ; 19      ; Clock enable               ; no     ; --                   ; --               ; --                        ;
; scan_FSM:SCAN|state                                                                                                                            ; FF_X27_Y22_N11     ; 40      ; Sync. clear                ; no     ; --                   ; --               ; --                        ;
; scan_FSM:SCAN|uart_recv:UART_RX|counter~96                                                                                                     ; LCCOMB_X56_Y22_N16 ; 33      ; Clock enable               ; no     ; --                   ; --               ; --                        ;
; scan_FSM:SCAN|uart_recv:UART_RX|state                                                                                                          ; FF_X56_Y22_N1      ; 35      ; Sync. clear                ; no     ; --                   ; --               ; --                        ;
; stall_final                                                                                                                                    ; LCCOMB_X34_Y27_N6  ; 20      ; Clock enable               ; no     ; --                   ; --               ; --                        ;
+------------------------------------------------------------------------------------------------------------------------------------------------+--------------------+---------+----------------------------+--------+----------------------+------------------+---------------------------+


+-------------------------------------------------------------------------------------------------------------------------------------------------------------------------------------------------------------------------+
; Global & Other Fast Signals                                                                                                                                                                                             ;
+------------------------------------------------------------------------------+-------------------+---------+--------------------------------------+----------------------+------------------+---------------------------+
; Name                                                                         ; Location          ; Fan-Out ; Fan-Out Using Intentional Clock Skew ; Global Resource Used ; Global Line Name ; Enable Signal Source Name ;
+------------------------------------------------------------------------------+-------------------+---------+--------------------------------------+----------------------+------------------+---------------------------+
; MAX10_CLK1_50                                                                ; PIN_P11           ; 224     ; 0                                    ; Global Clock         ; GCLK19           ; --                        ;
; Timer:TIM|process_0~0                                                        ; LCCOMB_X1_Y38_N0  ; 224     ; 0                                    ; Global Clock         ; GCLK4            ; --                        ;
; pll:PLLTX|altpll:altpll_component|pll_altpll:auto_generated|wire_pll1_clk[0] ; PLL_1             ; 120     ; 0                                    ; Global Clock         ; GCLK18           ; --                        ;
; pll:PLLTX|altpll:altpll_component|pll_altpll:auto_generated|wire_pll1_clk[1] ; PLL_1             ; 188     ; 0                                    ; Global Clock         ; GCLK17           ; --                        ;
; pll:PLLTX|altpll:altpll_component|pll_altpll:auto_generated|wire_pll1_clk[2] ; PLL_1             ; 1221    ; 0                                    ; Global Clock         ; GCLK16           ; --                        ;
; rst_l~0                                                                      ; LCCOMB_X19_Y38_N8 ; 720     ; 0                                    ; Global Clock         ; GCLK13           ; --                        ;
+------------------------------------------------------------------------------+-------------------+---------+--------------------------------------+----------------------+------------------+---------------------------+


+------------------------------------------------------------------------------------------------------------------------------------------------------------------------------------------------------------------------------------------------------------------------------------------------------------------------------------------------------------------------------------------------------------------------------------------------------------------------------------------------------------------------------------------------------------------------------------------------------------------------------------------------------------------------------------------------------------------------------------------------------------+
; Fitter RAM Summary                                                                                                                                                                                                                                                                                                                                                                                                                                                                                                                                                                                                                                                                                                                                         ;
+---------------------------------------------------------------------------------------------------------------------------------------------+------+------------------+--------------+--------------+--------------+--------------+--------------+------------------------+-------------------------+------------------------+-------------------------+-------+-----------------------------+-----------------------------+-----------------------------+-----------------------------+---------------------+------+----------------------------------------+----------------------------------------------------------------+----------------------+------------------------+------------------------+----------+------------------------+---------------+
; Name                                                                                                                                        ; Type ; Mode             ; Clock Mode   ; Port A Depth ; Port A Width ; Port B Depth ; Port B Width ; Port A Input Registers ; Port A Output Registers ; Port B Input Registers ; Port B Output Registers ; Size  ; Implementation Port A Depth ; Implementation Port A Width ; Implementation Port B Depth ; Implementation Port B Width ; Implementation Bits ; M9Ks ; MIF                                    ; Location                                                       ; Mixed Width RDW Mode ; Port A RDW Mode        ; Port B RDW Mode        ; ECC Mode ; ECC Pipeline Registers ; Fits in MLABs ;
+---------------------------------------------------------------------------------------------------------------------------------------------+------+------------------+--------------+--------------+--------------+--------------+--------------+------------------------+-------------------------+------------------------+-------------------------+-------+-----------------------------+-----------------------------+-----------------------------+-----------------------------+---------------------+------+----------------------------------------+----------------------------------------------------------------+----------------------+------------------------+------------------------+----------+------------------------+---------------+
; decode:DECODE|registers:R|altsyncram:ram_block_rtl_0|altsyncram_23g1:auto_generated|ALTSYNCRAM                                              ; AUTO ; Simple Dual Port ; Single Clock ; 32           ; 32           ; 32           ; 32           ; yes                    ; no                      ; yes                    ; no                      ; 1024  ; 32                          ; 32                          ; 32                          ; 32                          ; 1024                ; 1    ; db/DLX.ram0_registers_6989617c.hdl.mif ; M9K_X33_Y24_N0                                                 ; Don't care           ; New data with NBE Read ; New data with NBE Read ; Off      ; No                     ; No - Unknown  ;
; decode:DECODE|registers:R|altsyncram:ram_block_rtl_1|altsyncram_23g1:auto_generated|ALTSYNCRAM                                              ; AUTO ; Simple Dual Port ; Single Clock ; 32           ; 32           ; 32           ; 32           ; yes                    ; no                      ; yes                    ; no                      ; 1024  ; 32                          ; 32                          ; 32                          ; 32                          ; 1024                ; 1    ; db/DLX.ram0_registers_6989617c.hdl.mif ; M9K_X33_Y23_N0                                                 ; Don't care           ; New data with NBE Read ; New data with NBE Read ; Off      ; No                     ; No - Unknown  ;
; fetch:FETCH|my_ROM:U1|altsyncram:altsyncram_component|altsyncram_hvr3:auto_generated|ALTSYNCRAM                                             ; AUTO ; ROM              ; Single Clock ; 1024         ; 32           ; --           ; --           ; yes                    ; no                      ; --                     ; --                      ; 32768 ; 1024                        ; 32                          ; --                          ; --                          ; 32768               ; 4    ; collatz_code.mif                       ; M9K_X33_Y27_N0, M9K_X33_Y26_N0, M9K_X33_Y25_N0, M9K_X33_Y28_N0 ; Don't care           ; New data with NBE Read ; New data with NBE Read ; Off      ; No                     ; No - Unknown  ;
; memory:MEMORY|my_ram:RAM|altsyncram:altsyncram_component|altsyncram_63s3:auto_generated|ALTSYNCRAM                                          ; AUTO ; Single Port      ; Single Clock ; 1024         ; 32           ; --           ; --           ; yes                    ; no                      ; --                     ; --                      ; 32768 ; 1024                        ; 32                          ; --                          ; --                          ; 32768               ; 4    ; collatz_data.mif                       ; M9K_X33_Y20_N0, M9K_X33_Y22_N0, M9K_X53_Y23_N0, M9K_X33_Y21_N0 ; Don't care           ; New data with NBE Read ; New data with NBE Read ; Off      ; No                     ; No - Unknown  ;
; print_FSM:FSM|fifo_char:FIFO2|dcfifo:dcfifo_component|dcfifo_f1f1:auto_generated|altsyncram_qj31:fifo_ram|ALTSYNCRAM                        ; AUTO ; Simple Dual Port ; Dual Clocks  ; 256          ; 8            ; 256          ; 8            ; yes                    ; no                      ; yes                    ; yes                     ; 2048  ; 256                         ; 8                           ; 256                         ; 8                           ; 2048                ; 1    ; None                                   ; M9K_X53_Y35_N0                                                 ; Don't care           ; New data with NBE Read ; New data with NBE Read ; Off      ; No                     ; No - Unknown  ;
; print_FSM:FSM|fifo_word:FIFO1|scfifo:scfifo_component|scfifo_4k51:auto_generated|a_dpfifo_jj21:dpfifo|altsyncram_o2m1:FIFOram|ALTSYNCRAM    ; AUTO ; Simple Dual Port ; Single Clock ; 256          ; 38           ; 256          ; 38           ; yes                    ; no                      ; yes                    ; no                      ; 9728  ; 256                         ; 38                          ; 256                         ; 38                          ; 9728                ; 2    ; None                                   ; M9K_X53_Y24_N0, M9K_X53_Y25_N0                                 ; Don't care           ; New data with NBE Read ; New data with NBE Read ; Off      ; No                     ; No - Unknown  ;
; scan_FSM:SCAN|FIFO_UART_RF:UART_RF|dcfifo:dcfifo_component|dcfifo_u7e1:auto_generated|altsyncram_qj31:fifo_ram|ALTSYNCRAM                   ; AUTO ; Simple Dual Port ; Dual Clocks  ; 256          ; 8            ; 256          ; 8            ; yes                    ; no                      ; yes                    ; yes                     ; 2048  ; 256                         ; 8                           ; 256                         ; 8                           ; 2048                ; 1    ; None                                   ; M9K_X53_Y22_N0                                                 ; Don't care           ; New data with NBE Read ; New data with NBE Read ; Off      ; No                     ; No - Unknown  ;
; scan_FSM:SCAN|UARTSampler:DA_SAMPLER|my_fifo:U2|dcfifo:dcfifo_component|dcfifo_14e1:auto_generated|altsyncram_2j31:fifo_ram|ALTSYNCRAM      ; AUTO ; Simple Dual Port ; Dual Clocks  ; 8            ; 1            ; 8            ; 1            ; yes                    ; no                      ; yes                    ; yes                     ; 8     ; 8                           ; 1                           ; 8                           ; 1                           ; 8                   ; 1    ; None                                   ; M9K_X53_Y33_N0                                                 ; Don't care           ; New data with NBE Read ; New data with NBE Read ; Off      ; No                     ; No - Unknown  ;
; scan_FSM:SCAN|fifo_in_buf:IN_BUF|scfifo:scfifo_component|scfifo_6d21:auto_generated|a_dpfifo_dj21:dpfifo|altsyncram_c2m1:FIFOram|ALTSYNCRAM ; AUTO ; Simple Dual Port ; Single Clock ; 256          ; 32           ; 256          ; 32           ; yes                    ; no                      ; yes                    ; no                      ; 8192  ; 256                         ; 32                          ; 256                         ; 32                          ; 8192                ; 1    ; None                                   ; M9K_X33_Y19_N0                                                 ; Don't care           ; New data with NBE Read ; New data with NBE Read ; Off      ; No                     ; No - Unknown  ;
+---------------------------------------------------------------------------------------------------------------------------------------------+------+------------------+--------------+--------------+--------------+--------------+--------------+------------------------+-------------------------+------------------------+-------------------------+-------+-----------------------------+-----------------------------+-----------------------------+-----------------------------+---------------------+------+----------------------------------------+----------------------------------------------------------------+----------------------+------------------------+------------------------+----------+------------------------+---------------+
Note: Fitter may spread logical memories into multiple blocks to improve timing. The actual required RAM blocks can be found in the Fitter Resource Usage section.


RAM content values are presented in the following format: (Binary) (Octal) (Decimal) (Hexadecimal) 
+------------------------------------------------------------------------------------------------------------------------------------------------------------------------------------------------------------------------------------------------------------------+
; |DLX|fetch:FETCH|my_ROM:U1|altsyncram:altsyncram_component|altsyncram_hvr3:auto_generated|ALTSYNCRAM                                                                                                                                                             ;
+------------------------------------------------------------------------------------------------------------------------------------------------------------------------------------------------------------------------------------------------------------------+
;   Addr   ;              +0              ;              +1              ;              +2              ;              +3              ;              +4              ;              +5              ;              +6              ;              +7              ;
+----------+------------------------------+------------------------------+------------------------------+------------------------------+------------------------------+------------------------------+------------------------------+------------------------------+
;0;(00011000110000000000000000001101) (-1234967281) (415236109) (18C0000D)    ;(00011000111000000000000000001010) (-1224967284) (417333258) (18E0000A)   ;(00001100010000000000000000000000) (1420000000) (205520896) (C400000)   ;(00000100011000100001100000000001) (430414001) (73537537) (4621801)   ;(11000100000000110000000000000000) (1212734592) (-1006436352) (-3-11-15-130000)   ;(00010000010000100000000000000001) (2020400001) (272760833) (10420001)   ;(01100000001000100000000000011010) (1862916384) (1612840986) (6022001A)   ;(10110000000000010000000000000011) (369905873) (-1342111741) (-4-15-15-14-15-15-15-13)   ;
;8;(11010100001000000000000000000000) (-1075032704) (-736100352) (-2-11-1400000)    ;(11011000000000000000000000010001) (-482810461) (-671088623) (-2-7-15-15-15-15-14-15)   ;(11011100000000000000000000010001) (-82810461) (-603979759) (-2-3-15-15-15-15-14-15)   ;(10100000100000010000000000000001) (-1590094129) (-1602158591) (-5-15-7-14-15-15-15-15)   ;(10110000000001000000000000011001) (370705901) (-1341915111) (-4-15-15-11-15-15-14-7)   ;(00110000101000010000000000000001) (1755232705) (815857665) (30A10001)   ;(10110000000001010000000000010001) (370905891) (-1341849583) (-4-15-15-10-15-15-14-15)   ;(01010000001000010000000000000001) (-137283647) (1344339969) (50210001)   ;
;16;(10110100000000000000000000010101) (769705895) (-1275068395) (-4-11-15-15-15-15-14-11)    ;(00010110100000010000000000000000) (-1654767296) (377552896) (16810000)   ;(00011010101000000000000000000011) (-1044967293) (446693379) (1AA00003)   ;(10111100000000000000000000011011) (1769705903) (-1140850661) (-4-3-15-15-15-15-14-5)   ;(00011000001111100000000000000001) (-1277567295) (406716417) (183E0001)   ;(11000100000001100000000000000000) (1213534592) (-1006239744) (-3-11-15-100000)   ;(11000100000001110000000000000000) (1213734592) (-1006174208) (-3-11-15-90000)   ;(11001100000000010000000000000000) (-2082632704) (-872349696) (-3-3-15-150000)   ;
;24;(10110100000000000000000000001011) (769705883) (-1275068405) (-4-11-15-15-15-15-15-5)    ;(11100000000000000000000000001011) (517189531) (-536870901) (-1-15-15-15-15-15-15-5)   ;(10110100000000000000000000011010) (769705902) (-1275068390) (-4-11-15-15-15-15-14-6)   ;(00001111110000000000000000000000) (1760000000) (264241152) (FC00000)   ;(10100001010101010000000000000000) (-1505116352) (-1588264960) (-5-14-10-110000)   ;(10110000000010100000000000100101) (372105915) (-1341521883) (-4-15-15-5-15-15-13-11)   ;(00110001011101010000000000000001) (1840232705) (829751297) (31750001)   ;(10101001010010110000000000000001) (-507694129) (-1454702591) (-5-6-11-4-15-15-15-15)   ;
;32;(10110000000010100000000000100010) (372105912) (-1341521886) (-4-15-15-5-15-15-13-14)    ;(00010111110111101010000000000000) (-1527447296) (400465920) (17DEA000)   ;(01001010100101000000000000000001) (-902483647) (1251213313) (4A940001)   ;(01010010101101010000000000000001) (107716353) (1387593729) (52B50001)   ;(10110100000000000000000000011100) (769705904) (-1275068388) (-4-11-15-15-15-15-14-4)   ;(10111000000000001111100000000000) (1369879648) (-1207896064) (-4-7-15-150-800)   ;(00000000000000000000000000000000) (0) (0) (00)   ;(00000000000000000000000000000000) (0) (0) (00)   ;
;40;(00000000000000000000000000000000) (0) (0) (00)    ;(00000000000000000000000000000000) (0) (0) (00)   ;(00000000000000000000000000000000) (0) (0) (00)   ;(00000000000000000000000000000000) (0) (0) (00)   ;(00000000000000000000000000000000) (0) (0) (00)   ;(00000000000000000000000000000000) (0) (0) (00)   ;(00000000000000000000000000000000) (0) (0) (00)   ;(00000000000000000000000000000000) (0) (0) (00)   ;
;48;(00000000000000000000000000000000) (0) (0) (00)    ;(00000000000000000000000000000000) (0) (0) (00)   ;(00000000000000000000000000000000) (0) (0) (00)   ;(00000000000000000000000000000000) (0) (0) (00)   ;(00000000000000000000000000000000) (0) (0) (00)   ;(00000000000000000000000000000000) (0) (0) (00)   ;(00000000000000000000000000000000) (0) (0) (00)   ;(00000000000000000000000000000000) (0) (0) (00)   ;
;56;(00000000000000000000000000000000) (0) (0) (00)    ;(00000000000000000000000000000000) (0) (0) (00)   ;(00000000000000000000000000000000) (0) (0) (00)   ;(00000000000000000000000000000000) (0) (0) (00)   ;(00000000000000000000000000000000) (0) (0) (00)   ;(00000000000000000000000000000000) (0) (0) (00)   ;(00000000000000000000000000000000) (0) (0) (00)   ;(00000000000000000000000000000000) (0) (0) (00)   ;
;64;(00000000000000000000000000000000) (0) (0) (00)    ;(00000000000000000000000000000000) (0) (0) (00)   ;(00000000000000000000000000000000) (0) (0) (00)   ;(00000000000000000000000000000000) (0) (0) (00)   ;(00000000000000000000000000000000) (0) (0) (00)   ;(00000000000000000000000000000000) (0) (0) (00)   ;(00000000000000000000000000000000) (0) (0) (00)   ;(00000000000000000000000000000000) (0) (0) (00)   ;
;72;(00000000000000000000000000000000) (0) (0) (00)    ;(00000000000000000000000000000000) (0) (0) (00)   ;(00000000000000000000000000000000) (0) (0) (00)   ;(00000000000000000000000000000000) (0) (0) (00)   ;(00000000000000000000000000000000) (0) (0) (00)   ;(00000000000000000000000000000000) (0) (0) (00)   ;(00000000000000000000000000000000) (0) (0) (00)   ;(00000000000000000000000000000000) (0) (0) (00)   ;
;80;(00000000000000000000000000000000) (0) (0) (00)    ;(00000000000000000000000000000000) (0) (0) (00)   ;(00000000000000000000000000000000) (0) (0) (00)   ;(00000000000000000000000000000000) (0) (0) (00)   ;(00000000000000000000000000000000) (0) (0) (00)   ;(00000000000000000000000000000000) (0) (0) (00)   ;(00000000000000000000000000000000) (0) (0) (00)   ;(00000000000000000000000000000000) (0) (0) (00)   ;
;88;(00000000000000000000000000000000) (0) (0) (00)    ;(00000000000000000000000000000000) (0) (0) (00)   ;(00000000000000000000000000000000) (0) (0) (00)   ;(00000000000000000000000000000000) (0) (0) (00)   ;(00000000000000000000000000000000) (0) (0) (00)   ;(00000000000000000000000000000000) (0) (0) (00)   ;(00000000000000000000000000000000) (0) (0) (00)   ;(00000000000000000000000000000000) (0) (0) (00)   ;
;96;(00000000000000000000000000000000) (0) (0) (00)    ;(00000000000000000000000000000000) (0) (0) (00)   ;(00000000000000000000000000000000) (0) (0) (00)   ;(00000000000000000000000000000000) (0) (0) (00)   ;(00000000000000000000000000000000) (0) (0) (00)   ;(00000000000000000000000000000000) (0) (0) (00)   ;(00000000000000000000000000000000) (0) (0) (00)   ;(00000000000000000000000000000000) (0) (0) (00)   ;
;104;(00000000000000000000000000000000) (0) (0) (00)    ;(00000000000000000000000000000000) (0) (0) (00)   ;(00000000000000000000000000000000) (0) (0) (00)   ;(00000000000000000000000000000000) (0) (0) (00)   ;(00000000000000000000000000000000) (0) (0) (00)   ;(00000000000000000000000000000000) (0) (0) (00)   ;(00000000000000000000000000000000) (0) (0) (00)   ;(00000000000000000000000000000000) (0) (0) (00)   ;
;112;(00000000000000000000000000000000) (0) (0) (00)    ;(00000000000000000000000000000000) (0) (0) (00)   ;(00000000000000000000000000000000) (0) (0) (00)   ;(00000000000000000000000000000000) (0) (0) (00)   ;(00000000000000000000000000000000) (0) (0) (00)   ;(00000000000000000000000000000000) (0) (0) (00)   ;(00000000000000000000000000000000) (0) (0) (00)   ;(00000000000000000000000000000000) (0) (0) (00)   ;
;120;(00000000000000000000000000000000) (0) (0) (00)    ;(00000000000000000000000000000000) (0) (0) (00)   ;(00000000000000000000000000000000) (0) (0) (00)   ;(00000000000000000000000000000000) (0) (0) (00)   ;(00000000000000000000000000000000) (0) (0) (00)   ;(00000000000000000000000000000000) (0) (0) (00)   ;(00000000000000000000000000000000) (0) (0) (00)   ;(00000000000000000000000000000000) (0) (0) (00)   ;
;128;(00000000000000000000000000000000) (0) (0) (00)    ;(00000000000000000000000000000000) (0) (0) (00)   ;(00000000000000000000000000000000) (0) (0) (00)   ;(00000000000000000000000000000000) (0) (0) (00)   ;(00000000000000000000000000000000) (0) (0) (00)   ;(00000000000000000000000000000000) (0) (0) (00)   ;(00000000000000000000000000000000) (0) (0) (00)   ;(00000000000000000000000000000000) (0) (0) (00)   ;
;136;(00000000000000000000000000000000) (0) (0) (00)    ;(00000000000000000000000000000000) (0) (0) (00)   ;(00000000000000000000000000000000) (0) (0) (00)   ;(00000000000000000000000000000000) (0) (0) (00)   ;(00000000000000000000000000000000) (0) (0) (00)   ;(00000000000000000000000000000000) (0) (0) (00)   ;(00000000000000000000000000000000) (0) (0) (00)   ;(00000000000000000000000000000000) (0) (0) (00)   ;
;144;(00000000000000000000000000000000) (0) (0) (00)    ;(00000000000000000000000000000000) (0) (0) (00)   ;(00000000000000000000000000000000) (0) (0) (00)   ;(00000000000000000000000000000000) (0) (0) (00)   ;(00000000000000000000000000000000) (0) (0) (00)   ;(00000000000000000000000000000000) (0) (0) (00)   ;(00000000000000000000000000000000) (0) (0) (00)   ;(00000000000000000000000000000000) (0) (0) (00)   ;
;152;(00000000000000000000000000000000) (0) (0) (00)    ;(00000000000000000000000000000000) (0) (0) (00)   ;(00000000000000000000000000000000) (0) (0) (00)   ;(00000000000000000000000000000000) (0) (0) (00)   ;(00000000000000000000000000000000) (0) (0) (00)   ;(00000000000000000000000000000000) (0) (0) (00)   ;(00000000000000000000000000000000) (0) (0) (00)   ;(00000000000000000000000000000000) (0) (0) (00)   ;
;160;(00000000000000000000000000000000) (0) (0) (00)    ;(00000000000000000000000000000000) (0) (0) (00)   ;(00000000000000000000000000000000) (0) (0) (00)   ;(00000000000000000000000000000000) (0) (0) (00)   ;(00000000000000000000000000000000) (0) (0) (00)   ;(00000000000000000000000000000000) (0) (0) (00)   ;(00000000000000000000000000000000) (0) (0) (00)   ;(00000000000000000000000000000000) (0) (0) (00)   ;
;168;(00000000000000000000000000000000) (0) (0) (00)    ;(00000000000000000000000000000000) (0) (0) (00)   ;(00000000000000000000000000000000) (0) (0) (00)   ;(00000000000000000000000000000000) (0) (0) (00)   ;(00000000000000000000000000000000) (0) (0) (00)   ;(00000000000000000000000000000000) (0) (0) (00)   ;(00000000000000000000000000000000) (0) (0) (00)   ;(00000000000000000000000000000000) (0) (0) (00)   ;
;176;(00000000000000000000000000000000) (0) (0) (00)    ;(00000000000000000000000000000000) (0) (0) (00)   ;(00000000000000000000000000000000) (0) (0) (00)   ;(00000000000000000000000000000000) (0) (0) (00)   ;(00000000000000000000000000000000) (0) (0) (00)   ;(00000000000000000000000000000000) (0) (0) (00)   ;(00000000000000000000000000000000) (0) (0) (00)   ;(00000000000000000000000000000000) (0) (0) (00)   ;
;184;(00000000000000000000000000000000) (0) (0) (00)    ;(00000000000000000000000000000000) (0) (0) (00)   ;(00000000000000000000000000000000) (0) (0) (00)   ;(00000000000000000000000000000000) (0) (0) (00)   ;(00000000000000000000000000000000) (0) (0) (00)   ;(00000000000000000000000000000000) (0) (0) (00)   ;(00000000000000000000000000000000) (0) (0) (00)   ;(00000000000000000000000000000000) (0) (0) (00)   ;
;192;(00000000000000000000000000000000) (0) (0) (00)    ;(00000000000000000000000000000000) (0) (0) (00)   ;(00000000000000000000000000000000) (0) (0) (00)   ;(00000000000000000000000000000000) (0) (0) (00)   ;(00000000000000000000000000000000) (0) (0) (00)   ;(00000000000000000000000000000000) (0) (0) (00)   ;(00000000000000000000000000000000) (0) (0) (00)   ;(00000000000000000000000000000000) (0) (0) (00)   ;
;200;(00000000000000000000000000000000) (0) (0) (00)    ;(00000000000000000000000000000000) (0) (0) (00)   ;(00000000000000000000000000000000) (0) (0) (00)   ;(00000000000000000000000000000000) (0) (0) (00)   ;(00000000000000000000000000000000) (0) (0) (00)   ;(00000000000000000000000000000000) (0) (0) (00)   ;(00000000000000000000000000000000) (0) (0) (00)   ;(00000000000000000000000000000000) (0) (0) (00)   ;
;208;(00000000000000000000000000000000) (0) (0) (00)    ;(00000000000000000000000000000000) (0) (0) (00)   ;(00000000000000000000000000000000) (0) (0) (00)   ;(00000000000000000000000000000000) (0) (0) (00)   ;(00000000000000000000000000000000) (0) (0) (00)   ;(00000000000000000000000000000000) (0) (0) (00)   ;(00000000000000000000000000000000) (0) (0) (00)   ;(00000000000000000000000000000000) (0) (0) (00)   ;
;216;(00000000000000000000000000000000) (0) (0) (00)    ;(00000000000000000000000000000000) (0) (0) (00)   ;(00000000000000000000000000000000) (0) (0) (00)   ;(00000000000000000000000000000000) (0) (0) (00)   ;(00000000000000000000000000000000) (0) (0) (00)   ;(00000000000000000000000000000000) (0) (0) (00)   ;(00000000000000000000000000000000) (0) (0) (00)   ;(00000000000000000000000000000000) (0) (0) (00)   ;
;224;(00000000000000000000000000000000) (0) (0) (00)    ;(00000000000000000000000000000000) (0) (0) (00)   ;(00000000000000000000000000000000) (0) (0) (00)   ;(00000000000000000000000000000000) (0) (0) (00)   ;(00000000000000000000000000000000) (0) (0) (00)   ;(00000000000000000000000000000000) (0) (0) (00)   ;(00000000000000000000000000000000) (0) (0) (00)   ;(00000000000000000000000000000000) (0) (0) (00)   ;
;232;(00000000000000000000000000000000) (0) (0) (00)    ;(00000000000000000000000000000000) (0) (0) (00)   ;(00000000000000000000000000000000) (0) (0) (00)   ;(00000000000000000000000000000000) (0) (0) (00)   ;(00000000000000000000000000000000) (0) (0) (00)   ;(00000000000000000000000000000000) (0) (0) (00)   ;(00000000000000000000000000000000) (0) (0) (00)   ;(00000000000000000000000000000000) (0) (0) (00)   ;
;240;(00000000000000000000000000000000) (0) (0) (00)    ;(00000000000000000000000000000000) (0) (0) (00)   ;(00000000000000000000000000000000) (0) (0) (00)   ;(00000000000000000000000000000000) (0) (0) (00)   ;(00000000000000000000000000000000) (0) (0) (00)   ;(00000000000000000000000000000000) (0) (0) (00)   ;(00000000000000000000000000000000) (0) (0) (00)   ;(00000000000000000000000000000000) (0) (0) (00)   ;
;248;(00000000000000000000000000000000) (0) (0) (00)    ;(00000000000000000000000000000000) (0) (0) (00)   ;(00000000000000000000000000000000) (0) (0) (00)   ;(00000000000000000000000000000000) (0) (0) (00)   ;(00000000000000000000000000000000) (0) (0) (00)   ;(00000000000000000000000000000000) (0) (0) (00)   ;(00000000000000000000000000000000) (0) (0) (00)   ;(00000000000000000000000000000000) (0) (0) (00)   ;
;256;(00000000000000000000000000000000) (0) (0) (00)    ;(00000000000000000000000000000000) (0) (0) (00)   ;(00000000000000000000000000000000) (0) (0) (00)   ;(00000000000000000000000000000000) (0) (0) (00)   ;(00000000000000000000000000000000) (0) (0) (00)   ;(00000000000000000000000000000000) (0) (0) (00)   ;(00000000000000000000000000000000) (0) (0) (00)   ;(00000000000000000000000000000000) (0) (0) (00)   ;
;264;(00000000000000000000000000000000) (0) (0) (00)    ;(00000000000000000000000000000000) (0) (0) (00)   ;(00000000000000000000000000000000) (0) (0) (00)   ;(00000000000000000000000000000000) (0) (0) (00)   ;(00000000000000000000000000000000) (0) (0) (00)   ;(00000000000000000000000000000000) (0) (0) (00)   ;(00000000000000000000000000000000) (0) (0) (00)   ;(00000000000000000000000000000000) (0) (0) (00)   ;
;272;(00000000000000000000000000000000) (0) (0) (00)    ;(00000000000000000000000000000000) (0) (0) (00)   ;(00000000000000000000000000000000) (0) (0) (00)   ;(00000000000000000000000000000000) (0) (0) (00)   ;(00000000000000000000000000000000) (0) (0) (00)   ;(00000000000000000000000000000000) (0) (0) (00)   ;(00000000000000000000000000000000) (0) (0) (00)   ;(00000000000000000000000000000000) (0) (0) (00)   ;
;280;(00000000000000000000000000000000) (0) (0) (00)    ;(00000000000000000000000000000000) (0) (0) (00)   ;(00000000000000000000000000000000) (0) (0) (00)   ;(00000000000000000000000000000000) (0) (0) (00)   ;(00000000000000000000000000000000) (0) (0) (00)   ;(00000000000000000000000000000000) (0) (0) (00)   ;(00000000000000000000000000000000) (0) (0) (00)   ;(00000000000000000000000000000000) (0) (0) (00)   ;
;288;(00000000000000000000000000000000) (0) (0) (00)    ;(00000000000000000000000000000000) (0) (0) (00)   ;(00000000000000000000000000000000) (0) (0) (00)   ;(00000000000000000000000000000000) (0) (0) (00)   ;(00000000000000000000000000000000) (0) (0) (00)   ;(00000000000000000000000000000000) (0) (0) (00)   ;(00000000000000000000000000000000) (0) (0) (00)   ;(00000000000000000000000000000000) (0) (0) (00)   ;
;296;(00000000000000000000000000000000) (0) (0) (00)    ;(00000000000000000000000000000000) (0) (0) (00)   ;(00000000000000000000000000000000) (0) (0) (00)   ;(00000000000000000000000000000000) (0) (0) (00)   ;(00000000000000000000000000000000) (0) (0) (00)   ;(00000000000000000000000000000000) (0) (0) (00)   ;(00000000000000000000000000000000) (0) (0) (00)   ;(00000000000000000000000000000000) (0) (0) (00)   ;
;304;(00000000000000000000000000000000) (0) (0) (00)    ;(00000000000000000000000000000000) (0) (0) (00)   ;(00000000000000000000000000000000) (0) (0) (00)   ;(00000000000000000000000000000000) (0) (0) (00)   ;(00000000000000000000000000000000) (0) (0) (00)   ;(00000000000000000000000000000000) (0) (0) (00)   ;(00000000000000000000000000000000) (0) (0) (00)   ;(00000000000000000000000000000000) (0) (0) (00)   ;
;312;(00000000000000000000000000000000) (0) (0) (00)    ;(00000000000000000000000000000000) (0) (0) (00)   ;(00000000000000000000000000000000) (0) (0) (00)   ;(00000000000000000000000000000000) (0) (0) (00)   ;(00000000000000000000000000000000) (0) (0) (00)   ;(00000000000000000000000000000000) (0) (0) (00)   ;(00000000000000000000000000000000) (0) (0) (00)   ;(00000000000000000000000000000000) (0) (0) (00)   ;
;320;(00000000000000000000000000000000) (0) (0) (00)    ;(00000000000000000000000000000000) (0) (0) (00)   ;(00000000000000000000000000000000) (0) (0) (00)   ;(00000000000000000000000000000000) (0) (0) (00)   ;(00000000000000000000000000000000) (0) (0) (00)   ;(00000000000000000000000000000000) (0) (0) (00)   ;(00000000000000000000000000000000) (0) (0) (00)   ;(00000000000000000000000000000000) (0) (0) (00)   ;
;328;(00000000000000000000000000000000) (0) (0) (00)    ;(00000000000000000000000000000000) (0) (0) (00)   ;(00000000000000000000000000000000) (0) (0) (00)   ;(00000000000000000000000000000000) (0) (0) (00)   ;(00000000000000000000000000000000) (0) (0) (00)   ;(00000000000000000000000000000000) (0) (0) (00)   ;(00000000000000000000000000000000) (0) (0) (00)   ;(00000000000000000000000000000000) (0) (0) (00)   ;
;336;(00000000000000000000000000000000) (0) (0) (00)    ;(00000000000000000000000000000000) (0) (0) (00)   ;(00000000000000000000000000000000) (0) (0) (00)   ;(00000000000000000000000000000000) (0) (0) (00)   ;(00000000000000000000000000000000) (0) (0) (00)   ;(00000000000000000000000000000000) (0) (0) (00)   ;(00000000000000000000000000000000) (0) (0) (00)   ;(00000000000000000000000000000000) (0) (0) (00)   ;
;344;(00000000000000000000000000000000) (0) (0) (00)    ;(00000000000000000000000000000000) (0) (0) (00)   ;(00000000000000000000000000000000) (0) (0) (00)   ;(00000000000000000000000000000000) (0) (0) (00)   ;(00000000000000000000000000000000) (0) (0) (00)   ;(00000000000000000000000000000000) (0) (0) (00)   ;(00000000000000000000000000000000) (0) (0) (00)   ;(00000000000000000000000000000000) (0) (0) (00)   ;
;352;(00000000000000000000000000000000) (0) (0) (00)    ;(00000000000000000000000000000000) (0) (0) (00)   ;(00000000000000000000000000000000) (0) (0) (00)   ;(00000000000000000000000000000000) (0) (0) (00)   ;(00000000000000000000000000000000) (0) (0) (00)   ;(00000000000000000000000000000000) (0) (0) (00)   ;(00000000000000000000000000000000) (0) (0) (00)   ;(00000000000000000000000000000000) (0) (0) (00)   ;
;360;(00000000000000000000000000000000) (0) (0) (00)    ;(00000000000000000000000000000000) (0) (0) (00)   ;(00000000000000000000000000000000) (0) (0) (00)   ;(00000000000000000000000000000000) (0) (0) (00)   ;(00000000000000000000000000000000) (0) (0) (00)   ;(00000000000000000000000000000000) (0) (0) (00)   ;(00000000000000000000000000000000) (0) (0) (00)   ;(00000000000000000000000000000000) (0) (0) (00)   ;
;368;(00000000000000000000000000000000) (0) (0) (00)    ;(00000000000000000000000000000000) (0) (0) (00)   ;(00000000000000000000000000000000) (0) (0) (00)   ;(00000000000000000000000000000000) (0) (0) (00)   ;(00000000000000000000000000000000) (0) (0) (00)   ;(00000000000000000000000000000000) (0) (0) (00)   ;(00000000000000000000000000000000) (0) (0) (00)   ;(00000000000000000000000000000000) (0) (0) (00)   ;
;376;(00000000000000000000000000000000) (0) (0) (00)    ;(00000000000000000000000000000000) (0) (0) (00)   ;(00000000000000000000000000000000) (0) (0) (00)   ;(00000000000000000000000000000000) (0) (0) (00)   ;(00000000000000000000000000000000) (0) (0) (00)   ;(00000000000000000000000000000000) (0) (0) (00)   ;(00000000000000000000000000000000) (0) (0) (00)   ;(00000000000000000000000000000000) (0) (0) (00)   ;
;384;(00000000000000000000000000000000) (0) (0) (00)    ;(00000000000000000000000000000000) (0) (0) (00)   ;(00000000000000000000000000000000) (0) (0) (00)   ;(00000000000000000000000000000000) (0) (0) (00)   ;(00000000000000000000000000000000) (0) (0) (00)   ;(00000000000000000000000000000000) (0) (0) (00)   ;(00000000000000000000000000000000) (0) (0) (00)   ;(00000000000000000000000000000000) (0) (0) (00)   ;
;392;(00000000000000000000000000000000) (0) (0) (00)    ;(00000000000000000000000000000000) (0) (0) (00)   ;(00000000000000000000000000000000) (0) (0) (00)   ;(00000000000000000000000000000000) (0) (0) (00)   ;(00000000000000000000000000000000) (0) (0) (00)   ;(00000000000000000000000000000000) (0) (0) (00)   ;(00000000000000000000000000000000) (0) (0) (00)   ;(00000000000000000000000000000000) (0) (0) (00)   ;
;400;(00000000000000000000000000000000) (0) (0) (00)    ;(00000000000000000000000000000000) (0) (0) (00)   ;(00000000000000000000000000000000) (0) (0) (00)   ;(00000000000000000000000000000000) (0) (0) (00)   ;(00000000000000000000000000000000) (0) (0) (00)   ;(00000000000000000000000000000000) (0) (0) (00)   ;(00000000000000000000000000000000) (0) (0) (00)   ;(00000000000000000000000000000000) (0) (0) (00)   ;
;408;(00000000000000000000000000000000) (0) (0) (00)    ;(00000000000000000000000000000000) (0) (0) (00)   ;(00000000000000000000000000000000) (0) (0) (00)   ;(00000000000000000000000000000000) (0) (0) (00)   ;(00000000000000000000000000000000) (0) (0) (00)   ;(00000000000000000000000000000000) (0) (0) (00)   ;(00000000000000000000000000000000) (0) (0) (00)   ;(00000000000000000000000000000000) (0) (0) (00)   ;
;416;(00000000000000000000000000000000) (0) (0) (00)    ;(00000000000000000000000000000000) (0) (0) (00)   ;(00000000000000000000000000000000) (0) (0) (00)   ;(00000000000000000000000000000000) (0) (0) (00)   ;(00000000000000000000000000000000) (0) (0) (00)   ;(00000000000000000000000000000000) (0) (0) (00)   ;(00000000000000000000000000000000) (0) (0) (00)   ;(00000000000000000000000000000000) (0) (0) (00)   ;
;424;(00000000000000000000000000000000) (0) (0) (00)    ;(00000000000000000000000000000000) (0) (0) (00)   ;(00000000000000000000000000000000) (0) (0) (00)   ;(00000000000000000000000000000000) (0) (0) (00)   ;(00000000000000000000000000000000) (0) (0) (00)   ;(00000000000000000000000000000000) (0) (0) (00)   ;(00000000000000000000000000000000) (0) (0) (00)   ;(00000000000000000000000000000000) (0) (0) (00)   ;
;432;(00000000000000000000000000000000) (0) (0) (00)    ;(00000000000000000000000000000000) (0) (0) (00)   ;(00000000000000000000000000000000) (0) (0) (00)   ;(00000000000000000000000000000000) (0) (0) (00)   ;(00000000000000000000000000000000) (0) (0) (00)   ;(00000000000000000000000000000000) (0) (0) (00)   ;(00000000000000000000000000000000) (0) (0) (00)   ;(00000000000000000000000000000000) (0) (0) (00)   ;
;440;(00000000000000000000000000000000) (0) (0) (00)    ;(00000000000000000000000000000000) (0) (0) (00)   ;(00000000000000000000000000000000) (0) (0) (00)   ;(00000000000000000000000000000000) (0) (0) (00)   ;(00000000000000000000000000000000) (0) (0) (00)   ;(00000000000000000000000000000000) (0) (0) (00)   ;(00000000000000000000000000000000) (0) (0) (00)   ;(00000000000000000000000000000000) (0) (0) (00)   ;
;448;(00000000000000000000000000000000) (0) (0) (00)    ;(00000000000000000000000000000000) (0) (0) (00)   ;(00000000000000000000000000000000) (0) (0) (00)   ;(00000000000000000000000000000000) (0) (0) (00)   ;(00000000000000000000000000000000) (0) (0) (00)   ;(00000000000000000000000000000000) (0) (0) (00)   ;(00000000000000000000000000000000) (0) (0) (00)   ;(00000000000000000000000000000000) (0) (0) (00)   ;
;456;(00000000000000000000000000000000) (0) (0) (00)    ;(00000000000000000000000000000000) (0) (0) (00)   ;(00000000000000000000000000000000) (0) (0) (00)   ;(00000000000000000000000000000000) (0) (0) (00)   ;(00000000000000000000000000000000) (0) (0) (00)   ;(00000000000000000000000000000000) (0) (0) (00)   ;(00000000000000000000000000000000) (0) (0) (00)   ;(00000000000000000000000000000000) (0) (0) (00)   ;
;464;(00000000000000000000000000000000) (0) (0) (00)    ;(00000000000000000000000000000000) (0) (0) (00)   ;(00000000000000000000000000000000) (0) (0) (00)   ;(00000000000000000000000000000000) (0) (0) (00)   ;(00000000000000000000000000000000) (0) (0) (00)   ;(00000000000000000000000000000000) (0) (0) (00)   ;(00000000000000000000000000000000) (0) (0) (00)   ;(00000000000000000000000000000000) (0) (0) (00)   ;
;472;(00000000000000000000000000000000) (0) (0) (00)    ;(00000000000000000000000000000000) (0) (0) (00)   ;(00000000000000000000000000000000) (0) (0) (00)   ;(00000000000000000000000000000000) (0) (0) (00)   ;(00000000000000000000000000000000) (0) (0) (00)   ;(00000000000000000000000000000000) (0) (0) (00)   ;(00000000000000000000000000000000) (0) (0) (00)   ;(00000000000000000000000000000000) (0) (0) (00)   ;
;480;(00000000000000000000000000000000) (0) (0) (00)    ;(00000000000000000000000000000000) (0) (0) (00)   ;(00000000000000000000000000000000) (0) (0) (00)   ;(00000000000000000000000000000000) (0) (0) (00)   ;(00000000000000000000000000000000) (0) (0) (00)   ;(00000000000000000000000000000000) (0) (0) (00)   ;(00000000000000000000000000000000) (0) (0) (00)   ;(00000000000000000000000000000000) (0) (0) (00)   ;
;488;(00000000000000000000000000000000) (0) (0) (00)    ;(00000000000000000000000000000000) (0) (0) (00)   ;(00000000000000000000000000000000) (0) (0) (00)   ;(00000000000000000000000000000000) (0) (0) (00)   ;(00000000000000000000000000000000) (0) (0) (00)   ;(00000000000000000000000000000000) (0) (0) (00)   ;(00000000000000000000000000000000) (0) (0) (00)   ;(00000000000000000000000000000000) (0) (0) (00)   ;
;496;(00000000000000000000000000000000) (0) (0) (00)    ;(00000000000000000000000000000000) (0) (0) (00)   ;(00000000000000000000000000000000) (0) (0) (00)   ;(00000000000000000000000000000000) (0) (0) (00)   ;(00000000000000000000000000000000) (0) (0) (00)   ;(00000000000000000000000000000000) (0) (0) (00)   ;(00000000000000000000000000000000) (0) (0) (00)   ;(00000000000000000000000000000000) (0) (0) (00)   ;
;504;(00000000000000000000000000000000) (0) (0) (00)    ;(00000000000000000000000000000000) (0) (0) (00)   ;(00000000000000000000000000000000) (0) (0) (00)   ;(00000000000000000000000000000000) (0) (0) (00)   ;(00000000000000000000000000000000) (0) (0) (00)   ;(00000000000000000000000000000000) (0) (0) (00)   ;(00000000000000000000000000000000) (0) (0) (00)   ;(00000000000000000000000000000000) (0) (0) (00)   ;
;512;(00000000000000000000000000000000) (0) (0) (00)    ;(00000000000000000000000000000000) (0) (0) (00)   ;(00000000000000000000000000000000) (0) (0) (00)   ;(00000000000000000000000000000000) (0) (0) (00)   ;(00000000000000000000000000000000) (0) (0) (00)   ;(00000000000000000000000000000000) (0) (0) (00)   ;(00000000000000000000000000000000) (0) (0) (00)   ;(00000000000000000000000000000000) (0) (0) (00)   ;
;520;(00000000000000000000000000000000) (0) (0) (00)    ;(00000000000000000000000000000000) (0) (0) (00)   ;(00000000000000000000000000000000) (0) (0) (00)   ;(00000000000000000000000000000000) (0) (0) (00)   ;(00000000000000000000000000000000) (0) (0) (00)   ;(00000000000000000000000000000000) (0) (0) (00)   ;(00000000000000000000000000000000) (0) (0) (00)   ;(00000000000000000000000000000000) (0) (0) (00)   ;
;528;(00000000000000000000000000000000) (0) (0) (00)    ;(00000000000000000000000000000000) (0) (0) (00)   ;(00000000000000000000000000000000) (0) (0) (00)   ;(00000000000000000000000000000000) (0) (0) (00)   ;(00000000000000000000000000000000) (0) (0) (00)   ;(00000000000000000000000000000000) (0) (0) (00)   ;(00000000000000000000000000000000) (0) (0) (00)   ;(00000000000000000000000000000000) (0) (0) (00)   ;
;536;(00000000000000000000000000000000) (0) (0) (00)    ;(00000000000000000000000000000000) (0) (0) (00)   ;(00000000000000000000000000000000) (0) (0) (00)   ;(00000000000000000000000000000000) (0) (0) (00)   ;(00000000000000000000000000000000) (0) (0) (00)   ;(00000000000000000000000000000000) (0) (0) (00)   ;(00000000000000000000000000000000) (0) (0) (00)   ;(00000000000000000000000000000000) (0) (0) (00)   ;
;544;(00000000000000000000000000000000) (0) (0) (00)    ;(00000000000000000000000000000000) (0) (0) (00)   ;(00000000000000000000000000000000) (0) (0) (00)   ;(00000000000000000000000000000000) (0) (0) (00)   ;(00000000000000000000000000000000) (0) (0) (00)   ;(00000000000000000000000000000000) (0) (0) (00)   ;(00000000000000000000000000000000) (0) (0) (00)   ;(00000000000000000000000000000000) (0) (0) (00)   ;
;552;(00000000000000000000000000000000) (0) (0) (00)    ;(00000000000000000000000000000000) (0) (0) (00)   ;(00000000000000000000000000000000) (0) (0) (00)   ;(00000000000000000000000000000000) (0) (0) (00)   ;(00000000000000000000000000000000) (0) (0) (00)   ;(00000000000000000000000000000000) (0) (0) (00)   ;(00000000000000000000000000000000) (0) (0) (00)   ;(00000000000000000000000000000000) (0) (0) (00)   ;
;560;(00000000000000000000000000000000) (0) (0) (00)    ;(00000000000000000000000000000000) (0) (0) (00)   ;(00000000000000000000000000000000) (0) (0) (00)   ;(00000000000000000000000000000000) (0) (0) (00)   ;(00000000000000000000000000000000) (0) (0) (00)   ;(00000000000000000000000000000000) (0) (0) (00)   ;(00000000000000000000000000000000) (0) (0) (00)   ;(00000000000000000000000000000000) (0) (0) (00)   ;
;568;(00000000000000000000000000000000) (0) (0) (00)    ;(00000000000000000000000000000000) (0) (0) (00)   ;(00000000000000000000000000000000) (0) (0) (00)   ;(00000000000000000000000000000000) (0) (0) (00)   ;(00000000000000000000000000000000) (0) (0) (00)   ;(00000000000000000000000000000000) (0) (0) (00)   ;(00000000000000000000000000000000) (0) (0) (00)   ;(00000000000000000000000000000000) (0) (0) (00)   ;
;576;(00000000000000000000000000000000) (0) (0) (00)    ;(00000000000000000000000000000000) (0) (0) (00)   ;(00000000000000000000000000000000) (0) (0) (00)   ;(00000000000000000000000000000000) (0) (0) (00)   ;(00000000000000000000000000000000) (0) (0) (00)   ;(00000000000000000000000000000000) (0) (0) (00)   ;(00000000000000000000000000000000) (0) (0) (00)   ;(00000000000000000000000000000000) (0) (0) (00)   ;
;584;(00000000000000000000000000000000) (0) (0) (00)    ;(00000000000000000000000000000000) (0) (0) (00)   ;(00000000000000000000000000000000) (0) (0) (00)   ;(00000000000000000000000000000000) (0) (0) (00)   ;(00000000000000000000000000000000) (0) (0) (00)   ;(00000000000000000000000000000000) (0) (0) (00)   ;(00000000000000000000000000000000) (0) (0) (00)   ;(00000000000000000000000000000000) (0) (0) (00)   ;
;592;(00000000000000000000000000000000) (0) (0) (00)    ;(00000000000000000000000000000000) (0) (0) (00)   ;(00000000000000000000000000000000) (0) (0) (00)   ;(00000000000000000000000000000000) (0) (0) (00)   ;(00000000000000000000000000000000) (0) (0) (00)   ;(00000000000000000000000000000000) (0) (0) (00)   ;(00000000000000000000000000000000) (0) (0) (00)   ;(00000000000000000000000000000000) (0) (0) (00)   ;
;600;(00000000000000000000000000000000) (0) (0) (00)    ;(00000000000000000000000000000000) (0) (0) (00)   ;(00000000000000000000000000000000) (0) (0) (00)   ;(00000000000000000000000000000000) (0) (0) (00)   ;(00000000000000000000000000000000) (0) (0) (00)   ;(00000000000000000000000000000000) (0) (0) (00)   ;(00000000000000000000000000000000) (0) (0) (00)   ;(00000000000000000000000000000000) (0) (0) (00)   ;
;608;(00000000000000000000000000000000) (0) (0) (00)    ;(00000000000000000000000000000000) (0) (0) (00)   ;(00000000000000000000000000000000) (0) (0) (00)   ;(00000000000000000000000000000000) (0) (0) (00)   ;(00000000000000000000000000000000) (0) (0) (00)   ;(00000000000000000000000000000000) (0) (0) (00)   ;(00000000000000000000000000000000) (0) (0) (00)   ;(00000000000000000000000000000000) (0) (0) (00)   ;
;616;(00000000000000000000000000000000) (0) (0) (00)    ;(00000000000000000000000000000000) (0) (0) (00)   ;(00000000000000000000000000000000) (0) (0) (00)   ;(00000000000000000000000000000000) (0) (0) (00)   ;(00000000000000000000000000000000) (0) (0) (00)   ;(00000000000000000000000000000000) (0) (0) (00)   ;(00000000000000000000000000000000) (0) (0) (00)   ;(00000000000000000000000000000000) (0) (0) (00)   ;
;624;(00000000000000000000000000000000) (0) (0) (00)    ;(00000000000000000000000000000000) (0) (0) (00)   ;(00000000000000000000000000000000) (0) (0) (00)   ;(00000000000000000000000000000000) (0) (0) (00)   ;(00000000000000000000000000000000) (0) (0) (00)   ;(00000000000000000000000000000000) (0) (0) (00)   ;(00000000000000000000000000000000) (0) (0) (00)   ;(00000000000000000000000000000000) (0) (0) (00)   ;
;632;(00000000000000000000000000000000) (0) (0) (00)    ;(00000000000000000000000000000000) (0) (0) (00)   ;(00000000000000000000000000000000) (0) (0) (00)   ;(00000000000000000000000000000000) (0) (0) (00)   ;(00000000000000000000000000000000) (0) (0) (00)   ;(00000000000000000000000000000000) (0) (0) (00)   ;(00000000000000000000000000000000) (0) (0) (00)   ;(00000000000000000000000000000000) (0) (0) (00)   ;
;640;(00000000000000000000000000000000) (0) (0) (00)    ;(00000000000000000000000000000000) (0) (0) (00)   ;(00000000000000000000000000000000) (0) (0) (00)   ;(00000000000000000000000000000000) (0) (0) (00)   ;(00000000000000000000000000000000) (0) (0) (00)   ;(00000000000000000000000000000000) (0) (0) (00)   ;(00000000000000000000000000000000) (0) (0) (00)   ;(00000000000000000000000000000000) (0) (0) (00)   ;
;648;(00000000000000000000000000000000) (0) (0) (00)    ;(00000000000000000000000000000000) (0) (0) (00)   ;(00000000000000000000000000000000) (0) (0) (00)   ;(00000000000000000000000000000000) (0) (0) (00)   ;(00000000000000000000000000000000) (0) (0) (00)   ;(00000000000000000000000000000000) (0) (0) (00)   ;(00000000000000000000000000000000) (0) (0) (00)   ;(00000000000000000000000000000000) (0) (0) (00)   ;
;656;(00000000000000000000000000000000) (0) (0) (00)    ;(00000000000000000000000000000000) (0) (0) (00)   ;(00000000000000000000000000000000) (0) (0) (00)   ;(00000000000000000000000000000000) (0) (0) (00)   ;(00000000000000000000000000000000) (0) (0) (00)   ;(00000000000000000000000000000000) (0) (0) (00)   ;(00000000000000000000000000000000) (0) (0) (00)   ;(00000000000000000000000000000000) (0) (0) (00)   ;
;664;(00000000000000000000000000000000) (0) (0) (00)    ;(00000000000000000000000000000000) (0) (0) (00)   ;(00000000000000000000000000000000) (0) (0) (00)   ;(00000000000000000000000000000000) (0) (0) (00)   ;(00000000000000000000000000000000) (0) (0) (00)   ;(00000000000000000000000000000000) (0) (0) (00)   ;(00000000000000000000000000000000) (0) (0) (00)   ;(00000000000000000000000000000000) (0) (0) (00)   ;
;672;(00000000000000000000000000000000) (0) (0) (00)    ;(00000000000000000000000000000000) (0) (0) (00)   ;(00000000000000000000000000000000) (0) (0) (00)   ;(00000000000000000000000000000000) (0) (0) (00)   ;(00000000000000000000000000000000) (0) (0) (00)   ;(00000000000000000000000000000000) (0) (0) (00)   ;(00000000000000000000000000000000) (0) (0) (00)   ;(00000000000000000000000000000000) (0) (0) (00)   ;
;680;(00000000000000000000000000000000) (0) (0) (00)    ;(00000000000000000000000000000000) (0) (0) (00)   ;(00000000000000000000000000000000) (0) (0) (00)   ;(00000000000000000000000000000000) (0) (0) (00)   ;(00000000000000000000000000000000) (0) (0) (00)   ;(00000000000000000000000000000000) (0) (0) (00)   ;(00000000000000000000000000000000) (0) (0) (00)   ;(00000000000000000000000000000000) (0) (0) (00)   ;
;688;(00000000000000000000000000000000) (0) (0) (00)    ;(00000000000000000000000000000000) (0) (0) (00)   ;(00000000000000000000000000000000) (0) (0) (00)   ;(00000000000000000000000000000000) (0) (0) (00)   ;(00000000000000000000000000000000) (0) (0) (00)   ;(00000000000000000000000000000000) (0) (0) (00)   ;(00000000000000000000000000000000) (0) (0) (00)   ;(00000000000000000000000000000000) (0) (0) (00)   ;
;696;(00000000000000000000000000000000) (0) (0) (00)    ;(00000000000000000000000000000000) (0) (0) (00)   ;(00000000000000000000000000000000) (0) (0) (00)   ;(00000000000000000000000000000000) (0) (0) (00)   ;(00000000000000000000000000000000) (0) (0) (00)   ;(00000000000000000000000000000000) (0) (0) (00)   ;(00000000000000000000000000000000) (0) (0) (00)   ;(00000000000000000000000000000000) (0) (0) (00)   ;
;704;(00000000000000000000000000000000) (0) (0) (00)    ;(00000000000000000000000000000000) (0) (0) (00)   ;(00000000000000000000000000000000) (0) (0) (00)   ;(00000000000000000000000000000000) (0) (0) (00)   ;(00000000000000000000000000000000) (0) (0) (00)   ;(00000000000000000000000000000000) (0) (0) (00)   ;(00000000000000000000000000000000) (0) (0) (00)   ;(00000000000000000000000000000000) (0) (0) (00)   ;
;712;(00000000000000000000000000000000) (0) (0) (00)    ;(00000000000000000000000000000000) (0) (0) (00)   ;(00000000000000000000000000000000) (0) (0) (00)   ;(00000000000000000000000000000000) (0) (0) (00)   ;(00000000000000000000000000000000) (0) (0) (00)   ;(00000000000000000000000000000000) (0) (0) (00)   ;(00000000000000000000000000000000) (0) (0) (00)   ;(00000000000000000000000000000000) (0) (0) (00)   ;
;720;(00000000000000000000000000000000) (0) (0) (00)    ;(00000000000000000000000000000000) (0) (0) (00)   ;(00000000000000000000000000000000) (0) (0) (00)   ;(00000000000000000000000000000000) (0) (0) (00)   ;(00000000000000000000000000000000) (0) (0) (00)   ;(00000000000000000000000000000000) (0) (0) (00)   ;(00000000000000000000000000000000) (0) (0) (00)   ;(00000000000000000000000000000000) (0) (0) (00)   ;
;728;(00000000000000000000000000000000) (0) (0) (00)    ;(00000000000000000000000000000000) (0) (0) (00)   ;(00000000000000000000000000000000) (0) (0) (00)   ;(00000000000000000000000000000000) (0) (0) (00)   ;(00000000000000000000000000000000) (0) (0) (00)   ;(00000000000000000000000000000000) (0) (0) (00)   ;(00000000000000000000000000000000) (0) (0) (00)   ;(00000000000000000000000000000000) (0) (0) (00)   ;
;736;(00000000000000000000000000000000) (0) (0) (00)    ;(00000000000000000000000000000000) (0) (0) (00)   ;(00000000000000000000000000000000) (0) (0) (00)   ;(00000000000000000000000000000000) (0) (0) (00)   ;(00000000000000000000000000000000) (0) (0) (00)   ;(00000000000000000000000000000000) (0) (0) (00)   ;(00000000000000000000000000000000) (0) (0) (00)   ;(00000000000000000000000000000000) (0) (0) (00)   ;
;744;(00000000000000000000000000000000) (0) (0) (00)    ;(00000000000000000000000000000000) (0) (0) (00)   ;(00000000000000000000000000000000) (0) (0) (00)   ;(00000000000000000000000000000000) (0) (0) (00)   ;(00000000000000000000000000000000) (0) (0) (00)   ;(00000000000000000000000000000000) (0) (0) (00)   ;(00000000000000000000000000000000) (0) (0) (00)   ;(00000000000000000000000000000000) (0) (0) (00)   ;
;752;(00000000000000000000000000000000) (0) (0) (00)    ;(00000000000000000000000000000000) (0) (0) (00)   ;(00000000000000000000000000000000) (0) (0) (00)   ;(00000000000000000000000000000000) (0) (0) (00)   ;(00000000000000000000000000000000) (0) (0) (00)   ;(00000000000000000000000000000000) (0) (0) (00)   ;(00000000000000000000000000000000) (0) (0) (00)   ;(00000000000000000000000000000000) (0) (0) (00)   ;
;760;(00000000000000000000000000000000) (0) (0) (00)    ;(00000000000000000000000000000000) (0) (0) (00)   ;(00000000000000000000000000000000) (0) (0) (00)   ;(00000000000000000000000000000000) (0) (0) (00)   ;(00000000000000000000000000000000) (0) (0) (00)   ;(00000000000000000000000000000000) (0) (0) (00)   ;(00000000000000000000000000000000) (0) (0) (00)   ;(00000000000000000000000000000000) (0) (0) (00)   ;
;768;(00000000000000000000000000000000) (0) (0) (00)    ;(00000000000000000000000000000000) (0) (0) (00)   ;(00000000000000000000000000000000) (0) (0) (00)   ;(00000000000000000000000000000000) (0) (0) (00)   ;(00000000000000000000000000000000) (0) (0) (00)   ;(00000000000000000000000000000000) (0) (0) (00)   ;(00000000000000000000000000000000) (0) (0) (00)   ;(00000000000000000000000000000000) (0) (0) (00)   ;
;776;(00000000000000000000000000000000) (0) (0) (00)    ;(00000000000000000000000000000000) (0) (0) (00)   ;(00000000000000000000000000000000) (0) (0) (00)   ;(00000000000000000000000000000000) (0) (0) (00)   ;(00000000000000000000000000000000) (0) (0) (00)   ;(00000000000000000000000000000000) (0) (0) (00)   ;(00000000000000000000000000000000) (0) (0) (00)   ;(00000000000000000000000000000000) (0) (0) (00)   ;
;784;(00000000000000000000000000000000) (0) (0) (00)    ;(00000000000000000000000000000000) (0) (0) (00)   ;(00000000000000000000000000000000) (0) (0) (00)   ;(00000000000000000000000000000000) (0) (0) (00)   ;(00000000000000000000000000000000) (0) (0) (00)   ;(00000000000000000000000000000000) (0) (0) (00)   ;(00000000000000000000000000000000) (0) (0) (00)   ;(00000000000000000000000000000000) (0) (0) (00)   ;
;792;(00000000000000000000000000000000) (0) (0) (00)    ;(00000000000000000000000000000000) (0) (0) (00)   ;(00000000000000000000000000000000) (0) (0) (00)   ;(00000000000000000000000000000000) (0) (0) (00)   ;(00000000000000000000000000000000) (0) (0) (00)   ;(00000000000000000000000000000000) (0) (0) (00)   ;(00000000000000000000000000000000) (0) (0) (00)   ;(00000000000000000000000000000000) (0) (0) (00)   ;
;800;(00000000000000000000000000000000) (0) (0) (00)    ;(00000000000000000000000000000000) (0) (0) (00)   ;(00000000000000000000000000000000) (0) (0) (00)   ;(00000000000000000000000000000000) (0) (0) (00)   ;(00000000000000000000000000000000) (0) (0) (00)   ;(00000000000000000000000000000000) (0) (0) (00)   ;(00000000000000000000000000000000) (0) (0) (00)   ;(00000000000000000000000000000000) (0) (0) (00)   ;
;808;(00000000000000000000000000000000) (0) (0) (00)    ;(00000000000000000000000000000000) (0) (0) (00)   ;(00000000000000000000000000000000) (0) (0) (00)   ;(00000000000000000000000000000000) (0) (0) (00)   ;(00000000000000000000000000000000) (0) (0) (00)   ;(00000000000000000000000000000000) (0) (0) (00)   ;(00000000000000000000000000000000) (0) (0) (00)   ;(00000000000000000000000000000000) (0) (0) (00)   ;
;816;(00000000000000000000000000000000) (0) (0) (00)    ;(00000000000000000000000000000000) (0) (0) (00)   ;(00000000000000000000000000000000) (0) (0) (00)   ;(00000000000000000000000000000000) (0) (0) (00)   ;(00000000000000000000000000000000) (0) (0) (00)   ;(00000000000000000000000000000000) (0) (0) (00)   ;(00000000000000000000000000000000) (0) (0) (00)   ;(00000000000000000000000000000000) (0) (0) (00)   ;
;824;(00000000000000000000000000000000) (0) (0) (00)    ;(00000000000000000000000000000000) (0) (0) (00)   ;(00000000000000000000000000000000) (0) (0) (00)   ;(00000000000000000000000000000000) (0) (0) (00)   ;(00000000000000000000000000000000) (0) (0) (00)   ;(00000000000000000000000000000000) (0) (0) (00)   ;(00000000000000000000000000000000) (0) (0) (00)   ;(00000000000000000000000000000000) (0) (0) (00)   ;
;832;(00000000000000000000000000000000) (0) (0) (00)    ;(00000000000000000000000000000000) (0) (0) (00)   ;(00000000000000000000000000000000) (0) (0) (00)   ;(00000000000000000000000000000000) (0) (0) (00)   ;(00000000000000000000000000000000) (0) (0) (00)   ;(00000000000000000000000000000000) (0) (0) (00)   ;(00000000000000000000000000000000) (0) (0) (00)   ;(00000000000000000000000000000000) (0) (0) (00)   ;
;840;(00000000000000000000000000000000) (0) (0) (00)    ;(00000000000000000000000000000000) (0) (0) (00)   ;(00000000000000000000000000000000) (0) (0) (00)   ;(00000000000000000000000000000000) (0) (0) (00)   ;(00000000000000000000000000000000) (0) (0) (00)   ;(00000000000000000000000000000000) (0) (0) (00)   ;(00000000000000000000000000000000) (0) (0) (00)   ;(00000000000000000000000000000000) (0) (0) (00)   ;
;848;(00000000000000000000000000000000) (0) (0) (00)    ;(00000000000000000000000000000000) (0) (0) (00)   ;(00000000000000000000000000000000) (0) (0) (00)   ;(00000000000000000000000000000000) (0) (0) (00)   ;(00000000000000000000000000000000) (0) (0) (00)   ;(00000000000000000000000000000000) (0) (0) (00)   ;(00000000000000000000000000000000) (0) (0) (00)   ;(00000000000000000000000000000000) (0) (0) (00)   ;
;856;(00000000000000000000000000000000) (0) (0) (00)    ;(00000000000000000000000000000000) (0) (0) (00)   ;(00000000000000000000000000000000) (0) (0) (00)   ;(00000000000000000000000000000000) (0) (0) (00)   ;(00000000000000000000000000000000) (0) (0) (00)   ;(00000000000000000000000000000000) (0) (0) (00)   ;(00000000000000000000000000000000) (0) (0) (00)   ;(00000000000000000000000000000000) (0) (0) (00)   ;
;864;(00000000000000000000000000000000) (0) (0) (00)    ;(00000000000000000000000000000000) (0) (0) (00)   ;(00000000000000000000000000000000) (0) (0) (00)   ;(00000000000000000000000000000000) (0) (0) (00)   ;(00000000000000000000000000000000) (0) (0) (00)   ;(00000000000000000000000000000000) (0) (0) (00)   ;(00000000000000000000000000000000) (0) (0) (00)   ;(00000000000000000000000000000000) (0) (0) (00)   ;
;872;(00000000000000000000000000000000) (0) (0) (00)    ;(00000000000000000000000000000000) (0) (0) (00)   ;(00000000000000000000000000000000) (0) (0) (00)   ;(00000000000000000000000000000000) (0) (0) (00)   ;(00000000000000000000000000000000) (0) (0) (00)   ;(00000000000000000000000000000000) (0) (0) (00)   ;(00000000000000000000000000000000) (0) (0) (00)   ;(00000000000000000000000000000000) (0) (0) (00)   ;
;880;(00000000000000000000000000000000) (0) (0) (00)    ;(00000000000000000000000000000000) (0) (0) (00)   ;(00000000000000000000000000000000) (0) (0) (00)   ;(00000000000000000000000000000000) (0) (0) (00)   ;(00000000000000000000000000000000) (0) (0) (00)   ;(00000000000000000000000000000000) (0) (0) (00)   ;(00000000000000000000000000000000) (0) (0) (00)   ;(00000000000000000000000000000000) (0) (0) (00)   ;
;888;(00000000000000000000000000000000) (0) (0) (00)    ;(00000000000000000000000000000000) (0) (0) (00)   ;(00000000000000000000000000000000) (0) (0) (00)   ;(00000000000000000000000000000000) (0) (0) (00)   ;(00000000000000000000000000000000) (0) (0) (00)   ;(00000000000000000000000000000000) (0) (0) (00)   ;(00000000000000000000000000000000) (0) (0) (00)   ;(00000000000000000000000000000000) (0) (0) (00)   ;
;896;(00000000000000000000000000000000) (0) (0) (00)    ;(00000000000000000000000000000000) (0) (0) (00)   ;(00000000000000000000000000000000) (0) (0) (00)   ;(00000000000000000000000000000000) (0) (0) (00)   ;(00000000000000000000000000000000) (0) (0) (00)   ;(00000000000000000000000000000000) (0) (0) (00)   ;(00000000000000000000000000000000) (0) (0) (00)   ;(00000000000000000000000000000000) (0) (0) (00)   ;
;904;(00000000000000000000000000000000) (0) (0) (00)    ;(00000000000000000000000000000000) (0) (0) (00)   ;(00000000000000000000000000000000) (0) (0) (00)   ;(00000000000000000000000000000000) (0) (0) (00)   ;(00000000000000000000000000000000) (0) (0) (00)   ;(00000000000000000000000000000000) (0) (0) (00)   ;(00000000000000000000000000000000) (0) (0) (00)   ;(00000000000000000000000000000000) (0) (0) (00)   ;
;912;(00000000000000000000000000000000) (0) (0) (00)    ;(00000000000000000000000000000000) (0) (0) (00)   ;(00000000000000000000000000000000) (0) (0) (00)   ;(00000000000000000000000000000000) (0) (0) (00)   ;(00000000000000000000000000000000) (0) (0) (00)   ;(00000000000000000000000000000000) (0) (0) (00)   ;(00000000000000000000000000000000) (0) (0) (00)   ;(00000000000000000000000000000000) (0) (0) (00)   ;
;920;(00000000000000000000000000000000) (0) (0) (00)    ;(00000000000000000000000000000000) (0) (0) (00)   ;(00000000000000000000000000000000) (0) (0) (00)   ;(00000000000000000000000000000000) (0) (0) (00)   ;(00000000000000000000000000000000) (0) (0) (00)   ;(00000000000000000000000000000000) (0) (0) (00)   ;(00000000000000000000000000000000) (0) (0) (00)   ;(00000000000000000000000000000000) (0) (0) (00)   ;
;928;(00000000000000000000000000000000) (0) (0) (00)    ;(00000000000000000000000000000000) (0) (0) (00)   ;(00000000000000000000000000000000) (0) (0) (00)   ;(00000000000000000000000000000000) (0) (0) (00)   ;(00000000000000000000000000000000) (0) (0) (00)   ;(00000000000000000000000000000000) (0) (0) (00)   ;(00000000000000000000000000000000) (0) (0) (00)   ;(00000000000000000000000000000000) (0) (0) (00)   ;
;936;(00000000000000000000000000000000) (0) (0) (00)    ;(00000000000000000000000000000000) (0) (0) (00)   ;(00000000000000000000000000000000) (0) (0) (00)   ;(00000000000000000000000000000000) (0) (0) (00)   ;(00000000000000000000000000000000) (0) (0) (00)   ;(00000000000000000000000000000000) (0) (0) (00)   ;(00000000000000000000000000000000) (0) (0) (00)   ;(00000000000000000000000000000000) (0) (0) (00)   ;
;944;(00000000000000000000000000000000) (0) (0) (00)    ;(00000000000000000000000000000000) (0) (0) (00)   ;(00000000000000000000000000000000) (0) (0) (00)   ;(00000000000000000000000000000000) (0) (0) (00)   ;(00000000000000000000000000000000) (0) (0) (00)   ;(00000000000000000000000000000000) (0) (0) (00)   ;(00000000000000000000000000000000) (0) (0) (00)   ;(00000000000000000000000000000000) (0) (0) (00)   ;
;952;(00000000000000000000000000000000) (0) (0) (00)    ;(00000000000000000000000000000000) (0) (0) (00)   ;(00000000000000000000000000000000) (0) (0) (00)   ;(00000000000000000000000000000000) (0) (0) (00)   ;(00000000000000000000000000000000) (0) (0) (00)   ;(00000000000000000000000000000000) (0) (0) (00)   ;(00000000000000000000000000000000) (0) (0) (00)   ;(00000000000000000000000000000000) (0) (0) (00)   ;
;960;(00000000000000000000000000000000) (0) (0) (00)    ;(00000000000000000000000000000000) (0) (0) (00)   ;(00000000000000000000000000000000) (0) (0) (00)   ;(00000000000000000000000000000000) (0) (0) (00)   ;(00000000000000000000000000000000) (0) (0) (00)   ;(00000000000000000000000000000000) (0) (0) (00)   ;(00000000000000000000000000000000) (0) (0) (00)   ;(00000000000000000000000000000000) (0) (0) (00)   ;
;968;(00000000000000000000000000000000) (0) (0) (00)    ;(00000000000000000000000000000000) (0) (0) (00)   ;(00000000000000000000000000000000) (0) (0) (00)   ;(00000000000000000000000000000000) (0) (0) (00)   ;(00000000000000000000000000000000) (0) (0) (00)   ;(00000000000000000000000000000000) (0) (0) (00)   ;(00000000000000000000000000000000) (0) (0) (00)   ;(00000000000000000000000000000000) (0) (0) (00)   ;
;976;(00000000000000000000000000000000) (0) (0) (00)    ;(00000000000000000000000000000000) (0) (0) (00)   ;(00000000000000000000000000000000) (0) (0) (00)   ;(00000000000000000000000000000000) (0) (0) (00)   ;(00000000000000000000000000000000) (0) (0) (00)   ;(00000000000000000000000000000000) (0) (0) (00)   ;(00000000000000000000000000000000) (0) (0) (00)   ;(00000000000000000000000000000000) (0) (0) (00)   ;
;984;(00000000000000000000000000000000) (0) (0) (00)    ;(00000000000000000000000000000000) (0) (0) (00)   ;(00000000000000000000000000000000) (0) (0) (00)   ;(00000000000000000000000000000000) (0) (0) (00)   ;(00000000000000000000000000000000) (0) (0) (00)   ;(00000000000000000000000000000000) (0) (0) (00)   ;(00000000000000000000000000000000) (0) (0) (00)   ;(00000000000000000000000000000000) (0) (0) (00)   ;
;992;(00000000000000000000000000000000) (0) (0) (00)    ;(00000000000000000000000000000000) (0) (0) (00)   ;(00000000000000000000000000000000) (0) (0) (00)   ;(00000000000000000000000000000000) (0) (0) (00)   ;(00000000000000000000000000000000) (0) (0) (00)   ;(00000000000000000000000000000000) (0) (0) (00)   ;(00000000000000000000000000000000) (0) (0) (00)   ;(00000000000000000000000000000000) (0) (0) (00)   ;
;1000;(00000000000000000000000000000000) (0) (0) (00)    ;(00000000000000000000000000000000) (0) (0) (00)   ;(00000000000000000000000000000000) (0) (0) (00)   ;(00000000000000000000000000000000) (0) (0) (00)   ;(00000000000000000000000000000000) (0) (0) (00)   ;(00000000000000000000000000000000) (0) (0) (00)   ;(00000000000000000000000000000000) (0) (0) (00)   ;(00000000000000000000000000000000) (0) (0) (00)   ;
;1008;(00000000000000000000000000000000) (0) (0) (00)    ;(00000000000000000000000000000000) (0) (0) (00)   ;(00000000000000000000000000000000) (0) (0) (00)   ;(00000000000000000000000000000000) (0) (0) (00)   ;(00000000000000000000000000000000) (0) (0) (00)   ;(00000000000000000000000000000000) (0) (0) (00)   ;(00000000000000000000000000000000) (0) (0) (00)   ;(00000000000000000000000000000000) (0) (0) (00)   ;
;1016;(00000000000000000000000000000000) (0) (0) (00)    ;(00000000000000000000000000000000) (0) (0) (00)   ;(00000000000000000000000000000000) (0) (0) (00)   ;(00000000000000000000000000000000) (0) (0) (00)   ;(00000000000000000000000000000000) (0) (0) (00)   ;(00000000000000000000000000000000) (0) (0) (00)   ;(00000000000000000000000000000000) (0) (0) (00)   ;(00000000000000000000000000000000) (0) (0) (00)   ;


RAM content values are presented in the following format: (Binary) (Octal) (Decimal) (Hexadecimal) 
+------------------------------------------------------------------------------------------------------------------------------------------------------------------------------------------------------------------------------------------------------------------+
; |DLX|memory:MEMORY|my_ram:RAM|altsyncram:altsyncram_component|altsyncram_63s3:auto_generated|ALTSYNCRAM                                                                                                                                                          ;
+------------------------------------------------------------------------------------------------------------------------------------------------------------------------------------------------------------------------------------------------------------------+
;   Addr   ;              +0              ;              +1              ;              +2              ;              +3              ;              +4              ;              +5              ;              +6              ;              +7              ;
+----------+------------------------------+------------------------------+------------------------------+------------------------------+------------------------------+------------------------------+------------------------------+------------------------------+
;0;(00000000000000000000000000000000) (0) (0) (00)    ;(00000000000000000000000001000101) (105) (69) (45)   ;(00000000000000000000000001101110) (156) (110) (6E)   ;(00000000000000000000000001110100) (164) (116) (74)   ;(00000000000000000000000001100101) (145) (101) (65)   ;(00000000000000000000000001110010) (162) (114) (72)   ;(00000000000000000000000000100000) (40) (32) (20)   ;(00000000000000000000000001100001) (141) (97) (61)   ;
;8;(00000000000000000000000000100000) (40) (32) (20)    ;(00000000000000000000000001110000) (160) (112) (70)   ;(00000000000000000000000001101111) (157) (111) (6F)   ;(00000000000000000000000001110011) (163) (115) (73)   ;(00000000000000000000000001101001) (151) (105) (69)   ;(00000000000000000000000001110100) (164) (116) (74)   ;(00000000000000000000000001101001) (151) (105) (69)   ;(00000000000000000000000001110110) (166) (118) (76)   ;
;16;(00000000000000000000000001100101) (145) (101) (65)    ;(00000000000000000000000000100000) (40) (32) (20)   ;(00000000000000000000000001101001) (151) (105) (69)   ;(00000000000000000000000001101110) (156) (110) (6E)   ;(00000000000000000000000001110100) (164) (116) (74)   ;(00000000000000000000000001100101) (145) (101) (65)   ;(00000000000000000000000001100111) (147) (103) (67)   ;(00000000000000000000000001100101) (145) (101) (65)   ;
;24;(00000000000000000000000001110010) (162) (114) (72)    ;(00000000000000000000000000111010) (72) (58) (3A)   ;(00000000000000000000000000100000) (40) (32) (20)   ;(00000000000000000000000000000000) (0) (0) (00)   ;(00000000000000000000000000000000) (0) (0) (00)   ;(00000000000000000000000000000000) (0) (0) (00)   ;(00000000000000000000000000000000) (0) (0) (00)   ;(00000000000000000000000000000000) (0) (0) (00)   ;
;32;(00000000000000000000000000000000) (0) (0) (00)    ;(00000000000000000000000000000000) (0) (0) (00)   ;(00000000000000000000000000000000) (0) (0) (00)   ;(00000000000000000000000000000000) (0) (0) (00)   ;(00000000000000000000000000000000) (0) (0) (00)   ;(00000000000000000000000000000000) (0) (0) (00)   ;(00000000000000000000000000000000) (0) (0) (00)   ;(00000000000000000000000000000000) (0) (0) (00)   ;
;40;(00000000000000000000000000000000) (0) (0) (00)    ;(00000000000000000000000000000000) (0) (0) (00)   ;(00000000000000000000000000000000) (0) (0) (00)   ;(00000000000000000000000000000000) (0) (0) (00)   ;(00000000000000000000000000000000) (0) (0) (00)   ;(00000000000000000000000000000000) (0) (0) (00)   ;(00000000000000000000000000000000) (0) (0) (00)   ;(00000000000000000000000000000000) (0) (0) (00)   ;
;48;(00000000000000000000000000000000) (0) (0) (00)    ;(00000000000000000000000000000000) (0) (0) (00)   ;(00000000000000000000000000000000) (0) (0) (00)   ;(00000000000000000000000000000000) (0) (0) (00)   ;(00000000000000000000000000000000) (0) (0) (00)   ;(00000000000000000000000000000000) (0) (0) (00)   ;(00000000000000000000000000000000) (0) (0) (00)   ;(00000000000000000000000000000000) (0) (0) (00)   ;
;56;(00000000000000000000000000000000) (0) (0) (00)    ;(00000000000000000000000000000000) (0) (0) (00)   ;(00000000000000000000000000000000) (0) (0) (00)   ;(00000000000000000000000000000000) (0) (0) (00)   ;(00000000000000000000000000000000) (0) (0) (00)   ;(00000000000000000000000000000000) (0) (0) (00)   ;(00000000000000000000000000000000) (0) (0) (00)   ;(00000000000000000000000000000000) (0) (0) (00)   ;
;64;(00000000000000000000000000000000) (0) (0) (00)    ;(00000000000000000000000000000000) (0) (0) (00)   ;(00000000000000000000000000000000) (0) (0) (00)   ;(00000000000000000000000000000000) (0) (0) (00)   ;(00000000000000000000000000000000) (0) (0) (00)   ;(00000000000000000000000000000000) (0) (0) (00)   ;(00000000000000000000000000000000) (0) (0) (00)   ;(00000000000000000000000000000000) (0) (0) (00)   ;
;72;(00000000000000000000000000000000) (0) (0) (00)    ;(00000000000000000000000000000000) (0) (0) (00)   ;(00000000000000000000000000000000) (0) (0) (00)   ;(00000000000000000000000000000000) (0) (0) (00)   ;(00000000000000000000000000000000) (0) (0) (00)   ;(00000000000000000000000000000000) (0) (0) (00)   ;(00000000000000000000000000000000) (0) (0) (00)   ;(00000000000000000000000000000000) (0) (0) (00)   ;
;80;(00000000000000000000000000000000) (0) (0) (00)    ;(00000000000000000000000000000000) (0) (0) (00)   ;(00000000000000000000000000000000) (0) (0) (00)   ;(00000000000000000000000000000000) (0) (0) (00)   ;(00000000000000000000000000000000) (0) (0) (00)   ;(00000000000000000000000000000000) (0) (0) (00)   ;(00000000000000000000000000000000) (0) (0) (00)   ;(00000000000000000000000000000000) (0) (0) (00)   ;
;88;(00000000000000000000000000000000) (0) (0) (00)    ;(00000000000000000000000000000000) (0) (0) (00)   ;(00000000000000000000000000000000) (0) (0) (00)   ;(00000000000000000000000000000000) (0) (0) (00)   ;(00000000000000000000000000000000) (0) (0) (00)   ;(00000000000000000000000000000000) (0) (0) (00)   ;(00000000000000000000000000000000) (0) (0) (00)   ;(00000000000000000000000000000000) (0) (0) (00)   ;
;96;(00000000000000000000000000000000) (0) (0) (00)    ;(00000000000000000000000000000000) (0) (0) (00)   ;(00000000000000000000000000000000) (0) (0) (00)   ;(00000000000000000000000000000000) (0) (0) (00)   ;(00000000000000000000000000000000) (0) (0) (00)   ;(00000000000000000000000000000000) (0) (0) (00)   ;(00000000000000000000000000000000) (0) (0) (00)   ;(00000000000000000000000000000000) (0) (0) (00)   ;
;104;(00000000000000000000000000000000) (0) (0) (00)    ;(00000000000000000000000000000000) (0) (0) (00)   ;(00000000000000000000000000000000) (0) (0) (00)   ;(00000000000000000000000000000000) (0) (0) (00)   ;(00000000000000000000000000000000) (0) (0) (00)   ;(00000000000000000000000000000000) (0) (0) (00)   ;(00000000000000000000000000000000) (0) (0) (00)   ;(00000000000000000000000000000000) (0) (0) (00)   ;
;112;(00000000000000000000000000000000) (0) (0) (00)    ;(00000000000000000000000000000000) (0) (0) (00)   ;(00000000000000000000000000000000) (0) (0) (00)   ;(00000000000000000000000000000000) (0) (0) (00)   ;(00000000000000000000000000000000) (0) (0) (00)   ;(00000000000000000000000000000000) (0) (0) (00)   ;(00000000000000000000000000000000) (0) (0) (00)   ;(00000000000000000000000000000000) (0) (0) (00)   ;
;120;(00000000000000000000000000000000) (0) (0) (00)    ;(00000000000000000000000000000000) (0) (0) (00)   ;(00000000000000000000000000000000) (0) (0) (00)   ;(00000000000000000000000000000000) (0) (0) (00)   ;(00000000000000000000000000000000) (0) (0) (00)   ;(00000000000000000000000000000000) (0) (0) (00)   ;(00000000000000000000000000000000) (0) (0) (00)   ;(00000000000000000000000000000000) (0) (0) (00)   ;
;128;(00000000000000000000000000000000) (0) (0) (00)    ;(00000000000000000000000000000000) (0) (0) (00)   ;(00000000000000000000000000000000) (0) (0) (00)   ;(00000000000000000000000000000000) (0) (0) (00)   ;(00000000000000000000000000000000) (0) (0) (00)   ;(00000000000000000000000000000000) (0) (0) (00)   ;(00000000000000000000000000000000) (0) (0) (00)   ;(00000000000000000000000000000000) (0) (0) (00)   ;
;136;(00000000000000000000000000000000) (0) (0) (00)    ;(00000000000000000000000000000000) (0) (0) (00)   ;(00000000000000000000000000000000) (0) (0) (00)   ;(00000000000000000000000000000000) (0) (0) (00)   ;(00000000000000000000000000000000) (0) (0) (00)   ;(00000000000000000000000000000000) (0) (0) (00)   ;(00000000000000000000000000000000) (0) (0) (00)   ;(00000000000000000000000000000000) (0) (0) (00)   ;
;144;(00000000000000000000000000000000) (0) (0) (00)    ;(00000000000000000000000000000000) (0) (0) (00)   ;(00000000000000000000000000000000) (0) (0) (00)   ;(00000000000000000000000000000000) (0) (0) (00)   ;(00000000000000000000000000000000) (0) (0) (00)   ;(00000000000000000000000000000000) (0) (0) (00)   ;(00000000000000000000000000000000) (0) (0) (00)   ;(00000000000000000000000000000000) (0) (0) (00)   ;
;152;(00000000000000000000000000000000) (0) (0) (00)    ;(00000000000000000000000000000000) (0) (0) (00)   ;(00000000000000000000000000000000) (0) (0) (00)   ;(00000000000000000000000000000000) (0) (0) (00)   ;(00000000000000000000000000000000) (0) (0) (00)   ;(00000000000000000000000000000000) (0) (0) (00)   ;(00000000000000000000000000000000) (0) (0) (00)   ;(00000000000000000000000000000000) (0) (0) (00)   ;
;160;(00000000000000000000000000000000) (0) (0) (00)    ;(00000000000000000000000000000000) (0) (0) (00)   ;(00000000000000000000000000000000) (0) (0) (00)   ;(00000000000000000000000000000000) (0) (0) (00)   ;(00000000000000000000000000000000) (0) (0) (00)   ;(00000000000000000000000000000000) (0) (0) (00)   ;(00000000000000000000000000000000) (0) (0) (00)   ;(00000000000000000000000000000000) (0) (0) (00)   ;
;168;(00000000000000000000000000000000) (0) (0) (00)    ;(00000000000000000000000000000000) (0) (0) (00)   ;(00000000000000000000000000000000) (0) (0) (00)   ;(00000000000000000000000000000000) (0) (0) (00)   ;(00000000000000000000000000000000) (0) (0) (00)   ;(00000000000000000000000000000000) (0) (0) (00)   ;(00000000000000000000000000000000) (0) (0) (00)   ;(00000000000000000000000000000000) (0) (0) (00)   ;
;176;(00000000000000000000000000000000) (0) (0) (00)    ;(00000000000000000000000000000000) (0) (0) (00)   ;(00000000000000000000000000000000) (0) (0) (00)   ;(00000000000000000000000000000000) (0) (0) (00)   ;(00000000000000000000000000000000) (0) (0) (00)   ;(00000000000000000000000000000000) (0) (0) (00)   ;(00000000000000000000000000000000) (0) (0) (00)   ;(00000000000000000000000000000000) (0) (0) (00)   ;
;184;(00000000000000000000000000000000) (0) (0) (00)    ;(00000000000000000000000000000000) (0) (0) (00)   ;(00000000000000000000000000000000) (0) (0) (00)   ;(00000000000000000000000000000000) (0) (0) (00)   ;(00000000000000000000000000000000) (0) (0) (00)   ;(00000000000000000000000000000000) (0) (0) (00)   ;(00000000000000000000000000000000) (0) (0) (00)   ;(00000000000000000000000000000000) (0) (0) (00)   ;
;192;(00000000000000000000000000000000) (0) (0) (00)    ;(00000000000000000000000000000000) (0) (0) (00)   ;(00000000000000000000000000000000) (0) (0) (00)   ;(00000000000000000000000000000000) (0) (0) (00)   ;(00000000000000000000000000000000) (0) (0) (00)   ;(00000000000000000000000000000000) (0) (0) (00)   ;(00000000000000000000000000000000) (0) (0) (00)   ;(00000000000000000000000000000000) (0) (0) (00)   ;
;200;(00000000000000000000000000000000) (0) (0) (00)    ;(00000000000000000000000000000000) (0) (0) (00)   ;(00000000000000000000000000000000) (0) (0) (00)   ;(00000000000000000000000000000000) (0) (0) (00)   ;(00000000000000000000000000000000) (0) (0) (00)   ;(00000000000000000000000000000000) (0) (0) (00)   ;(00000000000000000000000000000000) (0) (0) (00)   ;(00000000000000000000000000000000) (0) (0) (00)   ;
;208;(00000000000000000000000000000000) (0) (0) (00)    ;(00000000000000000000000000000000) (0) (0) (00)   ;(00000000000000000000000000000000) (0) (0) (00)   ;(00000000000000000000000000000000) (0) (0) (00)   ;(00000000000000000000000000000000) (0) (0) (00)   ;(00000000000000000000000000000000) (0) (0) (00)   ;(00000000000000000000000000000000) (0) (0) (00)   ;(00000000000000000000000000000000) (0) (0) (00)   ;
;216;(00000000000000000000000000000000) (0) (0) (00)    ;(00000000000000000000000000000000) (0) (0) (00)   ;(00000000000000000000000000000000) (0) (0) (00)   ;(00000000000000000000000000000000) (0) (0) (00)   ;(00000000000000000000000000000000) (0) (0) (00)   ;(00000000000000000000000000000000) (0) (0) (00)   ;(00000000000000000000000000000000) (0) (0) (00)   ;(00000000000000000000000000000000) (0) (0) (00)   ;
;224;(00000000000000000000000000000000) (0) (0) (00)    ;(00000000000000000000000000000000) (0) (0) (00)   ;(00000000000000000000000000000000) (0) (0) (00)   ;(00000000000000000000000000000000) (0) (0) (00)   ;(00000000000000000000000000000000) (0) (0) (00)   ;(00000000000000000000000000000000) (0) (0) (00)   ;(00000000000000000000000000000000) (0) (0) (00)   ;(00000000000000000000000000000000) (0) (0) (00)   ;
;232;(00000000000000000000000000000000) (0) (0) (00)    ;(00000000000000000000000000000000) (0) (0) (00)   ;(00000000000000000000000000000000) (0) (0) (00)   ;(00000000000000000000000000000000) (0) (0) (00)   ;(00000000000000000000000000000000) (0) (0) (00)   ;(00000000000000000000000000000000) (0) (0) (00)   ;(00000000000000000000000000000000) (0) (0) (00)   ;(00000000000000000000000000000000) (0) (0) (00)   ;
;240;(00000000000000000000000000000000) (0) (0) (00)    ;(00000000000000000000000000000000) (0) (0) (00)   ;(00000000000000000000000000000000) (0) (0) (00)   ;(00000000000000000000000000000000) (0) (0) (00)   ;(00000000000000000000000000000000) (0) (0) (00)   ;(00000000000000000000000000000000) (0) (0) (00)   ;(00000000000000000000000000000000) (0) (0) (00)   ;(00000000000000000000000000000000) (0) (0) (00)   ;
;248;(00000000000000000000000000000000) (0) (0) (00)    ;(00000000000000000000000000000000) (0) (0) (00)   ;(00000000000000000000000000000000) (0) (0) (00)   ;(00000000000000000000000000000000) (0) (0) (00)   ;(00000000000000000000000000000000) (0) (0) (00)   ;(00000000000000000000000000000000) (0) (0) (00)   ;(00000000000000000000000000000000) (0) (0) (00)   ;(00000000000000000000000000000000) (0) (0) (00)   ;
;256;(00000000000000000000000000000000) (0) (0) (00)    ;(00000000000000000000000000000000) (0) (0) (00)   ;(00000000000000000000000000000000) (0) (0) (00)   ;(00000000000000000000000000000000) (0) (0) (00)   ;(00000000000000000000000000000000) (0) (0) (00)   ;(00000000000000000000000000000000) (0) (0) (00)   ;(00000000000000000000000000000000) (0) (0) (00)   ;(00000000000000000000000000000000) (0) (0) (00)   ;
;264;(00000000000000000000000000000000) (0) (0) (00)    ;(00000000000000000000000000000000) (0) (0) (00)   ;(00000000000000000000000000000000) (0) (0) (00)   ;(00000000000000000000000000000000) (0) (0) (00)   ;(00000000000000000000000000000000) (0) (0) (00)   ;(00000000000000000000000000000000) (0) (0) (00)   ;(00000000000000000000000000000000) (0) (0) (00)   ;(00000000000000000000000000000000) (0) (0) (00)   ;
;272;(00000000000000000000000000000000) (0) (0) (00)    ;(00000000000000000000000000000000) (0) (0) (00)   ;(00000000000000000000000000000000) (0) (0) (00)   ;(00000000000000000000000000000000) (0) (0) (00)   ;(00000000000000000000000000000000) (0) (0) (00)   ;(00000000000000000000000000000000) (0) (0) (00)   ;(00000000000000000000000000000000) (0) (0) (00)   ;(00000000000000000000000000000000) (0) (0) (00)   ;
;280;(00000000000000000000000000000000) (0) (0) (00)    ;(00000000000000000000000000000000) (0) (0) (00)   ;(00000000000000000000000000000000) (0) (0) (00)   ;(00000000000000000000000000000000) (0) (0) (00)   ;(00000000000000000000000000000000) (0) (0) (00)   ;(00000000000000000000000000000000) (0) (0) (00)   ;(00000000000000000000000000000000) (0) (0) (00)   ;(00000000000000000000000000000000) (0) (0) (00)   ;
;288;(00000000000000000000000000000000) (0) (0) (00)    ;(00000000000000000000000000000000) (0) (0) (00)   ;(00000000000000000000000000000000) (0) (0) (00)   ;(00000000000000000000000000000000) (0) (0) (00)   ;(00000000000000000000000000000000) (0) (0) (00)   ;(00000000000000000000000000000000) (0) (0) (00)   ;(00000000000000000000000000000000) (0) (0) (00)   ;(00000000000000000000000000000000) (0) (0) (00)   ;
;296;(00000000000000000000000000000000) (0) (0) (00)    ;(00000000000000000000000000000000) (0) (0) (00)   ;(00000000000000000000000000000000) (0) (0) (00)   ;(00000000000000000000000000000000) (0) (0) (00)   ;(00000000000000000000000000000000) (0) (0) (00)   ;(00000000000000000000000000000000) (0) (0) (00)   ;(00000000000000000000000000000000) (0) (0) (00)   ;(00000000000000000000000000000000) (0) (0) (00)   ;
;304;(00000000000000000000000000000000) (0) (0) (00)    ;(00000000000000000000000000000000) (0) (0) (00)   ;(00000000000000000000000000000000) (0) (0) (00)   ;(00000000000000000000000000000000) (0) (0) (00)   ;(00000000000000000000000000000000) (0) (0) (00)   ;(00000000000000000000000000000000) (0) (0) (00)   ;(00000000000000000000000000000000) (0) (0) (00)   ;(00000000000000000000000000000000) (0) (0) (00)   ;
;312;(00000000000000000000000000000000) (0) (0) (00)    ;(00000000000000000000000000000000) (0) (0) (00)   ;(00000000000000000000000000000000) (0) (0) (00)   ;(00000000000000000000000000000000) (0) (0) (00)   ;(00000000000000000000000000000000) (0) (0) (00)   ;(00000000000000000000000000000000) (0) (0) (00)   ;(00000000000000000000000000000000) (0) (0) (00)   ;(00000000000000000000000000000000) (0) (0) (00)   ;
;320;(00000000000000000000000000000000) (0) (0) (00)    ;(00000000000000000000000000000000) (0) (0) (00)   ;(00000000000000000000000000000000) (0) (0) (00)   ;(00000000000000000000000000000000) (0) (0) (00)   ;(00000000000000000000000000000000) (0) (0) (00)   ;(00000000000000000000000000000000) (0) (0) (00)   ;(00000000000000000000000000000000) (0) (0) (00)   ;(00000000000000000000000000000000) (0) (0) (00)   ;
;328;(00000000000000000000000000000000) (0) (0) (00)    ;(00000000000000000000000000000000) (0) (0) (00)   ;(00000000000000000000000000000000) (0) (0) (00)   ;(00000000000000000000000000000000) (0) (0) (00)   ;(00000000000000000000000000000000) (0) (0) (00)   ;(00000000000000000000000000000000) (0) (0) (00)   ;(00000000000000000000000000000000) (0) (0) (00)   ;(00000000000000000000000000000000) (0) (0) (00)   ;
;336;(00000000000000000000000000000000) (0) (0) (00)    ;(00000000000000000000000000000000) (0) (0) (00)   ;(00000000000000000000000000000000) (0) (0) (00)   ;(00000000000000000000000000000000) (0) (0) (00)   ;(00000000000000000000000000000000) (0) (0) (00)   ;(00000000000000000000000000000000) (0) (0) (00)   ;(00000000000000000000000000000000) (0) (0) (00)   ;(00000000000000000000000000000000) (0) (0) (00)   ;
;344;(00000000000000000000000000000000) (0) (0) (00)    ;(00000000000000000000000000000000) (0) (0) (00)   ;(00000000000000000000000000000000) (0) (0) (00)   ;(00000000000000000000000000000000) (0) (0) (00)   ;(00000000000000000000000000000000) (0) (0) (00)   ;(00000000000000000000000000000000) (0) (0) (00)   ;(00000000000000000000000000000000) (0) (0) (00)   ;(00000000000000000000000000000000) (0) (0) (00)   ;
;352;(00000000000000000000000000000000) (0) (0) (00)    ;(00000000000000000000000000000000) (0) (0) (00)   ;(00000000000000000000000000000000) (0) (0) (00)   ;(00000000000000000000000000000000) (0) (0) (00)   ;(00000000000000000000000000000000) (0) (0) (00)   ;(00000000000000000000000000000000) (0) (0) (00)   ;(00000000000000000000000000000000) (0) (0) (00)   ;(00000000000000000000000000000000) (0) (0) (00)   ;
;360;(00000000000000000000000000000000) (0) (0) (00)    ;(00000000000000000000000000000000) (0) (0) (00)   ;(00000000000000000000000000000000) (0) (0) (00)   ;(00000000000000000000000000000000) (0) (0) (00)   ;(00000000000000000000000000000000) (0) (0) (00)   ;(00000000000000000000000000000000) (0) (0) (00)   ;(00000000000000000000000000000000) (0) (0) (00)   ;(00000000000000000000000000000000) (0) (0) (00)   ;
;368;(00000000000000000000000000000000) (0) (0) (00)    ;(00000000000000000000000000000000) (0) (0) (00)   ;(00000000000000000000000000000000) (0) (0) (00)   ;(00000000000000000000000000000000) (0) (0) (00)   ;(00000000000000000000000000000000) (0) (0) (00)   ;(00000000000000000000000000000000) (0) (0) (00)   ;(00000000000000000000000000000000) (0) (0) (00)   ;(00000000000000000000000000000000) (0) (0) (00)   ;
;376;(00000000000000000000000000000000) (0) (0) (00)    ;(00000000000000000000000000000000) (0) (0) (00)   ;(00000000000000000000000000000000) (0) (0) (00)   ;(00000000000000000000000000000000) (0) (0) (00)   ;(00000000000000000000000000000000) (0) (0) (00)   ;(00000000000000000000000000000000) (0) (0) (00)   ;(00000000000000000000000000000000) (0) (0) (00)   ;(00000000000000000000000000000000) (0) (0) (00)   ;
;384;(00000000000000000000000000000000) (0) (0) (00)    ;(00000000000000000000000000000000) (0) (0) (00)   ;(00000000000000000000000000000000) (0) (0) (00)   ;(00000000000000000000000000000000) (0) (0) (00)   ;(00000000000000000000000000000000) (0) (0) (00)   ;(00000000000000000000000000000000) (0) (0) (00)   ;(00000000000000000000000000000000) (0) (0) (00)   ;(00000000000000000000000000000000) (0) (0) (00)   ;
;392;(00000000000000000000000000000000) (0) (0) (00)    ;(00000000000000000000000000000000) (0) (0) (00)   ;(00000000000000000000000000000000) (0) (0) (00)   ;(00000000000000000000000000000000) (0) (0) (00)   ;(00000000000000000000000000000000) (0) (0) (00)   ;(00000000000000000000000000000000) (0) (0) (00)   ;(00000000000000000000000000000000) (0) (0) (00)   ;(00000000000000000000000000000000) (0) (0) (00)   ;
;400;(00000000000000000000000000000000) (0) (0) (00)    ;(00000000000000000000000000000000) (0) (0) (00)   ;(00000000000000000000000000000000) (0) (0) (00)   ;(00000000000000000000000000000000) (0) (0) (00)   ;(00000000000000000000000000000000) (0) (0) (00)   ;(00000000000000000000000000000000) (0) (0) (00)   ;(00000000000000000000000000000000) (0) (0) (00)   ;(00000000000000000000000000000000) (0) (0) (00)   ;
;408;(00000000000000000000000000000000) (0) (0) (00)    ;(00000000000000000000000000000000) (0) (0) (00)   ;(00000000000000000000000000000000) (0) (0) (00)   ;(00000000000000000000000000000000) (0) (0) (00)   ;(00000000000000000000000000000000) (0) (0) (00)   ;(00000000000000000000000000000000) (0) (0) (00)   ;(00000000000000000000000000000000) (0) (0) (00)   ;(00000000000000000000000000000000) (0) (0) (00)   ;
;416;(00000000000000000000000000000000) (0) (0) (00)    ;(00000000000000000000000000000000) (0) (0) (00)   ;(00000000000000000000000000000000) (0) (0) (00)   ;(00000000000000000000000000000000) (0) (0) (00)   ;(00000000000000000000000000000000) (0) (0) (00)   ;(00000000000000000000000000000000) (0) (0) (00)   ;(00000000000000000000000000000000) (0) (0) (00)   ;(00000000000000000000000000000000) (0) (0) (00)   ;
;424;(00000000000000000000000000000000) (0) (0) (00)    ;(00000000000000000000000000000000) (0) (0) (00)   ;(00000000000000000000000000000000) (0) (0) (00)   ;(00000000000000000000000000000000) (0) (0) (00)   ;(00000000000000000000000000000000) (0) (0) (00)   ;(00000000000000000000000000000000) (0) (0) (00)   ;(00000000000000000000000000000000) (0) (0) (00)   ;(00000000000000000000000000000000) (0) (0) (00)   ;
;432;(00000000000000000000000000000000) (0) (0) (00)    ;(00000000000000000000000000000000) (0) (0) (00)   ;(00000000000000000000000000000000) (0) (0) (00)   ;(00000000000000000000000000000000) (0) (0) (00)   ;(00000000000000000000000000000000) (0) (0) (00)   ;(00000000000000000000000000000000) (0) (0) (00)   ;(00000000000000000000000000000000) (0) (0) (00)   ;(00000000000000000000000000000000) (0) (0) (00)   ;
;440;(00000000000000000000000000000000) (0) (0) (00)    ;(00000000000000000000000000000000) (0) (0) (00)   ;(00000000000000000000000000000000) (0) (0) (00)   ;(00000000000000000000000000000000) (0) (0) (00)   ;(00000000000000000000000000000000) (0) (0) (00)   ;(00000000000000000000000000000000) (0) (0) (00)   ;(00000000000000000000000000000000) (0) (0) (00)   ;(00000000000000000000000000000000) (0) (0) (00)   ;
;448;(00000000000000000000000000000000) (0) (0) (00)    ;(00000000000000000000000000000000) (0) (0) (00)   ;(00000000000000000000000000000000) (0) (0) (00)   ;(00000000000000000000000000000000) (0) (0) (00)   ;(00000000000000000000000000000000) (0) (0) (00)   ;(00000000000000000000000000000000) (0) (0) (00)   ;(00000000000000000000000000000000) (0) (0) (00)   ;(00000000000000000000000000000000) (0) (0) (00)   ;
;456;(00000000000000000000000000000000) (0) (0) (00)    ;(00000000000000000000000000000000) (0) (0) (00)   ;(00000000000000000000000000000000) (0) (0) (00)   ;(00000000000000000000000000000000) (0) (0) (00)   ;(00000000000000000000000000000000) (0) (0) (00)   ;(00000000000000000000000000000000) (0) (0) (00)   ;(00000000000000000000000000000000) (0) (0) (00)   ;(00000000000000000000000000000000) (0) (0) (00)   ;
;464;(00000000000000000000000000000000) (0) (0) (00)    ;(00000000000000000000000000000000) (0) (0) (00)   ;(00000000000000000000000000000000) (0) (0) (00)   ;(00000000000000000000000000000000) (0) (0) (00)   ;(00000000000000000000000000000000) (0) (0) (00)   ;(00000000000000000000000000000000) (0) (0) (00)   ;(00000000000000000000000000000000) (0) (0) (00)   ;(00000000000000000000000000000000) (0) (0) (00)   ;
;472;(00000000000000000000000000000000) (0) (0) (00)    ;(00000000000000000000000000000000) (0) (0) (00)   ;(00000000000000000000000000000000) (0) (0) (00)   ;(00000000000000000000000000000000) (0) (0) (00)   ;(00000000000000000000000000000000) (0) (0) (00)   ;(00000000000000000000000000000000) (0) (0) (00)   ;(00000000000000000000000000000000) (0) (0) (00)   ;(00000000000000000000000000000000) (0) (0) (00)   ;
;480;(00000000000000000000000000000000) (0) (0) (00)    ;(00000000000000000000000000000000) (0) (0) (00)   ;(00000000000000000000000000000000) (0) (0) (00)   ;(00000000000000000000000000000000) (0) (0) (00)   ;(00000000000000000000000000000000) (0) (0) (00)   ;(00000000000000000000000000000000) (0) (0) (00)   ;(00000000000000000000000000000000) (0) (0) (00)   ;(00000000000000000000000000000000) (0) (0) (00)   ;
;488;(00000000000000000000000000000000) (0) (0) (00)    ;(00000000000000000000000000000000) (0) (0) (00)   ;(00000000000000000000000000000000) (0) (0) (00)   ;(00000000000000000000000000000000) (0) (0) (00)   ;(00000000000000000000000000000000) (0) (0) (00)   ;(00000000000000000000000000000000) (0) (0) (00)   ;(00000000000000000000000000000000) (0) (0) (00)   ;(00000000000000000000000000000000) (0) (0) (00)   ;
;496;(00000000000000000000000000000000) (0) (0) (00)    ;(00000000000000000000000000000000) (0) (0) (00)   ;(00000000000000000000000000000000) (0) (0) (00)   ;(00000000000000000000000000000000) (0) (0) (00)   ;(00000000000000000000000000000000) (0) (0) (00)   ;(00000000000000000000000000000000) (0) (0) (00)   ;(00000000000000000000000000000000) (0) (0) (00)   ;(00000000000000000000000000000000) (0) (0) (00)   ;
;504;(00000000000000000000000000000000) (0) (0) (00)    ;(00000000000000000000000000000000) (0) (0) (00)   ;(00000000000000000000000000000000) (0) (0) (00)   ;(00000000000000000000000000000000) (0) (0) (00)   ;(00000000000000000000000000000000) (0) (0) (00)   ;(00000000000000000000000000000000) (0) (0) (00)   ;(00000000000000000000000000000000) (0) (0) (00)   ;(00000000000000000000000000000000) (0) (0) (00)   ;
;512;(00000000000000000000000000000000) (0) (0) (00)    ;(00000000000000000000000000000000) (0) (0) (00)   ;(00000000000000000000000000000000) (0) (0) (00)   ;(00000000000000000000000000000000) (0) (0) (00)   ;(00000000000000000000000000000000) (0) (0) (00)   ;(00000000000000000000000000000000) (0) (0) (00)   ;(00000000000000000000000000000000) (0) (0) (00)   ;(00000000000000000000000000000000) (0) (0) (00)   ;
;520;(00000000000000000000000000000000) (0) (0) (00)    ;(00000000000000000000000000000000) (0) (0) (00)   ;(00000000000000000000000000000000) (0) (0) (00)   ;(00000000000000000000000000000000) (0) (0) (00)   ;(00000000000000000000000000000000) (0) (0) (00)   ;(00000000000000000000000000000000) (0) (0) (00)   ;(00000000000000000000000000000000) (0) (0) (00)   ;(00000000000000000000000000000000) (0) (0) (00)   ;
;528;(00000000000000000000000000000000) (0) (0) (00)    ;(00000000000000000000000000000000) (0) (0) (00)   ;(00000000000000000000000000000000) (0) (0) (00)   ;(00000000000000000000000000000000) (0) (0) (00)   ;(00000000000000000000000000000000) (0) (0) (00)   ;(00000000000000000000000000000000) (0) (0) (00)   ;(00000000000000000000000000000000) (0) (0) (00)   ;(00000000000000000000000000000000) (0) (0) (00)   ;
;536;(00000000000000000000000000000000) (0) (0) (00)    ;(00000000000000000000000000000000) (0) (0) (00)   ;(00000000000000000000000000000000) (0) (0) (00)   ;(00000000000000000000000000000000) (0) (0) (00)   ;(00000000000000000000000000000000) (0) (0) (00)   ;(00000000000000000000000000000000) (0) (0) (00)   ;(00000000000000000000000000000000) (0) (0) (00)   ;(00000000000000000000000000000000) (0) (0) (00)   ;
;544;(00000000000000000000000000000000) (0) (0) (00)    ;(00000000000000000000000000000000) (0) (0) (00)   ;(00000000000000000000000000000000) (0) (0) (00)   ;(00000000000000000000000000000000) (0) (0) (00)   ;(00000000000000000000000000000000) (0) (0) (00)   ;(00000000000000000000000000000000) (0) (0) (00)   ;(00000000000000000000000000000000) (0) (0) (00)   ;(00000000000000000000000000000000) (0) (0) (00)   ;
;552;(00000000000000000000000000000000) (0) (0) (00)    ;(00000000000000000000000000000000) (0) (0) (00)   ;(00000000000000000000000000000000) (0) (0) (00)   ;(00000000000000000000000000000000) (0) (0) (00)   ;(00000000000000000000000000000000) (0) (0) (00)   ;(00000000000000000000000000000000) (0) (0) (00)   ;(00000000000000000000000000000000) (0) (0) (00)   ;(00000000000000000000000000000000) (0) (0) (00)   ;
;560;(00000000000000000000000000000000) (0) (0) (00)    ;(00000000000000000000000000000000) (0) (0) (00)   ;(00000000000000000000000000000000) (0) (0) (00)   ;(00000000000000000000000000000000) (0) (0) (00)   ;(00000000000000000000000000000000) (0) (0) (00)   ;(00000000000000000000000000000000) (0) (0) (00)   ;(00000000000000000000000000000000) (0) (0) (00)   ;(00000000000000000000000000000000) (0) (0) (00)   ;
;568;(00000000000000000000000000000000) (0) (0) (00)    ;(00000000000000000000000000000000) (0) (0) (00)   ;(00000000000000000000000000000000) (0) (0) (00)   ;(00000000000000000000000000000000) (0) (0) (00)   ;(00000000000000000000000000000000) (0) (0) (00)   ;(00000000000000000000000000000000) (0) (0) (00)   ;(00000000000000000000000000000000) (0) (0) (00)   ;(00000000000000000000000000000000) (0) (0) (00)   ;
;576;(00000000000000000000000000000000) (0) (0) (00)    ;(00000000000000000000000000000000) (0) (0) (00)   ;(00000000000000000000000000000000) (0) (0) (00)   ;(00000000000000000000000000000000) (0) (0) (00)   ;(00000000000000000000000000000000) (0) (0) (00)   ;(00000000000000000000000000000000) (0) (0) (00)   ;(00000000000000000000000000000000) (0) (0) (00)   ;(00000000000000000000000000000000) (0) (0) (00)   ;
;584;(00000000000000000000000000000000) (0) (0) (00)    ;(00000000000000000000000000000000) (0) (0) (00)   ;(00000000000000000000000000000000) (0) (0) (00)   ;(00000000000000000000000000000000) (0) (0) (00)   ;(00000000000000000000000000000000) (0) (0) (00)   ;(00000000000000000000000000000000) (0) (0) (00)   ;(00000000000000000000000000000000) (0) (0) (00)   ;(00000000000000000000000000000000) (0) (0) (00)   ;
;592;(00000000000000000000000000000000) (0) (0) (00)    ;(00000000000000000000000000000000) (0) (0) (00)   ;(00000000000000000000000000000000) (0) (0) (00)   ;(00000000000000000000000000000000) (0) (0) (00)   ;(00000000000000000000000000000000) (0) (0) (00)   ;(00000000000000000000000000000000) (0) (0) (00)   ;(00000000000000000000000000000000) (0) (0) (00)   ;(00000000000000000000000000000000) (0) (0) (00)   ;
;600;(00000000000000000000000000000000) (0) (0) (00)    ;(00000000000000000000000000000000) (0) (0) (00)   ;(00000000000000000000000000000000) (0) (0) (00)   ;(00000000000000000000000000000000) (0) (0) (00)   ;(00000000000000000000000000000000) (0) (0) (00)   ;(00000000000000000000000000000000) (0) (0) (00)   ;(00000000000000000000000000000000) (0) (0) (00)   ;(00000000000000000000000000000000) (0) (0) (00)   ;
;608;(00000000000000000000000000000000) (0) (0) (00)    ;(00000000000000000000000000000000) (0) (0) (00)   ;(00000000000000000000000000000000) (0) (0) (00)   ;(00000000000000000000000000000000) (0) (0) (00)   ;(00000000000000000000000000000000) (0) (0) (00)   ;(00000000000000000000000000000000) (0) (0) (00)   ;(00000000000000000000000000000000) (0) (0) (00)   ;(00000000000000000000000000000000) (0) (0) (00)   ;
;616;(00000000000000000000000000000000) (0) (0) (00)    ;(00000000000000000000000000000000) (0) (0) (00)   ;(00000000000000000000000000000000) (0) (0) (00)   ;(00000000000000000000000000000000) (0) (0) (00)   ;(00000000000000000000000000000000) (0) (0) (00)   ;(00000000000000000000000000000000) (0) (0) (00)   ;(00000000000000000000000000000000) (0) (0) (00)   ;(00000000000000000000000000000000) (0) (0) (00)   ;
;624;(00000000000000000000000000000000) (0) (0) (00)    ;(00000000000000000000000000000000) (0) (0) (00)   ;(00000000000000000000000000000000) (0) (0) (00)   ;(00000000000000000000000000000000) (0) (0) (00)   ;(00000000000000000000000000000000) (0) (0) (00)   ;(00000000000000000000000000000000) (0) (0) (00)   ;(00000000000000000000000000000000) (0) (0) (00)   ;(00000000000000000000000000000000) (0) (0) (00)   ;
;632;(00000000000000000000000000000000) (0) (0) (00)    ;(00000000000000000000000000000000) (0) (0) (00)   ;(00000000000000000000000000000000) (0) (0) (00)   ;(00000000000000000000000000000000) (0) (0) (00)   ;(00000000000000000000000000000000) (0) (0) (00)   ;(00000000000000000000000000000000) (0) (0) (00)   ;(00000000000000000000000000000000) (0) (0) (00)   ;(00000000000000000000000000000000) (0) (0) (00)   ;
;640;(00000000000000000000000000000000) (0) (0) (00)    ;(00000000000000000000000000000000) (0) (0) (00)   ;(00000000000000000000000000000000) (0) (0) (00)   ;(00000000000000000000000000000000) (0) (0) (00)   ;(00000000000000000000000000000000) (0) (0) (00)   ;(00000000000000000000000000000000) (0) (0) (00)   ;(00000000000000000000000000000000) (0) (0) (00)   ;(00000000000000000000000000000000) (0) (0) (00)   ;
;648;(00000000000000000000000000000000) (0) (0) (00)    ;(00000000000000000000000000000000) (0) (0) (00)   ;(00000000000000000000000000000000) (0) (0) (00)   ;(00000000000000000000000000000000) (0) (0) (00)   ;(00000000000000000000000000000000) (0) (0) (00)   ;(00000000000000000000000000000000) (0) (0) (00)   ;(00000000000000000000000000000000) (0) (0) (00)   ;(00000000000000000000000000000000) (0) (0) (00)   ;
;656;(00000000000000000000000000000000) (0) (0) (00)    ;(00000000000000000000000000000000) (0) (0) (00)   ;(00000000000000000000000000000000) (0) (0) (00)   ;(00000000000000000000000000000000) (0) (0) (00)   ;(00000000000000000000000000000000) (0) (0) (00)   ;(00000000000000000000000000000000) (0) (0) (00)   ;(00000000000000000000000000000000) (0) (0) (00)   ;(00000000000000000000000000000000) (0) (0) (00)   ;
;664;(00000000000000000000000000000000) (0) (0) (00)    ;(00000000000000000000000000000000) (0) (0) (00)   ;(00000000000000000000000000000000) (0) (0) (00)   ;(00000000000000000000000000000000) (0) (0) (00)   ;(00000000000000000000000000000000) (0) (0) (00)   ;(00000000000000000000000000000000) (0) (0) (00)   ;(00000000000000000000000000000000) (0) (0) (00)   ;(00000000000000000000000000000000) (0) (0) (00)   ;
;672;(00000000000000000000000000000000) (0) (0) (00)    ;(00000000000000000000000000000000) (0) (0) (00)   ;(00000000000000000000000000000000) (0) (0) (00)   ;(00000000000000000000000000000000) (0) (0) (00)   ;(00000000000000000000000000000000) (0) (0) (00)   ;(00000000000000000000000000000000) (0) (0) (00)   ;(00000000000000000000000000000000) (0) (0) (00)   ;(00000000000000000000000000000000) (0) (0) (00)   ;
;680;(00000000000000000000000000000000) (0) (0) (00)    ;(00000000000000000000000000000000) (0) (0) (00)   ;(00000000000000000000000000000000) (0) (0) (00)   ;(00000000000000000000000000000000) (0) (0) (00)   ;(00000000000000000000000000000000) (0) (0) (00)   ;(00000000000000000000000000000000) (0) (0) (00)   ;(00000000000000000000000000000000) (0) (0) (00)   ;(00000000000000000000000000000000) (0) (0) (00)   ;
;688;(00000000000000000000000000000000) (0) (0) (00)    ;(00000000000000000000000000000000) (0) (0) (00)   ;(00000000000000000000000000000000) (0) (0) (00)   ;(00000000000000000000000000000000) (0) (0) (00)   ;(00000000000000000000000000000000) (0) (0) (00)   ;(00000000000000000000000000000000) (0) (0) (00)   ;(00000000000000000000000000000000) (0) (0) (00)   ;(00000000000000000000000000000000) (0) (0) (00)   ;
;696;(00000000000000000000000000000000) (0) (0) (00)    ;(00000000000000000000000000000000) (0) (0) (00)   ;(00000000000000000000000000000000) (0) (0) (00)   ;(00000000000000000000000000000000) (0) (0) (00)   ;(00000000000000000000000000000000) (0) (0) (00)   ;(00000000000000000000000000000000) (0) (0) (00)   ;(00000000000000000000000000000000) (0) (0) (00)   ;(00000000000000000000000000000000) (0) (0) (00)   ;
;704;(00000000000000000000000000000000) (0) (0) (00)    ;(00000000000000000000000000000000) (0) (0) (00)   ;(00000000000000000000000000000000) (0) (0) (00)   ;(00000000000000000000000000000000) (0) (0) (00)   ;(00000000000000000000000000000000) (0) (0) (00)   ;(00000000000000000000000000000000) (0) (0) (00)   ;(00000000000000000000000000000000) (0) (0) (00)   ;(00000000000000000000000000000000) (0) (0) (00)   ;
;712;(00000000000000000000000000000000) (0) (0) (00)    ;(00000000000000000000000000000000) (0) (0) (00)   ;(00000000000000000000000000000000) (0) (0) (00)   ;(00000000000000000000000000000000) (0) (0) (00)   ;(00000000000000000000000000000000) (0) (0) (00)   ;(00000000000000000000000000000000) (0) (0) (00)   ;(00000000000000000000000000000000) (0) (0) (00)   ;(00000000000000000000000000000000) (0) (0) (00)   ;
;720;(00000000000000000000000000000000) (0) (0) (00)    ;(00000000000000000000000000000000) (0) (0) (00)   ;(00000000000000000000000000000000) (0) (0) (00)   ;(00000000000000000000000000000000) (0) (0) (00)   ;(00000000000000000000000000000000) (0) (0) (00)   ;(00000000000000000000000000000000) (0) (0) (00)   ;(00000000000000000000000000000000) (0) (0) (00)   ;(00000000000000000000000000000000) (0) (0) (00)   ;
;728;(00000000000000000000000000000000) (0) (0) (00)    ;(00000000000000000000000000000000) (0) (0) (00)   ;(00000000000000000000000000000000) (0) (0) (00)   ;(00000000000000000000000000000000) (0) (0) (00)   ;(00000000000000000000000000000000) (0) (0) (00)   ;(00000000000000000000000000000000) (0) (0) (00)   ;(00000000000000000000000000000000) (0) (0) (00)   ;(00000000000000000000000000000000) (0) (0) (00)   ;
;736;(00000000000000000000000000000000) (0) (0) (00)    ;(00000000000000000000000000000000) (0) (0) (00)   ;(00000000000000000000000000000000) (0) (0) (00)   ;(00000000000000000000000000000000) (0) (0) (00)   ;(00000000000000000000000000000000) (0) (0) (00)   ;(00000000000000000000000000000000) (0) (0) (00)   ;(00000000000000000000000000000000) (0) (0) (00)   ;(00000000000000000000000000000000) (0) (0) (00)   ;
;744;(00000000000000000000000000000000) (0) (0) (00)    ;(00000000000000000000000000000000) (0) (0) (00)   ;(00000000000000000000000000000000) (0) (0) (00)   ;(00000000000000000000000000000000) (0) (0) (00)   ;(00000000000000000000000000000000) (0) (0) (00)   ;(00000000000000000000000000000000) (0) (0) (00)   ;(00000000000000000000000000000000) (0) (0) (00)   ;(00000000000000000000000000000000) (0) (0) (00)   ;
;752;(00000000000000000000000000000000) (0) (0) (00)    ;(00000000000000000000000000000000) (0) (0) (00)   ;(00000000000000000000000000000000) (0) (0) (00)   ;(00000000000000000000000000000000) (0) (0) (00)   ;(00000000000000000000000000000000) (0) (0) (00)   ;(00000000000000000000000000000000) (0) (0) (00)   ;(00000000000000000000000000000000) (0) (0) (00)   ;(00000000000000000000000000000000) (0) (0) (00)   ;
;760;(00000000000000000000000000000000) (0) (0) (00)    ;(00000000000000000000000000000000) (0) (0) (00)   ;(00000000000000000000000000000000) (0) (0) (00)   ;(00000000000000000000000000000000) (0) (0) (00)   ;(00000000000000000000000000000000) (0) (0) (00)   ;(00000000000000000000000000000000) (0) (0) (00)   ;(00000000000000000000000000000000) (0) (0) (00)   ;(00000000000000000000000000000000) (0) (0) (00)   ;
;768;(00000000000000000000000000000000) (0) (0) (00)    ;(00000000000000000000000000000000) (0) (0) (00)   ;(00000000000000000000000000000000) (0) (0) (00)   ;(00000000000000000000000000000000) (0) (0) (00)   ;(00000000000000000000000000000000) (0) (0) (00)   ;(00000000000000000000000000000000) (0) (0) (00)   ;(00000000000000000000000000000000) (0) (0) (00)   ;(00000000000000000000000000000000) (0) (0) (00)   ;
;776;(00000000000000000000000000000000) (0) (0) (00)    ;(00000000000000000000000000000000) (0) (0) (00)   ;(00000000000000000000000000000000) (0) (0) (00)   ;(00000000000000000000000000000000) (0) (0) (00)   ;(00000000000000000000000000000000) (0) (0) (00)   ;(00000000000000000000000000000000) (0) (0) (00)   ;(00000000000000000000000000000000) (0) (0) (00)   ;(00000000000000000000000000000000) (0) (0) (00)   ;
;784;(00000000000000000000000000000000) (0) (0) (00)    ;(00000000000000000000000000000000) (0) (0) (00)   ;(00000000000000000000000000000000) (0) (0) (00)   ;(00000000000000000000000000000000) (0) (0) (00)   ;(00000000000000000000000000000000) (0) (0) (00)   ;(00000000000000000000000000000000) (0) (0) (00)   ;(00000000000000000000000000000000) (0) (0) (00)   ;(00000000000000000000000000000000) (0) (0) (00)   ;
;792;(00000000000000000000000000000000) (0) (0) (00)    ;(00000000000000000000000000000000) (0) (0) (00)   ;(00000000000000000000000000000000) (0) (0) (00)   ;(00000000000000000000000000000000) (0) (0) (00)   ;(00000000000000000000000000000000) (0) (0) (00)   ;(00000000000000000000000000000000) (0) (0) (00)   ;(00000000000000000000000000000000) (0) (0) (00)   ;(00000000000000000000000000000000) (0) (0) (00)   ;
;800;(00000000000000000000000000000000) (0) (0) (00)    ;(00000000000000000000000000000000) (0) (0) (00)   ;(00000000000000000000000000000000) (0) (0) (00)   ;(00000000000000000000000000000000) (0) (0) (00)   ;(00000000000000000000000000000000) (0) (0) (00)   ;(00000000000000000000000000000000) (0) (0) (00)   ;(00000000000000000000000000000000) (0) (0) (00)   ;(00000000000000000000000000000000) (0) (0) (00)   ;
;808;(00000000000000000000000000000000) (0) (0) (00)    ;(00000000000000000000000000000000) (0) (0) (00)   ;(00000000000000000000000000000000) (0) (0) (00)   ;(00000000000000000000000000000000) (0) (0) (00)   ;(00000000000000000000000000000000) (0) (0) (00)   ;(00000000000000000000000000000000) (0) (0) (00)   ;(00000000000000000000000000000000) (0) (0) (00)   ;(00000000000000000000000000000000) (0) (0) (00)   ;
;816;(00000000000000000000000000000000) (0) (0) (00)    ;(00000000000000000000000000000000) (0) (0) (00)   ;(00000000000000000000000000000000) (0) (0) (00)   ;(00000000000000000000000000000000) (0) (0) (00)   ;(00000000000000000000000000000000) (0) (0) (00)   ;(00000000000000000000000000000000) (0) (0) (00)   ;(00000000000000000000000000000000) (0) (0) (00)   ;(00000000000000000000000000000000) (0) (0) (00)   ;
;824;(00000000000000000000000000000000) (0) (0) (00)    ;(00000000000000000000000000000000) (0) (0) (00)   ;(00000000000000000000000000000000) (0) (0) (00)   ;(00000000000000000000000000000000) (0) (0) (00)   ;(00000000000000000000000000000000) (0) (0) (00)   ;(00000000000000000000000000000000) (0) (0) (00)   ;(00000000000000000000000000000000) (0) (0) (00)   ;(00000000000000000000000000000000) (0) (0) (00)   ;
;832;(00000000000000000000000000000000) (0) (0) (00)    ;(00000000000000000000000000000000) (0) (0) (00)   ;(00000000000000000000000000000000) (0) (0) (00)   ;(00000000000000000000000000000000) (0) (0) (00)   ;(00000000000000000000000000000000) (0) (0) (00)   ;(00000000000000000000000000000000) (0) (0) (00)   ;(00000000000000000000000000000000) (0) (0) (00)   ;(00000000000000000000000000000000) (0) (0) (00)   ;
;840;(00000000000000000000000000000000) (0) (0) (00)    ;(00000000000000000000000000000000) (0) (0) (00)   ;(00000000000000000000000000000000) (0) (0) (00)   ;(00000000000000000000000000000000) (0) (0) (00)   ;(00000000000000000000000000000000) (0) (0) (00)   ;(00000000000000000000000000000000) (0) (0) (00)   ;(00000000000000000000000000000000) (0) (0) (00)   ;(00000000000000000000000000000000) (0) (0) (00)   ;
;848;(00000000000000000000000000000000) (0) (0) (00)    ;(00000000000000000000000000000000) (0) (0) (00)   ;(00000000000000000000000000000000) (0) (0) (00)   ;(00000000000000000000000000000000) (0) (0) (00)   ;(00000000000000000000000000000000) (0) (0) (00)   ;(00000000000000000000000000000000) (0) (0) (00)   ;(00000000000000000000000000000000) (0) (0) (00)   ;(00000000000000000000000000000000) (0) (0) (00)   ;
;856;(00000000000000000000000000000000) (0) (0) (00)    ;(00000000000000000000000000000000) (0) (0) (00)   ;(00000000000000000000000000000000) (0) (0) (00)   ;(00000000000000000000000000000000) (0) (0) (00)   ;(00000000000000000000000000000000) (0) (0) (00)   ;(00000000000000000000000000000000) (0) (0) (00)   ;(00000000000000000000000000000000) (0) (0) (00)   ;(00000000000000000000000000000000) (0) (0) (00)   ;
;864;(00000000000000000000000000000000) (0) (0) (00)    ;(00000000000000000000000000000000) (0) (0) (00)   ;(00000000000000000000000000000000) (0) (0) (00)   ;(00000000000000000000000000000000) (0) (0) (00)   ;(00000000000000000000000000000000) (0) (0) (00)   ;(00000000000000000000000000000000) (0) (0) (00)   ;(00000000000000000000000000000000) (0) (0) (00)   ;(00000000000000000000000000000000) (0) (0) (00)   ;
;872;(00000000000000000000000000000000) (0) (0) (00)    ;(00000000000000000000000000000000) (0) (0) (00)   ;(00000000000000000000000000000000) (0) (0) (00)   ;(00000000000000000000000000000000) (0) (0) (00)   ;(00000000000000000000000000000000) (0) (0) (00)   ;(00000000000000000000000000000000) (0) (0) (00)   ;(00000000000000000000000000000000) (0) (0) (00)   ;(00000000000000000000000000000000) (0) (0) (00)   ;
;880;(00000000000000000000000000000000) (0) (0) (00)    ;(00000000000000000000000000000000) (0) (0) (00)   ;(00000000000000000000000000000000) (0) (0) (00)   ;(00000000000000000000000000000000) (0) (0) (00)   ;(00000000000000000000000000000000) (0) (0) (00)   ;(00000000000000000000000000000000) (0) (0) (00)   ;(00000000000000000000000000000000) (0) (0) (00)   ;(00000000000000000000000000000000) (0) (0) (00)   ;
;888;(00000000000000000000000000000000) (0) (0) (00)    ;(00000000000000000000000000000000) (0) (0) (00)   ;(00000000000000000000000000000000) (0) (0) (00)   ;(00000000000000000000000000000000) (0) (0) (00)   ;(00000000000000000000000000000000) (0) (0) (00)   ;(00000000000000000000000000000000) (0) (0) (00)   ;(00000000000000000000000000000000) (0) (0) (00)   ;(00000000000000000000000000000000) (0) (0) (00)   ;
;896;(00000000000000000000000000000000) (0) (0) (00)    ;(00000000000000000000000000000000) (0) (0) (00)   ;(00000000000000000000000000000000) (0) (0) (00)   ;(00000000000000000000000000000000) (0) (0) (00)   ;(00000000000000000000000000000000) (0) (0) (00)   ;(00000000000000000000000000000000) (0) (0) (00)   ;(00000000000000000000000000000000) (0) (0) (00)   ;(00000000000000000000000000000000) (0) (0) (00)   ;
;904;(00000000000000000000000000000000) (0) (0) (00)    ;(00000000000000000000000000000000) (0) (0) (00)   ;(00000000000000000000000000000000) (0) (0) (00)   ;(00000000000000000000000000000000) (0) (0) (00)   ;(00000000000000000000000000000000) (0) (0) (00)   ;(00000000000000000000000000000000) (0) (0) (00)   ;(00000000000000000000000000000000) (0) (0) (00)   ;(00000000000000000000000000000000) (0) (0) (00)   ;
;912;(00000000000000000000000000000000) (0) (0) (00)    ;(00000000000000000000000000000000) (0) (0) (00)   ;(00000000000000000000000000000000) (0) (0) (00)   ;(00000000000000000000000000000000) (0) (0) (00)   ;(00000000000000000000000000000000) (0) (0) (00)   ;(00000000000000000000000000000000) (0) (0) (00)   ;(00000000000000000000000000000000) (0) (0) (00)   ;(00000000000000000000000000000000) (0) (0) (00)   ;
;920;(00000000000000000000000000000000) (0) (0) (00)    ;(00000000000000000000000000000000) (0) (0) (00)   ;(00000000000000000000000000000000) (0) (0) (00)   ;(00000000000000000000000000000000) (0) (0) (00)   ;(00000000000000000000000000000000) (0) (0) (00)   ;(00000000000000000000000000000000) (0) (0) (00)   ;(00000000000000000000000000000000) (0) (0) (00)   ;(00000000000000000000000000000000) (0) (0) (00)   ;
;928;(00000000000000000000000000000000) (0) (0) (00)    ;(00000000000000000000000000000000) (0) (0) (00)   ;(00000000000000000000000000000000) (0) (0) (00)   ;(00000000000000000000000000000000) (0) (0) (00)   ;(00000000000000000000000000000000) (0) (0) (00)   ;(00000000000000000000000000000000) (0) (0) (00)   ;(00000000000000000000000000000000) (0) (0) (00)   ;(00000000000000000000000000000000) (0) (0) (00)   ;
;936;(00000000000000000000000000000000) (0) (0) (00)    ;(00000000000000000000000000000000) (0) (0) (00)   ;(00000000000000000000000000000000) (0) (0) (00)   ;(00000000000000000000000000000000) (0) (0) (00)   ;(00000000000000000000000000000000) (0) (0) (00)   ;(00000000000000000000000000000000) (0) (0) (00)   ;(00000000000000000000000000000000) (0) (0) (00)   ;(00000000000000000000000000000000) (0) (0) (00)   ;
;944;(00000000000000000000000000000000) (0) (0) (00)    ;(00000000000000000000000000000000) (0) (0) (00)   ;(00000000000000000000000000000000) (0) (0) (00)   ;(00000000000000000000000000000000) (0) (0) (00)   ;(00000000000000000000000000000000) (0) (0) (00)   ;(00000000000000000000000000000000) (0) (0) (00)   ;(00000000000000000000000000000000) (0) (0) (00)   ;(00000000000000000000000000000000) (0) (0) (00)   ;
;952;(00000000000000000000000000000000) (0) (0) (00)    ;(00000000000000000000000000000000) (0) (0) (00)   ;(00000000000000000000000000000000) (0) (0) (00)   ;(00000000000000000000000000000000) (0) (0) (00)   ;(00000000000000000000000000000000) (0) (0) (00)   ;(00000000000000000000000000000000) (0) (0) (00)   ;(00000000000000000000000000000000) (0) (0) (00)   ;(00000000000000000000000000000000) (0) (0) (00)   ;
;960;(00000000000000000000000000000000) (0) (0) (00)    ;(00000000000000000000000000000000) (0) (0) (00)   ;(00000000000000000000000000000000) (0) (0) (00)   ;(00000000000000000000000000000000) (0) (0) (00)   ;(00000000000000000000000000000000) (0) (0) (00)   ;(00000000000000000000000000000000) (0) (0) (00)   ;(00000000000000000000000000000000) (0) (0) (00)   ;(00000000000000000000000000000000) (0) (0) (00)   ;
;968;(00000000000000000000000000000000) (0) (0) (00)    ;(00000000000000000000000000000000) (0) (0) (00)   ;(00000000000000000000000000000000) (0) (0) (00)   ;(00000000000000000000000000000000) (0) (0) (00)   ;(00000000000000000000000000000000) (0) (0) (00)   ;(00000000000000000000000000000000) (0) (0) (00)   ;(00000000000000000000000000000000) (0) (0) (00)   ;(00000000000000000000000000000000) (0) (0) (00)   ;
;976;(00000000000000000000000000000000) (0) (0) (00)    ;(00000000000000000000000000000000) (0) (0) (00)   ;(00000000000000000000000000000000) (0) (0) (00)   ;(00000000000000000000000000000000) (0) (0) (00)   ;(00000000000000000000000000000000) (0) (0) (00)   ;(00000000000000000000000000000000) (0) (0) (00)   ;(00000000000000000000000000000000) (0) (0) (00)   ;(00000000000000000000000000000000) (0) (0) (00)   ;
;984;(00000000000000000000000000000000) (0) (0) (00)    ;(00000000000000000000000000000000) (0) (0) (00)   ;(00000000000000000000000000000000) (0) (0) (00)   ;(00000000000000000000000000000000) (0) (0) (00)   ;(00000000000000000000000000000000) (0) (0) (00)   ;(00000000000000000000000000000000) (0) (0) (00)   ;(00000000000000000000000000000000) (0) (0) (00)   ;(00000000000000000000000000000000) (0) (0) (00)   ;
;992;(00000000000000000000000000000000) (0) (0) (00)    ;(00000000000000000000000000000000) (0) (0) (00)   ;(00000000000000000000000000000000) (0) (0) (00)   ;(00000000000000000000000000000000) (0) (0) (00)   ;(00000000000000000000000000000000) (0) (0) (00)   ;(00000000000000000000000000000000) (0) (0) (00)   ;(00000000000000000000000000000000) (0) (0) (00)   ;(00000000000000000000000000000000) (0) (0) (00)   ;
;1000;(00000000000000000000000000000000) (0) (0) (00)    ;(00000000000000000000000000000000) (0) (0) (00)   ;(00000000000000000000000000000000) (0) (0) (00)   ;(00000000000000000000000000000000) (0) (0) (00)   ;(00000000000000000000000000000000) (0) (0) (00)   ;(00000000000000000000000000000000) (0) (0) (00)   ;(00000000000000000000000000000000) (0) (0) (00)   ;(00000000000000000000000000000000) (0) (0) (00)   ;
;1008;(00000000000000000000000000000000) (0) (0) (00)    ;(00000000000000000000000000000000) (0) (0) (00)   ;(00000000000000000000000000000000) (0) (0) (00)   ;(00000000000000000000000000000000) (0) (0) (00)   ;(00000000000000000000000000000000) (0) (0) (00)   ;(00000000000000000000000000000000) (0) (0) (00)   ;(00000000000000000000000000000000) (0) (0) (00)   ;(00000000000000000000000000000000) (0) (0) (00)   ;
;1016;(00000000000000000000000000000000) (0) (0) (00)    ;(00000000000000000000000000000000) (0) (0) (00)   ;(00000000000000000000000000000000) (0) (0) (00)   ;(00000000000000000000000000000000) (0) (0) (00)   ;(00000000000000000000000000000000) (0) (0) (00)   ;(00000000000000000000000000000000) (0) (0) (00)   ;(00000000000000000000000000000000) (0) (0) (00)   ;(00000000000000000000000000000000) (0) (0) (00)   ;


RAM content values are presented in the following format: (Binary) (Octal) (Decimal) (Hexadecimal) 
+------------------------------------------------------------------------------------------------------------------------------------------------------------------------------------------------------------------------------------------------------------------+
; |DLX|decode:DECODE|registers:R|altsyncram:ram_block_rtl_0|altsyncram_23g1:auto_generated|ALTSYNCRAM                                                                                                                                                              ;
+------------------------------------------------------------------------------------------------------------------------------------------------------------------------------------------------------------------------------------------------------------------+
;   Addr   ;              +0              ;              +1              ;              +2              ;              +3              ;              +4              ;              +5              ;              +6              ;              +7              ;
+----------+------------------------------+------------------------------+------------------------------+------------------------------+------------------------------+------------------------------+------------------------------+------------------------------+
;0;(00000000000000000000000000000000) (0) (0) (00)    ;(00000000000000000000000000000000) (0) (0) (00)   ;(00000000000000000000000000000000) (0) (0) (00)   ;(00000000000000000000000000000000) (0) (0) (00)   ;(00000000000000000000000000000000) (0) (0) (00)   ;(00000000000000000000000000000000) (0) (0) (00)   ;(00000000000000000000000000000000) (0) (0) (00)   ;(00000000000000000000000000000000) (0) (0) (00)   ;
;8;(00000000000000000000000000000000) (0) (0) (00)    ;(00000000000000000000000000000000) (0) (0) (00)   ;(00000000000000000000000000000000) (0) (0) (00)   ;(00000000000000000000000000000000) (0) (0) (00)   ;(00000000000000000000000000000000) (0) (0) (00)   ;(00000000000000000000000000000000) (0) (0) (00)   ;(00000000000000000000000000000000) (0) (0) (00)   ;(00000000000000000000000000000000) (0) (0) (00)   ;
;16;(00000000000000000000000000000000) (0) (0) (00)    ;(00000000000000000000000000000000) (0) (0) (00)   ;(00000000000000000000000000000000) (0) (0) (00)   ;(00000000000000000000000000000000) (0) (0) (00)   ;(00000000000000000000000000000000) (0) (0) (00)   ;(00000000000000000000000000000000) (0) (0) (00)   ;(00000000000000000000000000000000) (0) (0) (00)   ;(00000000000000000000000000000000) (0) (0) (00)   ;
;24;(00000000000000000000000000000000) (0) (0) (00)    ;(00000000000000000000000000000000) (0) (0) (00)   ;(00000000000000000000000000000000) (0) (0) (00)   ;(00000000000000000000000000000000) (0) (0) (00)   ;(00000000000000000000000000000000) (0) (0) (00)   ;(00000000000000000000000000000000) (0) (0) (00)   ;(00000000000000000000000000000000) (0) (0) (00)   ;(00000000000000000000000000000000) (0) (0) (00)   ;


RAM content values are presented in the following format: (Binary) (Octal) (Decimal) (Hexadecimal) 
+------------------------------------------------------------------------------------------------------------------------------------------------------------------------------------------------------------------------------------------------------------------+
; |DLX|decode:DECODE|registers:R|altsyncram:ram_block_rtl_1|altsyncram_23g1:auto_generated|ALTSYNCRAM                                                                                                                                                              ;
+------------------------------------------------------------------------------------------------------------------------------------------------------------------------------------------------------------------------------------------------------------------+
;   Addr   ;              +0              ;              +1              ;              +2              ;              +3              ;              +4              ;              +5              ;              +6              ;              +7              ;
+----------+------------------------------+------------------------------+------------------------------+------------------------------+------------------------------+------------------------------+------------------------------+------------------------------+
;0;(00000000000000000000000000000000) (0) (0) (00)    ;(00000000000000000000000000000000) (0) (0) (00)   ;(00000000000000000000000000000000) (0) (0) (00)   ;(00000000000000000000000000000000) (0) (0) (00)   ;(00000000000000000000000000000000) (0) (0) (00)   ;(00000000000000000000000000000000) (0) (0) (00)   ;(00000000000000000000000000000000) (0) (0) (00)   ;(00000000000000000000000000000000) (0) (0) (00)   ;
;8;(00000000000000000000000000000000) (0) (0) (00)    ;(00000000000000000000000000000000) (0) (0) (00)   ;(00000000000000000000000000000000) (0) (0) (00)   ;(00000000000000000000000000000000) (0) (0) (00)   ;(00000000000000000000000000000000) (0) (0) (00)   ;(00000000000000000000000000000000) (0) (0) (00)   ;(00000000000000000000000000000000) (0) (0) (00)   ;(00000000000000000000000000000000) (0) (0) (00)   ;
;16;(00000000000000000000000000000000) (0) (0) (00)    ;(00000000000000000000000000000000) (0) (0) (00)   ;(00000000000000000000000000000000) (0) (0) (00)   ;(00000000000000000000000000000000) (0) (0) (00)   ;(00000000000000000000000000000000) (0) (0) (00)   ;(00000000000000000000000000000000) (0) (0) (00)   ;(00000000000000000000000000000000) (0) (0) (00)   ;(00000000000000000000000000000000) (0) (0) (00)   ;
;24;(00000000000000000000000000000000) (0) (0) (00)    ;(00000000000000000000000000000000) (0) (0) (00)   ;(00000000000000000000000000000000) (0) (0) (00)   ;(00000000000000000000000000000000) (0) (0) (00)   ;(00000000000000000000000000000000) (0) (0) (00)   ;(00000000000000000000000000000000) (0) (0) (00)   ;(00000000000000000000000000000000) (0) (0) (00)   ;(00000000000000000000000000000000) (0) (0) (00)   ;


+-------------------------------------------------+
; Routing Usage Summary                           ;
+-----------------------+-------------------------+
; Routing Resource Type ; Usage                   ;
+-----------------------+-------------------------+
; Block interconnects   ; 5,866 / 148,641 ( 4 % ) ;
; C16 interconnects     ; 76 / 5,382 ( 1 % )      ;
; C4 interconnects      ; 3,565 / 106,704 ( 3 % ) ;
; Direct links          ; 828 / 148,641 ( < 1 % ) ;
; Global clocks         ; 6 / 20 ( 30 % )         ;
; Local interconnects   ; 2,016 / 49,760 ( 4 % )  ;
; NSLEEPs               ; 0 / 500 ( 0 % )         ;
; R24 interconnects     ; 115 / 5,406 ( 2 % )     ;
; R4 interconnects      ; 4,756 / 147,764 ( 3 % ) ;
+-----------------------+-------------------------+


+-----------------------------------------------------------------------------+
; LAB Logic Elements                                                          ;
+---------------------------------------------+-------------------------------+
; Number of Logic Elements  (Average = 12.83) ; Number of LABs  (Total = 288) ;
+---------------------------------------------+-------------------------------+
; 1                                           ; 26                            ;
; 2                                           ; 10                            ;
; 3                                           ; 5                             ;
; 4                                           ; 3                             ;
; 5                                           ; 8                             ;
; 6                                           ; 0                             ;
; 7                                           ; 0                             ;
; 8                                           ; 6                             ;
; 9                                           ; 6                             ;
; 10                                          ; 2                             ;
; 11                                          ; 2                             ;
; 12                                          ; 3                             ;
; 13                                          ; 7                             ;
; 14                                          ; 14                            ;
; 15                                          ; 20                            ;
; 16                                          ; 176                           ;
+---------------------------------------------+-------------------------------+


+--------------------------------------------------------------------+
; LAB-wide Signals                                                   ;
+------------------------------------+-------------------------------+
; LAB-wide Signals  (Average = 1.69) ; Number of LABs  (Total = 288) ;
+------------------------------------+-------------------------------+
; 1 Async. clear                     ; 161                           ;
; 1 Clock                            ; 223                           ;
; 1 Clock enable                     ; 58                            ;
; 1 Sync. clear                      ; 13                            ;
; 1 Sync. load                       ; 19                            ;
; 2 Clock enables                    ; 7                             ;
; 2 Clocks                           ; 6                             ;
+------------------------------------+-------------------------------+


+------------------------------------------------------------------------------+
; LAB Signals Sourced                                                          ;
+----------------------------------------------+-------------------------------+
; Number of Signals Sourced  (Average = 18.14) ; Number of LABs  (Total = 288) ;
+----------------------------------------------+-------------------------------+
; 0                                            ; 5                             ;
; 1                                            ; 15                            ;
; 2                                            ; 19                            ;
; 3                                            ; 6                             ;
; 4                                            ; 3                             ;
; 5                                            ; 7                             ;
; 6                                            ; 5                             ;
; 7                                            ; 1                             ;
; 8                                            ; 2                             ;
; 9                                            ; 2                             ;
; 10                                           ; 4                             ;
; 11                                           ; 0                             ;
; 12                                           ; 2                             ;
; 13                                           ; 2                             ;
; 14                                           ; 5                             ;
; 15                                           ; 8                             ;
; 16                                           ; 23                            ;
; 17                                           ; 10                            ;
; 18                                           ; 13                            ;
; 19                                           ; 10                            ;
; 20                                           ; 11                            ;
; 21                                           ; 12                            ;
; 22                                           ; 19                            ;
; 23                                           ; 17                            ;
; 24                                           ; 10                            ;
; 25                                           ; 8                             ;
; 26                                           ; 6                             ;
; 27                                           ; 7                             ;
; 28                                           ; 7                             ;
; 29                                           ; 4                             ;
; 30                                           ; 10                            ;
; 31                                           ; 6                             ;
; 32                                           ; 29                            ;
+----------------------------------------------+-------------------------------+


+---------------------------------------------------------------------------------+
; LAB Signals Sourced Out                                                         ;
+-------------------------------------------------+-------------------------------+
; Number of Signals Sourced Out  (Average = 8.64) ; Number of LABs  (Total = 288) ;
+-------------------------------------------------+-------------------------------+
; 0                                               ; 5                             ;
; 1                                               ; 39                            ;
; 2                                               ; 12                            ;
; 3                                               ; 12                            ;
; 4                                               ; 13                            ;
; 5                                               ; 11                            ;
; 6                                               ; 18                            ;
; 7                                               ; 16                            ;
; 8                                               ; 17                            ;
; 9                                               ; 31                            ;
; 10                                              ; 17                            ;
; 11                                              ; 5                             ;
; 12                                              ; 12                            ;
; 13                                              ; 12                            ;
; 14                                              ; 7                             ;
; 15                                              ; 4                             ;
; 16                                              ; 52                            ;
; 17                                              ; 0                             ;
; 18                                              ; 0                             ;
; 19                                              ; 0                             ;
; 20                                              ; 0                             ;
; 21                                              ; 0                             ;
; 22                                              ; 1                             ;
; 23                                              ; 0                             ;
; 24                                              ; 0                             ;
; 25                                              ; 1                             ;
; 26                                              ; 0                             ;
; 27                                              ; 0                             ;
; 28                                              ; 1                             ;
; 29                                              ; 2                             ;
+-------------------------------------------------+-------------------------------+


+------------------------------------------------------------------------------+
; LAB Distinct Inputs                                                          ;
+----------------------------------------------+-------------------------------+
; Number of Distinct Inputs  (Average = 18.41) ; Number of LABs  (Total = 288) ;
+----------------------------------------------+-------------------------------+
; 0                                            ; 0                             ;
; 1                                            ; 1                             ;
; 2                                            ; 7                             ;
; 3                                            ; 8                             ;
; 4                                            ; 24                            ;
; 5                                            ; 18                            ;
; 6                                            ; 12                            ;
; 7                                            ; 5                             ;
; 8                                            ; 3                             ;
; 9                                            ; 3                             ;
; 10                                           ; 6                             ;
; 11                                           ; 5                             ;
; 12                                           ; 0                             ;
; 13                                           ; 2                             ;
; 14                                           ; 4                             ;
; 15                                           ; 4                             ;
; 16                                           ; 14                            ;
; 17                                           ; 15                            ;
; 18                                           ; 12                            ;
; 19                                           ; 5                             ;
; 20                                           ; 8                             ;
; 21                                           ; 4                             ;
; 22                                           ; 9                             ;
; 23                                           ; 11                            ;
; 24                                           ; 3                             ;
; 25                                           ; 9                             ;
; 26                                           ; 13                            ;
; 27                                           ; 9                             ;
; 28                                           ; 8                             ;
; 29                                           ; 12                            ;
; 30                                           ; 9                             ;
; 31                                           ; 5                             ;
; 32                                           ; 15                            ;
; 33                                           ; 7                             ;
; 34                                           ; 7                             ;
; 35                                           ; 8                             ;
; 36                                           ; 1                             ;
; 37                                           ; 1                             ;
+----------------------------------------------+-------------------------------+


+------------------------------------------+
; I/O Rules Summary                        ;
+----------------------------------+-------+
; I/O Rules Statistic              ; Total ;
+----------------------------------+-------+
; Total I/O Rules                  ; 30    ;
; Number of I/O Rules Passed       ; 10    ;
; Number of I/O Rules Failed       ; 0     ;
; Number of I/O Rules Unchecked    ; 0     ;
; Number of I/O Rules Inapplicable ; 20    ;
+----------------------------------+-------+


+--------------------------------------------------------------------------------------------------------------------------------------------------------------------------------------------------------------------------------------------------------------------------------------+
; I/O Rules Details                                                                                                                                                                                                                                                                    ;
+--------------+-----------+-----------------------------------+------------------------------------------------------------------------------------------------------+----------+--------------------------------------------------------------------------+------+-------------------+
; Status       ; ID        ; Category                          ; Rule Description                                                                                     ; Severity ; Information                                                              ; Area ; Extra Information ;
+--------------+-----------+-----------------------------------+------------------------------------------------------------------------------------------------------+----------+--------------------------------------------------------------------------+------+-------------------+
; Pass         ; IO_000001 ; Capacity Checks                   ; Number of pins in an I/O bank should not exceed the number of locations available.                   ; Critical ; 0 such failures found.                                                   ; I/O  ;                   ;
; Inapplicable ; IO_000002 ; Capacity Checks                   ; Number of clocks in an I/O bank should not exceed the number of clocks available.                    ; Critical ; No Global Signal assignments found.                                      ; I/O  ;                   ;
; Pass         ; IO_000003 ; Capacity Checks                   ; Number of pins in a Vrefgroup should not exceed the number of locations available.                   ; Critical ; 0 such failures found.                                                   ; I/O  ;                   ;
; Inapplicable ; IO_000004 ; Voltage Compatibility Checks      ; The I/O bank should support the requested VCCIO.                                                     ; Critical ; No IOBANK_VCCIO assignments found.                                       ; I/O  ;                   ;
; Inapplicable ; IO_000005 ; Voltage Compatibility Checks      ; The I/O bank should not have competing VREF values.                                                  ; Critical ; No VREF I/O Standard assignments found.                                  ; I/O  ;                   ;
; Pass         ; IO_000006 ; Voltage Compatibility Checks      ; The I/O bank should not have competing VCCIO values.                                                 ; Critical ; 0 such failures found.                                                   ; I/O  ;                   ;
; Pass         ; IO_000007 ; Valid Location Checks             ; Checks for unavailable locations.                                                                    ; Critical ; 0 such failures found.                                                   ; I/O  ;                   ;
; Inapplicable ; IO_000008 ; Valid Location Checks             ; Checks for reserved locations.                                                                       ; Critical ; No reserved LogicLock region found.                                      ; I/O  ;                   ;
; Pass         ; IO_000009 ; I/O Properties Checks for One I/O ; The location should support the requested I/O standard.                                              ; Critical ; 0 such failures found.                                                   ; I/O  ;                   ;
; Pass         ; IO_000010 ; I/O Properties Checks for One I/O ; The location should support the requested I/O direction.                                             ; Critical ; 0 such failures found.                                                   ; I/O  ;                   ;
; Inapplicable ; IO_000011 ; I/O Properties Checks for One I/O ; The location should support the requested Current Strength.                                          ; Critical ; No Current Strength assignments found.                                   ; I/O  ;                   ;
; Inapplicable ; IO_000012 ; I/O Properties Checks for One I/O ; The location should support the requested On Chip Termination value.                                 ; Critical ; No Termination assignments found.                                        ; I/O  ;                   ;
; Inapplicable ; IO_000013 ; I/O Properties Checks for One I/O ; The location should support the requested Bus Hold value.                                            ; Critical ; No Enable Bus-Hold Circuitry assignments found.                          ; I/O  ;                   ;
; Inapplicable ; IO_000014 ; I/O Properties Checks for One I/O ; The location should support the requested Weak Pull Up value.                                        ; Critical ; No Weak Pull-Up Resistor assignments found.                              ; I/O  ;                   ;
; Pass         ; IO_000015 ; I/O Properties Checks for One I/O ; The location should support the requested PCI Clamp Diode.                                           ; Critical ; 0 such failures found.                                                   ; I/O  ;                   ;
; Inapplicable ; IO_000018 ; I/O Properties Checks for One I/O ; The I/O standard should support the requested Current Strength.                                      ; Critical ; No Current Strength assignments found.                                   ; I/O  ;                   ;
; Inapplicable ; IO_000019 ; I/O Properties Checks for One I/O ; The I/O standard should support the requested On Chip Termination value.                             ; Critical ; No Termination assignments found.                                        ; I/O  ;                   ;
; Pass         ; IO_000020 ; I/O Properties Checks for One I/O ; The I/O standard should support the requested PCI Clamp Diode.                                       ; Critical ; 0 such failures found.                                                   ; I/O  ;                   ;
; Inapplicable ; IO_000021 ; I/O Properties Checks for One I/O ; The I/O standard should support the requested Weak Pull Up value.                                    ; Critical ; No Weak Pull-Up Resistor assignments found.                              ; I/O  ;                   ;
; Inapplicable ; IO_000022 ; I/O Properties Checks for One I/O ; The I/O standard should support the requested Bus Hold value.                                        ; Critical ; No Enable Bus-Hold Circuitry assignments found.                          ; I/O  ;                   ;
; Pass         ; IO_000023 ; I/O Properties Checks for One I/O ; The I/O standard should support the Open Drain value.                                                ; Critical ; 0 such failures found.                                                   ; I/O  ;                   ;
; Inapplicable ; IO_000024 ; I/O Properties Checks for One I/O ; The I/O direction should support the On Chip Termination value.                                      ; Critical ; No Termination assignments found.                                        ; I/O  ;                   ;
; Inapplicable ; IO_000026 ; I/O Properties Checks for One I/O ; On Chip Termination and Current Strength should not be used at the same time.                        ; Critical ; No Current Strength or Termination assignments found.                    ; I/O  ;                   ;
; Inapplicable ; IO_000027 ; I/O Properties Checks for One I/O ; Weak Pull Up and Bus Hold should not be used at the same time.                                       ; Critical ; No Enable Bus-Hold Circuitry or Weak Pull-Up Resistor assignments found. ; I/O  ;                   ;
; Inapplicable ; IO_000045 ; I/O Properties Checks for One I/O ; The I/O standard should support the requested Slew Rate value.                                       ; Critical ; No Slew Rate assignments found.                                          ; I/O  ;                   ;
; Inapplicable ; IO_000046 ; I/O Properties Checks for One I/O ; The location should support the requested Slew Rate value.                                           ; Critical ; No Slew Rate assignments found.                                          ; I/O  ;                   ;
; Inapplicable ; IO_000047 ; I/O Properties Checks for One I/O ; On Chip Termination and Slew Rate should not be used at the same time.                               ; Critical ; No Slew Rate assignments found.                                          ; I/O  ;                   ;
; Pass         ; IO_000033 ; Electromigration Checks           ; Current density for consecutive I/Os should not exceed 160mA for row I/Os and 160mA for column I/Os. ; Critical ; 0 such failures found.                                                   ; I/O  ;                   ;
; Inapplicable ; IO_000034 ; SI Related Distance Checks        ; Single-ended outputs should be 5 LAB row(s) away from a differential I/O.                            ; High     ; No Differential I/O Standard assignments found.                          ; I/O  ;                   ;
; Inapplicable ; IO_000042 ; SI Related SSO Limit Checks       ; No more than 20 outputs are allowed in a VREF group when VREF is being read from.                    ; High     ; No VREF I/O Standard assignments found.                                  ; I/O  ;                   ;
+--------------+-----------+-----------------------------------+------------------------------------------------------------------------------------------------------+----------+--------------------------------------------------------------------------+------+-------------------+


+-----------------------------------------------------------------------------------------------------------------------------------------------------------------------------------------------------------------------------------------------------------------------------------------------------------------------------------------------------------------------------------------------------------------------------------------------------------------+
; I/O Rules Matrix                                                                                                                                                                                                                                                                                                                                                                                                                                                ;
+--------------------+-----------+--------------+-----------+--------------+--------------+-----------+-----------+--------------+-----------+-----------+--------------+--------------+--------------+--------------+--------------+--------------+--------------+--------------+--------------+--------------+--------------+--------------+--------------+--------------+--------------+--------------+--------------+-----------+--------------+--------------+
; Pin/Rules          ; IO_000001 ; IO_000002    ; IO_000003 ; IO_000004    ; IO_000005    ; IO_000006 ; IO_000007 ; IO_000008    ; IO_000009 ; IO_000010 ; IO_000011    ; IO_000012    ; IO_000013    ; IO_000014    ; IO_000015    ; IO_000018    ; IO_000019    ; IO_000020    ; IO_000021    ; IO_000022    ; IO_000023    ; IO_000024    ; IO_000026    ; IO_000027    ; IO_000045    ; IO_000046    ; IO_000047    ; IO_000033 ; IO_000034    ; IO_000042    ;
+--------------------+-----------+--------------+-----------+--------------+--------------+-----------+-----------+--------------+-----------+-----------+--------------+--------------+--------------+--------------+--------------+--------------+--------------+--------------+--------------+--------------+--------------+--------------+--------------+--------------+--------------+--------------+--------------+-----------+--------------+--------------+
; Total Pass         ; 99        ; 0            ; 99        ; 0            ; 0            ; 99        ; 99        ; 0            ; 99        ; 99        ; 0            ; 0            ; 0            ; 0            ; 41           ; 0            ; 0            ; 41           ; 0            ; 0            ; 35           ; 0            ; 0            ; 0            ; 0            ; 0            ; 0            ; 99        ; 0            ; 0            ;
; Total Unchecked    ; 0         ; 0            ; 0         ; 0            ; 0            ; 0         ; 0         ; 0            ; 0         ; 0         ; 0            ; 0            ; 0            ; 0            ; 0            ; 0            ; 0            ; 0            ; 0            ; 0            ; 0            ; 0            ; 0            ; 0            ; 0            ; 0            ; 0            ; 0         ; 0            ; 0            ;
; Total Inapplicable ; 0         ; 99           ; 0         ; 99           ; 99           ; 0         ; 0         ; 99           ; 0         ; 0         ; 99           ; 99           ; 99           ; 99           ; 58           ; 99           ; 99           ; 58           ; 99           ; 99           ; 64           ; 99           ; 99           ; 99           ; 99           ; 99           ; 99           ; 0         ; 99           ; 99           ;
; Total Fail         ; 0         ; 0            ; 0         ; 0            ; 0            ; 0         ; 0         ; 0            ; 0         ; 0         ; 0            ; 0            ; 0            ; 0            ; 0            ; 0            ; 0            ; 0            ; 0            ; 0            ; 0            ; 0            ; 0            ; 0            ; 0            ; 0            ; 0            ; 0         ; 0            ; 0            ;
; KEY[1]             ; Pass      ; Inapplicable ; Pass      ; Inapplicable ; Inapplicable ; Pass      ; Pass      ; Inapplicable ; Pass      ; Pass      ; Inapplicable ; Inapplicable ; Inapplicable ; Inapplicable ; Pass         ; Inapplicable ; Inapplicable ; Pass         ; Inapplicable ; Inapplicable ; Inapplicable ; Inapplicable ; Inapplicable ; Inapplicable ; Inapplicable ; Inapplicable ; Inapplicable ; Pass      ; Inapplicable ; Inapplicable ;
; ADC_CLK_10         ; Pass      ; Inapplicable ; Pass      ; Inapplicable ; Inapplicable ; Pass      ; Pass      ; Inapplicable ; Pass      ; Pass      ; Inapplicable ; Inapplicable ; Inapplicable ; Inapplicable ; Pass         ; Inapplicable ; Inapplicable ; Pass         ; Inapplicable ; Inapplicable ; Inapplicable ; Inapplicable ; Inapplicable ; Inapplicable ; Inapplicable ; Inapplicable ; Inapplicable ; Pass      ; Inapplicable ; Inapplicable ;
; MAX10_CLK2_50      ; Pass      ; Inapplicable ; Pass      ; Inapplicable ; Inapplicable ; Pass      ; Pass      ; Inapplicable ; Pass      ; Pass      ; Inapplicable ; Inapplicable ; Inapplicable ; Inapplicable ; Pass         ; Inapplicable ; Inapplicable ; Pass         ; Inapplicable ; Inapplicable ; Inapplicable ; Inapplicable ; Inapplicable ; Inapplicable ; Inapplicable ; Inapplicable ; Inapplicable ; Pass      ; Inapplicable ; Inapplicable ;
; HEX0[0]            ; Pass      ; Inapplicable ; Pass      ; Inapplicable ; Inapplicable ; Pass      ; Pass      ; Inapplicable ; Pass      ; Pass      ; Inapplicable ; Inapplicable ; Inapplicable ; Inapplicable ; Inapplicable ; Inapplicable ; Inapplicable ; Inapplicable ; Inapplicable ; Inapplicable ; Inapplicable ; Inapplicable ; Inapplicable ; Inapplicable ; Inapplicable ; Inapplicable ; Inapplicable ; Pass      ; Inapplicable ; Inapplicable ;
; HEX0[1]            ; Pass      ; Inapplicable ; Pass      ; Inapplicable ; Inapplicable ; Pass      ; Pass      ; Inapplicable ; Pass      ; Pass      ; Inapplicable ; Inapplicable ; Inapplicable ; Inapplicable ; Inapplicable ; Inapplicable ; Inapplicable ; Inapplicable ; Inapplicable ; Inapplicable ; Inapplicable ; Inapplicable ; Inapplicable ; Inapplicable ; Inapplicable ; Inapplicable ; Inapplicable ; Pass      ; Inapplicable ; Inapplicable ;
; HEX0[2]            ; Pass      ; Inapplicable ; Pass      ; Inapplicable ; Inapplicable ; Pass      ; Pass      ; Inapplicable ; Pass      ; Pass      ; Inapplicable ; Inapplicable ; Inapplicable ; Inapplicable ; Inapplicable ; Inapplicable ; Inapplicable ; Inapplicable ; Inapplicable ; Inapplicable ; Inapplicable ; Inapplicable ; Inapplicable ; Inapplicable ; Inapplicable ; Inapplicable ; Inapplicable ; Pass      ; Inapplicable ; Inapplicable ;
; HEX0[3]            ; Pass      ; Inapplicable ; Pass      ; Inapplicable ; Inapplicable ; Pass      ; Pass      ; Inapplicable ; Pass      ; Pass      ; Inapplicable ; Inapplicable ; Inapplicable ; Inapplicable ; Inapplicable ; Inapplicable ; Inapplicable ; Inapplicable ; Inapplicable ; Inapplicable ; Inapplicable ; Inapplicable ; Inapplicable ; Inapplicable ; Inapplicable ; Inapplicable ; Inapplicable ; Pass      ; Inapplicable ; Inapplicable ;
; HEX0[4]            ; Pass      ; Inapplicable ; Pass      ; Inapplicable ; Inapplicable ; Pass      ; Pass      ; Inapplicable ; Pass      ; Pass      ; Inapplicable ; Inapplicable ; Inapplicable ; Inapplicable ; Inapplicable ; Inapplicable ; Inapplicable ; Inapplicable ; Inapplicable ; Inapplicable ; Inapplicable ; Inapplicable ; Inapplicable ; Inapplicable ; Inapplicable ; Inapplicable ; Inapplicable ; Pass      ; Inapplicable ; Inapplicable ;
; HEX0[5]            ; Pass      ; Inapplicable ; Pass      ; Inapplicable ; Inapplicable ; Pass      ; Pass      ; Inapplicable ; Pass      ; Pass      ; Inapplicable ; Inapplicable ; Inapplicable ; Inapplicable ; Inapplicable ; Inapplicable ; Inapplicable ; Inapplicable ; Inapplicable ; Inapplicable ; Inapplicable ; Inapplicable ; Inapplicable ; Inapplicable ; Inapplicable ; Inapplicable ; Inapplicable ; Pass      ; Inapplicable ; Inapplicable ;
; HEX0[6]            ; Pass      ; Inapplicable ; Pass      ; Inapplicable ; Inapplicable ; Pass      ; Pass      ; Inapplicable ; Pass      ; Pass      ; Inapplicable ; Inapplicable ; Inapplicable ; Inapplicable ; Inapplicable ; Inapplicable ; Inapplicable ; Inapplicable ; Inapplicable ; Inapplicable ; Inapplicable ; Inapplicable ; Inapplicable ; Inapplicable ; Inapplicable ; Inapplicable ; Inapplicable ; Pass      ; Inapplicable ; Inapplicable ;
; HEX0[7]            ; Pass      ; Inapplicable ; Pass      ; Inapplicable ; Inapplicable ; Pass      ; Pass      ; Inapplicable ; Pass      ; Pass      ; Inapplicable ; Inapplicable ; Inapplicable ; Inapplicable ; Inapplicable ; Inapplicable ; Inapplicable ; Inapplicable ; Inapplicable ; Inapplicable ; Inapplicable ; Inapplicable ; Inapplicable ; Inapplicable ; Inapplicable ; Inapplicable ; Inapplicable ; Pass      ; Inapplicable ; Inapplicable ;
; HEX1[0]            ; Pass      ; Inapplicable ; Pass      ; Inapplicable ; Inapplicable ; Pass      ; Pass      ; Inapplicable ; Pass      ; Pass      ; Inapplicable ; Inapplicable ; Inapplicable ; Inapplicable ; Inapplicable ; Inapplicable ; Inapplicable ; Inapplicable ; Inapplicable ; Inapplicable ; Inapplicable ; Inapplicable ; Inapplicable ; Inapplicable ; Inapplicable ; Inapplicable ; Inapplicable ; Pass      ; Inapplicable ; Inapplicable ;
; HEX1[1]            ; Pass      ; Inapplicable ; Pass      ; Inapplicable ; Inapplicable ; Pass      ; Pass      ; Inapplicable ; Pass      ; Pass      ; Inapplicable ; Inapplicable ; Inapplicable ; Inapplicable ; Inapplicable ; Inapplicable ; Inapplicable ; Inapplicable ; Inapplicable ; Inapplicable ; Inapplicable ; Inapplicable ; Inapplicable ; Inapplicable ; Inapplicable ; Inapplicable ; Inapplicable ; Pass      ; Inapplicable ; Inapplicable ;
; HEX1[2]            ; Pass      ; Inapplicable ; Pass      ; Inapplicable ; Inapplicable ; Pass      ; Pass      ; Inapplicable ; Pass      ; Pass      ; Inapplicable ; Inapplicable ; Inapplicable ; Inapplicable ; Inapplicable ; Inapplicable ; Inapplicable ; Inapplicable ; Inapplicable ; Inapplicable ; Inapplicable ; Inapplicable ; Inapplicable ; Inapplicable ; Inapplicable ; Inapplicable ; Inapplicable ; Pass      ; Inapplicable ; Inapplicable ;
; HEX1[3]            ; Pass      ; Inapplicable ; Pass      ; Inapplicable ; Inapplicable ; Pass      ; Pass      ; Inapplicable ; Pass      ; Pass      ; Inapplicable ; Inapplicable ; Inapplicable ; Inapplicable ; Inapplicable ; Inapplicable ; Inapplicable ; Inapplicable ; Inapplicable ; Inapplicable ; Inapplicable ; Inapplicable ; Inapplicable ; Inapplicable ; Inapplicable ; Inapplicable ; Inapplicable ; Pass      ; Inapplicable ; Inapplicable ;
; HEX1[4]            ; Pass      ; Inapplicable ; Pass      ; Inapplicable ; Inapplicable ; Pass      ; Pass      ; Inapplicable ; Pass      ; Pass      ; Inapplicable ; Inapplicable ; Inapplicable ; Inapplicable ; Inapplicable ; Inapplicable ; Inapplicable ; Inapplicable ; Inapplicable ; Inapplicable ; Inapplicable ; Inapplicable ; Inapplicable ; Inapplicable ; Inapplicable ; Inapplicable ; Inapplicable ; Pass      ; Inapplicable ; Inapplicable ;
; HEX1[5]            ; Pass      ; Inapplicable ; Pass      ; Inapplicable ; Inapplicable ; Pass      ; Pass      ; Inapplicable ; Pass      ; Pass      ; Inapplicable ; Inapplicable ; Inapplicable ; Inapplicable ; Inapplicable ; Inapplicable ; Inapplicable ; Inapplicable ; Inapplicable ; Inapplicable ; Inapplicable ; Inapplicable ; Inapplicable ; Inapplicable ; Inapplicable ; Inapplicable ; Inapplicable ; Pass      ; Inapplicable ; Inapplicable ;
; HEX1[6]            ; Pass      ; Inapplicable ; Pass      ; Inapplicable ; Inapplicable ; Pass      ; Pass      ; Inapplicable ; Pass      ; Pass      ; Inapplicable ; Inapplicable ; Inapplicable ; Inapplicable ; Inapplicable ; Inapplicable ; Inapplicable ; Inapplicable ; Inapplicable ; Inapplicable ; Inapplicable ; Inapplicable ; Inapplicable ; Inapplicable ; Inapplicable ; Inapplicable ; Inapplicable ; Pass      ; Inapplicable ; Inapplicable ;
; HEX1[7]            ; Pass      ; Inapplicable ; Pass      ; Inapplicable ; Inapplicable ; Pass      ; Pass      ; Inapplicable ; Pass      ; Pass      ; Inapplicable ; Inapplicable ; Inapplicable ; Inapplicable ; Inapplicable ; Inapplicable ; Inapplicable ; Inapplicable ; Inapplicable ; Inapplicable ; Inapplicable ; Inapplicable ; Inapplicable ; Inapplicable ; Inapplicable ; Inapplicable ; Inapplicable ; Pass      ; Inapplicable ; Inapplicable ;
; HEX2[0]            ; Pass      ; Inapplicable ; Pass      ; Inapplicable ; Inapplicable ; Pass      ; Pass      ; Inapplicable ; Pass      ; Pass      ; Inapplicable ; Inapplicable ; Inapplicable ; Inapplicable ; Inapplicable ; Inapplicable ; Inapplicable ; Inapplicable ; Inapplicable ; Inapplicable ; Inapplicable ; Inapplicable ; Inapplicable ; Inapplicable ; Inapplicable ; Inapplicable ; Inapplicable ; Pass      ; Inapplicable ; Inapplicable ;
; HEX2[1]            ; Pass      ; Inapplicable ; Pass      ; Inapplicable ; Inapplicable ; Pass      ; Pass      ; Inapplicable ; Pass      ; Pass      ; Inapplicable ; Inapplicable ; Inapplicable ; Inapplicable ; Inapplicable ; Inapplicable ; Inapplicable ; Inapplicable ; Inapplicable ; Inapplicable ; Inapplicable ; Inapplicable ; Inapplicable ; Inapplicable ; Inapplicable ; Inapplicable ; Inapplicable ; Pass      ; Inapplicable ; Inapplicable ;
; HEX2[2]            ; Pass      ; Inapplicable ; Pass      ; Inapplicable ; Inapplicable ; Pass      ; Pass      ; Inapplicable ; Pass      ; Pass      ; Inapplicable ; Inapplicable ; Inapplicable ; Inapplicable ; Inapplicable ; Inapplicable ; Inapplicable ; Inapplicable ; Inapplicable ; Inapplicable ; Inapplicable ; Inapplicable ; Inapplicable ; Inapplicable ; Inapplicable ; Inapplicable ; Inapplicable ; Pass      ; Inapplicable ; Inapplicable ;
; HEX2[3]            ; Pass      ; Inapplicable ; Pass      ; Inapplicable ; Inapplicable ; Pass      ; Pass      ; Inapplicable ; Pass      ; Pass      ; Inapplicable ; Inapplicable ; Inapplicable ; Inapplicable ; Inapplicable ; Inapplicable ; Inapplicable ; Inapplicable ; Inapplicable ; Inapplicable ; Inapplicable ; Inapplicable ; Inapplicable ; Inapplicable ; Inapplicable ; Inapplicable ; Inapplicable ; Pass      ; Inapplicable ; Inapplicable ;
; HEX2[4]            ; Pass      ; Inapplicable ; Pass      ; Inapplicable ; Inapplicable ; Pass      ; Pass      ; Inapplicable ; Pass      ; Pass      ; Inapplicable ; Inapplicable ; Inapplicable ; Inapplicable ; Inapplicable ; Inapplicable ; Inapplicable ; Inapplicable ; Inapplicable ; Inapplicable ; Inapplicable ; Inapplicable ; Inapplicable ; Inapplicable ; Inapplicable ; Inapplicable ; Inapplicable ; Pass      ; Inapplicable ; Inapplicable ;
; HEX2[5]            ; Pass      ; Inapplicable ; Pass      ; Inapplicable ; Inapplicable ; Pass      ; Pass      ; Inapplicable ; Pass      ; Pass      ; Inapplicable ; Inapplicable ; Inapplicable ; Inapplicable ; Inapplicable ; Inapplicable ; Inapplicable ; Inapplicable ; Inapplicable ; Inapplicable ; Inapplicable ; Inapplicable ; Inapplicable ; Inapplicable ; Inapplicable ; Inapplicable ; Inapplicable ; Pass      ; Inapplicable ; Inapplicable ;
; HEX2[6]            ; Pass      ; Inapplicable ; Pass      ; Inapplicable ; Inapplicable ; Pass      ; Pass      ; Inapplicable ; Pass      ; Pass      ; Inapplicable ; Inapplicable ; Inapplicable ; Inapplicable ; Inapplicable ; Inapplicable ; Inapplicable ; Inapplicable ; Inapplicable ; Inapplicable ; Inapplicable ; Inapplicable ; Inapplicable ; Inapplicable ; Inapplicable ; Inapplicable ; Inapplicable ; Pass      ; Inapplicable ; Inapplicable ;
; HEX2[7]            ; Pass      ; Inapplicable ; Pass      ; Inapplicable ; Inapplicable ; Pass      ; Pass      ; Inapplicable ; Pass      ; Pass      ; Inapplicable ; Inapplicable ; Inapplicable ; Inapplicable ; Inapplicable ; Inapplicable ; Inapplicable ; Inapplicable ; Inapplicable ; Inapplicable ; Inapplicable ; Inapplicable ; Inapplicable ; Inapplicable ; Inapplicable ; Inapplicable ; Inapplicable ; Pass      ; Inapplicable ; Inapplicable ;
; HEX3[0]            ; Pass      ; Inapplicable ; Pass      ; Inapplicable ; Inapplicable ; Pass      ; Pass      ; Inapplicable ; Pass      ; Pass      ; Inapplicable ; Inapplicable ; Inapplicable ; Inapplicable ; Inapplicable ; Inapplicable ; Inapplicable ; Inapplicable ; Inapplicable ; Inapplicable ; Inapplicable ; Inapplicable ; Inapplicable ; Inapplicable ; Inapplicable ; Inapplicable ; Inapplicable ; Pass      ; Inapplicable ; Inapplicable ;
; HEX3[1]            ; Pass      ; Inapplicable ; Pass      ; Inapplicable ; Inapplicable ; Pass      ; Pass      ; Inapplicable ; Pass      ; Pass      ; Inapplicable ; Inapplicable ; Inapplicable ; Inapplicable ; Inapplicable ; Inapplicable ; Inapplicable ; Inapplicable ; Inapplicable ; Inapplicable ; Inapplicable ; Inapplicable ; Inapplicable ; Inapplicable ; Inapplicable ; Inapplicable ; Inapplicable ; Pass      ; Inapplicable ; Inapplicable ;
; HEX3[2]            ; Pass      ; Inapplicable ; Pass      ; Inapplicable ; Inapplicable ; Pass      ; Pass      ; Inapplicable ; Pass      ; Pass      ; Inapplicable ; Inapplicable ; Inapplicable ; Inapplicable ; Inapplicable ; Inapplicable ; Inapplicable ; Inapplicable ; Inapplicable ; Inapplicable ; Inapplicable ; Inapplicable ; Inapplicable ; Inapplicable ; Inapplicable ; Inapplicable ; Inapplicable ; Pass      ; Inapplicable ; Inapplicable ;
; HEX3[3]            ; Pass      ; Inapplicable ; Pass      ; Inapplicable ; Inapplicable ; Pass      ; Pass      ; Inapplicable ; Pass      ; Pass      ; Inapplicable ; Inapplicable ; Inapplicable ; Inapplicable ; Inapplicable ; Inapplicable ; Inapplicable ; Inapplicable ; Inapplicable ; Inapplicable ; Inapplicable ; Inapplicable ; Inapplicable ; Inapplicable ; Inapplicable ; Inapplicable ; Inapplicable ; Pass      ; Inapplicable ; Inapplicable ;
; HEX3[4]            ; Pass      ; Inapplicable ; Pass      ; Inapplicable ; Inapplicable ; Pass      ; Pass      ; Inapplicable ; Pass      ; Pass      ; Inapplicable ; Inapplicable ; Inapplicable ; Inapplicable ; Inapplicable ; Inapplicable ; Inapplicable ; Inapplicable ; Inapplicable ; Inapplicable ; Inapplicable ; Inapplicable ; Inapplicable ; Inapplicable ; Inapplicable ; Inapplicable ; Inapplicable ; Pass      ; Inapplicable ; Inapplicable ;
; HEX3[5]            ; Pass      ; Inapplicable ; Pass      ; Inapplicable ; Inapplicable ; Pass      ; Pass      ; Inapplicable ; Pass      ; Pass      ; Inapplicable ; Inapplicable ; Inapplicable ; Inapplicable ; Inapplicable ; Inapplicable ; Inapplicable ; Inapplicable ; Inapplicable ; Inapplicable ; Inapplicable ; Inapplicable ; Inapplicable ; Inapplicable ; Inapplicable ; Inapplicable ; Inapplicable ; Pass      ; Inapplicable ; Inapplicable ;
; HEX3[6]            ; Pass      ; Inapplicable ; Pass      ; Inapplicable ; Inapplicable ; Pass      ; Pass      ; Inapplicable ; Pass      ; Pass      ; Inapplicable ; Inapplicable ; Inapplicable ; Inapplicable ; Inapplicable ; Inapplicable ; Inapplicable ; Inapplicable ; Inapplicable ; Inapplicable ; Inapplicable ; Inapplicable ; Inapplicable ; Inapplicable ; Inapplicable ; Inapplicable ; Inapplicable ; Pass      ; Inapplicable ; Inapplicable ;
; HEX3[7]            ; Pass      ; Inapplicable ; Pass      ; Inapplicable ; Inapplicable ; Pass      ; Pass      ; Inapplicable ; Pass      ; Pass      ; Inapplicable ; Inapplicable ; Inapplicable ; Inapplicable ; Inapplicable ; Inapplicable ; Inapplicable ; Inapplicable ; Inapplicable ; Inapplicable ; Inapplicable ; Inapplicable ; Inapplicable ; Inapplicable ; Inapplicable ; Inapplicable ; Inapplicable ; Pass      ; Inapplicable ; Inapplicable ;
; HEX4[0]            ; Pass      ; Inapplicable ; Pass      ; Inapplicable ; Inapplicable ; Pass      ; Pass      ; Inapplicable ; Pass      ; Pass      ; Inapplicable ; Inapplicable ; Inapplicable ; Inapplicable ; Inapplicable ; Inapplicable ; Inapplicable ; Inapplicable ; Inapplicable ; Inapplicable ; Inapplicable ; Inapplicable ; Inapplicable ; Inapplicable ; Inapplicable ; Inapplicable ; Inapplicable ; Pass      ; Inapplicable ; Inapplicable ;
; HEX4[1]            ; Pass      ; Inapplicable ; Pass      ; Inapplicable ; Inapplicable ; Pass      ; Pass      ; Inapplicable ; Pass      ; Pass      ; Inapplicable ; Inapplicable ; Inapplicable ; Inapplicable ; Inapplicable ; Inapplicable ; Inapplicable ; Inapplicable ; Inapplicable ; Inapplicable ; Inapplicable ; Inapplicable ; Inapplicable ; Inapplicable ; Inapplicable ; Inapplicable ; Inapplicable ; Pass      ; Inapplicable ; Inapplicable ;
; HEX4[2]            ; Pass      ; Inapplicable ; Pass      ; Inapplicable ; Inapplicable ; Pass      ; Pass      ; Inapplicable ; Pass      ; Pass      ; Inapplicable ; Inapplicable ; Inapplicable ; Inapplicable ; Inapplicable ; Inapplicable ; Inapplicable ; Inapplicable ; Inapplicable ; Inapplicable ; Inapplicable ; Inapplicable ; Inapplicable ; Inapplicable ; Inapplicable ; Inapplicable ; Inapplicable ; Pass      ; Inapplicable ; Inapplicable ;
; HEX4[3]            ; Pass      ; Inapplicable ; Pass      ; Inapplicable ; Inapplicable ; Pass      ; Pass      ; Inapplicable ; Pass      ; Pass      ; Inapplicable ; Inapplicable ; Inapplicable ; Inapplicable ; Inapplicable ; Inapplicable ; Inapplicable ; Inapplicable ; Inapplicable ; Inapplicable ; Inapplicable ; Inapplicable ; Inapplicable ; Inapplicable ; Inapplicable ; Inapplicable ; Inapplicable ; Pass      ; Inapplicable ; Inapplicable ;
; HEX4[4]            ; Pass      ; Inapplicable ; Pass      ; Inapplicable ; Inapplicable ; Pass      ; Pass      ; Inapplicable ; Pass      ; Pass      ; Inapplicable ; Inapplicable ; Inapplicable ; Inapplicable ; Inapplicable ; Inapplicable ; Inapplicable ; Inapplicable ; Inapplicable ; Inapplicable ; Inapplicable ; Inapplicable ; Inapplicable ; Inapplicable ; Inapplicable ; Inapplicable ; Inapplicable ; Pass      ; Inapplicable ; Inapplicable ;
; HEX4[5]            ; Pass      ; Inapplicable ; Pass      ; Inapplicable ; Inapplicable ; Pass      ; Pass      ; Inapplicable ; Pass      ; Pass      ; Inapplicable ; Inapplicable ; Inapplicable ; Inapplicable ; Inapplicable ; Inapplicable ; Inapplicable ; Inapplicable ; Inapplicable ; Inapplicable ; Inapplicable ; Inapplicable ; Inapplicable ; Inapplicable ; Inapplicable ; Inapplicable ; Inapplicable ; Pass      ; Inapplicable ; Inapplicable ;
; HEX4[6]            ; Pass      ; Inapplicable ; Pass      ; Inapplicable ; Inapplicable ; Pass      ; Pass      ; Inapplicable ; Pass      ; Pass      ; Inapplicable ; Inapplicable ; Inapplicable ; Inapplicable ; Inapplicable ; Inapplicable ; Inapplicable ; Inapplicable ; Inapplicable ; Inapplicable ; Inapplicable ; Inapplicable ; Inapplicable ; Inapplicable ; Inapplicable ; Inapplicable ; Inapplicable ; Pass      ; Inapplicable ; Inapplicable ;
; HEX4[7]            ; Pass      ; Inapplicable ; Pass      ; Inapplicable ; Inapplicable ; Pass      ; Pass      ; Inapplicable ; Pass      ; Pass      ; Inapplicable ; Inapplicable ; Inapplicable ; Inapplicable ; Inapplicable ; Inapplicable ; Inapplicable ; Inapplicable ; Inapplicable ; Inapplicable ; Inapplicable ; Inapplicable ; Inapplicable ; Inapplicable ; Inapplicable ; Inapplicable ; Inapplicable ; Pass      ; Inapplicable ; Inapplicable ;
; HEX5[0]            ; Pass      ; Inapplicable ; Pass      ; Inapplicable ; Inapplicable ; Pass      ; Pass      ; Inapplicable ; Pass      ; Pass      ; Inapplicable ; Inapplicable ; Inapplicable ; Inapplicable ; Inapplicable ; Inapplicable ; Inapplicable ; Inapplicable ; Inapplicable ; Inapplicable ; Inapplicable ; Inapplicable ; Inapplicable ; Inapplicable ; Inapplicable ; Inapplicable ; Inapplicable ; Pass      ; Inapplicable ; Inapplicable ;
; HEX5[1]            ; Pass      ; Inapplicable ; Pass      ; Inapplicable ; Inapplicable ; Pass      ; Pass      ; Inapplicable ; Pass      ; Pass      ; Inapplicable ; Inapplicable ; Inapplicable ; Inapplicable ; Inapplicable ; Inapplicable ; Inapplicable ; Inapplicable ; Inapplicable ; Inapplicable ; Inapplicable ; Inapplicable ; Inapplicable ; Inapplicable ; Inapplicable ; Inapplicable ; Inapplicable ; Pass      ; Inapplicable ; Inapplicable ;
; HEX5[2]            ; Pass      ; Inapplicable ; Pass      ; Inapplicable ; Inapplicable ; Pass      ; Pass      ; Inapplicable ; Pass      ; Pass      ; Inapplicable ; Inapplicable ; Inapplicable ; Inapplicable ; Inapplicable ; Inapplicable ; Inapplicable ; Inapplicable ; Inapplicable ; Inapplicable ; Inapplicable ; Inapplicable ; Inapplicable ; Inapplicable ; Inapplicable ; Inapplicable ; Inapplicable ; Pass      ; Inapplicable ; Inapplicable ;
; HEX5[3]            ; Pass      ; Inapplicable ; Pass      ; Inapplicable ; Inapplicable ; Pass      ; Pass      ; Inapplicable ; Pass      ; Pass      ; Inapplicable ; Inapplicable ; Inapplicable ; Inapplicable ; Inapplicable ; Inapplicable ; Inapplicable ; Inapplicable ; Inapplicable ; Inapplicable ; Inapplicable ; Inapplicable ; Inapplicable ; Inapplicable ; Inapplicable ; Inapplicable ; Inapplicable ; Pass      ; Inapplicable ; Inapplicable ;
; HEX5[4]            ; Pass      ; Inapplicable ; Pass      ; Inapplicable ; Inapplicable ; Pass      ; Pass      ; Inapplicable ; Pass      ; Pass      ; Inapplicable ; Inapplicable ; Inapplicable ; Inapplicable ; Inapplicable ; Inapplicable ; Inapplicable ; Inapplicable ; Inapplicable ; Inapplicable ; Inapplicable ; Inapplicable ; Inapplicable ; Inapplicable ; Inapplicable ; Inapplicable ; Inapplicable ; Pass      ; Inapplicable ; Inapplicable ;
; HEX5[5]            ; Pass      ; Inapplicable ; Pass      ; Inapplicable ; Inapplicable ; Pass      ; Pass      ; Inapplicable ; Pass      ; Pass      ; Inapplicable ; Inapplicable ; Inapplicable ; Inapplicable ; Inapplicable ; Inapplicable ; Inapplicable ; Inapplicable ; Inapplicable ; Inapplicable ; Inapplicable ; Inapplicable ; Inapplicable ; Inapplicable ; Inapplicable ; Inapplicable ; Inapplicable ; Pass      ; Inapplicable ; Inapplicable ;
; HEX5[6]            ; Pass      ; Inapplicable ; Pass      ; Inapplicable ; Inapplicable ; Pass      ; Pass      ; Inapplicable ; Pass      ; Pass      ; Inapplicable ; Inapplicable ; Inapplicable ; Inapplicable ; Inapplicable ; Inapplicable ; Inapplicable ; Inapplicable ; Inapplicable ; Inapplicable ; Inapplicable ; Inapplicable ; Inapplicable ; Inapplicable ; Inapplicable ; Inapplicable ; Inapplicable ; Pass      ; Inapplicable ; Inapplicable ;
; HEX5[7]            ; Pass      ; Inapplicable ; Pass      ; Inapplicable ; Inapplicable ; Pass      ; Pass      ; Inapplicable ; Pass      ; Pass      ; Inapplicable ; Inapplicable ; Inapplicable ; Inapplicable ; Inapplicable ; Inapplicable ; Inapplicable ; Inapplicable ; Inapplicable ; Inapplicable ; Inapplicable ; Inapplicable ; Inapplicable ; Inapplicable ; Inapplicable ; Inapplicable ; Inapplicable ; Pass      ; Inapplicable ; Inapplicable ;
; LEDR[0]            ; Pass      ; Inapplicable ; Pass      ; Inapplicable ; Inapplicable ; Pass      ; Pass      ; Inapplicable ; Pass      ; Pass      ; Inapplicable ; Inapplicable ; Inapplicable ; Inapplicable ; Inapplicable ; Inapplicable ; Inapplicable ; Inapplicable ; Inapplicable ; Inapplicable ; Inapplicable ; Inapplicable ; Inapplicable ; Inapplicable ; Inapplicable ; Inapplicable ; Inapplicable ; Pass      ; Inapplicable ; Inapplicable ;
; LEDR[1]            ; Pass      ; Inapplicable ; Pass      ; Inapplicable ; Inapplicable ; Pass      ; Pass      ; Inapplicable ; Pass      ; Pass      ; Inapplicable ; Inapplicable ; Inapplicable ; Inapplicable ; Inapplicable ; Inapplicable ; Inapplicable ; Inapplicable ; Inapplicable ; Inapplicable ; Inapplicable ; Inapplicable ; Inapplicable ; Inapplicable ; Inapplicable ; Inapplicable ; Inapplicable ; Pass      ; Inapplicable ; Inapplicable ;
; LEDR[2]            ; Pass      ; Inapplicable ; Pass      ; Inapplicable ; Inapplicable ; Pass      ; Pass      ; Inapplicable ; Pass      ; Pass      ; Inapplicable ; Inapplicable ; Inapplicable ; Inapplicable ; Inapplicable ; Inapplicable ; Inapplicable ; Inapplicable ; Inapplicable ; Inapplicable ; Inapplicable ; Inapplicable ; Inapplicable ; Inapplicable ; Inapplicable ; Inapplicable ; Inapplicable ; Pass      ; Inapplicable ; Inapplicable ;
; LEDR[3]            ; Pass      ; Inapplicable ; Pass      ; Inapplicable ; Inapplicable ; Pass      ; Pass      ; Inapplicable ; Pass      ; Pass      ; Inapplicable ; Inapplicable ; Inapplicable ; Inapplicable ; Inapplicable ; Inapplicable ; Inapplicable ; Inapplicable ; Inapplicable ; Inapplicable ; Inapplicable ; Inapplicable ; Inapplicable ; Inapplicable ; Inapplicable ; Inapplicable ; Inapplicable ; Pass      ; Inapplicable ; Inapplicable ;
; LEDR[4]            ; Pass      ; Inapplicable ; Pass      ; Inapplicable ; Inapplicable ; Pass      ; Pass      ; Inapplicable ; Pass      ; Pass      ; Inapplicable ; Inapplicable ; Inapplicable ; Inapplicable ; Inapplicable ; Inapplicable ; Inapplicable ; Inapplicable ; Inapplicable ; Inapplicable ; Inapplicable ; Inapplicable ; Inapplicable ; Inapplicable ; Inapplicable ; Inapplicable ; Inapplicable ; Pass      ; Inapplicable ; Inapplicable ;
; LEDR[5]            ; Pass      ; Inapplicable ; Pass      ; Inapplicable ; Inapplicable ; Pass      ; Pass      ; Inapplicable ; Pass      ; Pass      ; Inapplicable ; Inapplicable ; Inapplicable ; Inapplicable ; Inapplicable ; Inapplicable ; Inapplicable ; Inapplicable ; Inapplicable ; Inapplicable ; Inapplicable ; Inapplicable ; Inapplicable ; Inapplicable ; Inapplicable ; Inapplicable ; Inapplicable ; Pass      ; Inapplicable ; Inapplicable ;
; LEDR[6]            ; Pass      ; Inapplicable ; Pass      ; Inapplicable ; Inapplicable ; Pass      ; Pass      ; Inapplicable ; Pass      ; Pass      ; Inapplicable ; Inapplicable ; Inapplicable ; Inapplicable ; Inapplicable ; Inapplicable ; Inapplicable ; Inapplicable ; Inapplicable ; Inapplicable ; Inapplicable ; Inapplicable ; Inapplicable ; Inapplicable ; Inapplicable ; Inapplicable ; Inapplicable ; Pass      ; Inapplicable ; Inapplicable ;
; LEDR[7]            ; Pass      ; Inapplicable ; Pass      ; Inapplicable ; Inapplicable ; Pass      ; Pass      ; Inapplicable ; Pass      ; Pass      ; Inapplicable ; Inapplicable ; Inapplicable ; Inapplicable ; Inapplicable ; Inapplicable ; Inapplicable ; Inapplicable ; Inapplicable ; Inapplicable ; Inapplicable ; Inapplicable ; Inapplicable ; Inapplicable ; Inapplicable ; Inapplicable ; Inapplicable ; Pass      ; Inapplicable ; Inapplicable ;
; LEDR[8]            ; Pass      ; Inapplicable ; Pass      ; Inapplicable ; Inapplicable ; Pass      ; Pass      ; Inapplicable ; Pass      ; Pass      ; Inapplicable ; Inapplicable ; Inapplicable ; Inapplicable ; Inapplicable ; Inapplicable ; Inapplicable ; Inapplicable ; Inapplicable ; Inapplicable ; Inapplicable ; Inapplicable ; Inapplicable ; Inapplicable ; Inapplicable ; Inapplicable ; Inapplicable ; Pass      ; Inapplicable ; Inapplicable ;
; LEDR[9]            ; Pass      ; Inapplicable ; Pass      ; Inapplicable ; Inapplicable ; Pass      ; Pass      ; Inapplicable ; Pass      ; Pass      ; Inapplicable ; Inapplicable ; Inapplicable ; Inapplicable ; Inapplicable ; Inapplicable ; Inapplicable ; Inapplicable ; Inapplicable ; Inapplicable ; Inapplicable ; Inapplicable ; Inapplicable ; Inapplicable ; Inapplicable ; Inapplicable ; Inapplicable ; Pass      ; Inapplicable ; Inapplicable ;
; GPIO[2]            ; Pass      ; Inapplicable ; Pass      ; Inapplicable ; Inapplicable ; Pass      ; Pass      ; Inapplicable ; Pass      ; Pass      ; Inapplicable ; Inapplicable ; Inapplicable ; Inapplicable ; Pass         ; Inapplicable ; Inapplicable ; Pass         ; Inapplicable ; Inapplicable ; Pass         ; Inapplicable ; Inapplicable ; Inapplicable ; Inapplicable ; Inapplicable ; Inapplicable ; Pass      ; Inapplicable ; Inapplicable ;
; GPIO[3]            ; Pass      ; Inapplicable ; Pass      ; Inapplicable ; Inapplicable ; Pass      ; Pass      ; Inapplicable ; Pass      ; Pass      ; Inapplicable ; Inapplicable ; Inapplicable ; Inapplicable ; Pass         ; Inapplicable ; Inapplicable ; Pass         ; Inapplicable ; Inapplicable ; Pass         ; Inapplicable ; Inapplicable ; Inapplicable ; Inapplicable ; Inapplicable ; Inapplicable ; Pass      ; Inapplicable ; Inapplicable ;
; GPIO[4]            ; Pass      ; Inapplicable ; Pass      ; Inapplicable ; Inapplicable ; Pass      ; Pass      ; Inapplicable ; Pass      ; Pass      ; Inapplicable ; Inapplicable ; Inapplicable ; Inapplicable ; Pass         ; Inapplicable ; Inapplicable ; Pass         ; Inapplicable ; Inapplicable ; Pass         ; Inapplicable ; Inapplicable ; Inapplicable ; Inapplicable ; Inapplicable ; Inapplicable ; Pass      ; Inapplicable ; Inapplicable ;
; GPIO[5]            ; Pass      ; Inapplicable ; Pass      ; Inapplicable ; Inapplicable ; Pass      ; Pass      ; Inapplicable ; Pass      ; Pass      ; Inapplicable ; Inapplicable ; Inapplicable ; Inapplicable ; Pass         ; Inapplicable ; Inapplicable ; Pass         ; Inapplicable ; Inapplicable ; Pass         ; Inapplicable ; Inapplicable ; Inapplicable ; Inapplicable ; Inapplicable ; Inapplicable ; Pass      ; Inapplicable ; Inapplicable ;
; GPIO[6]            ; Pass      ; Inapplicable ; Pass      ; Inapplicable ; Inapplicable ; Pass      ; Pass      ; Inapplicable ; Pass      ; Pass      ; Inapplicable ; Inapplicable ; Inapplicable ; Inapplicable ; Pass         ; Inapplicable ; Inapplicable ; Pass         ; Inapplicable ; Inapplicable ; Pass         ; Inapplicable ; Inapplicable ; Inapplicable ; Inapplicable ; Inapplicable ; Inapplicable ; Pass      ; Inapplicable ; Inapplicable ;
; GPIO[7]            ; Pass      ; Inapplicable ; Pass      ; Inapplicable ; Inapplicable ; Pass      ; Pass      ; Inapplicable ; Pass      ; Pass      ; Inapplicable ; Inapplicable ; Inapplicable ; Inapplicable ; Pass         ; Inapplicable ; Inapplicable ; Pass         ; Inapplicable ; Inapplicable ; Pass         ; Inapplicable ; Inapplicable ; Inapplicable ; Inapplicable ; Inapplicable ; Inapplicable ; Pass      ; Inapplicable ; Inapplicable ;
; GPIO[8]            ; Pass      ; Inapplicable ; Pass      ; Inapplicable ; Inapplicable ; Pass      ; Pass      ; Inapplicable ; Pass      ; Pass      ; Inapplicable ; Inapplicable ; Inapplicable ; Inapplicable ; Pass         ; Inapplicable ; Inapplicable ; Pass         ; Inapplicable ; Inapplicable ; Pass         ; Inapplicable ; Inapplicable ; Inapplicable ; Inapplicable ; Inapplicable ; Inapplicable ; Pass      ; Inapplicable ; Inapplicable ;
; GPIO[9]            ; Pass      ; Inapplicable ; Pass      ; Inapplicable ; Inapplicable ; Pass      ; Pass      ; Inapplicable ; Pass      ; Pass      ; Inapplicable ; Inapplicable ; Inapplicable ; Inapplicable ; Pass         ; Inapplicable ; Inapplicable ; Pass         ; Inapplicable ; Inapplicable ; Pass         ; Inapplicable ; Inapplicable ; Inapplicable ; Inapplicable ; Inapplicable ; Inapplicable ; Pass      ; Inapplicable ; Inapplicable ;
; GPIO[10]           ; Pass      ; Inapplicable ; Pass      ; Inapplicable ; Inapplicable ; Pass      ; Pass      ; Inapplicable ; Pass      ; Pass      ; Inapplicable ; Inapplicable ; Inapplicable ; Inapplicable ; Pass         ; Inapplicable ; Inapplicable ; Pass         ; Inapplicable ; Inapplicable ; Pass         ; Inapplicable ; Inapplicable ; Inapplicable ; Inapplicable ; Inapplicable ; Inapplicable ; Pass      ; Inapplicable ; Inapplicable ;
; GPIO[11]           ; Pass      ; Inapplicable ; Pass      ; Inapplicable ; Inapplicable ; Pass      ; Pass      ; Inapplicable ; Pass      ; Pass      ; Inapplicable ; Inapplicable ; Inapplicable ; Inapplicable ; Pass         ; Inapplicable ; Inapplicable ; Pass         ; Inapplicable ; Inapplicable ; Pass         ; Inapplicable ; Inapplicable ; Inapplicable ; Inapplicable ; Inapplicable ; Inapplicable ; Pass      ; Inapplicable ; Inapplicable ;
; GPIO[12]           ; Pass      ; Inapplicable ; Pass      ; Inapplicable ; Inapplicable ; Pass      ; Pass      ; Inapplicable ; Pass      ; Pass      ; Inapplicable ; Inapplicable ; Inapplicable ; Inapplicable ; Pass         ; Inapplicable ; Inapplicable ; Pass         ; Inapplicable ; Inapplicable ; Pass         ; Inapplicable ; Inapplicable ; Inapplicable ; Inapplicable ; Inapplicable ; Inapplicable ; Pass      ; Inapplicable ; Inapplicable ;
; GPIO[13]           ; Pass      ; Inapplicable ; Pass      ; Inapplicable ; Inapplicable ; Pass      ; Pass      ; Inapplicable ; Pass      ; Pass      ; Inapplicable ; Inapplicable ; Inapplicable ; Inapplicable ; Pass         ; Inapplicable ; Inapplicable ; Pass         ; Inapplicable ; Inapplicable ; Pass         ; Inapplicable ; Inapplicable ; Inapplicable ; Inapplicable ; Inapplicable ; Inapplicable ; Pass      ; Inapplicable ; Inapplicable ;
; GPIO[14]           ; Pass      ; Inapplicable ; Pass      ; Inapplicable ; Inapplicable ; Pass      ; Pass      ; Inapplicable ; Pass      ; Pass      ; Inapplicable ; Inapplicable ; Inapplicable ; Inapplicable ; Pass         ; Inapplicable ; Inapplicable ; Pass         ; Inapplicable ; Inapplicable ; Pass         ; Inapplicable ; Inapplicable ; Inapplicable ; Inapplicable ; Inapplicable ; Inapplicable ; Pass      ; Inapplicable ; Inapplicable ;
; GPIO[15]           ; Pass      ; Inapplicable ; Pass      ; Inapplicable ; Inapplicable ; Pass      ; Pass      ; Inapplicable ; Pass      ; Pass      ; Inapplicable ; Inapplicable ; Inapplicable ; Inapplicable ; Pass         ; Inapplicable ; Inapplicable ; Pass         ; Inapplicable ; Inapplicable ; Pass         ; Inapplicable ; Inapplicable ; Inapplicable ; Inapplicable ; Inapplicable ; Inapplicable ; Pass      ; Inapplicable ; Inapplicable ;
; GPIO[16]           ; Pass      ; Inapplicable ; Pass      ; Inapplicable ; Inapplicable ; Pass      ; Pass      ; Inapplicable ; Pass      ; Pass      ; Inapplicable ; Inapplicable ; Inapplicable ; Inapplicable ; Pass         ; Inapplicable ; Inapplicable ; Pass         ; Inapplicable ; Inapplicable ; Pass         ; Inapplicable ; Inapplicable ; Inapplicable ; Inapplicable ; Inapplicable ; Inapplicable ; Pass      ; Inapplicable ; Inapplicable ;
; GPIO[17]           ; Pass      ; Inapplicable ; Pass      ; Inapplicable ; Inapplicable ; Pass      ; Pass      ; Inapplicable ; Pass      ; Pass      ; Inapplicable ; Inapplicable ; Inapplicable ; Inapplicable ; Pass         ; Inapplicable ; Inapplicable ; Pass         ; Inapplicable ; Inapplicable ; Pass         ; Inapplicable ; Inapplicable ; Inapplicable ; Inapplicable ; Inapplicable ; Inapplicable ; Pass      ; Inapplicable ; Inapplicable ;
; GPIO[18]           ; Pass      ; Inapplicable ; Pass      ; Inapplicable ; Inapplicable ; Pass      ; Pass      ; Inapplicable ; Pass      ; Pass      ; Inapplicable ; Inapplicable ; Inapplicable ; Inapplicable ; Pass         ; Inapplicable ; Inapplicable ; Pass         ; Inapplicable ; Inapplicable ; Pass         ; Inapplicable ; Inapplicable ; Inapplicable ; Inapplicable ; Inapplicable ; Inapplicable ; Pass      ; Inapplicable ; Inapplicable ;
; GPIO[19]           ; Pass      ; Inapplicable ; Pass      ; Inapplicable ; Inapplicable ; Pass      ; Pass      ; Inapplicable ; Pass      ; Pass      ; Inapplicable ; Inapplicable ; Inapplicable ; Inapplicable ; Pass         ; Inapplicable ; Inapplicable ; Pass         ; Inapplicable ; Inapplicable ; Pass         ; Inapplicable ; Inapplicable ; Inapplicable ; Inapplicable ; Inapplicable ; Inapplicable ; Pass      ; Inapplicable ; Inapplicable ;
; GPIO[20]           ; Pass      ; Inapplicable ; Pass      ; Inapplicable ; Inapplicable ; Pass      ; Pass      ; Inapplicable ; Pass      ; Pass      ; Inapplicable ; Inapplicable ; Inapplicable ; Inapplicable ; Pass         ; Inapplicable ; Inapplicable ; Pass         ; Inapplicable ; Inapplicable ; Pass         ; Inapplicable ; Inapplicable ; Inapplicable ; Inapplicable ; Inapplicable ; Inapplicable ; Pass      ; Inapplicable ; Inapplicable ;
; GPIO[21]           ; Pass      ; Inapplicable ; Pass      ; Inapplicable ; Inapplicable ; Pass      ; Pass      ; Inapplicable ; Pass      ; Pass      ; Inapplicable ; Inapplicable ; Inapplicable ; Inapplicable ; Pass         ; Inapplicable ; Inapplicable ; Pass         ; Inapplicable ; Inapplicable ; Pass         ; Inapplicable ; Inapplicable ; Inapplicable ; Inapplicable ; Inapplicable ; Inapplicable ; Pass      ; Inapplicable ; Inapplicable ;
; GPIO[22]           ; Pass      ; Inapplicable ; Pass      ; Inapplicable ; Inapplicable ; Pass      ; Pass      ; Inapplicable ; Pass      ; Pass      ; Inapplicable ; Inapplicable ; Inapplicable ; Inapplicable ; Pass         ; Inapplicable ; Inapplicable ; Pass         ; Inapplicable ; Inapplicable ; Pass         ; Inapplicable ; Inapplicable ; Inapplicable ; Inapplicable ; Inapplicable ; Inapplicable ; Pass      ; Inapplicable ; Inapplicable ;
; GPIO[23]           ; Pass      ; Inapplicable ; Pass      ; Inapplicable ; Inapplicable ; Pass      ; Pass      ; Inapplicable ; Pass      ; Pass      ; Inapplicable ; Inapplicable ; Inapplicable ; Inapplicable ; Pass         ; Inapplicable ; Inapplicable ; Pass         ; Inapplicable ; Inapplicable ; Pass         ; Inapplicable ; Inapplicable ; Inapplicable ; Inapplicable ; Inapplicable ; Inapplicable ; Pass      ; Inapplicable ; Inapplicable ;
; GPIO[24]           ; Pass      ; Inapplicable ; Pass      ; Inapplicable ; Inapplicable ; Pass      ; Pass      ; Inapplicable ; Pass      ; Pass      ; Inapplicable ; Inapplicable ; Inapplicable ; Inapplicable ; Pass         ; Inapplicable ; Inapplicable ; Pass         ; Inapplicable ; Inapplicable ; Pass         ; Inapplicable ; Inapplicable ; Inapplicable ; Inapplicable ; Inapplicable ; Inapplicable ; Pass      ; Inapplicable ; Inapplicable ;
; GPIO[25]           ; Pass      ; Inapplicable ; Pass      ; Inapplicable ; Inapplicable ; Pass      ; Pass      ; Inapplicable ; Pass      ; Pass      ; Inapplicable ; Inapplicable ; Inapplicable ; Inapplicable ; Pass         ; Inapplicable ; Inapplicable ; Pass         ; Inapplicable ; Inapplicable ; Pass         ; Inapplicable ; Inapplicable ; Inapplicable ; Inapplicable ; Inapplicable ; Inapplicable ; Pass      ; Inapplicable ; Inapplicable ;
; GPIO[26]           ; Pass      ; Inapplicable ; Pass      ; Inapplicable ; Inapplicable ; Pass      ; Pass      ; Inapplicable ; Pass      ; Pass      ; Inapplicable ; Inapplicable ; Inapplicable ; Inapplicable ; Pass         ; Inapplicable ; Inapplicable ; Pass         ; Inapplicable ; Inapplicable ; Pass         ; Inapplicable ; Inapplicable ; Inapplicable ; Inapplicable ; Inapplicable ; Inapplicable ; Pass      ; Inapplicable ; Inapplicable ;
; GPIO[27]           ; Pass      ; Inapplicable ; Pass      ; Inapplicable ; Inapplicable ; Pass      ; Pass      ; Inapplicable ; Pass      ; Pass      ; Inapplicable ; Inapplicable ; Inapplicable ; Inapplicable ; Pass         ; Inapplicable ; Inapplicable ; Pass         ; Inapplicable ; Inapplicable ; Pass         ; Inapplicable ; Inapplicable ; Inapplicable ; Inapplicable ; Inapplicable ; Inapplicable ; Pass      ; Inapplicable ; Inapplicable ;
; GPIO[28]           ; Pass      ; Inapplicable ; Pass      ; Inapplicable ; Inapplicable ; Pass      ; Pass      ; Inapplicable ; Pass      ; Pass      ; Inapplicable ; Inapplicable ; Inapplicable ; Inapplicable ; Pass         ; Inapplicable ; Inapplicable ; Pass         ; Inapplicable ; Inapplicable ; Pass         ; Inapplicable ; Inapplicable ; Inapplicable ; Inapplicable ; Inapplicable ; Inapplicable ; Pass      ; Inapplicable ; Inapplicable ;
; GPIO[29]           ; Pass      ; Inapplicable ; Pass      ; Inapplicable ; Inapplicable ; Pass      ; Pass      ; Inapplicable ; Pass      ; Pass      ; Inapplicable ; Inapplicable ; Inapplicable ; Inapplicable ; Pass         ; Inapplicable ; Inapplicable ; Pass         ; Inapplicable ; Inapplicable ; Pass         ; Inapplicable ; Inapplicable ; Inapplicable ; Inapplicable ; Inapplicable ; Inapplicable ; Pass      ; Inapplicable ; Inapplicable ;
; GPIO[30]           ; Pass      ; Inapplicable ; Pass      ; Inapplicable ; Inapplicable ; Pass      ; Pass      ; Inapplicable ; Pass      ; Pass      ; Inapplicable ; Inapplicable ; Inapplicable ; Inapplicable ; Pass         ; Inapplicable ; Inapplicable ; Pass         ; Inapplicable ; Inapplicable ; Pass         ; Inapplicable ; Inapplicable ; Inapplicable ; Inapplicable ; Inapplicable ; Inapplicable ; Pass      ; Inapplicable ; Inapplicable ;
; GPIO[31]           ; Pass      ; Inapplicable ; Pass      ; Inapplicable ; Inapplicable ; Pass      ; Pass      ; Inapplicable ; Pass      ; Pass      ; Inapplicable ; Inapplicable ; Inapplicable ; Inapplicable ; Pass         ; Inapplicable ; Inapplicable ; Pass         ; Inapplicable ; Inapplicable ; Pass         ; Inapplicable ; Inapplicable ; Inapplicable ; Inapplicable ; Inapplicable ; Inapplicable ; Pass      ; Inapplicable ; Inapplicable ;
; GPIO[32]           ; Pass      ; Inapplicable ; Pass      ; Inapplicable ; Inapplicable ; Pass      ; Pass      ; Inapplicable ; Pass      ; Pass      ; Inapplicable ; Inapplicable ; Inapplicable ; Inapplicable ; Pass         ; Inapplicable ; Inapplicable ; Pass         ; Inapplicable ; Inapplicable ; Pass         ; Inapplicable ; Inapplicable ; Inapplicable ; Inapplicable ; Inapplicable ; Inapplicable ; Pass      ; Inapplicable ; Inapplicable ;
; GPIO[33]           ; Pass      ; Inapplicable ; Pass      ; Inapplicable ; Inapplicable ; Pass      ; Pass      ; Inapplicable ; Pass      ; Pass      ; Inapplicable ; Inapplicable ; Inapplicable ; Inapplicable ; Pass         ; Inapplicable ; Inapplicable ; Pass         ; Inapplicable ; Inapplicable ; Pass         ; Inapplicable ; Inapplicable ; Inapplicable ; Inapplicable ; Inapplicable ; Inapplicable ; Pass      ; Inapplicable ; Inapplicable ;
; GPIO[34]           ; Pass      ; Inapplicable ; Pass      ; Inapplicable ; Inapplicable ; Pass      ; Pass      ; Inapplicable ; Pass      ; Pass      ; Inapplicable ; Inapplicable ; Inapplicable ; Inapplicable ; Pass         ; Inapplicable ; Inapplicable ; Pass         ; Inapplicable ; Inapplicable ; Pass         ; Inapplicable ; Inapplicable ; Inapplicable ; Inapplicable ; Inapplicable ; Inapplicable ; Pass      ; Inapplicable ; Inapplicable ;
; GPIO[35]           ; Pass      ; Inapplicable ; Pass      ; Inapplicable ; Inapplicable ; Pass      ; Pass      ; Inapplicable ; Pass      ; Pass      ; Inapplicable ; Inapplicable ; Inapplicable ; Inapplicable ; Pass         ; Inapplicable ; Inapplicable ; Pass         ; Inapplicable ; Inapplicable ; Pass         ; Inapplicable ; Inapplicable ; Inapplicable ; Inapplicable ; Inapplicable ; Inapplicable ; Pass      ; Inapplicable ; Inapplicable ;
; GPIO[0]            ; Pass      ; Inapplicable ; Pass      ; Inapplicable ; Inapplicable ; Pass      ; Pass      ; Inapplicable ; Pass      ; Pass      ; Inapplicable ; Inapplicable ; Inapplicable ; Inapplicable ; Pass         ; Inapplicable ; Inapplicable ; Pass         ; Inapplicable ; Inapplicable ; Pass         ; Inapplicable ; Inapplicable ; Inapplicable ; Inapplicable ; Inapplicable ; Inapplicable ; Pass      ; Inapplicable ; Inapplicable ;
; GPIO[1]            ; Pass      ; Inapplicable ; Pass      ; Inapplicable ; Inapplicable ; Pass      ; Pass      ; Inapplicable ; Pass      ; Pass      ; Inapplicable ; Inapplicable ; Inapplicable ; Inapplicable ; Pass         ; Inapplicable ; Inapplicable ; Pass         ; Inapplicable ; Inapplicable ; Inapplicable ; Inapplicable ; Inapplicable ; Inapplicable ; Inapplicable ; Inapplicable ; Inapplicable ; Pass      ; Inapplicable ; Inapplicable ;
; MAX10_CLK1_50      ; Pass      ; Inapplicable ; Pass      ; Inapplicable ; Inapplicable ; Pass      ; Pass      ; Inapplicable ; Pass      ; Pass      ; Inapplicable ; Inapplicable ; Inapplicable ; Inapplicable ; Pass         ; Inapplicable ; Inapplicable ; Pass         ; Inapplicable ; Inapplicable ; Inapplicable ; Inapplicable ; Inapplicable ; Inapplicable ; Inapplicable ; Inapplicable ; Inapplicable ; Pass      ; Inapplicable ; Inapplicable ;
; KEY[0]             ; Pass      ; Inapplicable ; Pass      ; Inapplicable ; Inapplicable ; Pass      ; Pass      ; Inapplicable ; Pass      ; Pass      ; Inapplicable ; Inapplicable ; Inapplicable ; Inapplicable ; Pass         ; Inapplicable ; Inapplicable ; Pass         ; Inapplicable ; Inapplicable ; Inapplicable ; Inapplicable ; Inapplicable ; Inapplicable ; Inapplicable ; Inapplicable ; Inapplicable ; Pass      ; Inapplicable ; Inapplicable ;
+--------------------+-----------+--------------+-----------+--------------+--------------+-----------+-----------+--------------+-----------+-----------+--------------+--------------+--------------+--------------+--------------+--------------+--------------+--------------+--------------+--------------+--------------+--------------+--------------+--------------+--------------+--------------+--------------+-----------+--------------+--------------+


+-------------------------------------------------------------------------------------------+
; Fitter Device Options                                                                     ;
+------------------------------------------------------------------+------------------------+
; Option                                                           ; Setting                ;
+------------------------------------------------------------------+------------------------+
; Enable user-supplied start-up clock (CLKUSR)                     ; Off                    ;
; Enable device-wide reset (DEV_CLRn)                              ; Off                    ;
; Enable device-wide output enable (DEV_OE)                        ; Off                    ;
; Enable INIT_DONE output                                          ; Off                    ;
; Configuration scheme                                             ; Internal Configuration ;
; Enable Error Detection CRC_ERROR pin                             ; Off                    ;
; Enable open drain on CRC_ERROR pin                               ; Off                    ;
; Enable nCONFIG, nSTATUS, and CONF_DONE pins                      ; On                     ;
; Enable JTAG pin sharing                                          ; Off                    ;
; Enable nCE pin                                                   ; Off                    ;
; Enable CONFIG_SEL pin                                            ; On                     ;
; Enable input tri-state on active configuration pins in user mode ; Off                    ;
; Configuration Voltage Level                                      ; Auto                   ;
; Force Configuration Voltage Level                                ; Off                    ;
; Data[0]                                                          ; Unreserved             ;
; Data[1]/ASDO                                                     ; Unreserved             ;
; FLASH_nCE/nCSO                                                   ; Unreserved             ;
; DCLK                                                             ; Unreserved             ;
+------------------------------------------------------------------+------------------------+


+------------------------------------+
; Operating Settings and Conditions  ;
+---------------------------+--------+
; Setting                   ; Value  ;
+---------------------------+--------+
; Nominal Core Voltage      ; 1.20 V ;
; Low Junction Temperature  ; 0 °C   ;
; High Junction Temperature ; 85 °C  ;
+---------------------------+--------+


+------------------------------------------------------------------------------------------------------------+
; Estimated Delay Added for Hold Timing Summary                                                              ;
+-----------------------------------------------------------------+----------------------+-------------------+
; Source Clock(s)                                                 ; Destination Clock(s) ; Delay Added in ns ;
+-----------------------------------------------------------------+----------------------+-------------------+
; MAX10_CLK1_50,PLLTX|altpll_component|auto_generated|pll1|clk[2] ; MAX10_CLK1_50        ; 52.6              ;
; PLLTX|altpll_component|auto_generated|pll1|clk[2]               ; MAX10_CLK1_50        ; 30.0              ;
; PLLTX|altpll_component|auto_generated|pll1|clk[2],I/O           ; MAX10_CLK1_50        ; 3.1               ;
+-----------------------------------------------------------------+----------------------+-------------------+
Note: For more information on problematic transfers, consider running the Fitter again with the Optimize hold timing option (Settings Menu) turned off.
This will disable optimization of problematic paths and expose them for further analysis using the Timing Analyzer.


+---------------------------------------------------------------------------------+
; Estimated Delay Added for Hold Timing Details                                   ;
+-------------------------------------+-----------------------+-------------------+
; Source Register                     ; Destination Register  ; Delay Added in ns ;
+-------------------------------------+-----------------------+-------------------+
; execute:EXECUTE|ALU:ALU|enable_time ; Timer:TIM|sec_ones[1] ; 6.192             ;
; Timer:TIM|tenths[31]                ; Timer:TIM|sec_ones[1] ; 4.028             ;
; Timer:TIM|tenths[30]                ; Timer:TIM|sec_ones[1] ; 4.028             ;
; Timer:TIM|tenths[29]                ; Timer:TIM|sec_ones[1] ; 4.028             ;
; Timer:TIM|tenths[28]                ; Timer:TIM|sec_ones[1] ; 4.028             ;
; Timer:TIM|tenths[27]                ; Timer:TIM|sec_ones[1] ; 4.028             ;
; Timer:TIM|tenths[26]                ; Timer:TIM|sec_ones[1] ; 4.028             ;
; Timer:TIM|tenths[25]                ; Timer:TIM|sec_ones[1] ; 4.028             ;
; Timer:TIM|tenths[24]                ; Timer:TIM|sec_ones[1] ; 4.028             ;
; Timer:TIM|tenths[23]                ; Timer:TIM|sec_ones[1] ; 4.028             ;
; Timer:TIM|tenths[22]                ; Timer:TIM|sec_ones[1] ; 4.028             ;
; Timer:TIM|tenths[21]                ; Timer:TIM|sec_ones[1] ; 4.028             ;
; Timer:TIM|tenths[20]                ; Timer:TIM|sec_ones[1] ; 4.028             ;
; Timer:TIM|tenths[19]                ; Timer:TIM|sec_ones[1] ; 4.028             ;
; Timer:TIM|tenths[18]                ; Timer:TIM|sec_ones[1] ; 4.028             ;
; Timer:TIM|tenths[17]                ; Timer:TIM|sec_ones[1] ; 4.028             ;
; Timer:TIM|tenths[16]                ; Timer:TIM|sec_ones[1] ; 4.028             ;
; Timer:TIM|tenths[15]                ; Timer:TIM|sec_ones[1] ; 4.028             ;
; Timer:TIM|tenths[14]                ; Timer:TIM|sec_ones[1] ; 4.028             ;
; Timer:TIM|tenths[13]                ; Timer:TIM|sec_ones[1] ; 4.028             ;
; Timer:TIM|tenths[12]                ; Timer:TIM|sec_ones[1] ; 4.028             ;
; Timer:TIM|tenths[11]                ; Timer:TIM|sec_ones[1] ; 4.028             ;
; Timer:TIM|tenths[10]                ; Timer:TIM|sec_ones[1] ; 4.028             ;
; Timer:TIM|tenths[9]                 ; Timer:TIM|sec_ones[1] ; 4.028             ;
; Timer:TIM|tenths[8]                 ; Timer:TIM|sec_ones[1] ; 4.028             ;
; Timer:TIM|tenths[7]                 ; Timer:TIM|sec_ones[1] ; 4.028             ;
; Timer:TIM|tenths[6]                 ; Timer:TIM|sec_ones[1] ; 4.028             ;
; Timer:TIM|tenths[5]                 ; Timer:TIM|sec_ones[1] ; 4.028             ;
; Timer:TIM|tenths[4]                 ; Timer:TIM|sec_ones[1] ; 4.028             ;
; Timer:TIM|tenths[3]                 ; Timer:TIM|sec_ones[1] ; 4.028             ;
; Timer:TIM|tenths[2]                 ; Timer:TIM|sec_ones[1] ; 4.028             ;
; Timer:TIM|tenths[1]                 ; Timer:TIM|sec_ones[1] ; 4.028             ;
; Timer:TIM|tenths[0]                 ; Timer:TIM|sec_ones[1] ; 4.028             ;
; Timer:TIM|hundredths[31]            ; Timer:TIM|sec_ones[1] ; 4.028             ;
; Timer:TIM|hundredths[30]            ; Timer:TIM|sec_ones[1] ; 4.028             ;
; Timer:TIM|hundredths[29]            ; Timer:TIM|sec_ones[1] ; 4.028             ;
; Timer:TIM|hundredths[28]            ; Timer:TIM|sec_ones[1] ; 4.028             ;
; Timer:TIM|hundredths[27]            ; Timer:TIM|sec_ones[1] ; 4.028             ;
; Timer:TIM|hundredths[26]            ; Timer:TIM|sec_ones[1] ; 4.028             ;
; Timer:TIM|hundredths[25]            ; Timer:TIM|sec_ones[1] ; 4.028             ;
; Timer:TIM|hundredths[24]            ; Timer:TIM|sec_ones[1] ; 4.028             ;
; Timer:TIM|hundredths[23]            ; Timer:TIM|sec_ones[1] ; 4.028             ;
; Timer:TIM|hundredths[22]            ; Timer:TIM|sec_ones[1] ; 4.028             ;
; Timer:TIM|hundredths[21]            ; Timer:TIM|sec_ones[1] ; 4.028             ;
; Timer:TIM|hundredths[20]            ; Timer:TIM|sec_ones[1] ; 4.028             ;
; Timer:TIM|hundredths[19]            ; Timer:TIM|sec_ones[1] ; 4.028             ;
; Timer:TIM|hundredths[18]            ; Timer:TIM|sec_ones[1] ; 4.028             ;
; Timer:TIM|hundredths[17]            ; Timer:TIM|sec_ones[1] ; 4.028             ;
; Timer:TIM|hundredths[16]            ; Timer:TIM|sec_ones[1] ; 4.028             ;
; Timer:TIM|hundredths[15]            ; Timer:TIM|sec_ones[1] ; 4.028             ;
; Timer:TIM|hundredths[14]            ; Timer:TIM|sec_ones[1] ; 4.028             ;
; Timer:TIM|hundredths[13]            ; Timer:TIM|sec_ones[1] ; 4.028             ;
; Timer:TIM|hundredths[12]            ; Timer:TIM|sec_ones[1] ; 4.028             ;
; Timer:TIM|hundredths[11]            ; Timer:TIM|sec_ones[1] ; 4.028             ;
; Timer:TIM|hundredths[10]            ; Timer:TIM|sec_ones[1] ; 4.028             ;
; Timer:TIM|hundredths[9]             ; Timer:TIM|sec_ones[1] ; 4.028             ;
; Timer:TIM|hundredths[8]             ; Timer:TIM|sec_ones[1] ; 4.028             ;
; Timer:TIM|hundredths[7]             ; Timer:TIM|sec_ones[1] ; 4.028             ;
; Timer:TIM|hundredths[6]             ; Timer:TIM|sec_ones[1] ; 4.028             ;
; Timer:TIM|hundredths[5]             ; Timer:TIM|sec_ones[1] ; 4.028             ;
; Timer:TIM|hundredths[4]             ; Timer:TIM|sec_ones[1] ; 4.028             ;
; Timer:TIM|hundredths[3]             ; Timer:TIM|sec_ones[1] ; 4.028             ;
; Timer:TIM|hundredths[2]             ; Timer:TIM|sec_ones[1] ; 4.028             ;
; Timer:TIM|hundredths[1]             ; Timer:TIM|sec_ones[1] ; 4.028             ;
; Timer:TIM|slow_clk[31]              ; Timer:TIM|sec_ones[1] ; 4.028             ;
; Timer:TIM|slow_clk[30]              ; Timer:TIM|sec_ones[1] ; 4.028             ;
; Timer:TIM|slow_clk[29]              ; Timer:TIM|sec_ones[1] ; 4.028             ;
; Timer:TIM|slow_clk[28]              ; Timer:TIM|sec_ones[1] ; 4.028             ;
; Timer:TIM|slow_clk[27]              ; Timer:TIM|sec_ones[1] ; 4.028             ;
; Timer:TIM|slow_clk[26]              ; Timer:TIM|sec_ones[1] ; 4.028             ;
; Timer:TIM|slow_clk[25]              ; Timer:TIM|sec_ones[1] ; 4.028             ;
; Timer:TIM|slow_clk[24]              ; Timer:TIM|sec_ones[1] ; 4.028             ;
; Timer:TIM|slow_clk[23]              ; Timer:TIM|sec_ones[1] ; 4.028             ;
; Timer:TIM|slow_clk[22]              ; Timer:TIM|sec_ones[1] ; 4.028             ;
; Timer:TIM|slow_clk[21]              ; Timer:TIM|sec_ones[1] ; 4.028             ;
; Timer:TIM|slow_clk[20]              ; Timer:TIM|sec_ones[1] ; 4.028             ;
; Timer:TIM|slow_clk[18]              ; Timer:TIM|sec_ones[1] ; 4.028             ;
; Timer:TIM|slow_clk[17]              ; Timer:TIM|sec_ones[1] ; 4.028             ;
; Timer:TIM|slow_clk[16]              ; Timer:TIM|sec_ones[1] ; 4.028             ;
; Timer:TIM|slow_clk[15]              ; Timer:TIM|sec_ones[1] ; 4.028             ;
; Timer:TIM|slow_clk[14]              ; Timer:TIM|sec_ones[1] ; 4.028             ;
; Timer:TIM|slow_clk[13]              ; Timer:TIM|sec_ones[1] ; 4.028             ;
; Timer:TIM|slow_clk[12]              ; Timer:TIM|sec_ones[1] ; 4.028             ;
; Timer:TIM|slow_clk[11]              ; Timer:TIM|sec_ones[1] ; 4.028             ;
; Timer:TIM|slow_clk[10]              ; Timer:TIM|sec_ones[1] ; 4.028             ;
; Timer:TIM|slow_clk[19]              ; Timer:TIM|sec_ones[1] ; 4.028             ;
; Timer:TIM|slow_clk[8]               ; Timer:TIM|sec_ones[1] ; 4.028             ;
; Timer:TIM|slow_clk[7]               ; Timer:TIM|sec_ones[1] ; 4.028             ;
; Timer:TIM|slow_clk[6]               ; Timer:TIM|sec_ones[1] ; 4.028             ;
; Timer:TIM|slow_clk[9]               ; Timer:TIM|sec_ones[1] ; 4.028             ;
; Timer:TIM|slow_clk[5]               ; Timer:TIM|sec_ones[1] ; 4.028             ;
; Timer:TIM|slow_clk[4]               ; Timer:TIM|sec_ones[1] ; 4.028             ;
; Timer:TIM|slow_clk[3]               ; Timer:TIM|sec_ones[1] ; 4.028             ;
; Timer:TIM|slow_clk[2]               ; Timer:TIM|sec_ones[1] ; 4.028             ;
; Timer:TIM|slow_clk[0]               ; Timer:TIM|sec_ones[1] ; 4.028             ;
; Timer:TIM|slow_clk[1]               ; Timer:TIM|sec_ones[1] ; 4.028             ;
; Timer:TIM|hundredths[0]             ; Timer:TIM|sec_ones[1] ; 4.028             ;
; Timer:TIM|sec_ones[31]              ; Timer:TIM|sec_tens[0] ; 3.147             ;
; Timer:TIM|sec_ones[30]              ; Timer:TIM|sec_tens[0] ; 3.147             ;
; Timer:TIM|sec_ones[29]              ; Timer:TIM|sec_tens[0] ; 3.147             ;
+-------------------------------------+-----------------------+-------------------+
Note: This table only shows the top 100 path(s) that have the largest delay added for hold.


+-----------------+
; Fitter Messages ;
+-----------------+
Info (16303): Aggressive Performance optimization mode selected -- timing performance will be prioritized at the potential cost of increased logic area and compilation time
    Info (16304): Mode behavior is affected by advanced setting Fitter Effort (default for this mode is Standard Fit)
Warning (18236): Number of processors has not been specified which may cause overloading on shared machines.  Set the global assignment NUM_PARALLEL_PROCESSORS in your QSF to an appropriate value for best performance.
Info (20030): Parallel compilation is enabled and will use 14 of the 14 processors detected
Info (119006): Selected device 10M50DAF484C7G for design "DLX"
Info (21077): Low junction temperature is 0 degrees C
Info (21077): High junction temperature is 85 degrees C
Info (15535): Implemented PLL "pll:PLLTX|altpll:altpll_component|pll_altpll:auto_generated|pll1" as MAX 10 PLL type File: C:/Users/A02395949/Documents/advanced/ECE_6740/FinalProject/db/pll_altpll.v Line: 51
    Info (15099): Implementing clock multiplication of 73, clock division of 3960, and phase shift of 0 degrees (0 ps) for pll:PLLTX|altpll:altpll_component|pll_altpll:auto_generated|wire_pll1_clk[0] port File: C:/Users/A02395949/Documents/advanced/ECE_6740/FinalProject/db/pll_altpll.v Line: 51
    Info (15099): Implementing clock multiplication of 73, clock division of 31688, and phase shift of 0 degrees (0 ps) for pll:PLLTX|altpll:altpll_component|pll_altpll:auto_generated|wire_pll1_clk[1] port File: C:/Users/A02395949/Documents/advanced/ECE_6740/FinalProject/db/pll_altpll.v Line: 51
    Info (15099): Implementing clock multiplication of 73, clock division of 48, and phase shift of 0 degrees (0 ps) for pll:PLLTX|altpll:altpll_component|pll_altpll:auto_generated|wire_pll1_clk[2] port File: C:/Users/A02395949/Documents/advanced/ECE_6740/FinalProject/db/pll_altpll.v Line: 51
Info (171001): Fitter is performing a Fast Fit compilation, which decreases Fitter effort to reduce compilation time
Warning (292013): Feature LogicLock is only available with a valid subscription license. You can purchase a software subscription to gain full access to this feature.
Info (176444): Device migration not selected. If you intend to use device migration later, you may need to change the pin assignments as they may be incompatible with other devices
    Info (176445): Device 10M08DAF484I7G is compatible
    Info (176445): Device 10M08DAF484I7P is compatible
    Info (176445): Device 10M16DAF484A7G is compatible
    Info (176445): Device 10M16DAF484C7G is compatible
    Info (176445): Device 10M16DAF484I7G is compatible
    Info (176445): Device 10M16DAF484I7P is compatible
    Info (176445): Device 10M25DAF484A7G is compatible
    Info (176445): Device 10M25DAF484C7G is compatible
    Info (176445): Device 10M25DAF484I7G is compatible
    Info (176445): Device 10M50DAF484I7G is compatible
    Info (176445): Device 10M50DAF484I7P is compatible
    Info (176445): Device 10M40DAF484C7G is compatible
    Info (176445): Device 10M40DAF484I7G is compatible
Info (169124): Fitter converted 8 user pins into dedicated programming pins
    Info (169125): Pin ~ALTERA_TMS~ is reserved at location H2
    Info (169125): Pin ~ALTERA_TCK~ is reserved at location G2
    Info (169125): Pin ~ALTERA_TDI~ is reserved at location L4
    Info (169125): Pin ~ALTERA_TDO~ is reserved at location M5
    Info (169125): Pin ~ALTERA_CONFIG_SEL~ is reserved at location H10
    Info (169125): Pin ~ALTERA_nCONFIG~ is reserved at location H9
    Info (169125): Pin ~ALTERA_nSTATUS~ is reserved at location G9
    Info (169125): Pin ~ALTERA_CONF_DONE~ is reserved at location F8
Info (169141): DATA[0] dual-purpose pin not reserved
Info (12825): Data[1]/ASDO dual-purpose pin not reserved
Info (12825): nCSO dual-purpose pin not reserved
Info (12825): DCLK dual-purpose pin not reserved
Warning (15714): Some pins have incomplete I/O assignments. Refer to the I/O Assignment Warnings report for details
Info (176045): Design uses memory blocks. Violating setup or hold times of memory block address registers for either read or write operations could cause memory contents to be corrupted. Make sure that all memory block address registers meet the setup and hold time requirements.
Info (332164): Evaluating HDL-embedded SDC commands
    Info (332165): Entity dcfifo_14e1
        Info (332166): set_false_path -from *rdptr_g* -to *ws_dgrp|dffpipe_uu8:dffpipe13|dffe14a* 
        Info (332166): set_false_path -from *delayed_wrptr_g* -to *rs_dgwp|dffpipe_tu8:dffpipe10|dffe11a* 
    Info (332165): Entity dcfifo_f1f1
        Info (332166): set_false_path -from *rdptr_g* -to *ws_dgrp|dffpipe_3v8:dffpipe16|dffe17a* 
        Info (332166): set_false_path -from *delayed_wrptr_g* -to *rs_dgwp|dffpipe_2v8:dffpipe12|dffe13a* 
    Info (332165): Entity dcfifo_u7e1
        Info (332166): set_false_path -from *rdptr_g* -to *ws_dgrp|dffpipe_5v8:dffpipe8|dffe9a* 
        Info (332166): set_false_path -from *delayed_wrptr_g* -to *rs_dgwp|dffpipe_4v8:dffpipe5|dffe6a* 
Info (332104): Reading SDC File: 'DLX.sdc'
Info (332110): Deriving PLL clocks
    Info (332110): create_generated_clock -source {PLLTX|altpll_component|auto_generated|pll1|inclk[0]} -divide_by 3960 -multiply_by 73 -duty_cycle 50.00 -name {PLLTX|altpll_component|auto_generated|pll1|clk[0]} {PLLTX|altpll_component|auto_generated|pll1|clk[0]}
    Info (332110): create_generated_clock -source {PLLTX|altpll_component|auto_generated|pll1|inclk[0]} -divide_by 31688 -multiply_by 73 -duty_cycle 50.00 -name {PLLTX|altpll_component|auto_generated|pll1|clk[1]} {PLLTX|altpll_component|auto_generated|pll1|clk[1]}
    Info (332110): create_generated_clock -source {PLLTX|altpll_component|auto_generated|pll1|inclk[0]} -divide_by 48 -multiply_by 73 -duty_cycle 50.00 -name {PLLTX|altpll_component|auto_generated|pll1|clk[2]} {PLLTX|altpll_component|auto_generated|pll1|clk[2]}
Info (332151): Clock uncertainty is not calculated until you update the timing netlist.
Info (332123): Deriving Clock Uncertainty. Please refer to report_sdc in the Timing Analyzer to see clock uncertainties.
Info (332129): Detected timing requirements -- optimizing circuit to achieve only the specified requirements
Info (332111): Found 6 clocks
    Info (332111):   Period   Clock Name
    Info (332111): ======== ============
    Info (332111):  100.000   ADC_CLK_10
    Info (332111):   20.000 MAX10_CLK1_50
    Info (332111):   20.000 MAX10_CLK2_50
    Info (332111): 1084.931 PLLTX|altpll_component|auto_generated|pll1|clk[0]
    Info (332111): 8681.643 PLLTX|altpll_component|auto_generated|pll1|clk[1]
    Info (332111):   13.150 PLLTX|altpll_component|auto_generated|pll1|clk[2]
Info (176353): Automatically promoted node MAX10_CLK1_50~input (placed in PIN P11 (CLK7p, DIFFIO_TX_RX_B20p, DIFFOUT_B20p, High_Speed)) File: C:/Users/A02395949/Documents/advanced/ECE_6740/FinalProject/DLX.vhd Line: 11
    Info (176355): Automatically promoted destinations to use location or clock signal Global Clock CLKCTRL_G19
Info (176353): Automatically promoted node pll:PLLTX|altpll:altpll_component|pll_altpll:auto_generated|wire_pll1_clk[0] (placed in counter C0 of PLL_1) File: C:/Users/A02395949/Documents/advanced/ECE_6740/FinalProject/db/pll_altpll.v Line: 93
    Info (176355): Automatically promoted destinations to use location or clock signal Global Clock CLKCTRL_G18
Info (176353): Automatically promoted node pll:PLLTX|altpll:altpll_component|pll_altpll:auto_generated|wire_pll1_clk[1] (placed in counter C2 of PLL_1) File: C:/Users/A02395949/Documents/advanced/ECE_6740/FinalProject/db/pll_altpll.v Line: 93
    Info (176355): Automatically promoted destinations to use location or clock signal Global Clock CLKCTRL_G17
Info (176353): Automatically promoted node pll:PLLTX|altpll:altpll_component|pll_altpll:auto_generated|wire_pll1_clk[2] (placed in counter C3 of PLL_1) File: C:/Users/A02395949/Documents/advanced/ECE_6740/FinalProject/db/pll_altpll.v Line: 93
    Info (176355): Automatically promoted destinations to use location or clock signal Global Clock CLKCTRL_G16
Info (176353): Automatically promoted node rst_l~0  File: C:/Users/A02395949/Documents/advanced/ECE_6740/FinalProject/DLX.vhd Line: 29
    Info (176355): Automatically promoted destinations to use location or clock signal Global Clock
    Info (176356): Following destination nodes may be non-global or may not use global or regional clocks
        Info (176357): Destination node execute:EXECUTE|ALU:ALU|Time_rst File: C:/Users/A02395949/Documents/advanced/ECE_6740/FinalProject/ALU.vhd Line: 17
        Info (176357): Destination node print_FSM:FSM|UART_trans:U|tx File: C:/Users/A02395949/Documents/advanced/ECE_6740/FinalProject/UART_trans.vhd Line: 13
        Info (176357): Destination node fetch:FETCH|tag_for_flush_1d File: C:/Users/A02395949/Documents/advanced/ECE_6740/FinalProject/fetch.vhd Line: 30
        Info (176357): Destination node print_FSM:FSM|neg_flag~0 File: C:/Users/A02395949/Documents/advanced/ECE_6740/FinalProject/print_FSM.vhd Line: 28
        Info (176357): Destination node print_FSM:FSM|UART_trans:U|idle_flag File: C:/Users/A02395949/Documents/advanced/ECE_6740/FinalProject/UART_trans.vhd Line: 14
        Info (176357): Destination node scan_FSM:SCAN|rdreq_uart_rf_old File: C:/Users/A02395949/Documents/advanced/ECE_6740/FinalProject/scan_FSM.vhd Line: 39
        Info (176357): Destination node scan_FSM:SCAN|rdreq_in_buf~1 File: C:/Users/A02395949/Documents/advanced/ECE_6740/FinalProject/scan_FSM.vhd Line: 50
        Info (176357): Destination node execute:EXECUTE|ALU:ALU|ram_we File: C:/Users/A02395949/Documents/advanced/ECE_6740/FinalProject/ALU.vhd Line: 16
        Info (176357): Destination node scan_FSM:SCAN|uart_recv:UART_RX|send_flag File: C:/Users/A02395949/Documents/advanced/ECE_6740/FinalProject/uart_recv.vhd Line: 12
        Info (176357): Destination node print_FSM:FSM|pos_val[1]~6 File: C:/Users/A02395949/Documents/advanced/ECE_6740/FinalProject/print_FSM.vhd Line: 175
        Info (176358): Non-global destination nodes limited to 10 nodes
Info (176353): Automatically promoted node Timer:TIM|process_0~0 
    Info (176355): Automatically promoted destinations to use location or clock signal Global Clock
Warning (128008): Can't perform fitting netlist optimizations during fast fit compilation
Info (176233): Starting register packing
Info (176235): Finished register packing
    Extra Info (176219): No registers were packed into other blocks
Warning (15705): Ignored locations or region assignments to the following nodes
    Warning (15706): Node "ARDUINO_IO[0]" is assigned to location or region, but does not exist in design
    Warning (15706): Node "ARDUINO_IO[10]" is assigned to location or region, but does not exist in design
    Warning (15706): Node "ARDUINO_IO[11]" is assigned to location or region, but does not exist in design
    Warning (15706): Node "ARDUINO_IO[12]" is assigned to location or region, but does not exist in design
    Warning (15706): Node "ARDUINO_IO[13]" is assigned to location or region, but does not exist in design
    Warning (15706): Node "ARDUINO_IO[14]" is assigned to location or region, but does not exist in design
    Warning (15706): Node "ARDUINO_IO[15]" is assigned to location or region, but does not exist in design
    Warning (15706): Node "ARDUINO_IO[1]" is assigned to location or region, but does not exist in design
    Warning (15706): Node "ARDUINO_IO[2]" is assigned to location or region, but does not exist in design
    Warning (15706): Node "ARDUINO_IO[3]" is assigned to location or region, but does not exist in design
    Warning (15706): Node "ARDUINO_IO[4]" is assigned to location or region, but does not exist in design
    Warning (15706): Node "ARDUINO_IO[5]" is assigned to location or region, but does not exist in design
    Warning (15706): Node "ARDUINO_IO[6]" is assigned to location or region, but does not exist in design
    Warning (15706): Node "ARDUINO_IO[7]" is assigned to location or region, but does not exist in design
    Warning (15706): Node "ARDUINO_IO[8]" is assigned to location or region, but does not exist in design
    Warning (15706): Node "ARDUINO_IO[9]" is assigned to location or region, but does not exist in design
    Warning (15706): Node "ARDUINO_RESET_N" is assigned to location or region, but does not exist in design
    Warning (15706): Node "DRAM_ADDR[0]" is assigned to location or region, but does not exist in design
    Warning (15706): Node "DRAM_ADDR[10]" is assigned to location or region, but does not exist in design
    Warning (15706): Node "DRAM_ADDR[11]" is assigned to location or region, but does not exist in design
    Warning (15706): Node "DRAM_ADDR[12]" is assigned to location or region, but does not exist in design
    Warning (15706): Node "DRAM_ADDR[1]" is assigned to location or region, but does not exist in design
    Warning (15706): Node "DRAM_ADDR[2]" is assigned to location or region, but does not exist in design
    Warning (15706): Node "DRAM_ADDR[3]" is assigned to location or region, but does not exist in design
    Warning (15706): Node "DRAM_ADDR[4]" is assigned to location or region, but does not exist in design
    Warning (15706): Node "DRAM_ADDR[5]" is assigned to location or region, but does not exist in design
    Warning (15706): Node "DRAM_ADDR[6]" is assigned to location or region, but does not exist in design
    Warning (15706): Node "DRAM_ADDR[7]" is assigned to location or region, but does not exist in design
    Warning (15706): Node "DRAM_ADDR[8]" is assigned to location or region, but does not exist in design
    Warning (15706): Node "DRAM_ADDR[9]" is assigned to location or region, but does not exist in design
    Warning (15706): Node "DRAM_BA[0]" is assigned to location or region, but does not exist in design
    Warning (15706): Node "DRAM_BA[1]" is assigned to location or region, but does not exist in design
    Warning (15706): Node "DRAM_CAS_N" is assigned to location or region, but does not exist in design
    Warning (15706): Node "DRAM_CKE" is assigned to location or region, but does not exist in design
    Warning (15706): Node "DRAM_CLK" is assigned to location or region, but does not exist in design
    Warning (15706): Node "DRAM_CS_N" is assigned to location or region, but does not exist in design
    Warning (15706): Node "DRAM_DQ[0]" is assigned to location or region, but does not exist in design
    Warning (15706): Node "DRAM_DQ[10]" is assigned to location or region, but does not exist in design
    Warning (15706): Node "DRAM_DQ[11]" is assigned to location or region, but does not exist in design
    Warning (15706): Node "DRAM_DQ[12]" is assigned to location or region, but does not exist in design
    Warning (15706): Node "DRAM_DQ[13]" is assigned to location or region, but does not exist in design
    Warning (15706): Node "DRAM_DQ[14]" is assigned to location or region, but does not exist in design
    Warning (15706): Node "DRAM_DQ[15]" is assigned to location or region, but does not exist in design
    Warning (15706): Node "DRAM_DQ[1]" is assigned to location or region, but does not exist in design
    Warning (15706): Node "DRAM_DQ[2]" is assigned to location or region, but does not exist in design
    Warning (15706): Node "DRAM_DQ[3]" is assigned to location or region, but does not exist in design
    Warning (15706): Node "DRAM_DQ[4]" is assigned to location or region, but does not exist in design
    Warning (15706): Node "DRAM_DQ[5]" is assigned to location or region, but does not exist in design
    Warning (15706): Node "DRAM_DQ[6]" is assigned to location or region, but does not exist in design
    Warning (15706): Node "DRAM_DQ[7]" is assigned to location or region, but does not exist in design
    Warning (15706): Node "DRAM_DQ[8]" is assigned to location or region, but does not exist in design
    Warning (15706): Node "DRAM_DQ[9]" is assigned to location or region, but does not exist in design
    Warning (15706): Node "DRAM_LDQM" is assigned to location or region, but does not exist in design
    Warning (15706): Node "DRAM_RAS_N" is assigned to location or region, but does not exist in design
    Warning (15706): Node "DRAM_UDQM" is assigned to location or region, but does not exist in design
    Warning (15706): Node "DRAM_WE_N" is assigned to location or region, but does not exist in design
    Warning (15706): Node "SW[0]" is assigned to location or region, but does not exist in design
    Warning (15706): Node "SW[1]" is assigned to location or region, but does not exist in design
    Warning (15706): Node "SW[2]" is assigned to location or region, but does not exist in design
    Warning (15706): Node "SW[3]" is assigned to location or region, but does not exist in design
    Warning (15706): Node "SW[4]" is assigned to location or region, but does not exist in design
    Warning (15706): Node "SW[5]" is assigned to location or region, but does not exist in design
    Warning (15706): Node "SW[6]" is assigned to location or region, but does not exist in design
    Warning (15706): Node "SW[7]" is assigned to location or region, but does not exist in design
    Warning (15706): Node "SW[8]" is assigned to location or region, but does not exist in design
    Warning (15706): Node "SW[9]" is assigned to location or region, but does not exist in design
Info (171121): Fitter preparation operations ending: elapsed time is 00:00:01
Info (14896): Fitter has disabled Advanced Physical Optimization because it is not supported for the current family.
Info (170189): Fitter placement preparation operations beginning
Info (170190): Fitter placement preparation operations ending: elapsed time is 00:00:00
Info (170191): Fitter placement operations beginning
Info (170137): Fitter placement was successful
Info (170192): Fitter placement operations ending: elapsed time is 00:00:01
Info (170193): Fitter routing operations beginning
Info (170195): Router estimated average interconnect usage is 2% of the available device resources
    Info (170196): Router estimated peak interconnect usage is 26% of the available device resources in the region that extends from location X33_Y22 to location X44_Y32
Info (170194): Fitter routing operations ending: elapsed time is 00:00:02
Info (11888): Total time spent on timing analysis during the Fitter is 0.84 seconds.
Info (334003): Started post-fitting delay annotation
Info (334004): Delay annotation completed successfully
Info (334003): Started post-fitting delay annotation
Info (334004): Delay annotation completed successfully
Info (11218): Fitter post-fit operations ending: elapsed time is 00:00:01
Warning (171167): Found invalid Fitter assignments. See the Ignored Assignments panel in the Fitter Compilation Report for more information.
Warning (169177): 41 pins must meet Intel FPGA requirements for 3.3-, 3.0-, and 2.5-V interfaces. For more information, refer to AN 447: Interfacing MAX 10 Devices with 3.3/3.0/2.5-V LVTTL/LVCMOS I/O Systems.
    Info (169178): Pin KEY[1] uses I/O standard 3.3 V Schmitt Trigger at A7 File: C:/Users/A02395949/Documents/advanced/ECE_6740/FinalProject/DLX.vhd Line: 9
    Info (169178): Pin ADC_CLK_10 uses I/O standard 3.3-V LVTTL at N5 File: C:/Users/A02395949/Documents/advanced/ECE_6740/FinalProject/DLX.vhd Line: 10
    Info (169178): Pin MAX10_CLK2_50 uses I/O standard 3.3-V LVTTL at N14 File: C:/Users/A02395949/Documents/advanced/ECE_6740/FinalProject/DLX.vhd Line: 12
    Info (169178): Pin GPIO[2] uses I/O standard 3.3-V LVTTL at V9 File: C:/Users/A02395949/Documents/advanced/ECE_6740/FinalProject/DLX.vhd Line: 13
    Info (169178): Pin GPIO[3] uses I/O standard 3.3-V LVTTL at W9 File: C:/Users/A02395949/Documents/advanced/ECE_6740/FinalProject/DLX.vhd Line: 13
    Info (169178): Pin GPIO[4] uses I/O standard 3.3-V LVTTL at V8 File: C:/Users/A02395949/Documents/advanced/ECE_6740/FinalProject/DLX.vhd Line: 13
    Info (169178): Pin GPIO[5] uses I/O standard 3.3-V LVTTL at W8 File: C:/Users/A02395949/Documents/advanced/ECE_6740/FinalProject/DLX.vhd Line: 13
    Info (169178): Pin GPIO[6] uses I/O standard 3.3-V LVTTL at V7 File: C:/Users/A02395949/Documents/advanced/ECE_6740/FinalProject/DLX.vhd Line: 13
    Info (169178): Pin GPIO[7] uses I/O standard 3.3-V LVTTL at W7 File: C:/Users/A02395949/Documents/advanced/ECE_6740/FinalProject/DLX.vhd Line: 13
    Info (169178): Pin GPIO[8] uses I/O standard 3.3-V LVTTL at W6 File: C:/Users/A02395949/Documents/advanced/ECE_6740/FinalProject/DLX.vhd Line: 13
    Info (169178): Pin GPIO[9] uses I/O standard 3.3-V LVTTL at V5 File: C:/Users/A02395949/Documents/advanced/ECE_6740/FinalProject/DLX.vhd Line: 13
    Info (169178): Pin GPIO[10] uses I/O standard 3.3-V LVTTL at W5 File: C:/Users/A02395949/Documents/advanced/ECE_6740/FinalProject/DLX.vhd Line: 13
    Info (169178): Pin GPIO[11] uses I/O standard 3.3-V LVTTL at AA15 File: C:/Users/A02395949/Documents/advanced/ECE_6740/FinalProject/DLX.vhd Line: 13
    Info (169178): Pin GPIO[12] uses I/O standard 3.3-V LVTTL at AA14 File: C:/Users/A02395949/Documents/advanced/ECE_6740/FinalProject/DLX.vhd Line: 13
    Info (169178): Pin GPIO[13] uses I/O standard 3.3-V LVTTL at W13 File: C:/Users/A02395949/Documents/advanced/ECE_6740/FinalProject/DLX.vhd Line: 13
    Info (169178): Pin GPIO[14] uses I/O standard 3.3-V LVTTL at W12 File: C:/Users/A02395949/Documents/advanced/ECE_6740/FinalProject/DLX.vhd Line: 13
    Info (169178): Pin GPIO[15] uses I/O standard 3.3-V LVTTL at AB13 File: C:/Users/A02395949/Documents/advanced/ECE_6740/FinalProject/DLX.vhd Line: 13
    Info (169178): Pin GPIO[16] uses I/O standard 3.3-V LVTTL at AB12 File: C:/Users/A02395949/Documents/advanced/ECE_6740/FinalProject/DLX.vhd Line: 13
    Info (169178): Pin GPIO[17] uses I/O standard 3.3-V LVTTL at Y11 File: C:/Users/A02395949/Documents/advanced/ECE_6740/FinalProject/DLX.vhd Line: 13
    Info (169178): Pin GPIO[18] uses I/O standard 3.3-V LVTTL at AB11 File: C:/Users/A02395949/Documents/advanced/ECE_6740/FinalProject/DLX.vhd Line: 13
    Info (169178): Pin GPIO[19] uses I/O standard 3.3-V LVTTL at W11 File: C:/Users/A02395949/Documents/advanced/ECE_6740/FinalProject/DLX.vhd Line: 13
    Info (169178): Pin GPIO[20] uses I/O standard 3.3-V LVTTL at AB10 File: C:/Users/A02395949/Documents/advanced/ECE_6740/FinalProject/DLX.vhd Line: 13
    Info (169178): Pin GPIO[21] uses I/O standard 3.3-V LVTTL at AA10 File: C:/Users/A02395949/Documents/advanced/ECE_6740/FinalProject/DLX.vhd Line: 13
    Info (169178): Pin GPIO[22] uses I/O standard 3.3-V LVTTL at AA9 File: C:/Users/A02395949/Documents/advanced/ECE_6740/FinalProject/DLX.vhd Line: 13
    Info (169178): Pin GPIO[23] uses I/O standard 3.3-V LVTTL at Y8 File: C:/Users/A02395949/Documents/advanced/ECE_6740/FinalProject/DLX.vhd Line: 13
    Info (169178): Pin GPIO[24] uses I/O standard 3.3-V LVTTL at AA8 File: C:/Users/A02395949/Documents/advanced/ECE_6740/FinalProject/DLX.vhd Line: 13
    Info (169178): Pin GPIO[25] uses I/O standard 3.3-V LVTTL at Y7 File: C:/Users/A02395949/Documents/advanced/ECE_6740/FinalProject/DLX.vhd Line: 13
    Info (169178): Pin GPIO[26] uses I/O standard 3.3-V LVTTL at AA7 File: C:/Users/A02395949/Documents/advanced/ECE_6740/FinalProject/DLX.vhd Line: 13
    Info (169178): Pin GPIO[27] uses I/O standard 3.3-V LVTTL at Y6 File: C:/Users/A02395949/Documents/advanced/ECE_6740/FinalProject/DLX.vhd Line: 13
    Info (169178): Pin GPIO[28] uses I/O standard 3.3-V LVTTL at AA6 File: C:/Users/A02395949/Documents/advanced/ECE_6740/FinalProject/DLX.vhd Line: 13
    Info (169178): Pin GPIO[29] uses I/O standard 3.3-V LVTTL at Y5 File: C:/Users/A02395949/Documents/advanced/ECE_6740/FinalProject/DLX.vhd Line: 13
    Info (169178): Pin GPIO[30] uses I/O standard 3.3-V LVTTL at AA5 File: C:/Users/A02395949/Documents/advanced/ECE_6740/FinalProject/DLX.vhd Line: 13
    Info (169178): Pin GPIO[31] uses I/O standard 3.3-V LVTTL at Y4 File: C:/Users/A02395949/Documents/advanced/ECE_6740/FinalProject/DLX.vhd Line: 13
    Info (169178): Pin GPIO[32] uses I/O standard 3.3-V LVTTL at AB3 File: C:/Users/A02395949/Documents/advanced/ECE_6740/FinalProject/DLX.vhd Line: 13
    Info (169178): Pin GPIO[33] uses I/O standard 3.3-V LVTTL at Y3 File: C:/Users/A02395949/Documents/advanced/ECE_6740/FinalProject/DLX.vhd Line: 13
    Info (169178): Pin GPIO[34] uses I/O standard 3.3-V LVTTL at AB2 File: C:/Users/A02395949/Documents/advanced/ECE_6740/FinalProject/DLX.vhd Line: 13
    Info (169178): Pin GPIO[35] uses I/O standard 3.3-V LVTTL at AA2 File: C:/Users/A02395949/Documents/advanced/ECE_6740/FinalProject/DLX.vhd Line: 13
    Info (169178): Pin GPIO[0] uses I/O standard 3.3-V LVTTL at V10 File: C:/Users/A02395949/Documents/advanced/ECE_6740/FinalProject/DLX.vhd Line: 13
    Info (169178): Pin GPIO[1] uses I/O standard 3.3-V LVTTL at W10 File: C:/Users/A02395949/Documents/advanced/ECE_6740/FinalProject/DLX.vhd Line: 13
    Info (169178): Pin MAX10_CLK1_50 uses I/O standard 3.3-V LVTTL at P11 File: C:/Users/A02395949/Documents/advanced/ECE_6740/FinalProject/DLX.vhd Line: 11
    Info (169178): Pin KEY[0] uses I/O standard 3.3 V Schmitt Trigger at B8 File: C:/Users/A02395949/Documents/advanced/ECE_6740/FinalProject/DLX.vhd Line: 9
Warning (169064): Following 36 pins have no output enable or a GND or VCC output enable - later changes to this connectivity may change fitting results
    Info (169065): Pin GPIO[2] has a permanently disabled output enable File: C:/Users/A02395949/Documents/advanced/ECE_6740/FinalProject/DLX.vhd Line: 13
    Info (169065): Pin GPIO[3] has a permanently disabled output enable File: C:/Users/A02395949/Documents/advanced/ECE_6740/FinalProject/DLX.vhd Line: 13
    Info (169065): Pin GPIO[4] has a permanently disabled output enable File: C:/Users/A02395949/Documents/advanced/ECE_6740/FinalProject/DLX.vhd Line: 13
    Info (169065): Pin GPIO[5] has a permanently disabled output enable File: C:/Users/A02395949/Documents/advanced/ECE_6740/FinalProject/DLX.vhd Line: 13
    Info (169065): Pin GPIO[6] has a permanently disabled output enable File: C:/Users/A02395949/Documents/advanced/ECE_6740/FinalProject/DLX.vhd Line: 13
    Info (169065): Pin GPIO[7] has a permanently disabled output enable File: C:/Users/A02395949/Documents/advanced/ECE_6740/FinalProject/DLX.vhd Line: 13
    Info (169065): Pin GPIO[8] has a permanently disabled output enable File: C:/Users/A02395949/Documents/advanced/ECE_6740/FinalProject/DLX.vhd Line: 13
    Info (169065): Pin GPIO[9] has a permanently disabled output enable File: C:/Users/A02395949/Documents/advanced/ECE_6740/FinalProject/DLX.vhd Line: 13
    Info (169065): Pin GPIO[10] has a permanently disabled output enable File: C:/Users/A02395949/Documents/advanced/ECE_6740/FinalProject/DLX.vhd Line: 13
    Info (169065): Pin GPIO[11] has a permanently disabled output enable File: C:/Users/A02395949/Documents/advanced/ECE_6740/FinalProject/DLX.vhd Line: 13
    Info (169065): Pin GPIO[12] has a permanently disabled output enable File: C:/Users/A02395949/Documents/advanced/ECE_6740/FinalProject/DLX.vhd Line: 13
    Info (169065): Pin GPIO[13] has a permanently disabled output enable File: C:/Users/A02395949/Documents/advanced/ECE_6740/FinalProject/DLX.vhd Line: 13
    Info (169065): Pin GPIO[14] has a permanently disabled output enable File: C:/Users/A02395949/Documents/advanced/ECE_6740/FinalProject/DLX.vhd Line: 13
    Info (169065): Pin GPIO[15] has a permanently disabled output enable File: C:/Users/A02395949/Documents/advanced/ECE_6740/FinalProject/DLX.vhd Line: 13
    Info (169065): Pin GPIO[16] has a permanently disabled output enable File: C:/Users/A02395949/Documents/advanced/ECE_6740/FinalProject/DLX.vhd Line: 13
    Info (169065): Pin GPIO[17] has a permanently disabled output enable File: C:/Users/A02395949/Documents/advanced/ECE_6740/FinalProject/DLX.vhd Line: 13
    Info (169065): Pin GPIO[18] has a permanently disabled output enable File: C:/Users/A02395949/Documents/advanced/ECE_6740/FinalProject/DLX.vhd Line: 13
    Info (169065): Pin GPIO[19] has a permanently disabled output enable File: C:/Users/A02395949/Documents/advanced/ECE_6740/FinalProject/DLX.vhd Line: 13
    Info (169065): Pin GPIO[20] has a permanently disabled output enable File: C:/Users/A02395949/Documents/advanced/ECE_6740/FinalProject/DLX.vhd Line: 13
    Info (169065): Pin GPIO[21] has a permanently disabled output enable File: C:/Users/A02395949/Documents/advanced/ECE_6740/FinalProject/DLX.vhd Line: 13
    Info (169065): Pin GPIO[22] has a permanently disabled output enable File: C:/Users/A02395949/Documents/advanced/ECE_6740/FinalProject/DLX.vhd Line: 13
    Info (169065): Pin GPIO[23] has a permanently disabled output enable File: C:/Users/A02395949/Documents/advanced/ECE_6740/FinalProject/DLX.vhd Line: 13
    Info (169065): Pin GPIO[24] has a permanently disabled output enable File: C:/Users/A02395949/Documents/advanced/ECE_6740/FinalProject/DLX.vhd Line: 13
    Info (169065): Pin GPIO[25] has a permanently disabled output enable File: C:/Users/A02395949/Documents/advanced/ECE_6740/FinalProject/DLX.vhd Line: 13
    Info (169065): Pin GPIO[26] has a permanently disabled output enable File: C:/Users/A02395949/Documents/advanced/ECE_6740/FinalProject/DLX.vhd Line: 13
    Info (169065): Pin GPIO[27] has a permanently disabled output enable File: C:/Users/A02395949/Documents/advanced/ECE_6740/FinalProject/DLX.vhd Line: 13
    Info (169065): Pin GPIO[28] has a permanently disabled output enable File: C:/Users/A02395949/Documents/advanced/ECE_6740/FinalProject/DLX.vhd Line: 13
    Info (169065): Pin GPIO[29] has a permanently disabled output enable File: C:/Users/A02395949/Documents/advanced/ECE_6740/FinalProject/DLX.vhd Line: 13
    Info (169065): Pin GPIO[30] has a permanently disabled output enable File: C:/Users/A02395949/Documents/advanced/ECE_6740/FinalProject/DLX.vhd Line: 13
    Info (169065): Pin GPIO[31] has a permanently disabled output enable File: C:/Users/A02395949/Documents/advanced/ECE_6740/FinalProject/DLX.vhd Line: 13
    Info (169065): Pin GPIO[32] has a permanently disabled output enable File: C:/Users/A02395949/Documents/advanced/ECE_6740/FinalProject/DLX.vhd Line: 13
    Info (169065): Pin GPIO[33] has a permanently disabled output enable File: C:/Users/A02395949/Documents/advanced/ECE_6740/FinalProject/DLX.vhd Line: 13
    Info (169065): Pin GPIO[34] has a permanently disabled output enable File: C:/Users/A02395949/Documents/advanced/ECE_6740/FinalProject/DLX.vhd Line: 13
    Info (169065): Pin GPIO[35] has a permanently disabled output enable File: C:/Users/A02395949/Documents/advanced/ECE_6740/FinalProject/DLX.vhd Line: 13
    Info (169065): Pin GPIO[0] has a permanently disabled output enable File: C:/Users/A02395949/Documents/advanced/ECE_6740/FinalProject/DLX.vhd Line: 13
    Info (169065): Pin GPIO[1] has a permanently enabled output enable File: C:/Users/A02395949/Documents/advanced/ECE_6740/FinalProject/DLX.vhd Line: 13
Info (144001): Generated suppressed messages file C:/Users/A02395949/Documents/advanced/ECE_6740/FinalProject/DLX.fit.smsg
Info: Quartus Prime Fitter was successful. 0 errors, 74 warnings
    Info: Peak virtual memory: 6544 megabytes
    Info: Processing ended: Tue Apr 14 19:53:45 2026
    Info: Elapsed time: 00:00:11
    Info: Total CPU time (on all processors): 00:00:26


+----------------------------+
; Fitter Suppressed Messages ;
+----------------------------+
The suppressed messages can be found in C:/Users/A02395949/Documents/advanced/ECE_6740/FinalProject/DLX.fit.smsg.


