Timing Analyzer report for DLX
<<<<<<< HEAD
Wed Apr  1 14:18:31 2026
=======
Tue Mar 31 14:19:12 2026
>>>>>>> cb7296a231ed397e0e172a6dbf7fecf71a298f66
Quartus Prime Version 24.1std.0 Build 1077 03/04/2025 SC Lite Edition


---------------------
; Table of Contents ;
---------------------
  1. Legal Notice
  2. Timing Analyzer Summary
  3. Parallel Compilation
  4. SDC File List
  5. Clocks
  6. Slow 1200mV 85C Model Fmax Summary
  7. Slow 1200mV 85C Model Setup Summary
  8. Slow 1200mV 85C Model Hold Summary
  9. Slow 1200mV 85C Model Recovery Summary
 10. Slow 1200mV 85C Model Removal Summary
 11. Slow 1200mV 85C Model Minimum Pulse Width Summary
 12. Slow 1200mV 85C Model Metastability Summary
 13. Slow 1200mV 0C Model Fmax Summary
 14. Slow 1200mV 0C Model Setup Summary
 15. Slow 1200mV 0C Model Hold Summary
 16. Slow 1200mV 0C Model Recovery Summary
 17. Slow 1200mV 0C Model Removal Summary
 18. Slow 1200mV 0C Model Minimum Pulse Width Summary
 19. Slow 1200mV 0C Model Metastability Summary
 20. Fast 1200mV 0C Model Setup Summary
 21. Fast 1200mV 0C Model Hold Summary
 22. Fast 1200mV 0C Model Recovery Summary
 23. Fast 1200mV 0C Model Removal Summary
 24. Fast 1200mV 0C Model Minimum Pulse Width Summary
 25. Fast 1200mV 0C Model Metastability Summary
 26. Multicorner Timing Analysis Summary
 27. Board Trace Model Assignments
 28. Input Transition Times
 29. Signal Integrity Metrics (Slow 1200mv 0c Model)
 30. Signal Integrity Metrics (Slow 1200mv 85c Model)
 31. Signal Integrity Metrics (Fast 1200mv 0c Model)
 32. Setup Transfers
 33. Hold Transfers
 34. Recovery Transfers
 35. Removal Transfers
 36. Report TCCS
 37. Report RSKM
 38. Unconstrained Paths Summary
 39. Clock Status Summary
 40. Unconstrained Input Ports
 41. Unconstrained Output Ports
 42. Unconstrained Input Ports
 43. Unconstrained Output Ports
 44. Timing Analyzer Messages



----------------
; Legal Notice ;
----------------
Copyright (C) 2025  Altera Corporation. All rights reserved.
Your use of Altera Corporation's design tools, logic functions 
and other software and tools, and any partner logic 
functions, and any output files from any of the foregoing 
(including device programming or simulation files), and any 
associated documentation or information are expressly subject 
to the terms and conditions of the Altera Program License 
Subscription Agreement, the Altera Quartus Prime License Agreement,
the Altera IP License Agreement, or other applicable license
agreement, including, without limitation, that your use is for
the sole purpose of programming logic devices manufactured by
Altera and sold by Altera or its authorized distributors.  Please
refer to the Altera Software License Subscription Agreements 
on the Quartus Prime software download page.



+---------------------------------------------------------------------------------+
; Timing Analyzer Summary                                                         ;
+-----------------------+---------------------------------------------------------+
; Quartus Prime Version ; Version 24.1std.0 Build 1077 03/04/2025 SC Lite Edition ;
; Timing Analyzer       ; Legacy Timing Analyzer                                  ;
; Revision Name         ; DLX                                                     ;
; Device Family         ; MAX 10                                                  ;
; Device Name           ; 10M50DAF484C7G                                          ;
; Timing Models         ; Final                                                   ;
; Delay Model           ; Combined                                                ;
; Rise/Fall Delays      ; Enabled                                                 ;
+-----------------------+---------------------------------------------------------+


+------------------------------------------+
; Parallel Compilation                     ;
+----------------------------+-------------+
; Processors                 ; Number      ;
+----------------------------+-------------+
; Number detected on machine ; 14          ;
; Maximum allowed            ; 14          ;
;                            ;             ;
<<<<<<< HEAD
; Average used               ; 2.20        ;
; Maximum used               ; 8           ;
;                            ;             ;
; Usage by Processor         ; % Time Used ;
;     Processor 1            ; 100.0%      ;
;     Processor 2            ;  18.9%      ;
;     Processor 3            ;  17.5%      ;
;     Processor 4            ;  17.0%      ;
;     Processors 5-8         ;  16.6%      ;
=======
; Average used               ; 2.46        ;
; Maximum used               ; 14          ;
;                            ;             ;
; Usage by Processor         ; % Time Used ;
;     Processor 1            ; 100.0%      ;
;     Processor 2            ;  13.1%      ;
;     Processor 3            ;  11.7%      ;
;     Processor 4            ;  11.5%      ;
;     Processors 5-14        ;  11.0%      ;
>>>>>>> cb7296a231ed397e0e172a6dbf7fecf71a298f66
+----------------------------+-------------+


+---------------------------------------------------+
; SDC File List                                     ;
+---------------+--------+--------------------------+
; SDC File Path ; Status ; Read at                  ;
+---------------+--------+--------------------------+
<<<<<<< HEAD
; DLX.sdc       ; OK     ; Wed Apr  1 14:18:28 2026 ;
=======
; DLX.sdc       ; OK     ; Tue Mar 31 14:19:10 2026 ;
>>>>>>> cb7296a231ed397e0e172a6dbf7fecf71a298f66
+---------------+--------+--------------------------+


+-----------------------------------------------------------------------------------------------------------------------------------------------------------------------------------------------------------------------------------------------------------------------------------------------------------------------------------+
; Clocks                                                                                                                                                                                                                                                                                                                            ;
+---------------------------------------------------+-----------+----------+-----------+-------+----------+------------+-----------+-------------+-------+--------+-----------+------------+----------+---------------+-----------------------------------------------------+-------------------------------------------------------+
; Clock Name                                        ; Type      ; Period   ; Frequency ; Rise  ; Fall     ; Duty Cycle ; Divide by ; Multiply by ; Phase ; Offset ; Edge List ; Edge Shift ; Inverted ; Master        ; Source                                              ; Targets                                               ;
+---------------------------------------------------+-----------+----------+-----------+-------+----------+------------+-----------+-------------+-------+--------+-----------+------------+----------+---------------+-----------------------------------------------------+-------------------------------------------------------+
; ADC_CLK_10                                        ; Base      ; 100.000  ; 10.0 MHz  ; 0.000 ; 50.000   ;            ;           ;             ;       ;        ;           ;            ;          ;               ;                                                     ; { ADC_CLK_10 }                                        ;
; MAX10_CLK1_50                                     ; Base      ; 20.000   ; 50.0 MHz  ; 0.000 ; 10.000   ;            ;           ;             ;       ;        ;           ;            ;          ;               ;                                                     ; { MAX10_CLK1_50 }                                     ;
; MAX10_CLK2_50                                     ; Base      ; 20.000   ; 50.0 MHz  ; 0.000 ; 10.000   ;            ;           ;             ;       ;        ;           ;            ;          ;               ;                                                     ; { MAX10_CLK2_50 }                                     ;
; PLLTX|altpll_component|auto_generated|pll1|clk[0] ; Generated ; 1085.070 ; 0.92 MHz  ; 0.000 ; 542.535  ; 50.00      ; 3852      ; 71          ;       ;        ;           ;            ; false    ; MAX10_CLK1_50 ; PLLTX|altpll_component|auto_generated|pll1|inclk[0] ; { PLLTX|altpll_component|auto_generated|pll1|clk[0] } ;
; PLLTX|altpll_component|auto_generated|pll1|clk[1] ; Generated ; 8680.563 ; 0.12 MHz  ; 0.000 ; 4340.281 ; 50.00      ; 30816     ; 71          ;       ;        ;           ;            ; false    ; MAX10_CLK1_50 ; PLLTX|altpll_component|auto_generated|pll1|inclk[0] ; { PLLTX|altpll_component|auto_generated|pll1|clk[1] } ;
+---------------------------------------------------+-----------+----------+-----------+-------+----------+------------+-----------+-------------+-------+--------+-----------+------------+----------+---------------+-----------------------------------------------------+-------------------------------------------------------+


+-----------------------------------------------------------------------------------------+
; Slow 1200mV 85C Model Fmax Summary                                                      ;
+------------+-----------------+---------------------------------------------------+------+
; Fmax       ; Restricted Fmax ; Clock Name                                        ; Note ;
+------------+-----------------+---------------------------------------------------+------+
<<<<<<< HEAD
; 50.04 MHz  ; 50.04 MHz       ; MAX10_CLK1_50                                     ;      ;
; 131.82 MHz ; 131.82 MHz      ; PLLTX|altpll_component|auto_generated|pll1|clk[0] ;      ;
; 175.01 MHz ; 175.01 MHz      ; PLLTX|altpll_component|auto_generated|pll1|clk[1] ;      ;
=======
; 27.71 MHz  ; 27.71 MHz       ; MAX10_CLK1_50                                     ;      ;
; 56.49 MHz  ; 56.49 MHz       ; altera_reserved_tck                               ;      ;
; 141.84 MHz ; 141.84 MHz      ; PLLTX|altpll_component|auto_generated|pll1|clk[1] ;      ;
; 169.38 MHz ; 169.38 MHz      ; PLLTX|altpll_component|auto_generated|pll1|clk[0] ;      ;
>>>>>>> cb7296a231ed397e0e172a6dbf7fecf71a298f66
+------------+-----------------+---------------------------------------------------+------+
This panel reports FMAX for every clock in the design, regardless of the user-specified clock periods.  FMAX is only computed for paths where the source and destination registers or ports are driven by the same clock.  Paths of different clocks, including generated clocks, are ignored.  For paths between a clock and its inversion, FMAX is computed as if the rising and falling edges are scaled along with FMAX, such that the duty cycle (in terms of a percentage) is maintained. Altera recommends that you always use clock constraints and other slack reports for sign-off analysis.


+------------------------------------------------------------------------------+
; Slow 1200mV 85C Model Setup Summary                                          ;
+---------------------------------------------------+----------+---------------+
; Clock                                             ; Slack    ; End Point TNS ;
+---------------------------------------------------+----------+---------------+
<<<<<<< HEAD
; MAX10_CLK1_50                                     ; 0.017    ; 0.000         ;
; PLLTX|altpll_component|auto_generated|pll1|clk[0] ; 1077.484 ; 0.000         ;
; PLLTX|altpll_component|auto_generated|pll1|clk[1] ; 8674.849 ; 0.000         ;
+---------------------------------------------------+----------+---------------+


+---------------------------------------------------------------------------+
; Slow 1200mV 85C Model Hold Summary                                        ;
+---------------------------------------------------+-------+---------------+
; Clock                                             ; Slack ; End Point TNS ;
+---------------------------------------------------+-------+---------------+
; MAX10_CLK1_50                                     ; 0.240 ; 0.000         ;
; PLLTX|altpll_component|auto_generated|pll1|clk[1] ; 0.319 ; 0.000         ;
; PLLTX|altpll_component|auto_generated|pll1|clk[0] ; 0.321 ; 0.000         ;
+---------------------------------------------------+-------+---------------+


+----------------------------------------+
; Slow 1200mV 85C Model Recovery Summary ;
+---------------+--------+---------------+
; Clock         ; Slack  ; End Point TNS ;
+---------------+--------+---------------+
; MAX10_CLK1_50 ; 15.573 ; 0.000         ;
+---------------+--------+---------------+


+---------------------------------------+
; Slow 1200mV 85C Model Removal Summary ;
+---------------+-------+---------------+
; Clock         ; Slack ; End Point TNS ;
+---------------+-------+---------------+
; MAX10_CLK1_50 ; 3.777 ; 0.000         ;
+---------------+-------+---------------+
=======
; MAX10_CLK1_50                                     ; -16.089  ; -1270.307     ;
; altera_reserved_tck                               ; 41.149   ; 0.000         ;
; PLLTX|altpll_component|auto_generated|pll1|clk[0] ; 1079.166 ; 0.000         ;
; PLLTX|altpll_component|auto_generated|pll1|clk[1] ; 8673.513 ; 0.000         ;
+---------------------------------------------------+----------+---------------+


+----------------------------------------------------------------------------+
; Slow 1200mV 85C Model Hold Summary                                         ;
+---------------------------------------------------+--------+---------------+
; Clock                                             ; Slack  ; End Point TNS ;
+---------------------------------------------------+--------+---------------+
; MAX10_CLK1_50                                     ; -3.762 ; -7.523        ;
; PLLTX|altpll_component|auto_generated|pll1|clk[1] ; 0.309  ; 0.000         ;
; altera_reserved_tck                               ; 0.325  ; 0.000         ;
; PLLTX|altpll_component|auto_generated|pll1|clk[0] ; 0.390  ; 0.000         ;
+---------------------------------------------------+--------+---------------+


+----------------------------------------------+
; Slow 1200mV 85C Model Recovery Summary       ;
+---------------------+--------+---------------+
; Clock               ; Slack  ; End Point TNS ;
+---------------------+--------+---------------+
; MAX10_CLK1_50       ; 13.852 ; 0.000         ;
; altera_reserved_tck ; 95.028 ; 0.000         ;
+---------------------+--------+---------------+


+---------------------------------------------+
; Slow 1200mV 85C Model Removal Summary       ;
+---------------------+-------+---------------+
; Clock               ; Slack ; End Point TNS ;
+---------------------+-------+---------------+
; altera_reserved_tck ; 0.903 ; 0.000         ;
; MAX10_CLK1_50       ; 5.523 ; 0.000         ;
+---------------------+-------+---------------+
>>>>>>> cb7296a231ed397e0e172a6dbf7fecf71a298f66


+------------------------------------------------------------------------------+
; Slow 1200mV 85C Model Minimum Pulse Width Summary                            ;
+---------------------------------------------------+----------+---------------+
; Clock                                             ; Slack    ; End Point TNS ;
+---------------------------------------------------+----------+---------------+
; MAX10_CLK1_50                                     ; 9.505    ; 0.000         ;
; MAX10_CLK2_50                                     ; 16.000   ; 0.000         ;
; ADC_CLK_10                                        ; 96.000   ; 0.000         ;
<<<<<<< HEAD
; PLLTX|altpll_component|auto_generated|pll1|clk[0] ; 542.218  ; 0.000         ;
=======
; PLLTX|altpll_component|auto_generated|pll1|clk[0] ; 542.219  ; 0.000         ;
>>>>>>> cb7296a231ed397e0e172a6dbf7fecf71a298f66
; PLLTX|altpll_component|auto_generated|pll1|clk[1] ; 4339.964 ; 0.000         ;
+---------------------------------------------------+----------+---------------+


-----------------------------------------------
; Slow 1200mV 85C Model Metastability Summary ;
-----------------------------------------------
Worst-Case MTBF of Design is 1e+09 years or 3.15e+16 seconds.
Typical MTBF of Design is 1e+09 years or 3.15e+16 seconds.

Number of Synchronizer Chains Found: 44
Shortest Synchronizer Chain: 2 Registers
Fraction of Chains for which MTBFs Could Not be Calculated: 0.000
Worst Case Available Settling Time: 32.944 ns

Worst-Case MTBF values are calculated based on the worst-case silicon characteristics, with worst-case operating conditions.
  - Under worst-case conditions, an increase of 100ps in available settling time will increase MTBF values by a factor of 1.8
Typical MTBF values are calculated based on the nominal silicon characteristics, at nominal operating conditions.
  - Under typical conditions, an increase of 100ps in available settling time will increase MTBF values by a factor of 3.7



+-----------------------------------------------------------------------------------------+
; Slow 1200mV 0C Model Fmax Summary                                                       ;
+------------+-----------------+---------------------------------------------------+------+
; Fmax       ; Restricted Fmax ; Clock Name                                        ; Note ;
+------------+-----------------+---------------------------------------------------+------+
<<<<<<< HEAD
; 55.22 MHz  ; 55.22 MHz       ; MAX10_CLK1_50                                     ;      ;
; 140.55 MHz ; 140.55 MHz      ; PLLTX|altpll_component|auto_generated|pll1|clk[0] ;      ;
; 189.43 MHz ; 189.43 MHz      ; PLLTX|altpll_component|auto_generated|pll1|clk[1] ;      ;
=======
; 30.63 MHz  ; 30.63 MHz       ; MAX10_CLK1_50                                     ;      ;
; 61.77 MHz  ; 61.77 MHz       ; altera_reserved_tck                               ;      ;
; 152.35 MHz ; 152.35 MHz      ; PLLTX|altpll_component|auto_generated|pll1|clk[1] ;      ;
; 183.12 MHz ; 183.12 MHz      ; PLLTX|altpll_component|auto_generated|pll1|clk[0] ;      ;
>>>>>>> cb7296a231ed397e0e172a6dbf7fecf71a298f66
+------------+-----------------+---------------------------------------------------+------+
This panel reports FMAX for every clock in the design, regardless of the user-specified clock periods.  FMAX is only computed for paths where the source and destination registers or ports are driven by the same clock.  Paths of different clocks, including generated clocks, are ignored.  For paths between a clock and its inversion, FMAX is computed as if the rising and falling edges are scaled along with FMAX, such that the duty cycle (in terms of a percentage) is maintained. Altera recommends that you always use clock constraints and other slack reports for sign-off analysis.


+------------------------------------------------------------------------------+
; Slow 1200mV 0C Model Setup Summary                                           ;
+---------------------------------------------------+----------+---------------+
; Clock                                             ; Slack    ; End Point TNS ;
+---------------------------------------------------+----------+---------------+
<<<<<<< HEAD
; MAX10_CLK1_50                                     ; 1.890    ; 0.000         ;
; PLLTX|altpll_component|auto_generated|pll1|clk[0] ; 1077.955 ; 0.000         ;
; PLLTX|altpll_component|auto_generated|pll1|clk[1] ; 8675.284 ; 0.000         ;
+---------------------------------------------------+----------+---------------+


+---------------------------------------------------------------------------+
; Slow 1200mV 0C Model Hold Summary                                         ;
+---------------------------------------------------+-------+---------------+
; Clock                                             ; Slack ; End Point TNS ;
+---------------------------------------------------+-------+---------------+
; MAX10_CLK1_50                                     ; 0.231 ; 0.000         ;
; PLLTX|altpll_component|auto_generated|pll1|clk[1] ; 0.276 ; 0.000         ;
; PLLTX|altpll_component|auto_generated|pll1|clk[0] ; 0.279 ; 0.000         ;
+---------------------------------------------------+-------+---------------+


+----------------------------------------+
; Slow 1200mV 0C Model Recovery Summary  ;
+---------------+--------+---------------+
; Clock         ; Slack  ; End Point TNS ;
+---------------+--------+---------------+
; MAX10_CLK1_50 ; 16.000 ; 0.000         ;
+---------------+--------+---------------+


+---------------------------------------+
; Slow 1200mV 0C Model Removal Summary  ;
+---------------+-------+---------------+
; Clock         ; Slack ; End Point TNS ;
+---------------+-------+---------------+
; MAX10_CLK1_50 ; 3.443 ; 0.000         ;
+---------------+-------+---------------+
=======
; MAX10_CLK1_50                                     ; -12.652  ; -763.619      ;
; altera_reserved_tck                               ; 41.905   ; 0.000         ;
; PLLTX|altpll_component|auto_generated|pll1|clk[0] ; 1079.609 ; 0.000         ;
; PLLTX|altpll_component|auto_generated|pll1|clk[1] ; 8673.999 ; 0.000         ;
+---------------------------------------------------+----------+---------------+


+----------------------------------------------------------------------------+
; Slow 1200mV 0C Model Hold Summary                                          ;
+---------------------------------------------------+--------+---------------+
; Clock                                             ; Slack  ; End Point TNS ;
+---------------------------------------------------+--------+---------------+
; MAX10_CLK1_50                                     ; -3.244 ; -6.486        ;
; PLLTX|altpll_component|auto_generated|pll1|clk[1] ; 0.266  ; 0.000         ;
; altera_reserved_tck                               ; 0.305  ; 0.000         ;
; PLLTX|altpll_component|auto_generated|pll1|clk[0] ; 0.340  ; 0.000         ;
+---------------------------------------------------+--------+---------------+


+----------------------------------------------+
; Slow 1200mV 0C Model Recovery Summary        ;
+---------------------+--------+---------------+
; Clock               ; Slack  ; End Point TNS ;
+---------------------+--------+---------------+
; MAX10_CLK1_50       ; 14.338 ; 0.000         ;
; altera_reserved_tck ; 95.485 ; 0.000         ;
+---------------------+--------+---------------+


+---------------------------------------------+
; Slow 1200mV 0C Model Removal Summary        ;
+---------------------+-------+---------------+
; Clock               ; Slack ; End Point TNS ;
+---------------------+-------+---------------+
; altera_reserved_tck ; 0.827 ; 0.000         ;
; MAX10_CLK1_50       ; 4.946 ; 0.000         ;
+---------------------+-------+---------------+
>>>>>>> cb7296a231ed397e0e172a6dbf7fecf71a298f66


+------------------------------------------------------------------------------+
; Slow 1200mV 0C Model Minimum Pulse Width Summary                             ;
+---------------------------------------------------+----------+---------------+
; Clock                                             ; Slack    ; End Point TNS ;
+---------------------------------------------------+----------+---------------+
<<<<<<< HEAD
; MAX10_CLK1_50                                     ; 9.513    ; 0.000         ;
=======
; MAX10_CLK1_50                                     ; 9.504    ; 0.000         ;
>>>>>>> cb7296a231ed397e0e172a6dbf7fecf71a298f66
; MAX10_CLK2_50                                     ; 16.000   ; 0.000         ;
; ADC_CLK_10                                        ; 96.000   ; 0.000         ;
<<<<<<< HEAD
; PLLTX|altpll_component|auto_generated|pll1|clk[0] ; 542.228  ; 0.000         ;
=======
; PLLTX|altpll_component|auto_generated|pll1|clk[0] ; 542.227  ; 0.000         ;
>>>>>>> cb7296a231ed397e0e172a6dbf7fecf71a298f66
; PLLTX|altpll_component|auto_generated|pll1|clk[1] ; 4339.976 ; 0.000         ;
+---------------------------------------------------+----------+---------------+


----------------------------------------------
; Slow 1200mV 0C Model Metastability Summary ;
----------------------------------------------
Worst-Case MTBF of Design is 1e+09 years or 3.15e+16 seconds.
Typical MTBF of Design is 1e+09 years or 3.15e+16 seconds.

Number of Synchronizer Chains Found: 44
Shortest Synchronizer Chain: 2 Registers
Fraction of Chains for which MTBFs Could Not be Calculated: 0.000
Worst Case Available Settling Time: 33.442 ns

Worst-Case MTBF values are calculated based on the worst-case silicon characteristics, with worst-case operating conditions.
  - Under worst-case conditions, an increase of 100ps in available settling time will increase MTBF values by a factor of 1.8
Typical MTBF values are calculated based on the nominal silicon characteristics, at nominal operating conditions.
  - Under typical conditions, an increase of 100ps in available settling time will increase MTBF values by a factor of 3.7



+------------------------------------------------------------------------------+
; Fast 1200mV 0C Model Setup Summary                                           ;
+---------------------------------------------------+----------+---------------+
; Clock                                             ; Slack    ; End Point TNS ;
+---------------------------------------------------+----------+---------------+
<<<<<<< HEAD
; MAX10_CLK1_50                                     ; 11.833   ; 0.000         ;
; PLLTX|altpll_component|auto_generated|pll1|clk[0] ; 1081.729 ; 0.000         ;
; PLLTX|altpll_component|auto_generated|pll1|clk[1] ; 8678.128 ; 0.000         ;
+---------------------------------------------------+----------+---------------+


+---------------------------------------------------------------------------+
; Fast 1200mV 0C Model Hold Summary                                         ;
+---------------------------------------------------+-------+---------------+
; Clock                                             ; Slack ; End Point TNS ;
+---------------------------------------------------+-------+---------------+
; MAX10_CLK1_50                                     ; 0.095 ; 0.000         ;
; PLLTX|altpll_component|auto_generated|pll1|clk[1] ; 0.151 ; 0.000         ;
; PLLTX|altpll_component|auto_generated|pll1|clk[0] ; 0.154 ; 0.000         ;
+---------------------------------------------------+-------+---------------+


+----------------------------------------+
; Fast 1200mV 0C Model Recovery Summary  ;
+---------------+--------+---------------+
; Clock         ; Slack  ; End Point TNS ;
+---------------+--------+---------------+
; MAX10_CLK1_50 ; 17.772 ; 0.000         ;
+---------------+--------+---------------+


+---------------------------------------+
; Fast 1200mV 0C Model Removal Summary  ;
+---------------+-------+---------------+
; Clock         ; Slack ; End Point TNS ;
+---------------+-------+---------------+
; MAX10_CLK1_50 ; 1.818 ; 0.000         ;
+---------------+-------+---------------+
=======
; MAX10_CLK1_50                                     ; -2.121   ; -36.325       ;
; altera_reserved_tck                               ; 46.368   ; 0.000         ;
; PLLTX|altpll_component|auto_generated|pll1|clk[0] ; 1082.588 ; 0.000         ;
; PLLTX|altpll_component|auto_generated|pll1|clk[1] ; 8677.497 ; 0.000         ;
+---------------------------------------------------+----------+---------------+


+----------------------------------------------------------------------------+
; Fast 1200mV 0C Model Hold Summary                                          ;
+---------------------------------------------------+--------+---------------+
; Clock                                             ; Slack  ; End Point TNS ;
+---------------------------------------------------+--------+---------------+
; MAX10_CLK1_50                                     ; -1.806 ; -3.610        ;
; altera_reserved_tck                               ; 0.129  ; 0.000         ;
; PLLTX|altpll_component|auto_generated|pll1|clk[1] ; 0.146  ; 0.000         ;
; PLLTX|altpll_component|auto_generated|pll1|clk[0] ; 0.180  ; 0.000         ;
+---------------------------------------------------+--------+---------------+


+----------------------------------------------+
; Fast 1200mV 0C Model Recovery Summary        ;
+---------------------+--------+---------------+
; Clock               ; Slack  ; End Point TNS ;
+---------------------+--------+---------------+
; MAX10_CLK1_50       ; 16.921 ; 0.000         ;
; altera_reserved_tck ; 97.471 ; 0.000         ;
+---------------------+--------+---------------+


+---------------------------------------------+
; Fast 1200mV 0C Model Removal Summary        ;
+---------------------+-------+---------------+
; Clock               ; Slack ; End Point TNS ;
+---------------------+-------+---------------+
; altera_reserved_tck ; 0.403 ; 0.000         ;
; MAX10_CLK1_50       ; 2.548 ; 0.000         ;
+---------------------+-------+---------------+
>>>>>>> cb7296a231ed397e0e172a6dbf7fecf71a298f66


+------------------------------------------------------------------------------+
; Fast 1200mV 0C Model Minimum Pulse Width Summary                             ;
+---------------------------------------------------+----------+---------------+
; Clock                                             ; Slack    ; End Point TNS ;
+---------------------------------------------------+----------+---------------+
; MAX10_CLK1_50                                     ; 9.268    ; 0.000         ;
; MAX10_CLK2_50                                     ; 16.000   ; 0.000         ;
; ADC_CLK_10                                        ; 96.000   ; 0.000         ;
<<<<<<< HEAD
; PLLTX|altpll_component|auto_generated|pll1|clk[0] ; 542.255  ; 0.000         ;
=======
; PLLTX|altpll_component|auto_generated|pll1|clk[0] ; 542.256  ; 0.000         ;
>>>>>>> cb7296a231ed397e0e172a6dbf7fecf71a298f66
; PLLTX|altpll_component|auto_generated|pll1|clk[1] ; 4340.003 ; 0.000         ;
+---------------------------------------------------+----------+---------------+


----------------------------------------------
; Fast 1200mV 0C Model Metastability Summary ;
----------------------------------------------
Worst-Case MTBF of Design is 1e+09 years or 3.15e+16 seconds.
Typical MTBF of Design is 1e+09 years or 3.15e+16 seconds.

Number of Synchronizer Chains Found: 44
Shortest Synchronizer Chain: 2 Registers
<<<<<<< HEAD
Fraction of Chains for which MTBFs Could Not be Calculated: 0.000
Worst Case Available Settling Time: 36.810 ns
=======
Fraction of Chains for which MTBFs Could Not be Calculated: 0.421
Worst Case Available Settling Time: 19.061 ns
>>>>>>> cb7296a231ed397e0e172a6dbf7fecf71a298f66

Worst-Case MTBF values are calculated based on the worst-case silicon characteristics, with worst-case operating conditions.
  - Under worst-case conditions, an increase of 100ps in available settling time will increase MTBF values by a factor of 1.8
Typical MTBF values are calculated based on the nominal silicon characteristics, at nominal operating conditions.
  - Under typical conditions, an increase of 100ps in available settling time will increase MTBF values by a factor of 3.7



<<<<<<< HEAD
+------------------------------------------------------------------------------------------------------------------+
; Multicorner Timing Analysis Summary                                                                              ;
+----------------------------------------------------+----------+-------+----------+---------+---------------------+
; Clock                                              ; Setup    ; Hold  ; Recovery ; Removal ; Minimum Pulse Width ;
+----------------------------------------------------+----------+-------+----------+---------+---------------------+
; Worst-case Slack                                   ; 0.017    ; 0.095 ; 15.573   ; 1.818   ; 9.268               ;
;  ADC_CLK_10                                        ; N/A      ; N/A   ; N/A      ; N/A     ; 96.000              ;
;  MAX10_CLK1_50                                     ; 0.017    ; 0.095 ; 15.573   ; 1.818   ; 9.268               ;
;  MAX10_CLK2_50                                     ; N/A      ; N/A   ; N/A      ; N/A     ; 16.000              ;
;  PLLTX|altpll_component|auto_generated|pll1|clk[0] ; 1077.484 ; 0.154 ; N/A      ; N/A     ; 542.218             ;
;  PLLTX|altpll_component|auto_generated|pll1|clk[1] ; 8674.849 ; 0.151 ; N/A      ; N/A     ; 4339.964            ;
; Design-wide TNS                                    ; 0.0      ; 0.0   ; 0.0      ; 0.0     ; 0.0                 ;
;  ADC_CLK_10                                        ; N/A      ; N/A   ; N/A      ; N/A     ; 0.000               ;
;  MAX10_CLK1_50                                     ; 0.000    ; 0.000 ; 0.000    ; 0.000   ; 0.000               ;
;  MAX10_CLK2_50                                     ; N/A      ; N/A   ; N/A      ; N/A     ; 0.000               ;
;  PLLTX|altpll_component|auto_generated|pll1|clk[0] ; 0.000    ; 0.000 ; N/A      ; N/A     ; 0.000               ;
;  PLLTX|altpll_component|auto_generated|pll1|clk[1] ; 0.000    ; 0.000 ; N/A      ; N/A     ; 0.000               ;
+----------------------------------------------------+----------+-------+----------+---------+---------------------+
=======
+--------------------------------------------------------------------------------------------------------------------+
; Multicorner Timing Analysis Summary                                                                                ;
+----------------------------------------------------+-----------+--------+----------+---------+---------------------+
; Clock                                              ; Setup     ; Hold   ; Recovery ; Removal ; Minimum Pulse Width ;
+----------------------------------------------------+-----------+--------+----------+---------+---------------------+
; Worst-case Slack                                   ; -16.089   ; -3.762 ; 13.852   ; 0.403   ; 9.263               ;
;  ADC_CLK_10                                        ; N/A       ; N/A    ; N/A      ; N/A     ; 96.000              ;
;  MAX10_CLK1_50                                     ; -16.089   ; -3.762 ; 13.852   ; 2.548   ; 9.263               ;
;  MAX10_CLK2_50                                     ; N/A       ; N/A    ; N/A      ; N/A     ; 16.000              ;
;  PLLTX|altpll_component|auto_generated|pll1|clk[0] ; 1079.166  ; 0.180  ; N/A      ; N/A     ; 542.219             ;
;  PLLTX|altpll_component|auto_generated|pll1|clk[1] ; 8673.513  ; 0.146  ; N/A      ; N/A     ; 4339.964            ;
;  altera_reserved_tck                               ; 41.149    ; 0.129  ; 95.028   ; 0.403   ; 49.386              ;
; Design-wide TNS                                    ; -1270.307 ; -7.523 ; 0.0      ; 0.0     ; 0.0                 ;
;  ADC_CLK_10                                        ; N/A       ; N/A    ; N/A      ; N/A     ; 0.000               ;
;  MAX10_CLK1_50                                     ; -1270.307 ; -7.523 ; 0.000    ; 0.000   ; 0.000               ;
;  MAX10_CLK2_50                                     ; N/A       ; N/A    ; N/A      ; N/A     ; 0.000               ;
;  PLLTX|altpll_component|auto_generated|pll1|clk[0] ; 0.000     ; 0.000  ; N/A      ; N/A     ; 0.000               ;
;  PLLTX|altpll_component|auto_generated|pll1|clk[1] ; 0.000     ; 0.000  ; N/A      ; N/A     ; 0.000               ;
;  altera_reserved_tck                               ; 0.000     ; 0.000  ; 0.000    ; 0.000   ; 0.000               ;
+----------------------------------------------------+-----------+--------+----------+---------+---------------------+
>>>>>>> cb7296a231ed397e0e172a6dbf7fecf71a298f66


+-----------------------------------------------------------------------------------------------------------------------------------------------------------------------------------------------------------------------------------------------------------------------------------------------------------------------------------------------------------------------------------------------------------------+
; Board Trace Model Assignments                                                                                                                                                                                                                                                                                                                                                                                   ;
+--------------+--------------+-------------------+-------------------------+-------------------------+---------------+---------------------+----------------+------------------+--------+------------------+------------------------+------------------------+--------------+---------------+-----------------+-------+---------------------+--------------------+---------------+-----------------+-------------+
; Pin          ; I/O Standard ; Near Tline Length ; Near Tline L per Length ; Near Tline C per Length ; Near Series R ; Near Differential R ; Near Pull-up R ; Near Pull-down R ; Near C ; Far Tline Length ; Far Tline L per Length ; Far Tline C per Length ; Far Series R ; Far Pull-up R ; Far Pull-down R ; Far C ; Termination Voltage ; Far Differential R ; EBD File Name ; EBD Signal Name ; EBD Far-end ;
+--------------+--------------+-------------------+-------------------------+-------------------------+---------------+---------------------+----------------+------------------+--------+------------------+------------------------+------------------------+--------------+---------------+-----------------+-------+---------------------+--------------------+---------------+-----------------+-------------+
; HEX0[0]      ; 3.3-V LVTTL  ; 0 in              ; 0 H/in                  ; 0 F/in                  ; short         ; -                   ; open           ; open             ; open   ; 0 in             ; 0 H/in                 ; 0 F/in                 ; short        ; open          ; open            ; open  ; 0 V                 ; -                  ; n/a           ; n/a             ; n/a         ;
; HEX0[1]      ; 3.3-V LVTTL  ; 0 in              ; 0 H/in                  ; 0 F/in                  ; short         ; -                   ; open           ; open             ; open   ; 0 in             ; 0 H/in                 ; 0 F/in                 ; short        ; open          ; open            ; open  ; 0 V                 ; -                  ; n/a           ; n/a             ; n/a         ;
; HEX0[2]      ; 3.3-V LVTTL  ; 0 in              ; 0 H/in                  ; 0 F/in                  ; short         ; -                   ; open           ; open             ; open   ; 0 in             ; 0 H/in                 ; 0 F/in                 ; short        ; open          ; open            ; open  ; 0 V                 ; -                  ; n/a           ; n/a             ; n/a         ;
; HEX0[3]      ; 3.3-V LVTTL  ; 0 in              ; 0 H/in                  ; 0 F/in                  ; short         ; -                   ; open           ; open             ; open   ; 0 in             ; 0 H/in                 ; 0 F/in                 ; short        ; open          ; open            ; open  ; 0 V                 ; -                  ; n/a           ; n/a             ; n/a         ;
; HEX0[4]      ; 3.3-V LVTTL  ; 0 in              ; 0 H/in                  ; 0 F/in                  ; short         ; -                   ; open           ; open             ; open   ; 0 in             ; 0 H/in                 ; 0 F/in                 ; short        ; open          ; open            ; open  ; 0 V                 ; -                  ; n/a           ; n/a             ; n/a         ;
; HEX0[5]      ; 3.3-V LVTTL  ; 0 in              ; 0 H/in                  ; 0 F/in                  ; short         ; -                   ; open           ; open             ; open   ; 0 in             ; 0 H/in                 ; 0 F/in                 ; short        ; open          ; open            ; open  ; 0 V                 ; -                  ; n/a           ; n/a             ; n/a         ;
; HEX0[6]      ; 3.3-V LVTTL  ; 0 in              ; 0 H/in                  ; 0 F/in                  ; short         ; -                   ; open           ; open             ; open   ; 0 in             ; 0 H/in                 ; 0 F/in                 ; short        ; open          ; open            ; open  ; 0 V                 ; -                  ; n/a           ; n/a             ; n/a         ;
; HEX0[7]      ; 3.3-V LVTTL  ; 0 in              ; 0 H/in                  ; 0 F/in                  ; short         ; -                   ; open           ; open             ; open   ; 0 in             ; 0 H/in                 ; 0 F/in                 ; short        ; open          ; open            ; open  ; 0 V                 ; -                  ; n/a           ; n/a             ; n/a         ;
; HEX1[0]      ; 3.3-V LVTTL  ; 0 in              ; 0 H/in                  ; 0 F/in                  ; short         ; -                   ; open           ; open             ; open   ; 0 in             ; 0 H/in                 ; 0 F/in                 ; short        ; open          ; open            ; open  ; 0 V                 ; -                  ; n/a           ; n/a             ; n/a         ;
; HEX1[1]      ; 3.3-V LVTTL  ; 0 in              ; 0 H/in                  ; 0 F/in                  ; short         ; -                   ; open           ; open             ; open   ; 0 in             ; 0 H/in                 ; 0 F/in                 ; short        ; open          ; open            ; open  ; 0 V                 ; -                  ; n/a           ; n/a             ; n/a         ;
; HEX1[2]      ; 3.3-V LVTTL  ; 0 in              ; 0 H/in                  ; 0 F/in                  ; short         ; -                   ; open           ; open             ; open   ; 0 in             ; 0 H/in                 ; 0 F/in                 ; short        ; open          ; open            ; open  ; 0 V                 ; -                  ; n/a           ; n/a             ; n/a         ;
; HEX1[3]      ; 3.3-V LVTTL  ; 0 in              ; 0 H/in                  ; 0 F/in                  ; short         ; -                   ; open           ; open             ; open   ; 0 in             ; 0 H/in                 ; 0 F/in                 ; short        ; open          ; open            ; open  ; 0 V                 ; -                  ; n/a           ; n/a             ; n/a         ;
; HEX1[4]      ; 3.3-V LVTTL  ; 0 in              ; 0 H/in                  ; 0 F/in                  ; short         ; -                   ; open           ; open             ; open   ; 0 in             ; 0 H/in                 ; 0 F/in                 ; short        ; open          ; open            ; open  ; 0 V                 ; -                  ; n/a           ; n/a             ; n/a         ;
; HEX1[5]      ; 3.3-V LVTTL  ; 0 in              ; 0 H/in                  ; 0 F/in                  ; short         ; -                   ; open           ; open             ; open   ; 0 in             ; 0 H/in                 ; 0 F/in                 ; short        ; open          ; open            ; open  ; 0 V                 ; -                  ; n/a           ; n/a             ; n/a         ;
; HEX1[6]      ; 3.3-V LVTTL  ; 0 in              ; 0 H/in                  ; 0 F/in                  ; short         ; -                   ; open           ; open             ; open   ; 0 in             ; 0 H/in                 ; 0 F/in                 ; short        ; open          ; open            ; open  ; 0 V                 ; -                  ; n/a           ; n/a             ; n/a         ;
; HEX1[7]      ; 3.3-V LVTTL  ; 0 in              ; 0 H/in                  ; 0 F/in                  ; short         ; -                   ; open           ; open             ; open   ; 0 in             ; 0 H/in                 ; 0 F/in                 ; short        ; open          ; open            ; open  ; 0 V                 ; -                  ; n/a           ; n/a             ; n/a         ;
; HEX2[0]      ; 3.3-V LVTTL  ; 0 in              ; 0 H/in                  ; 0 F/in                  ; short         ; -                   ; open           ; open             ; open   ; 0 in             ; 0 H/in                 ; 0 F/in                 ; short        ; open          ; open            ; open  ; 0 V                 ; -                  ; n/a           ; n/a             ; n/a         ;
; HEX2[1]      ; 3.3-V LVTTL  ; 0 in              ; 0 H/in                  ; 0 F/in                  ; short         ; -                   ; open           ; open             ; open   ; 0 in             ; 0 H/in                 ; 0 F/in                 ; short        ; open          ; open            ; open  ; 0 V                 ; -                  ; n/a           ; n/a             ; n/a         ;
; HEX2[2]      ; 3.3-V LVTTL  ; 0 in              ; 0 H/in                  ; 0 F/in                  ; short         ; -                   ; open           ; open             ; open   ; 0 in             ; 0 H/in                 ; 0 F/in                 ; short        ; open          ; open            ; open  ; 0 V                 ; -                  ; n/a           ; n/a             ; n/a         ;
; HEX2[3]      ; 3.3-V LVTTL  ; 0 in              ; 0 H/in                  ; 0 F/in                  ; short         ; -                   ; open           ; open             ; open   ; 0 in             ; 0 H/in                 ; 0 F/in                 ; short        ; open          ; open            ; open  ; 0 V                 ; -                  ; n/a           ; n/a             ; n/a         ;
; HEX2[4]      ; 3.3-V LVTTL  ; 0 in              ; 0 H/in                  ; 0 F/in                  ; short         ; -                   ; open           ; open             ; open   ; 0 in             ; 0 H/in                 ; 0 F/in                 ; short        ; open          ; open            ; open  ; 0 V                 ; -                  ; n/a           ; n/a             ; n/a         ;
; HEX2[5]      ; 3.3-V LVTTL  ; 0 in              ; 0 H/in                  ; 0 F/in                  ; short         ; -                   ; open           ; open             ; open   ; 0 in             ; 0 H/in                 ; 0 F/in                 ; short        ; open          ; open            ; open  ; 0 V                 ; -                  ; n/a           ; n/a             ; n/a         ;
; HEX2[6]      ; 3.3-V LVTTL  ; 0 in              ; 0 H/in                  ; 0 F/in                  ; short         ; -                   ; open           ; open             ; open   ; 0 in             ; 0 H/in                 ; 0 F/in                 ; short        ; open          ; open            ; open  ; 0 V                 ; -                  ; n/a           ; n/a             ; n/a         ;
; HEX2[7]      ; 3.3-V LVTTL  ; 0 in              ; 0 H/in                  ; 0 F/in                  ; short         ; -                   ; open           ; open             ; open   ; 0 in             ; 0 H/in                 ; 0 F/in                 ; short        ; open          ; open            ; open  ; 0 V                 ; -                  ; n/a           ; n/a             ; n/a         ;
; HEX3[0]      ; 3.3-V LVTTL  ; 0 in              ; 0 H/in                  ; 0 F/in                  ; short         ; -                   ; open           ; open             ; open   ; 0 in             ; 0 H/in                 ; 0 F/in                 ; short        ; open          ; open            ; open  ; 0 V                 ; -                  ; n/a           ; n/a             ; n/a         ;
; HEX3[1]      ; 3.3-V LVTTL  ; 0 in              ; 0 H/in                  ; 0 F/in                  ; short         ; -                   ; open           ; open             ; open   ; 0 in             ; 0 H/in                 ; 0 F/in                 ; short        ; open          ; open            ; open  ; 0 V                 ; -                  ; n/a           ; n/a             ; n/a         ;
; HEX3[2]      ; 3.3-V LVTTL  ; 0 in              ; 0 H/in                  ; 0 F/in                  ; short         ; -                   ; open           ; open             ; open   ; 0 in             ; 0 H/in                 ; 0 F/in                 ; short        ; open          ; open            ; open  ; 0 V                 ; -                  ; n/a           ; n/a             ; n/a         ;
; HEX3[3]      ; 3.3-V LVTTL  ; 0 in              ; 0 H/in                  ; 0 F/in                  ; short         ; -                   ; open           ; open             ; open   ; 0 in             ; 0 H/in                 ; 0 F/in                 ; short        ; open          ; open            ; open  ; 0 V                 ; -                  ; n/a           ; n/a             ; n/a         ;
; HEX3[4]      ; 3.3-V LVTTL  ; 0 in              ; 0 H/in                  ; 0 F/in                  ; short         ; -                   ; open           ; open             ; open   ; 0 in             ; 0 H/in                 ; 0 F/in                 ; short        ; open          ; open            ; open  ; 0 V                 ; -                  ; n/a           ; n/a             ; n/a         ;
; HEX3[5]      ; 3.3-V LVTTL  ; 0 in              ; 0 H/in                  ; 0 F/in                  ; short         ; -                   ; open           ; open             ; open   ; 0 in             ; 0 H/in                 ; 0 F/in                 ; short        ; open          ; open            ; open  ; 0 V                 ; -                  ; n/a           ; n/a             ; n/a         ;
; HEX3[6]      ; 3.3-V LVTTL  ; 0 in              ; 0 H/in                  ; 0 F/in                  ; short         ; -                   ; open           ; open             ; open   ; 0 in             ; 0 H/in                 ; 0 F/in                 ; short        ; open          ; open            ; open  ; 0 V                 ; -                  ; n/a           ; n/a             ; n/a         ;
; HEX3[7]      ; 3.3-V LVTTL  ; 0 in              ; 0 H/in                  ; 0 F/in                  ; short         ; -                   ; open           ; open             ; open   ; 0 in             ; 0 H/in                 ; 0 F/in                 ; short        ; open          ; open            ; open  ; 0 V                 ; -                  ; n/a           ; n/a             ; n/a         ;
; HEX4[0]      ; 3.3-V LVTTL  ; 0 in              ; 0 H/in                  ; 0 F/in                  ; short         ; -                   ; open           ; open             ; open   ; 0 in             ; 0 H/in                 ; 0 F/in                 ; short        ; open          ; open            ; open  ; 0 V                 ; -                  ; n/a           ; n/a             ; n/a         ;
; HEX4[1]      ; 3.3-V LVTTL  ; 0 in              ; 0 H/in                  ; 0 F/in                  ; short         ; -                   ; open           ; open             ; open   ; 0 in             ; 0 H/in                 ; 0 F/in                 ; short        ; open          ; open            ; open  ; 0 V                 ; -                  ; n/a           ; n/a             ; n/a         ;
; HEX4[2]      ; 3.3-V LVTTL  ; 0 in              ; 0 H/in                  ; 0 F/in                  ; short         ; -                   ; open           ; open             ; open   ; 0 in             ; 0 H/in                 ; 0 F/in                 ; short        ; open          ; open            ; open  ; 0 V                 ; -                  ; n/a           ; n/a             ; n/a         ;
; HEX4[3]      ; 3.3-V LVTTL  ; 0 in              ; 0 H/in                  ; 0 F/in                  ; short         ; -                   ; open           ; open             ; open   ; 0 in             ; 0 H/in                 ; 0 F/in                 ; short        ; open          ; open            ; open  ; 0 V                 ; -                  ; n/a           ; n/a             ; n/a         ;
; HEX4[4]      ; 3.3-V LVTTL  ; 0 in              ; 0 H/in                  ; 0 F/in                  ; short         ; -                   ; open           ; open             ; open   ; 0 in             ; 0 H/in                 ; 0 F/in                 ; short        ; open          ; open            ; open  ; 0 V                 ; -                  ; n/a           ; n/a             ; n/a         ;
; HEX4[5]      ; 3.3-V LVTTL  ; 0 in              ; 0 H/in                  ; 0 F/in                  ; short         ; -                   ; open           ; open             ; open   ; 0 in             ; 0 H/in                 ; 0 F/in                 ; short        ; open          ; open            ; open  ; 0 V                 ; -                  ; n/a           ; n/a             ; n/a         ;
; HEX4[6]      ; 3.3-V LVTTL  ; 0 in              ; 0 H/in                  ; 0 F/in                  ; short         ; -                   ; open           ; open             ; open   ; 0 in             ; 0 H/in                 ; 0 F/in                 ; short        ; open          ; open            ; open  ; 0 V                 ; -                  ; n/a           ; n/a             ; n/a         ;
; HEX4[7]      ; 3.3-V LVTTL  ; 0 in              ; 0 H/in                  ; 0 F/in                  ; short         ; -                   ; open           ; open             ; open   ; 0 in             ; 0 H/in                 ; 0 F/in                 ; short        ; open          ; open            ; open  ; 0 V                 ; -                  ; n/a           ; n/a             ; n/a         ;
; HEX5[0]      ; 3.3-V LVTTL  ; 0 in              ; 0 H/in                  ; 0 F/in                  ; short         ; -                   ; open           ; open             ; open   ; 0 in             ; 0 H/in                 ; 0 F/in                 ; short        ; open          ; open            ; open  ; 0 V                 ; -                  ; n/a           ; n/a             ; n/a         ;
; HEX5[1]      ; 3.3-V LVTTL  ; 0 in              ; 0 H/in                  ; 0 F/in                  ; short         ; -                   ; open           ; open             ; open   ; 0 in             ; 0 H/in                 ; 0 F/in                 ; short        ; open          ; open            ; open  ; 0 V                 ; -                  ; n/a           ; n/a             ; n/a         ;
; HEX5[2]      ; 3.3-V LVTTL  ; 0 in              ; 0 H/in                  ; 0 F/in                  ; short         ; -                   ; open           ; open             ; open   ; 0 in             ; 0 H/in                 ; 0 F/in                 ; short        ; open          ; open            ; open  ; 0 V                 ; -                  ; n/a           ; n/a             ; n/a         ;
; HEX5[3]      ; 3.3-V LVTTL  ; 0 in              ; 0 H/in                  ; 0 F/in                  ; short         ; -                   ; open           ; open             ; open   ; 0 in             ; 0 H/in                 ; 0 F/in                 ; short        ; open          ; open            ; open  ; 0 V                 ; -                  ; n/a           ; n/a             ; n/a         ;
; HEX5[4]      ; 3.3-V LVTTL  ; 0 in              ; 0 H/in                  ; 0 F/in                  ; short         ; -                   ; open           ; open             ; open   ; 0 in             ; 0 H/in                 ; 0 F/in                 ; short        ; open          ; open            ; open  ; 0 V                 ; -                  ; n/a           ; n/a             ; n/a         ;
; HEX5[5]      ; 3.3-V LVTTL  ; 0 in              ; 0 H/in                  ; 0 F/in                  ; short         ; -                   ; open           ; open             ; open   ; 0 in             ; 0 H/in                 ; 0 F/in                 ; short        ; open          ; open            ; open  ; 0 V                 ; -                  ; n/a           ; n/a             ; n/a         ;
; HEX5[6]      ; 3.3-V LVTTL  ; 0 in              ; 0 H/in                  ; 0 F/in                  ; short         ; -                   ; open           ; open             ; open   ; 0 in             ; 0 H/in                 ; 0 F/in                 ; short        ; open          ; open            ; open  ; 0 V                 ; -                  ; n/a           ; n/a             ; n/a         ;
; HEX5[7]      ; 3.3-V LVTTL  ; 0 in              ; 0 H/in                  ; 0 F/in                  ; short         ; -                   ; open           ; open             ; open   ; 0 in             ; 0 H/in                 ; 0 F/in                 ; short        ; open          ; open            ; open  ; 0 V                 ; -                  ; n/a           ; n/a             ; n/a         ;
; GPIO[2]      ; 3.3-V LVTTL  ; 0 in              ; 0 H/in                  ; 0 F/in                  ; short         ; -                   ; open           ; open             ; open   ; 0 in             ; 0 H/in                 ; 0 F/in                 ; short        ; open          ; open            ; open  ; 0 V                 ; -                  ; n/a           ; n/a             ; n/a         ;
; GPIO[3]      ; 3.3-V LVTTL  ; 0 in              ; 0 H/in                  ; 0 F/in                  ; short         ; -                   ; open           ; open             ; open   ; 0 in             ; 0 H/in                 ; 0 F/in                 ; short        ; open          ; open            ; open  ; 0 V                 ; -                  ; n/a           ; n/a             ; n/a         ;
; GPIO[4]      ; 3.3-V LVTTL  ; 0 in              ; 0 H/in                  ; 0 F/in                  ; short         ; -                   ; open           ; open             ; open   ; 0 in             ; 0 H/in                 ; 0 F/in                 ; short        ; open          ; open            ; open  ; 0 V                 ; -                  ; n/a           ; n/a             ; n/a         ;
; GPIO[5]      ; 3.3-V LVTTL  ; 0 in              ; 0 H/in                  ; 0 F/in                  ; short         ; -                   ; open           ; open             ; open   ; 0 in             ; 0 H/in                 ; 0 F/in                 ; short        ; open          ; open            ; open  ; 0 V                 ; -                  ; n/a           ; n/a             ; n/a         ;
; GPIO[6]      ; 3.3-V LVTTL  ; 0 in              ; 0 H/in                  ; 0 F/in                  ; short         ; -                   ; open           ; open             ; open   ; 0 in             ; 0 H/in                 ; 0 F/in                 ; short        ; open          ; open            ; open  ; 0 V                 ; -                  ; n/a           ; n/a             ; n/a         ;
; GPIO[7]      ; 3.3-V LVTTL  ; 0 in              ; 0 H/in                  ; 0 F/in                  ; short         ; -                   ; open           ; open             ; open   ; 0 in             ; 0 H/in                 ; 0 F/in                 ; short        ; open          ; open            ; open  ; 0 V                 ; -                  ; n/a           ; n/a             ; n/a         ;
; GPIO[8]      ; 3.3-V LVTTL  ; 0 in              ; 0 H/in                  ; 0 F/in                  ; short         ; -                   ; open           ; open             ; open   ; 0 in             ; 0 H/in                 ; 0 F/in                 ; short        ; open          ; open            ; open  ; 0 V                 ; -                  ; n/a           ; n/a             ; n/a         ;
; GPIO[9]      ; 3.3-V LVTTL  ; 0 in              ; 0 H/in                  ; 0 F/in                  ; short         ; -                   ; open           ; open             ; open   ; 0 in             ; 0 H/in                 ; 0 F/in                 ; short        ; open          ; open            ; open  ; 0 V                 ; -                  ; n/a           ; n/a             ; n/a         ;
; GPIO[10]     ; 3.3-V LVTTL  ; 0 in              ; 0 H/in                  ; 0 F/in                  ; short         ; -                   ; open           ; open             ; open   ; 0 in             ; 0 H/in                 ; 0 F/in                 ; short        ; open          ; open            ; open  ; 0 V                 ; -                  ; n/a           ; n/a             ; n/a         ;
; GPIO[11]     ; 3.3-V LVTTL  ; 0 in              ; 0 H/in                  ; 0 F/in                  ; short         ; -                   ; open           ; open             ; open   ; 0 in             ; 0 H/in                 ; 0 F/in                 ; short        ; open          ; open            ; open  ; 0 V                 ; -                  ; n/a           ; n/a             ; n/a         ;
; GPIO[12]     ; 3.3-V LVTTL  ; 0 in              ; 0 H/in                  ; 0 F/in                  ; short         ; -                   ; open           ; open             ; open   ; 0 in             ; 0 H/in                 ; 0 F/in                 ; short        ; open          ; open            ; open  ; 0 V                 ; -                  ; n/a           ; n/a             ; n/a         ;
; GPIO[13]     ; 3.3-V LVTTL  ; 0 in              ; 0 H/in                  ; 0 F/in                  ; short         ; -                   ; open           ; open             ; open   ; 0 in             ; 0 H/in                 ; 0 F/in                 ; short        ; open          ; open            ; open  ; 0 V                 ; -                  ; n/a           ; n/a             ; n/a         ;
; GPIO[14]     ; 3.3-V LVTTL  ; 0 in              ; 0 H/in                  ; 0 F/in                  ; short         ; -                   ; open           ; open             ; open   ; 0 in             ; 0 H/in                 ; 0 F/in                 ; short        ; open          ; open            ; open  ; 0 V                 ; -                  ; n/a           ; n/a             ; n/a         ;
; GPIO[15]     ; 3.3-V LVTTL  ; 0 in              ; 0 H/in                  ; 0 F/in                  ; short         ; -                   ; open           ; open             ; open   ; 0 in             ; 0 H/in                 ; 0 F/in                 ; short        ; open          ; open            ; open  ; 0 V                 ; -                  ; n/a           ; n/a             ; n/a         ;
; GPIO[16]     ; 3.3-V LVTTL  ; 0 in              ; 0 H/in                  ; 0 F/in                  ; short         ; -                   ; open           ; open             ; open   ; 0 in             ; 0 H/in                 ; 0 F/in                 ; short        ; open          ; open            ; open  ; 0 V                 ; -                  ; n/a           ; n/a             ; n/a         ;
; GPIO[17]     ; 3.3-V LVTTL  ; 0 in              ; 0 H/in                  ; 0 F/in                  ; short         ; -                   ; open           ; open             ; open   ; 0 in             ; 0 H/in                 ; 0 F/in                 ; short        ; open          ; open            ; open  ; 0 V                 ; -                  ; n/a           ; n/a             ; n/a         ;
; GPIO[18]     ; 3.3-V LVTTL  ; 0 in              ; 0 H/in                  ; 0 F/in                  ; short         ; -                   ; open           ; open             ; open   ; 0 in             ; 0 H/in                 ; 0 F/in                 ; short        ; open          ; open            ; open  ; 0 V                 ; -                  ; n/a           ; n/a             ; n/a         ;
; GPIO[19]     ; 3.3-V LVTTL  ; 0 in              ; 0 H/in                  ; 0 F/in                  ; short         ; -                   ; open           ; open             ; open   ; 0 in             ; 0 H/in                 ; 0 F/in                 ; short        ; open          ; open            ; open  ; 0 V                 ; -                  ; n/a           ; n/a             ; n/a         ;
; GPIO[20]     ; 3.3-V LVTTL  ; 0 in              ; 0 H/in                  ; 0 F/in                  ; short         ; -                   ; open           ; open             ; open   ; 0 in             ; 0 H/in                 ; 0 F/in                 ; short        ; open          ; open            ; open  ; 0 V                 ; -                  ; n/a           ; n/a             ; n/a         ;
; GPIO[21]     ; 3.3-V LVTTL  ; 0 in              ; 0 H/in                  ; 0 F/in                  ; short         ; -                   ; open           ; open             ; open   ; 0 in             ; 0 H/in                 ; 0 F/in                 ; short        ; open          ; open            ; open  ; 0 V                 ; -                  ; n/a           ; n/a             ; n/a         ;
; GPIO[22]     ; 3.3-V LVTTL  ; 0 in              ; 0 H/in                  ; 0 F/in                  ; short         ; -                   ; open           ; open             ; open   ; 0 in             ; 0 H/in                 ; 0 F/in                 ; short        ; open          ; open            ; open  ; 0 V                 ; -                  ; n/a           ; n/a             ; n/a         ;
; GPIO[23]     ; 3.3-V LVTTL  ; 0 in              ; 0 H/in                  ; 0 F/in                  ; short         ; -                   ; open           ; open             ; open   ; 0 in             ; 0 H/in                 ; 0 F/in                 ; short        ; open          ; open            ; open  ; 0 V                 ; -                  ; n/a           ; n/a             ; n/a         ;
; GPIO[24]     ; 3.3-V LVTTL  ; 0 in              ; 0 H/in                  ; 0 F/in                  ; short         ; -                   ; open           ; open             ; open   ; 0 in             ; 0 H/in                 ; 0 F/in                 ; short        ; open          ; open            ; open  ; 0 V                 ; -                  ; n/a           ; n/a             ; n/a         ;
; GPIO[25]     ; 3.3-V LVTTL  ; 0 in              ; 0 H/in                  ; 0 F/in                  ; short         ; -                   ; open           ; open             ; open   ; 0 in             ; 0 H/in                 ; 0 F/in                 ; short        ; open          ; open            ; open  ; 0 V                 ; -                  ; n/a           ; n/a             ; n/a         ;
; GPIO[26]     ; 3.3-V LVTTL  ; 0 in              ; 0 H/in                  ; 0 F/in                  ; short         ; -                   ; open           ; open             ; open   ; 0 in             ; 0 H/in                 ; 0 F/in                 ; short        ; open          ; open            ; open  ; 0 V                 ; -                  ; n/a           ; n/a             ; n/a         ;
; GPIO[27]     ; 3.3-V LVTTL  ; 0 in              ; 0 H/in                  ; 0 F/in                  ; short         ; -                   ; open           ; open             ; open   ; 0 in             ; 0 H/in                 ; 0 F/in                 ; short        ; open          ; open            ; open  ; 0 V                 ; -                  ; n/a           ; n/a             ; n/a         ;
; GPIO[28]     ; 3.3-V LVTTL  ; 0 in              ; 0 H/in                  ; 0 F/in                  ; short         ; -                   ; open           ; open             ; open   ; 0 in             ; 0 H/in                 ; 0 F/in                 ; short        ; open          ; open            ; open  ; 0 V                 ; -                  ; n/a           ; n/a             ; n/a         ;
; GPIO[29]     ; 3.3-V LVTTL  ; 0 in              ; 0 H/in                  ; 0 F/in                  ; short         ; -                   ; open           ; open             ; open   ; 0 in             ; 0 H/in                 ; 0 F/in                 ; short        ; open          ; open            ; open  ; 0 V                 ; -                  ; n/a           ; n/a             ; n/a         ;
; GPIO[30]     ; 3.3-V LVTTL  ; 0 in              ; 0 H/in                  ; 0 F/in                  ; short         ; -                   ; open           ; open             ; open   ; 0 in             ; 0 H/in                 ; 0 F/in                 ; short        ; open          ; open            ; open  ; 0 V                 ; -                  ; n/a           ; n/a             ; n/a         ;
; GPIO[31]     ; 3.3-V LVTTL  ; 0 in              ; 0 H/in                  ; 0 F/in                  ; short         ; -                   ; open           ; open             ; open   ; 0 in             ; 0 H/in                 ; 0 F/in                 ; short        ; open          ; open            ; open  ; 0 V                 ; -                  ; n/a           ; n/a             ; n/a         ;
; GPIO[32]     ; 3.3-V LVTTL  ; 0 in              ; 0 H/in                  ; 0 F/in                  ; short         ; -                   ; open           ; open             ; open   ; 0 in             ; 0 H/in                 ; 0 F/in                 ; short        ; open          ; open            ; open  ; 0 V                 ; -                  ; n/a           ; n/a             ; n/a         ;
; GPIO[33]     ; 3.3-V LVTTL  ; 0 in              ; 0 H/in                  ; 0 F/in                  ; short         ; -                   ; open           ; open             ; open   ; 0 in             ; 0 H/in                 ; 0 F/in                 ; short        ; open          ; open            ; open  ; 0 V                 ; -                  ; n/a           ; n/a             ; n/a         ;
; GPIO[34]     ; 3.3-V LVTTL  ; 0 in              ; 0 H/in                  ; 0 F/in                  ; short         ; -                   ; open           ; open             ; open   ; 0 in             ; 0 H/in                 ; 0 F/in                 ; short        ; open          ; open            ; open  ; 0 V                 ; -                  ; n/a           ; n/a             ; n/a         ;
; GPIO[35]     ; 3.3-V LVTTL  ; 0 in              ; 0 H/in                  ; 0 F/in                  ; short         ; -                   ; open           ; open             ; open   ; 0 in             ; 0 H/in                 ; 0 F/in                 ; short        ; open          ; open            ; open  ; 0 V                 ; -                  ; n/a           ; n/a             ; n/a         ;
; GPIO[0]      ; 3.3-V LVTTL  ; 0 in              ; 0 H/in                  ; 0 F/in                  ; short         ; -                   ; open           ; open             ; open   ; 0 in             ; 0 H/in                 ; 0 F/in                 ; short        ; open          ; open            ; open  ; 0 V                 ; -                  ; n/a           ; n/a             ; n/a         ;
; GPIO[1]      ; 3.3-V LVTTL  ; 0 in              ; 0 H/in                  ; 0 F/in                  ; short         ; -                   ; open           ; open             ; open   ; 0 in             ; 0 H/in                 ; 0 F/in                 ; short        ; open          ; open            ; open  ; 0 V                 ; -                  ; n/a           ; n/a             ; n/a         ;
; ~ALTERA_TDO~ ; 2.5 V        ; 0 in              ; 0 H/in                  ; 0 F/in                  ; short         ; -                   ; open           ; open             ; open   ; 0 in             ; 0 H/in                 ; 0 F/in                 ; short        ; open          ; open            ; open  ; 0 V                 ; -                  ; n/a           ; n/a             ; n/a         ;
+--------------+--------------+-------------------+-------------------------+-------------------------+---------------+---------------------+----------------+------------------+--------+------------------+------------------------+------------------------+--------------+---------------+-----------------+-------+---------------------+--------------------+---------------+-----------------+-------------+


+---------------------------------------------------------------------------------+
; Input Transition Times                                                          ;
+---------------------+-----------------------+-----------------+-----------------+
; Pin                 ; I/O Standard          ; 10-90 Rise Time ; 90-10 Fall Time ;
+---------------------+-----------------------+-----------------+-----------------+
; KEY[1]              ; 3.3 V Schmitt Trigger ; 2640 ps         ; 2640 ps         ;
; ADC_CLK_10          ; 3.3-V LVTTL           ; 2640 ps         ; 2640 ps         ;
; MAX10_CLK2_50       ; 3.3-V LVTTL           ; 2640 ps         ; 2640 ps         ;
; GPIO[2]             ; 3.3-V LVTTL           ; 2640 ps         ; 2640 ps         ;
; GPIO[3]             ; 3.3-V LVTTL           ; 2640 ps         ; 2640 ps         ;
; GPIO[4]             ; 3.3-V LVTTL           ; 2640 ps         ; 2640 ps         ;
; GPIO[5]             ; 3.3-V LVTTL           ; 2640 ps         ; 2640 ps         ;
; GPIO[6]             ; 3.3-V LVTTL           ; 2640 ps         ; 2640 ps         ;
; GPIO[7]             ; 3.3-V LVTTL           ; 2640 ps         ; 2640 ps         ;
; GPIO[8]             ; 3.3-V LVTTL           ; 2640 ps         ; 2640 ps         ;
; GPIO[9]             ; 3.3-V LVTTL           ; 2640 ps         ; 2640 ps         ;
; GPIO[10]            ; 3.3-V LVTTL           ; 2640 ps         ; 2640 ps         ;
; GPIO[11]            ; 3.3-V LVTTL           ; 2640 ps         ; 2640 ps         ;
; GPIO[12]            ; 3.3-V LVTTL           ; 2640 ps         ; 2640 ps         ;
; GPIO[13]            ; 3.3-V LVTTL           ; 2640 ps         ; 2640 ps         ;
; GPIO[14]            ; 3.3-V LVTTL           ; 2640 ps         ; 2640 ps         ;
; GPIO[15]            ; 3.3-V LVTTL           ; 2640 ps         ; 2640 ps         ;
; GPIO[16]            ; 3.3-V LVTTL           ; 2640 ps         ; 2640 ps         ;
; GPIO[17]            ; 3.3-V LVTTL           ; 2640 ps         ; 2640 ps         ;
; GPIO[18]            ; 3.3-V LVTTL           ; 2640 ps         ; 2640 ps         ;
; GPIO[19]            ; 3.3-V LVTTL           ; 2640 ps         ; 2640 ps         ;
; GPIO[20]            ; 3.3-V LVTTL           ; 2640 ps         ; 2640 ps         ;
; GPIO[21]            ; 3.3-V LVTTL           ; 2640 ps         ; 2640 ps         ;
; GPIO[22]            ; 3.3-V LVTTL           ; 2640 ps         ; 2640 ps         ;
; GPIO[23]            ; 3.3-V LVTTL           ; 2640 ps         ; 2640 ps         ;
; GPIO[24]            ; 3.3-V LVTTL           ; 2640 ps         ; 2640 ps         ;
; GPIO[25]            ; 3.3-V LVTTL           ; 2640 ps         ; 2640 ps         ;
; GPIO[26]            ; 3.3-V LVTTL           ; 2640 ps         ; 2640 ps         ;
; GPIO[27]            ; 3.3-V LVTTL           ; 2640 ps         ; 2640 ps         ;
; GPIO[28]            ; 3.3-V LVTTL           ; 2640 ps         ; 2640 ps         ;
; GPIO[29]            ; 3.3-V LVTTL           ; 2640 ps         ; 2640 ps         ;
; GPIO[30]            ; 3.3-V LVTTL           ; 2640 ps         ; 2640 ps         ;
; GPIO[31]            ; 3.3-V LVTTL           ; 2640 ps         ; 2640 ps         ;
; GPIO[32]            ; 3.3-V LVTTL           ; 2640 ps         ; 2640 ps         ;
; GPIO[33]            ; 3.3-V LVTTL           ; 2640 ps         ; 2640 ps         ;
; GPIO[34]            ; 3.3-V LVTTL           ; 2640 ps         ; 2640 ps         ;
; GPIO[35]            ; 3.3-V LVTTL           ; 2640 ps         ; 2640 ps         ;
; GPIO[0]             ; 3.3-V LVTTL           ; 2640 ps         ; 2640 ps         ;
; GPIO[1]             ; 3.3-V LVTTL           ; 2640 ps         ; 2640 ps         ;
; MAX10_CLK1_50       ; 3.3-V LVTTL           ; 2640 ps         ; 2640 ps         ;
; KEY[0]              ; 3.3 V Schmitt Trigger ; 2640 ps         ; 2640 ps         ;
; ~ALTERA_TMS~        ; 2.5 V Schmitt Trigger ; 2000 ps         ; 2000 ps         ;
; ~ALTERA_TCK~        ; 2.5 V Schmitt Trigger ; 2000 ps         ; 2000 ps         ;
; ~ALTERA_TDI~        ; 2.5 V Schmitt Trigger ; 2000 ps         ; 2000 ps         ;
; ~ALTERA_CONFIG_SEL~ ; 2.5 V                 ; 2000 ps         ; 2000 ps         ;
; ~ALTERA_nCONFIG~    ; 2.5 V Schmitt Trigger ; 2000 ps         ; 2000 ps         ;
; ~ALTERA_nSTATUS~    ; 2.5 V Schmitt Trigger ; 2000 ps         ; 2000 ps         ;
; ~ALTERA_CONF_DONE~  ; 2.5 V Schmitt Trigger ; 2000 ps         ; 2000 ps         ;
+---------------------+-----------------------+-----------------+-----------------+


+-------------------------------------------------------------------------------------------------------------------------------------------------------------------------------------------------------------------------------------------------------------------------------------------------------------------------------------------------------------------------------------------------------------------------------------------------------------------------------------------------------------------------------------------------------------------------------------------------------------------------------------------------------------------------------------------+
; Signal Integrity Metrics (Slow 1200mv 0c Model)                                                                                                                                                                                                                                                                                                                                                                                                                                                                                                                                                                                                                                           ;
+--------------+--------------+---------------------+---------------------+------------------------------+------------------------------+---------------------+---------------------+--------------------------------------+--------------------------------------+-----------------------------+-----------------------------+----------------------------+----------------------------+-----------------------------+-----------------------------+--------------------+--------------------+-------------------------------------+-------------------------------------+----------------------------+----------------------------+---------------------------+---------------------------+
; Pin          ; I/O Standard ; Board Delay on Rise ; Board Delay on Fall ; Steady State Voh at FPGA Pin ; Steady State Vol at FPGA Pin ; Voh Max at FPGA Pin ; Vol Min at FPGA Pin ; Ringback Voltage on Rise at FPGA Pin ; Ringback Voltage on Fall at FPGA Pin ; 10-90 Rise Time at FPGA Pin ; 90-10 Fall Time at FPGA Pin ; Monotonic Rise at FPGA Pin ; Monotonic Fall at FPGA Pin ; Steady State Voh at Far-end ; Steady State Vol at Far-end ; Voh Max at Far-end ; Vol Min at Far-end ; Ringback Voltage on Rise at Far-end ; Ringback Voltage on Fall at Far-end ; 10-90 Rise Time at Far-end ; 90-10 Fall Time at Far-end ; Monotonic Rise at Far-end ; Monotonic Fall at Far-end ;
+--------------+--------------+---------------------+---------------------+------------------------------+------------------------------+---------------------+---------------------+--------------------------------------+--------------------------------------+-----------------------------+-----------------------------+----------------------------+----------------------------+-----------------------------+-----------------------------+--------------------+--------------------+-------------------------------------+-------------------------------------+----------------------------+----------------------------+---------------------------+---------------------------+
; HEX0[0]      ; 3.3-V LVTTL  ; 0 s                 ; 0 s                 ; 3.08 V                       ; 3.73e-08 V                   ; 3.2 V               ; -0.127 V            ; 0.219 V                              ; 0.346 V                              ; 4.45e-10 s                  ; 4.51e-10 s                  ; No                         ; No                         ; 3.08 V                      ; 3.73e-08 V                  ; 3.2 V              ; -0.127 V           ; 0.219 V                             ; 0.346 V                             ; 4.45e-10 s                 ; 4.51e-10 s                 ; No                        ; No                        ;
; HEX0[1]      ; 3.3-V LVTTL  ; 0 s                 ; 0 s                 ; 3.08 V                       ; 3.73e-08 V                   ; 3.2 V               ; -0.128 V            ; 0.219 V                              ; 0.346 V                              ; 4.45e-10 s                  ; 4.51e-10 s                  ; No                         ; No                         ; 3.08 V                      ; 3.73e-08 V                  ; 3.2 V              ; -0.128 V           ; 0.219 V                             ; 0.346 V                             ; 4.45e-10 s                 ; 4.51e-10 s                 ; No                        ; No                        ;
; HEX0[2]      ; 3.3-V LVTTL  ; 0 s                 ; 0 s                 ; 3.08 V                       ; 3.73e-08 V                   ; 3.2 V               ; -0.128 V            ; 0.219 V                              ; 0.346 V                              ; 4.45e-10 s                  ; 4.51e-10 s                  ; No                         ; No                         ; 3.08 V                      ; 3.73e-08 V                  ; 3.2 V              ; -0.128 V           ; 0.219 V                             ; 0.346 V                             ; 4.45e-10 s                 ; 4.51e-10 s                 ; No                        ; No                        ;
; HEX0[3]      ; 3.3-V LVTTL  ; 0 s                 ; 0 s                 ; 3.08 V                       ; 3.73e-08 V                   ; 3.2 V               ; -0.127 V            ; 0.219 V                              ; 0.346 V                              ; 4.45e-10 s                  ; 4.51e-10 s                  ; No                         ; No                         ; 3.08 V                      ; 3.73e-08 V                  ; 3.2 V              ; -0.127 V           ; 0.219 V                             ; 0.346 V                             ; 4.45e-10 s                 ; 4.51e-10 s                 ; No                        ; No                        ;
; HEX0[4]      ; 3.3-V LVTTL  ; 0 s                 ; 0 s                 ; 3.08 V                       ; 3.73e-08 V                   ; 3.2 V               ; -0.127 V            ; 0.219 V                              ; 0.346 V                              ; 4.45e-10 s                  ; 4.51e-10 s                  ; No                         ; No                         ; 3.08 V                      ; 3.73e-08 V                  ; 3.2 V              ; -0.127 V           ; 0.219 V                             ; 0.346 V                             ; 4.45e-10 s                 ; 4.51e-10 s                 ; No                        ; No                        ;
; HEX0[5]      ; 3.3-V LVTTL  ; 0 s                 ; 0 s                 ; 3.08 V                       ; 3.73e-08 V                   ; 3.2 V               ; -0.127 V            ; 0.219 V                              ; 0.346 V                              ; 4.45e-10 s                  ; 4.51e-10 s                  ; No                         ; No                         ; 3.08 V                      ; 3.73e-08 V                  ; 3.2 V              ; -0.127 V           ; 0.219 V                             ; 0.346 V                             ; 4.45e-10 s                 ; 4.51e-10 s                 ; No                        ; No                        ;
; HEX0[6]      ; 3.3-V LVTTL  ; 0 s                 ; 0 s                 ; 3.08 V                       ; 3.73e-08 V                   ; 3.2 V               ; -0.128 V            ; 0.219 V                              ; 0.346 V                              ; 4.45e-10 s                  ; 4.51e-10 s                  ; No                         ; No                         ; 3.08 V                      ; 3.73e-08 V                  ; 3.2 V              ; -0.128 V           ; 0.219 V                             ; 0.346 V                             ; 4.45e-10 s                 ; 4.51e-10 s                 ; No                        ; No                        ;
; HEX0[7]      ; 3.3-V LVTTL  ; 0 s                 ; 0 s                 ; 3.08 V                       ; 3.73e-08 V                   ; 3.2 V               ; -0.127 V            ; 0.219 V                              ; 0.346 V                              ; 4.45e-10 s                  ; 4.51e-10 s                  ; No                         ; No                         ; 3.08 V                      ; 3.73e-08 V                  ; 3.2 V              ; -0.127 V           ; 0.219 V                             ; 0.346 V                             ; 4.45e-10 s                 ; 4.51e-10 s                 ; No                        ; No                        ;
; HEX1[0]      ; 3.3-V LVTTL  ; 0 s                 ; 0 s                 ; 3.08 V                       ; 3.73e-08 V                   ; 3.2 V               ; -0.127 V            ; 0.219 V                              ; 0.346 V                              ; 4.45e-10 s                  ; 4.51e-10 s                  ; No                         ; No                         ; 3.08 V                      ; 3.73e-08 V                  ; 3.2 V              ; -0.127 V           ; 0.219 V                             ; 0.346 V                             ; 4.45e-10 s                 ; 4.51e-10 s                 ; No                        ; No                        ;
; HEX1[1]      ; 3.3-V LVTTL  ; 0 s                 ; 0 s                 ; 3.08 V                       ; 3.73e-08 V                   ; 3.2 V               ; -0.127 V            ; 0.219 V                              ; 0.346 V                              ; 4.45e-10 s                  ; 4.51e-10 s                  ; No                         ; No                         ; 3.08 V                      ; 3.73e-08 V                  ; 3.2 V              ; -0.127 V           ; 0.219 V                             ; 0.346 V                             ; 4.45e-10 s                 ; 4.51e-10 s                 ; No                        ; No                        ;
; HEX1[2]      ; 3.3-V LVTTL  ; 0 s                 ; 0 s                 ; 3.08 V                       ; 3.73e-08 V                   ; 3.2 V               ; -0.128 V            ; 0.219 V                              ; 0.346 V                              ; 4.45e-10 s                  ; 4.51e-10 s                  ; No                         ; No                         ; 3.08 V                      ; 3.73e-08 V                  ; 3.2 V              ; -0.128 V           ; 0.219 V                             ; 0.346 V                             ; 4.45e-10 s                 ; 4.51e-10 s                 ; No                        ; No                        ;
; HEX1[3]      ; 3.3-V LVTTL  ; 0 s                 ; 0 s                 ; 3.08 V                       ; 3.73e-08 V                   ; 3.2 V               ; -0.127 V            ; 0.219 V                              ; 0.346 V                              ; 4.45e-10 s                  ; 4.51e-10 s                  ; No                         ; No                         ; 3.08 V                      ; 3.73e-08 V                  ; 3.2 V              ; -0.127 V           ; 0.219 V                             ; 0.346 V                             ; 4.45e-10 s                 ; 4.51e-10 s                 ; No                        ; No                        ;
; HEX1[4]      ; 3.3-V LVTTL  ; 0 s                 ; 0 s                 ; 3.08 V                       ; 3.73e-08 V                   ; 3.2 V               ; -0.128 V            ; 0.219 V                              ; 0.346 V                              ; 4.45e-10 s                  ; 4.51e-10 s                  ; No                         ; No                         ; 3.08 V                      ; 3.73e-08 V                  ; 3.2 V              ; -0.128 V           ; 0.219 V                             ; 0.346 V                             ; 4.45e-10 s                 ; 4.51e-10 s                 ; No                        ; No                        ;
; HEX1[5]      ; 3.3-V LVTTL  ; 0 s                 ; 0 s                 ; 3.08 V                       ; 3.73e-08 V                   ; 3.2 V               ; -0.127 V            ; 0.219 V                              ; 0.346 V                              ; 4.45e-10 s                  ; 4.51e-10 s                  ; No                         ; No                         ; 3.08 V                      ; 3.73e-08 V                  ; 3.2 V              ; -0.127 V           ; 0.219 V                             ; 0.346 V                             ; 4.45e-10 s                 ; 4.51e-10 s                 ; No                        ; No                        ;
; HEX1[6]      ; 3.3-V LVTTL  ; 0 s                 ; 0 s                 ; 3.08 V                       ; 3.73e-08 V                   ; 3.2 V               ; -0.128 V            ; 0.219 V                              ; 0.346 V                              ; 4.45e-10 s                  ; 4.51e-10 s                  ; No                         ; No                         ; 3.08 V                      ; 3.73e-08 V                  ; 3.2 V              ; -0.128 V           ; 0.219 V                             ; 0.346 V                             ; 4.45e-10 s                 ; 4.51e-10 s                 ; No                        ; No                        ;
; HEX1[7]      ; 3.3-V LVTTL  ; 0 s                 ; 0 s                 ; 3.08 V                       ; 3.73e-08 V                   ; 3.2 V               ; -0.128 V            ; 0.219 V                              ; 0.346 V                              ; 4.45e-10 s                  ; 4.51e-10 s                  ; No                         ; No                         ; 3.08 V                      ; 3.73e-08 V                  ; 3.2 V              ; -0.128 V           ; 0.219 V                             ; 0.346 V                             ; 4.45e-10 s                 ; 4.51e-10 s                 ; No                        ; No                        ;
; HEX2[0]      ; 3.3-V LVTTL  ; 0 s                 ; 0 s                 ; 3.08 V                       ; 3.73e-08 V                   ; 3.2 V               ; -0.127 V            ; 0.219 V                              ; 0.346 V                              ; 4.45e-10 s                  ; 4.51e-10 s                  ; No                         ; No                         ; 3.08 V                      ; 3.73e-08 V                  ; 3.2 V              ; -0.127 V           ; 0.219 V                             ; 0.346 V                             ; 4.45e-10 s                 ; 4.51e-10 s                 ; No                        ; No                        ;
; HEX2[1]      ; 3.3-V LVTTL  ; 0 s                 ; 0 s                 ; 3.08 V                       ; 3.73e-08 V                   ; 3.2 V               ; -0.127 V            ; 0.219 V                              ; 0.346 V                              ; 4.45e-10 s                  ; 4.51e-10 s                  ; No                         ; No                         ; 3.08 V                      ; 3.73e-08 V                  ; 3.2 V              ; -0.127 V           ; 0.219 V                             ; 0.346 V                             ; 4.45e-10 s                 ; 4.51e-10 s                 ; No                        ; No                        ;
; HEX2[2]      ; 3.3-V LVTTL  ; 0 s                 ; 0 s                 ; 3.08 V                       ; 3.73e-08 V                   ; 3.2 V               ; -0.128 V            ; 0.219 V                              ; 0.346 V                              ; 4.45e-10 s                  ; 4.51e-10 s                  ; No                         ; No                         ; 3.08 V                      ; 3.73e-08 V                  ; 3.2 V              ; -0.128 V           ; 0.219 V                             ; 0.346 V                             ; 4.45e-10 s                 ; 4.51e-10 s                 ; No                        ; No                        ;
; HEX2[3]      ; 3.3-V LVTTL  ; 0 s                 ; 0 s                 ; 3.08 V                       ; 3.73e-08 V                   ; 3.2 V               ; -0.128 V            ; 0.219 V                              ; 0.346 V                              ; 4.45e-10 s                  ; 4.51e-10 s                  ; No                         ; No                         ; 3.08 V                      ; 3.73e-08 V                  ; 3.2 V              ; -0.128 V           ; 0.219 V                             ; 0.346 V                             ; 4.45e-10 s                 ; 4.51e-10 s                 ; No                        ; No                        ;
; HEX2[4]      ; 3.3-V LVTTL  ; 0 s                 ; 0 s                 ; 3.08 V                       ; 3.73e-08 V                   ; 3.2 V               ; -0.128 V            ; 0.219 V                              ; 0.346 V                              ; 4.45e-10 s                  ; 4.51e-10 s                  ; No                         ; No                         ; 3.08 V                      ; 3.73e-08 V                  ; 3.2 V              ; -0.128 V           ; 0.219 V                             ; 0.346 V                             ; 4.45e-10 s                 ; 4.51e-10 s                 ; No                        ; No                        ;
; HEX2[5]      ; 3.3-V LVTTL  ; 0 s                 ; 0 s                 ; 3.08 V                       ; 3.73e-08 V                   ; 3.2 V               ; -0.128 V            ; 0.219 V                              ; 0.346 V                              ; 4.45e-10 s                  ; 4.51e-10 s                  ; No                         ; No                         ; 3.08 V                      ; 3.73e-08 V                  ; 3.2 V              ; -0.128 V           ; 0.219 V                             ; 0.346 V                             ; 4.45e-10 s                 ; 4.51e-10 s                 ; No                        ; No                        ;
; HEX2[6]      ; 3.3-V LVTTL  ; 0 s                 ; 0 s                 ; 3.08 V                       ; 3.73e-08 V                   ; 3.2 V               ; -0.127 V            ; 0.219 V                              ; 0.346 V                              ; 4.45e-10 s                  ; 4.51e-10 s                  ; No                         ; No                         ; 3.08 V                      ; 3.73e-08 V                  ; 3.2 V              ; -0.127 V           ; 0.219 V                             ; 0.346 V                             ; 4.45e-10 s                 ; 4.51e-10 s                 ; No                        ; No                        ;
; HEX2[7]      ; 3.3-V LVTTL  ; 0 s                 ; 0 s                 ; 3.08 V                       ; 3.73e-08 V                   ; 3.2 V               ; -0.128 V            ; 0.219 V                              ; 0.346 V                              ; 4.45e-10 s                  ; 4.51e-10 s                  ; No                         ; No                         ; 3.08 V                      ; 3.73e-08 V                  ; 3.2 V              ; -0.128 V           ; 0.219 V                             ; 0.346 V                             ; 4.45e-10 s                 ; 4.51e-10 s                 ; No                        ; No                        ;
; HEX3[0]      ; 3.3-V LVTTL  ; 0 s                 ; 0 s                 ; 3.08 V                       ; 3.73e-08 V                   ; 3.2 V               ; -0.127 V            ; 0.219 V                              ; 0.346 V                              ; 4.45e-10 s                  ; 4.51e-10 s                  ; No                         ; No                         ; 3.08 V                      ; 3.73e-08 V                  ; 3.2 V              ; -0.127 V           ; 0.219 V                             ; 0.346 V                             ; 4.45e-10 s                 ; 4.51e-10 s                 ; No                        ; No                        ;
; HEX3[1]      ; 3.3-V LVTTL  ; 0 s                 ; 0 s                 ; 3.08 V                       ; 3.73e-08 V                   ; 3.2 V               ; -0.127 V            ; 0.219 V                              ; 0.346 V                              ; 4.45e-10 s                  ; 4.51e-10 s                  ; No                         ; No                         ; 3.08 V                      ; 3.73e-08 V                  ; 3.2 V              ; -0.127 V           ; 0.219 V                             ; 0.346 V                             ; 4.45e-10 s                 ; 4.51e-10 s                 ; No                        ; No                        ;
; HEX3[2]      ; 3.3-V LVTTL  ; 0 s                 ; 0 s                 ; 3.08 V                       ; 3.73e-08 V                   ; 3.2 V               ; -0.128 V            ; 0.219 V                              ; 0.346 V                              ; 4.45e-10 s                  ; 4.51e-10 s                  ; No                         ; No                         ; 3.08 V                      ; 3.73e-08 V                  ; 3.2 V              ; -0.128 V           ; 0.219 V                             ; 0.346 V                             ; 4.45e-10 s                 ; 4.51e-10 s                 ; No                        ; No                        ;
; HEX3[3]      ; 3.3-V LVTTL  ; 0 s                 ; 0 s                 ; 3.08 V                       ; 3.73e-08 V                   ; 3.2 V               ; -0.127 V            ; 0.219 V                              ; 0.346 V                              ; 4.45e-10 s                  ; 4.51e-10 s                  ; No                         ; No                         ; 3.08 V                      ; 3.73e-08 V                  ; 3.2 V              ; -0.127 V           ; 0.219 V                             ; 0.346 V                             ; 4.45e-10 s                 ; 4.51e-10 s                 ; No                        ; No                        ;
; HEX3[4]      ; 3.3-V LVTTL  ; 0 s                 ; 0 s                 ; 3.08 V                       ; 3.73e-08 V                   ; 3.2 V               ; -0.127 V            ; 0.219 V                              ; 0.346 V                              ; 4.45e-10 s                  ; 4.51e-10 s                  ; No                         ; No                         ; 3.08 V                      ; 3.73e-08 V                  ; 3.2 V              ; -0.127 V           ; 0.219 V                             ; 0.346 V                             ; 4.45e-10 s                 ; 4.51e-10 s                 ; No                        ; No                        ;
; HEX3[5]      ; 3.3-V LVTTL  ; 0 s                 ; 0 s                 ; 3.08 V                       ; 3.73e-08 V                   ; 3.2 V               ; -0.128 V            ; 0.219 V                              ; 0.346 V                              ; 4.45e-10 s                  ; 4.51e-10 s                  ; No                         ; No                         ; 3.08 V                      ; 3.73e-08 V                  ; 3.2 V              ; -0.128 V           ; 0.219 V                             ; 0.346 V                             ; 4.45e-10 s                 ; 4.51e-10 s                 ; No                        ; No                        ;
; HEX3[6]      ; 3.3-V LVTTL  ; 0 s                 ; 0 s                 ; 3.08 V                       ; 3.73e-08 V                   ; 3.2 V               ; -0.128 V            ; 0.219 V                              ; 0.346 V                              ; 4.45e-10 s                  ; 4.51e-10 s                  ; No                         ; No                         ; 3.08 V                      ; 3.73e-08 V                  ; 3.2 V              ; -0.128 V           ; 0.219 V                             ; 0.346 V                             ; 4.45e-10 s                 ; 4.51e-10 s                 ; No                        ; No                        ;
; HEX3[7]      ; 3.3-V LVTTL  ; 0 s                 ; 0 s                 ; 3.08 V                       ; 3.73e-08 V                   ; 3.2 V               ; -0.127 V            ; 0.219 V                              ; 0.346 V                              ; 4.45e-10 s                  ; 4.51e-10 s                  ; No                         ; No                         ; 3.08 V                      ; 3.73e-08 V                  ; 3.2 V              ; -0.127 V           ; 0.219 V                             ; 0.346 V                             ; 4.45e-10 s                 ; 4.51e-10 s                 ; No                        ; No                        ;
; HEX4[0]      ; 3.3-V LVTTL  ; 0 s                 ; 0 s                 ; 3.08 V                       ; 3.73e-08 V                   ; 3.2 V               ; -0.128 V            ; 0.219 V                              ; 0.346 V                              ; 4.45e-10 s                  ; 4.51e-10 s                  ; No                         ; No                         ; 3.08 V                      ; 3.73e-08 V                  ; 3.2 V              ; -0.128 V           ; 0.219 V                             ; 0.346 V                             ; 4.45e-10 s                 ; 4.51e-10 s                 ; No                        ; No                        ;
; HEX4[1]      ; 3.3-V LVTTL  ; 0 s                 ; 0 s                 ; 3.08 V                       ; 3.73e-08 V                   ; 3.2 V               ; -0.128 V            ; 0.219 V                              ; 0.346 V                              ; 4.45e-10 s                  ; 4.51e-10 s                  ; No                         ; No                         ; 3.08 V                      ; 3.73e-08 V                  ; 3.2 V              ; -0.128 V           ; 0.219 V                             ; 0.346 V                             ; 4.45e-10 s                 ; 4.51e-10 s                 ; No                        ; No                        ;
; HEX4[2]      ; 3.3-V LVTTL  ; 0 s                 ; 0 s                 ; 3.08 V                       ; 3.73e-08 V                   ; 3.2 V               ; -0.127 V            ; 0.219 V                              ; 0.346 V                              ; 4.45e-10 s                  ; 4.51e-10 s                  ; No                         ; No                         ; 3.08 V                      ; 3.73e-08 V                  ; 3.2 V              ; -0.127 V           ; 0.219 V                             ; 0.346 V                             ; 4.45e-10 s                 ; 4.51e-10 s                 ; No                        ; No                        ;
; HEX4[3]      ; 3.3-V LVTTL  ; 0 s                 ; 0 s                 ; 3.08 V                       ; 3.73e-08 V                   ; 3.2 V               ; -0.128 V            ; 0.219 V                              ; 0.346 V                              ; 4.45e-10 s                  ; 4.51e-10 s                  ; No                         ; No                         ; 3.08 V                      ; 3.73e-08 V                  ; 3.2 V              ; -0.128 V           ; 0.219 V                             ; 0.346 V                             ; 4.45e-10 s                 ; 4.51e-10 s                 ; No                        ; No                        ;
; HEX4[4]      ; 3.3-V LVTTL  ; 0 s                 ; 0 s                 ; 3.08 V                       ; 3.73e-08 V                   ; 3.2 V               ; -0.127 V            ; 0.219 V                              ; 0.346 V                              ; 4.45e-10 s                  ; 4.51e-10 s                  ; No                         ; No                         ; 3.08 V                      ; 3.73e-08 V                  ; 3.2 V              ; -0.127 V           ; 0.219 V                             ; 0.346 V                             ; 4.45e-10 s                 ; 4.51e-10 s                 ; No                        ; No                        ;
; HEX4[5]      ; 3.3-V LVTTL  ; 0 s                 ; 0 s                 ; 3.08 V                       ; 3.73e-08 V                   ; 3.2 V               ; -0.127 V            ; 0.219 V                              ; 0.346 V                              ; 4.45e-10 s                  ; 4.51e-10 s                  ; No                         ; No                         ; 3.08 V                      ; 3.73e-08 V                  ; 3.2 V              ; -0.127 V           ; 0.219 V                             ; 0.346 V                             ; 4.45e-10 s                 ; 4.51e-10 s                 ; No                        ; No                        ;
; HEX4[6]      ; 3.3-V LVTTL  ; 0 s                 ; 0 s                 ; 3.08 V                       ; 3.73e-08 V                   ; 3.2 V               ; -0.128 V            ; 0.219 V                              ; 0.346 V                              ; 4.45e-10 s                  ; 4.51e-10 s                  ; No                         ; No                         ; 3.08 V                      ; 3.73e-08 V                  ; 3.2 V              ; -0.128 V           ; 0.219 V                             ; 0.346 V                             ; 4.45e-10 s                 ; 4.51e-10 s                 ; No                        ; No                        ;
; HEX4[7]      ; 3.3-V LVTTL  ; 0 s                 ; 0 s                 ; 3.08 V                       ; 3.73e-08 V                   ; 3.2 V               ; -0.127 V            ; 0.219 V                              ; 0.346 V                              ; 4.45e-10 s                  ; 4.51e-10 s                  ; No                         ; No                         ; 3.08 V                      ; 3.73e-08 V                  ; 3.2 V              ; -0.127 V           ; 0.219 V                             ; 0.346 V                             ; 4.45e-10 s                 ; 4.51e-10 s                 ; No                        ; No                        ;
; HEX5[0]      ; 3.3-V LVTTL  ; 0 s                 ; 0 s                 ; 3.08 V                       ; 3.73e-08 V                   ; 3.2 V               ; -0.127 V            ; 0.219 V                              ; 0.346 V                              ; 4.45e-10 s                  ; 4.51e-10 s                  ; No                         ; No                         ; 3.08 V                      ; 3.73e-08 V                  ; 3.2 V              ; -0.127 V           ; 0.219 V                             ; 0.346 V                             ; 4.45e-10 s                 ; 4.51e-10 s                 ; No                        ; No                        ;
; HEX5[1]      ; 3.3-V LVTTL  ; 0 s                 ; 0 s                 ; 3.08 V                       ; 3.73e-08 V                   ; 3.2 V               ; -0.128 V            ; 0.219 V                              ; 0.346 V                              ; 4.45e-10 s                  ; 4.51e-10 s                  ; No                         ; No                         ; 3.08 V                      ; 3.73e-08 V                  ; 3.2 V              ; -0.128 V           ; 0.219 V                             ; 0.346 V                             ; 4.45e-10 s                 ; 4.51e-10 s                 ; No                        ; No                        ;
; HEX5[2]      ; 3.3-V LVTTL  ; 0 s                 ; 0 s                 ; 3.08 V                       ; 3.73e-08 V                   ; 3.2 V               ; -0.128 V            ; 0.219 V                              ; 0.346 V                              ; 4.45e-10 s                  ; 4.51e-10 s                  ; No                         ; No                         ; 3.08 V                      ; 3.73e-08 V                  ; 3.2 V              ; -0.128 V           ; 0.219 V                             ; 0.346 V                             ; 4.45e-10 s                 ; 4.51e-10 s                 ; No                        ; No                        ;
; HEX5[3]      ; 3.3-V LVTTL  ; 0 s                 ; 0 s                 ; 3.08 V                       ; 3.73e-08 V                   ; 3.2 V               ; -0.127 V            ; 0.219 V                              ; 0.346 V                              ; 4.45e-10 s                  ; 4.51e-10 s                  ; No                         ; No                         ; 3.08 V                      ; 3.73e-08 V                  ; 3.2 V              ; -0.127 V           ; 0.219 V                             ; 0.346 V                             ; 4.45e-10 s                 ; 4.51e-10 s                 ; No                        ; No                        ;
; HEX5[4]      ; 3.3-V LVTTL  ; 0 s                 ; 0 s                 ; 3.08 V                       ; 3.73e-08 V                   ; 3.2 V               ; -0.127 V            ; 0.219 V                              ; 0.346 V                              ; 4.45e-10 s                  ; 4.51e-10 s                  ; No                         ; No                         ; 3.08 V                      ; 3.73e-08 V                  ; 3.2 V              ; -0.127 V           ; 0.219 V                             ; 0.346 V                             ; 4.45e-10 s                 ; 4.51e-10 s                 ; No                        ; No                        ;
; HEX5[5]      ; 3.3-V LVTTL  ; 0 s                 ; 0 s                 ; 3.08 V                       ; 3.73e-08 V                   ; 3.2 V               ; -0.128 V            ; 0.219 V                              ; 0.346 V                              ; 4.45e-10 s                  ; 4.51e-10 s                  ; No                         ; No                         ; 3.08 V                      ; 3.73e-08 V                  ; 3.2 V              ; -0.128 V           ; 0.219 V                             ; 0.346 V                             ; 4.45e-10 s                 ; 4.51e-10 s                 ; No                        ; No                        ;
; HEX5[6]      ; 3.3-V LVTTL  ; 0 s                 ; 0 s                 ; 3.08 V                       ; 3.73e-08 V                   ; 3.2 V               ; -0.128 V            ; 0.219 V                              ; 0.346 V                              ; 4.45e-10 s                  ; 4.51e-10 s                  ; No                         ; No                         ; 3.08 V                      ; 3.73e-08 V                  ; 3.2 V              ; -0.128 V           ; 0.219 V                             ; 0.346 V                             ; 4.45e-10 s                 ; 4.51e-10 s                 ; No                        ; No                        ;
; HEX5[7]      ; 3.3-V LVTTL  ; 0 s                 ; 0 s                 ; 3.08 V                       ; 3.73e-08 V                   ; 3.2 V               ; -0.127 V            ; 0.219 V                              ; 0.346 V                              ; 4.45e-10 s                  ; 4.51e-10 s                  ; No                         ; No                         ; 3.08 V                      ; 3.73e-08 V                  ; 3.2 V              ; -0.127 V           ; 0.219 V                             ; 0.346 V                             ; 4.45e-10 s                 ; 4.51e-10 s                 ; No                        ; No                        ;
; GPIO[2]      ; 3.3-V LVTTL  ; 0 s                 ; 0 s                 ; 3.08 V                       ; 3.73e-08 V                   ; 3.2 V               ; -0.118 V            ; 0.262 V                              ; 0.424 V                              ; 4.61e-10 s                  ; 4.9e-10 s                   ; No                         ; No                         ; 3.08 V                      ; 3.73e-08 V                  ; 3.2 V              ; -0.118 V           ; 0.262 V                             ; 0.424 V                             ; 4.61e-10 s                 ; 4.9e-10 s                  ; No                        ; No                        ;
; GPIO[3]      ; 3.3-V LVTTL  ; 0 s                 ; 0 s                 ; 3.08 V                       ; 3.73e-08 V                   ; 3.2 V               ; -0.118 V            ; 0.262 V                              ; 0.424 V                              ; 4.61e-10 s                  ; 4.9e-10 s                   ; No                         ; No                         ; 3.08 V                      ; 3.73e-08 V                  ; 3.2 V              ; -0.118 V           ; 0.262 V                             ; 0.424 V                             ; 4.61e-10 s                 ; 4.9e-10 s                  ; No                        ; No                        ;
; GPIO[4]      ; 3.3-V LVTTL  ; 0 s                 ; 0 s                 ; 3.08 V                       ; 3.73e-08 V                   ; 3.2 V               ; -0.117 V            ; 0.262 V                              ; 0.424 V                              ; 4.61e-10 s                  ; 4.88e-10 s                  ; No                         ; No                         ; 3.08 V                      ; 3.73e-08 V                  ; 3.2 V              ; -0.117 V           ; 0.262 V                             ; 0.424 V                             ; 4.61e-10 s                 ; 4.88e-10 s                 ; No                        ; No                        ;
; GPIO[5]      ; 3.3-V LVTTL  ; 0 s                 ; 0 s                 ; 3.08 V                       ; 3.73e-08 V                   ; 3.2 V               ; -0.117 V            ; 0.262 V                              ; 0.424 V                              ; 4.61e-10 s                  ; 4.88e-10 s                  ; No                         ; No                         ; 3.08 V                      ; 3.73e-08 V                  ; 3.2 V              ; -0.117 V           ; 0.262 V                             ; 0.424 V                             ; 4.61e-10 s                 ; 4.88e-10 s                 ; No                        ; No                        ;
; GPIO[6]      ; 3.3-V LVTTL  ; 0 s                 ; 0 s                 ; 3.08 V                       ; 3.73e-08 V                   ; 3.2 V               ; -0.118 V            ; 0.262 V                              ; 0.424 V                              ; 4.61e-10 s                  ; 4.9e-10 s                   ; No                         ; No                         ; 3.08 V                      ; 3.73e-08 V                  ; 3.2 V              ; -0.118 V           ; 0.262 V                             ; 0.424 V                             ; 4.61e-10 s                 ; 4.9e-10 s                  ; No                        ; No                        ;
; GPIO[7]      ; 3.3-V LVTTL  ; 0 s                 ; 0 s                 ; 3.08 V                       ; 3.73e-08 V                   ; 3.2 V               ; -0.118 V            ; 0.262 V                              ; 0.424 V                              ; 4.61e-10 s                  ; 4.9e-10 s                   ; No                         ; No                         ; 3.08 V                      ; 3.73e-08 V                  ; 3.2 V              ; -0.118 V           ; 0.262 V                             ; 0.424 V                             ; 4.61e-10 s                 ; 4.9e-10 s                  ; No                        ; No                        ;
; GPIO[8]      ; 3.3-V LVTTL  ; 0 s                 ; 0 s                 ; 3.08 V                       ; 3.73e-08 V                   ; 3.2 V               ; -0.117 V            ; 0.262 V                              ; 0.424 V                              ; 4.61e-10 s                  ; 4.88e-10 s                  ; No                         ; No                         ; 3.08 V                      ; 3.73e-08 V                  ; 3.2 V              ; -0.117 V           ; 0.262 V                             ; 0.424 V                             ; 4.61e-10 s                 ; 4.88e-10 s                 ; No                        ; No                        ;
; GPIO[9]      ; 3.3-V LVTTL  ; 0 s                 ; 0 s                 ; 3.08 V                       ; 3.73e-08 V                   ; 3.2 V               ; -0.127 V            ; 0.219 V                              ; 0.346 V                              ; 4.45e-10 s                  ; 4.51e-10 s                  ; No                         ; No                         ; 3.08 V                      ; 3.73e-08 V                  ; 3.2 V              ; -0.127 V           ; 0.219 V                             ; 0.346 V                             ; 4.45e-10 s                 ; 4.51e-10 s                 ; No                        ; No                        ;
; GPIO[10]     ; 3.3-V LVTTL  ; 0 s                 ; 0 s                 ; 3.08 V                       ; 3.73e-08 V                   ; 3.2 V               ; -0.118 V            ; 0.262 V                              ; 0.424 V                              ; 4.61e-10 s                  ; 4.9e-10 s                   ; No                         ; No                         ; 3.08 V                      ; 3.73e-08 V                  ; 3.2 V              ; -0.118 V           ; 0.262 V                             ; 0.424 V                             ; 4.61e-10 s                 ; 4.9e-10 s                  ; No                        ; No                        ;
; GPIO[11]     ; 3.3-V LVTTL  ; 0 s                 ; 0 s                 ; 3.08 V                       ; 3.73e-08 V                   ; 3.2 V               ; -0.128 V            ; 0.219 V                              ; 0.346 V                              ; 4.45e-10 s                  ; 4.51e-10 s                  ; No                         ; No                         ; 3.08 V                      ; 3.73e-08 V                  ; 3.2 V              ; -0.128 V           ; 0.219 V                             ; 0.346 V                             ; 4.45e-10 s                 ; 4.51e-10 s                 ; No                        ; No                        ;
; GPIO[12]     ; 3.3-V LVTTL  ; 0 s                 ; 0 s                 ; 3.08 V                       ; 3.73e-08 V                   ; 3.2 V               ; -0.128 V            ; 0.219 V                              ; 0.346 V                              ; 4.45e-10 s                  ; 4.51e-10 s                  ; No                         ; No                         ; 3.08 V                      ; 3.73e-08 V                  ; 3.2 V              ; -0.128 V           ; 0.219 V                             ; 0.346 V                             ; 4.45e-10 s                 ; 4.51e-10 s                 ; No                        ; No                        ;
; GPIO[13]     ; 3.3-V LVTTL  ; 0 s                 ; 0 s                 ; 3.08 V                       ; 3.73e-08 V                   ; 3.2 V               ; -0.127 V            ; 0.219 V                              ; 0.346 V                              ; 4.45e-10 s                  ; 4.51e-10 s                  ; No                         ; No                         ; 3.08 V                      ; 3.73e-08 V                  ; 3.2 V              ; -0.127 V           ; 0.219 V                             ; 0.346 V                             ; 4.45e-10 s                 ; 4.51e-10 s                 ; No                        ; No                        ;
; GPIO[14]     ; 3.3-V LVTTL  ; 0 s                 ; 0 s                 ; 3.08 V                       ; 3.73e-08 V                   ; 3.2 V               ; -0.128 V            ; 0.219 V                              ; 0.346 V                              ; 4.45e-10 s                  ; 4.51e-10 s                  ; No                         ; No                         ; 3.08 V                      ; 3.73e-08 V                  ; 3.2 V              ; -0.128 V           ; 0.219 V                             ; 0.346 V                             ; 4.45e-10 s                 ; 4.51e-10 s                 ; No                        ; No                        ;
; GPIO[15]     ; 3.3-V LVTTL  ; 0 s                 ; 0 s                 ; 3.08 V                       ; 3.73e-08 V                   ; 3.2 V               ; -0.127 V            ; 0.219 V                              ; 0.346 V                              ; 4.45e-10 s                  ; 4.51e-10 s                  ; No                         ; No                         ; 3.08 V                      ; 3.73e-08 V                  ; 3.2 V              ; -0.127 V           ; 0.219 V                             ; 0.346 V                             ; 4.45e-10 s                 ; 4.51e-10 s                 ; No                        ; No                        ;
; GPIO[16]     ; 3.3-V LVTTL  ; 0 s                 ; 0 s                 ; 3.08 V                       ; 3.73e-08 V                   ; 3.2 V               ; -0.128 V            ; 0.219 V                              ; 0.346 V                              ; 4.45e-10 s                  ; 4.51e-10 s                  ; No                         ; No                         ; 3.08 V                      ; 3.73e-08 V                  ; 3.2 V              ; -0.128 V           ; 0.219 V                             ; 0.346 V                             ; 4.45e-10 s                 ; 4.51e-10 s                 ; No                        ; No                        ;
; GPIO[17]     ; 3.3-V LVTTL  ; 0 s                 ; 0 s                 ; 3.08 V                       ; 3.73e-08 V                   ; 3.2 V               ; -0.127 V            ; 0.219 V                              ; 0.346 V                              ; 4.45e-10 s                  ; 4.51e-10 s                  ; No                         ; No                         ; 3.08 V                      ; 3.73e-08 V                  ; 3.2 V              ; -0.127 V           ; 0.219 V                             ; 0.346 V                             ; 4.45e-10 s                 ; 4.51e-10 s                 ; No                        ; No                        ;
; GPIO[18]     ; 3.3-V LVTTL  ; 0 s                 ; 0 s                 ; 3.08 V                       ; 3.73e-08 V                   ; 3.2 V               ; -0.127 V            ; 0.219 V                              ; 0.346 V                              ; 4.45e-10 s                  ; 4.51e-10 s                  ; No                         ; No                         ; 3.08 V                      ; 3.73e-08 V                  ; 3.2 V              ; -0.127 V           ; 0.219 V                             ; 0.346 V                             ; 4.45e-10 s                 ; 4.51e-10 s                 ; No                        ; No                        ;
; GPIO[19]     ; 3.3-V LVTTL  ; 0 s                 ; 0 s                 ; 3.08 V                       ; 3.73e-08 V                   ; 3.2 V               ; -0.128 V            ; 0.219 V                              ; 0.346 V                              ; 4.45e-10 s                  ; 4.51e-10 s                  ; No                         ; No                         ; 3.08 V                      ; 3.73e-08 V                  ; 3.2 V              ; -0.128 V           ; 0.219 V                             ; 0.346 V                             ; 4.45e-10 s                 ; 4.51e-10 s                 ; No                        ; No                        ;
; GPIO[20]     ; 3.3-V LVTTL  ; 0 s                 ; 0 s                 ; 3.08 V                       ; 3.73e-08 V                   ; 3.2 V               ; -0.128 V            ; 0.219 V                              ; 0.346 V                              ; 4.45e-10 s                  ; 4.51e-10 s                  ; No                         ; No                         ; 3.08 V                      ; 3.73e-08 V                  ; 3.2 V              ; -0.128 V           ; 0.219 V                             ; 0.346 V                             ; 4.45e-10 s                 ; 4.51e-10 s                 ; No                        ; No                        ;
; GPIO[21]     ; 3.3-V LVTTL  ; 0 s                 ; 0 s                 ; 3.08 V                       ; 3.73e-08 V                   ; 3.2 V               ; -0.117 V            ; 0.262 V                              ; 0.424 V                              ; 4.61e-10 s                  ; 4.88e-10 s                  ; No                         ; No                         ; 3.08 V                      ; 3.73e-08 V                  ; 3.2 V              ; -0.117 V           ; 0.262 V                             ; 0.424 V                             ; 4.61e-10 s                 ; 4.88e-10 s                 ; No                        ; No                        ;
; GPIO[22]     ; 3.3-V LVTTL  ; 0 s                 ; 0 s                 ; 3.08 V                       ; 3.73e-08 V                   ; 3.2 V               ; -0.128 V            ; 0.219 V                              ; 0.346 V                              ; 4.45e-10 s                  ; 4.51e-10 s                  ; No                         ; No                         ; 3.08 V                      ; 3.73e-08 V                  ; 3.2 V              ; -0.128 V           ; 0.219 V                             ; 0.346 V                             ; 4.45e-10 s                 ; 4.51e-10 s                 ; No                        ; No                        ;
; GPIO[23]     ; 3.3-V LVTTL  ; 0 s                 ; 0 s                 ; 3.08 V                       ; 3.73e-08 V                   ; 3.2 V               ; -0.127 V            ; 0.219 V                              ; 0.346 V                              ; 4.45e-10 s                  ; 4.51e-10 s                  ; No                         ; No                         ; 3.08 V                      ; 3.73e-08 V                  ; 3.2 V              ; -0.127 V           ; 0.219 V                             ; 0.346 V                             ; 4.45e-10 s                 ; 4.51e-10 s                 ; No                        ; No                        ;
; GPIO[24]     ; 3.3-V LVTTL  ; 0 s                 ; 0 s                 ; 3.08 V                       ; 3.73e-08 V                   ; 3.2 V               ; -0.128 V            ; 0.219 V                              ; 0.346 V                              ; 4.45e-10 s                  ; 4.51e-10 s                  ; No                         ; No                         ; 3.08 V                      ; 3.73e-08 V                  ; 3.2 V              ; -0.128 V           ; 0.219 V                             ; 0.346 V                             ; 4.45e-10 s                 ; 4.51e-10 s                 ; No                        ; No                        ;
; GPIO[25]     ; 3.3-V LVTTL  ; 0 s                 ; 0 s                 ; 3.08 V                       ; 3.73e-08 V                   ; 3.2 V               ; -0.128 V            ; 0.219 V                              ; 0.346 V                              ; 4.45e-10 s                  ; 4.51e-10 s                  ; No                         ; No                         ; 3.08 V                      ; 3.73e-08 V                  ; 3.2 V              ; -0.128 V           ; 0.219 V                             ; 0.346 V                             ; 4.45e-10 s                 ; 4.51e-10 s                 ; No                        ; No                        ;
; GPIO[26]     ; 3.3-V LVTTL  ; 0 s                 ; 0 s                 ; 3.08 V                       ; 3.73e-08 V                   ; 3.2 V               ; -0.117 V            ; 0.262 V                              ; 0.424 V                              ; 4.61e-10 s                  ; 4.88e-10 s                  ; No                         ; No                         ; 3.08 V                      ; 3.73e-08 V                  ; 3.2 V              ; -0.117 V           ; 0.262 V                             ; 0.424 V                             ; 4.61e-10 s                 ; 4.88e-10 s                 ; No                        ; No                        ;
; GPIO[27]     ; 3.3-V LVTTL  ; 0 s                 ; 0 s                 ; 3.08 V                       ; 3.73e-08 V                   ; 3.2 V               ; -0.127 V            ; 0.219 V                              ; 0.346 V                              ; 4.45e-10 s                  ; 4.51e-10 s                  ; No                         ; No                         ; 3.08 V                      ; 3.73e-08 V                  ; 3.2 V              ; -0.127 V           ; 0.219 V                             ; 0.346 V                             ; 4.45e-10 s                 ; 4.51e-10 s                 ; No                        ; No                        ;
; GPIO[28]     ; 3.3-V LVTTL  ; 0 s                 ; 0 s                 ; 3.08 V                       ; 3.73e-08 V                   ; 3.2 V               ; -0.118 V            ; 0.262 V                              ; 0.424 V                              ; 4.61e-10 s                  ; 4.9e-10 s                   ; No                         ; No                         ; 3.08 V                      ; 3.73e-08 V                  ; 3.2 V              ; -0.118 V           ; 0.262 V                             ; 0.424 V                             ; 4.61e-10 s                 ; 4.9e-10 s                  ; No                        ; No                        ;
; GPIO[29]     ; 3.3-V LVTTL  ; 0 s                 ; 0 s                 ; 3.08 V                       ; 3.73e-08 V                   ; 3.2 V               ; -0.128 V            ; 0.219 V                              ; 0.346 V                              ; 4.45e-10 s                  ; 4.51e-10 s                  ; No                         ; No                         ; 3.08 V                      ; 3.73e-08 V                  ; 3.2 V              ; -0.128 V           ; 0.219 V                             ; 0.346 V                             ; 4.45e-10 s                 ; 4.51e-10 s                 ; No                        ; No                        ;
; GPIO[30]     ; 3.3-V LVTTL  ; 0 s                 ; 0 s                 ; 3.08 V                       ; 3.73e-08 V                   ; 3.2 V               ; -0.128 V            ; 0.219 V                              ; 0.346 V                              ; 4.45e-10 s                  ; 4.51e-10 s                  ; No                         ; No                         ; 3.08 V                      ; 3.73e-08 V                  ; 3.2 V              ; -0.128 V           ; 0.219 V                             ; 0.346 V                             ; 4.45e-10 s                 ; 4.51e-10 s                 ; No                        ; No                        ;
; GPIO[31]     ; 3.3-V LVTTL  ; 0 s                 ; 0 s                 ; 3.08 V                       ; 3.73e-08 V                   ; 3.2 V               ; -0.127 V            ; 0.219 V                              ; 0.346 V                              ; 4.45e-10 s                  ; 4.51e-10 s                  ; No                         ; No                         ; 3.08 V                      ; 3.73e-08 V                  ; 3.2 V              ; -0.127 V           ; 0.219 V                             ; 0.346 V                             ; 4.45e-10 s                 ; 4.51e-10 s                 ; No                        ; No                        ;
; GPIO[32]     ; 3.3-V LVTTL  ; 0 s                 ; 0 s                 ; 3.08 V                       ; 3.73e-08 V                   ; 3.2 V               ; -0.127 V            ; 0.219 V                              ; 0.346 V                              ; 4.45e-10 s                  ; 4.51e-10 s                  ; No                         ; No                         ; 3.08 V                      ; 3.73e-08 V                  ; 3.2 V              ; -0.127 V           ; 0.219 V                             ; 0.346 V                             ; 4.45e-10 s                 ; 4.51e-10 s                 ; No                        ; No                        ;
; GPIO[33]     ; 3.3-V LVTTL  ; 0 s                 ; 0 s                 ; 3.08 V                       ; 3.73e-08 V                   ; 3.2 V               ; -0.128 V            ; 0.219 V                              ; 0.346 V                              ; 4.45e-10 s                  ; 4.51e-10 s                  ; No                         ; No                         ; 3.08 V                      ; 3.73e-08 V                  ; 3.2 V              ; -0.128 V           ; 0.219 V                             ; 0.346 V                             ; 4.45e-10 s                 ; 4.51e-10 s                 ; No                        ; No                        ;
; GPIO[34]     ; 3.3-V LVTTL  ; 0 s                 ; 0 s                 ; 3.08 V                       ; 3.73e-08 V                   ; 3.2 V               ; -0.128 V            ; 0.219 V                              ; 0.346 V                              ; 4.45e-10 s                  ; 4.51e-10 s                  ; No                         ; No                         ; 3.08 V                      ; 3.73e-08 V                  ; 3.2 V              ; -0.128 V           ; 0.219 V                             ; 0.346 V                             ; 4.45e-10 s                 ; 4.51e-10 s                 ; No                        ; No                        ;
; GPIO[35]     ; 3.3-V LVTTL  ; 0 s                 ; 0 s                 ; 3.08 V                       ; 3.73e-08 V                   ; 3.2 V               ; -0.127 V            ; 0.219 V                              ; 0.346 V                              ; 4.45e-10 s                  ; 4.51e-10 s                  ; No                         ; No                         ; 3.08 V                      ; 3.73e-08 V                  ; 3.2 V              ; -0.127 V           ; 0.219 V                             ; 0.346 V                             ; 4.45e-10 s                 ; 4.51e-10 s                 ; No                        ; No                        ;
; GPIO[0]      ; 3.3-V LVTTL  ; 0 s                 ; 0 s                 ; 3.08 V                       ; 3.73e-08 V                   ; 3.2 V               ; -0.117 V            ; 0.262 V                              ; 0.424 V                              ; 4.61e-10 s                  ; 4.88e-10 s                  ; No                         ; No                         ; 3.08 V                      ; 3.73e-08 V                  ; 3.2 V              ; -0.117 V           ; 0.262 V                             ; 0.424 V                             ; 4.61e-10 s                 ; 4.88e-10 s                 ; No                        ; No                        ;
; GPIO[1]      ; 3.3-V LVTTL  ; 0 s                 ; 0 s                 ; 3.08 V                       ; 3.73e-08 V                   ; 3.2 V               ; -0.117 V            ; 0.262 V                              ; 0.424 V                              ; 4.61e-10 s                  ; 4.88e-10 s                  ; No                         ; No                         ; 3.08 V                      ; 3.73e-08 V                  ; 3.2 V              ; -0.117 V           ; 0.262 V                             ; 0.424 V                             ; 4.61e-10 s                 ; 4.88e-10 s                 ; No                        ; No                        ;
; ~ALTERA_TDO~ ; 2.5 V        ; 0 s                 ; 0 s                 ; 2.32 V                       ; 1.39e-08 V                   ; 2.39 V              ; -0.0409 V           ; 0.211 V                              ; 0.121 V                              ; 4.7e-10 s                   ; 5.93e-10 s                  ; No                         ; Yes                        ; 2.32 V                      ; 1.39e-08 V                  ; 2.39 V             ; -0.0409 V          ; 0.211 V                             ; 0.121 V                             ; 4.7e-10 s                  ; 5.93e-10 s                 ; No                        ; Yes                       ;
+--------------+--------------+---------------------+---------------------+------------------------------+------------------------------+---------------------+---------------------+--------------------------------------+--------------------------------------+-----------------------------+-----------------------------+----------------------------+----------------------------+-----------------------------+-----------------------------+--------------------+--------------------+-------------------------------------+-------------------------------------+----------------------------+----------------------------+---------------------------+---------------------------+


+-------------------------------------------------------------------------------------------------------------------------------------------------------------------------------------------------------------------------------------------------------------------------------------------------------------------------------------------------------------------------------------------------------------------------------------------------------------------------------------------------------------------------------------------------------------------------------------------------------------------------------------------------------------------------------------------+
; Signal Integrity Metrics (Slow 1200mv 85c Model)                                                                                                                                                                                                                                                                                                                                                                                                                                                                                                                                                                                                                                          ;
+--------------+--------------+---------------------+---------------------+------------------------------+------------------------------+---------------------+---------------------+--------------------------------------+--------------------------------------+-----------------------------+-----------------------------+----------------------------+----------------------------+-----------------------------+-----------------------------+--------------------+--------------------+-------------------------------------+-------------------------------------+----------------------------+----------------------------+---------------------------+---------------------------+
; Pin          ; I/O Standard ; Board Delay on Rise ; Board Delay on Fall ; Steady State Voh at FPGA Pin ; Steady State Vol at FPGA Pin ; Voh Max at FPGA Pin ; Vol Min at FPGA Pin ; Ringback Voltage on Rise at FPGA Pin ; Ringback Voltage on Fall at FPGA Pin ; 10-90 Rise Time at FPGA Pin ; 90-10 Fall Time at FPGA Pin ; Monotonic Rise at FPGA Pin ; Monotonic Fall at FPGA Pin ; Steady State Voh at Far-end ; Steady State Vol at Far-end ; Voh Max at Far-end ; Vol Min at Far-end ; Ringback Voltage on Rise at Far-end ; Ringback Voltage on Fall at Far-end ; 10-90 Rise Time at Far-end ; 90-10 Fall Time at Far-end ; Monotonic Rise at Far-end ; Monotonic Fall at Far-end ;
+--------------+--------------+---------------------+---------------------+------------------------------+------------------------------+---------------------+---------------------+--------------------------------------+--------------------------------------+-----------------------------+-----------------------------+----------------------------+----------------------------+-----------------------------+-----------------------------+--------------------+--------------------+-------------------------------------+-------------------------------------+----------------------------+----------------------------+---------------------------+---------------------------+
; HEX0[0]      ; 3.3-V LVTTL  ; 0 s                 ; 0 s                 ; 3.08 V                       ; 3.41e-06 V                   ; 3.16 V              ; -0.0688 V           ; 0.26 V                               ; 0.209 V                              ; 4.69e-10 s                  ; 6.21e-10 s                  ; No                         ; No                         ; 3.08 V                      ; 3.41e-06 V                  ; 3.16 V             ; -0.0688 V          ; 0.26 V                              ; 0.209 V                             ; 4.69e-10 s                 ; 6.21e-10 s                 ; No                        ; No                        ;
; HEX0[1]      ; 3.3-V LVTTL  ; 0 s                 ; 0 s                 ; 3.08 V                       ; 3.41e-06 V                   ; 3.16 V              ; -0.0694 V           ; 0.259 V                              ; 0.209 V                              ; 4.69e-10 s                  ; 6.21e-10 s                  ; No                         ; No                         ; 3.08 V                      ; 3.41e-06 V                  ; 3.16 V             ; -0.0694 V          ; 0.259 V                             ; 0.209 V                             ; 4.69e-10 s                 ; 6.21e-10 s                 ; No                        ; No                        ;
; HEX0[2]      ; 3.3-V LVTTL  ; 0 s                 ; 0 s                 ; 3.08 V                       ; 3.41e-06 V                   ; 3.16 V              ; -0.0694 V           ; 0.259 V                              ; 0.209 V                              ; 4.69e-10 s                  ; 6.21e-10 s                  ; No                         ; No                         ; 3.08 V                      ; 3.41e-06 V                  ; 3.16 V             ; -0.0694 V          ; 0.259 V                             ; 0.209 V                             ; 4.69e-10 s                 ; 6.21e-10 s                 ; No                        ; No                        ;
; HEX0[3]      ; 3.3-V LVTTL  ; 0 s                 ; 0 s                 ; 3.08 V                       ; 3.41e-06 V                   ; 3.16 V              ; -0.0688 V           ; 0.26 V                               ; 0.209 V                              ; 4.69e-10 s                  ; 6.21e-10 s                  ; No                         ; No                         ; 3.08 V                      ; 3.41e-06 V                  ; 3.16 V             ; -0.0688 V          ; 0.26 V                              ; 0.209 V                             ; 4.69e-10 s                 ; 6.21e-10 s                 ; No                        ; No                        ;
; HEX0[4]      ; 3.3-V LVTTL  ; 0 s                 ; 0 s                 ; 3.08 V                       ; 3.41e-06 V                   ; 3.16 V              ; -0.0688 V           ; 0.26 V                               ; 0.209 V                              ; 4.69e-10 s                  ; 6.21e-10 s                  ; No                         ; No                         ; 3.08 V                      ; 3.41e-06 V                  ; 3.16 V             ; -0.0688 V          ; 0.26 V                              ; 0.209 V                             ; 4.69e-10 s                 ; 6.21e-10 s                 ; No                        ; No                        ;
; HEX0[5]      ; 3.3-V LVTTL  ; 0 s                 ; 0 s                 ; 3.08 V                       ; 3.41e-06 V                   ; 3.16 V              ; -0.0688 V           ; 0.26 V                               ; 0.209 V                              ; 4.69e-10 s                  ; 6.21e-10 s                  ; No                         ; No                         ; 3.08 V                      ; 3.41e-06 V                  ; 3.16 V             ; -0.0688 V          ; 0.26 V                              ; 0.209 V                             ; 4.69e-10 s                 ; 6.21e-10 s                 ; No                        ; No                        ;
; HEX0[6]      ; 3.3-V LVTTL  ; 0 s                 ; 0 s                 ; 3.08 V                       ; 3.41e-06 V                   ; 3.16 V              ; -0.0694 V           ; 0.259 V                              ; 0.209 V                              ; 4.69e-10 s                  ; 6.21e-10 s                  ; No                         ; No                         ; 3.08 V                      ; 3.41e-06 V                  ; 3.16 V             ; -0.0694 V          ; 0.259 V                             ; 0.209 V                             ; 4.69e-10 s                 ; 6.21e-10 s                 ; No                        ; No                        ;
; HEX0[7]      ; 3.3-V LVTTL  ; 0 s                 ; 0 s                 ; 3.08 V                       ; 3.41e-06 V                   ; 3.16 V              ; -0.0688 V           ; 0.26 V                               ; 0.209 V                              ; 4.69e-10 s                  ; 6.21e-10 s                  ; No                         ; No                         ; 3.08 V                      ; 3.41e-06 V                  ; 3.16 V             ; -0.0688 V          ; 0.26 V                              ; 0.209 V                             ; 4.69e-10 s                 ; 6.21e-10 s                 ; No                        ; No                        ;
; HEX1[0]      ; 3.3-V LVTTL  ; 0 s                 ; 0 s                 ; 3.08 V                       ; 3.41e-06 V                   ; 3.16 V              ; -0.0688 V           ; 0.26 V                               ; 0.209 V                              ; 4.69e-10 s                  ; 6.21e-10 s                  ; No                         ; No                         ; 3.08 V                      ; 3.41e-06 V                  ; 3.16 V             ; -0.0688 V          ; 0.26 V                              ; 0.209 V                             ; 4.69e-10 s                 ; 6.21e-10 s                 ; No                        ; No                        ;
; HEX1[1]      ; 3.3-V LVTTL  ; 0 s                 ; 0 s                 ; 3.08 V                       ; 3.41e-06 V                   ; 3.16 V              ; -0.0688 V           ; 0.26 V                               ; 0.209 V                              ; 4.69e-10 s                  ; 6.21e-10 s                  ; No                         ; No                         ; 3.08 V                      ; 3.41e-06 V                  ; 3.16 V             ; -0.0688 V          ; 0.26 V                              ; 0.209 V                             ; 4.69e-10 s                 ; 6.21e-10 s                 ; No                        ; No                        ;
; HEX1[2]      ; 3.3-V LVTTL  ; 0 s                 ; 0 s                 ; 3.08 V                       ; 3.41e-06 V                   ; 3.16 V              ; -0.0694 V           ; 0.259 V                              ; 0.209 V                              ; 4.69e-10 s                  ; 6.21e-10 s                  ; No                         ; No                         ; 3.08 V                      ; 3.41e-06 V                  ; 3.16 V             ; -0.0694 V          ; 0.259 V                             ; 0.209 V                             ; 4.69e-10 s                 ; 6.21e-10 s                 ; No                        ; No                        ;
; HEX1[3]      ; 3.3-V LVTTL  ; 0 s                 ; 0 s                 ; 3.08 V                       ; 3.41e-06 V                   ; 3.16 V              ; -0.0688 V           ; 0.26 V                               ; 0.209 V                              ; 4.69e-10 s                  ; 6.21e-10 s                  ; No                         ; No                         ; 3.08 V                      ; 3.41e-06 V                  ; 3.16 V             ; -0.0688 V          ; 0.26 V                              ; 0.209 V                             ; 4.69e-10 s                 ; 6.21e-10 s                 ; No                        ; No                        ;
; HEX1[4]      ; 3.3-V LVTTL  ; 0 s                 ; 0 s                 ; 3.08 V                       ; 3.41e-06 V                   ; 3.16 V              ; -0.0694 V           ; 0.259 V                              ; 0.209 V                              ; 4.69e-10 s                  ; 6.21e-10 s                  ; No                         ; No                         ; 3.08 V                      ; 3.41e-06 V                  ; 3.16 V             ; -0.0694 V          ; 0.259 V                             ; 0.209 V                             ; 4.69e-10 s                 ; 6.21e-10 s                 ; No                        ; No                        ;
; HEX1[5]      ; 3.3-V LVTTL  ; 0 s                 ; 0 s                 ; 3.08 V                       ; 3.41e-06 V                   ; 3.16 V              ; -0.0688 V           ; 0.26 V                               ; 0.209 V                              ; 4.69e-10 s                  ; 6.21e-10 s                  ; No                         ; No                         ; 3.08 V                      ; 3.41e-06 V                  ; 3.16 V             ; -0.0688 V          ; 0.26 V                              ; 0.209 V                             ; 4.69e-10 s                 ; 6.21e-10 s                 ; No                        ; No                        ;
; HEX1[6]      ; 3.3-V LVTTL  ; 0 s                 ; 0 s                 ; 3.08 V                       ; 3.41e-06 V                   ; 3.16 V              ; -0.0694 V           ; 0.259 V                              ; 0.209 V                              ; 4.69e-10 s                  ; 6.21e-10 s                  ; No                         ; No                         ; 3.08 V                      ; 3.41e-06 V                  ; 3.16 V             ; -0.0694 V          ; 0.259 V                             ; 0.209 V                             ; 4.69e-10 s                 ; 6.21e-10 s                 ; No                        ; No                        ;
; HEX1[7]      ; 3.3-V LVTTL  ; 0 s                 ; 0 s                 ; 3.08 V                       ; 3.41e-06 V                   ; 3.16 V              ; -0.0694 V           ; 0.259 V                              ; 0.209 V                              ; 4.69e-10 s                  ; 6.21e-10 s                  ; No                         ; No                         ; 3.08 V                      ; 3.41e-06 V                  ; 3.16 V             ; -0.0694 V          ; 0.259 V                             ; 0.209 V                             ; 4.69e-10 s                 ; 6.21e-10 s                 ; No                        ; No                        ;
; HEX2[0]      ; 3.3-V LVTTL  ; 0 s                 ; 0 s                 ; 3.08 V                       ; 3.41e-06 V                   ; 3.16 V              ; -0.0688 V           ; 0.26 V                               ; 0.209 V                              ; 4.69e-10 s                  ; 6.21e-10 s                  ; No                         ; No                         ; 3.08 V                      ; 3.41e-06 V                  ; 3.16 V             ; -0.0688 V          ; 0.26 V                              ; 0.209 V                             ; 4.69e-10 s                 ; 6.21e-10 s                 ; No                        ; No                        ;
; HEX2[1]      ; 3.3-V LVTTL  ; 0 s                 ; 0 s                 ; 3.08 V                       ; 3.41e-06 V                   ; 3.16 V              ; -0.0688 V           ; 0.26 V                               ; 0.209 V                              ; 4.69e-10 s                  ; 6.21e-10 s                  ; No                         ; No                         ; 3.08 V                      ; 3.41e-06 V                  ; 3.16 V             ; -0.0688 V          ; 0.26 V                              ; 0.209 V                             ; 4.69e-10 s                 ; 6.21e-10 s                 ; No                        ; No                        ;
; HEX2[2]      ; 3.3-V LVTTL  ; 0 s                 ; 0 s                 ; 3.08 V                       ; 3.41e-06 V                   ; 3.16 V              ; -0.0694 V           ; 0.259 V                              ; 0.209 V                              ; 4.69e-10 s                  ; 6.21e-10 s                  ; No                         ; No                         ; 3.08 V                      ; 3.41e-06 V                  ; 3.16 V             ; -0.0694 V          ; 0.259 V                             ; 0.209 V                             ; 4.69e-10 s                 ; 6.21e-10 s                 ; No                        ; No                        ;
; HEX2[3]      ; 3.3-V LVTTL  ; 0 s                 ; 0 s                 ; 3.08 V                       ; 3.41e-06 V                   ; 3.16 V              ; -0.0694 V           ; 0.259 V                              ; 0.209 V                              ; 4.69e-10 s                  ; 6.21e-10 s                  ; No                         ; No                         ; 3.08 V                      ; 3.41e-06 V                  ; 3.16 V             ; -0.0694 V          ; 0.259 V                             ; 0.209 V                             ; 4.69e-10 s                 ; 6.21e-10 s                 ; No                        ; No                        ;
; HEX2[4]      ; 3.3-V LVTTL  ; 0 s                 ; 0 s                 ; 3.08 V                       ; 3.41e-06 V                   ; 3.16 V              ; -0.0694 V           ; 0.259 V                              ; 0.209 V                              ; 4.69e-10 s                  ; 6.21e-10 s                  ; No                         ; No                         ; 3.08 V                      ; 3.41e-06 V                  ; 3.16 V             ; -0.0694 V          ; 0.259 V                             ; 0.209 V                             ; 4.69e-10 s                 ; 6.21e-10 s                 ; No                        ; No                        ;
; HEX2[5]      ; 3.3-V LVTTL  ; 0 s                 ; 0 s                 ; 3.08 V                       ; 3.41e-06 V                   ; 3.16 V              ; -0.0694 V           ; 0.259 V                              ; 0.209 V                              ; 4.69e-10 s                  ; 6.21e-10 s                  ; No                         ; No                         ; 3.08 V                      ; 3.41e-06 V                  ; 3.16 V             ; -0.0694 V          ; 0.259 V                             ; 0.209 V                             ; 4.69e-10 s                 ; 6.21e-10 s                 ; No                        ; No                        ;
; HEX2[6]      ; 3.3-V LVTTL  ; 0 s                 ; 0 s                 ; 3.08 V                       ; 3.41e-06 V                   ; 3.16 V              ; -0.0688 V           ; 0.26 V                               ; 0.209 V                              ; 4.69e-10 s                  ; 6.21e-10 s                  ; No                         ; No                         ; 3.08 V                      ; 3.41e-06 V                  ; 3.16 V             ; -0.0688 V          ; 0.26 V                              ; 0.209 V                             ; 4.69e-10 s                 ; 6.21e-10 s                 ; No                        ; No                        ;
; HEX2[7]      ; 3.3-V LVTTL  ; 0 s                 ; 0 s                 ; 3.08 V                       ; 3.41e-06 V                   ; 3.16 V              ; -0.0694 V           ; 0.259 V                              ; 0.209 V                              ; 4.69e-10 s                  ; 6.21e-10 s                  ; No                         ; No                         ; 3.08 V                      ; 3.41e-06 V                  ; 3.16 V             ; -0.0694 V          ; 0.259 V                             ; 0.209 V                             ; 4.69e-10 s                 ; 6.21e-10 s                 ; No                        ; No                        ;
; HEX3[0]      ; 3.3-V LVTTL  ; 0 s                 ; 0 s                 ; 3.08 V                       ; 3.41e-06 V                   ; 3.16 V              ; -0.0688 V           ; 0.26 V                               ; 0.209 V                              ; 4.69e-10 s                  ; 6.21e-10 s                  ; No                         ; No                         ; 3.08 V                      ; 3.41e-06 V                  ; 3.16 V             ; -0.0688 V          ; 0.26 V                              ; 0.209 V                             ; 4.69e-10 s                 ; 6.21e-10 s                 ; No                        ; No                        ;
; HEX3[1]      ; 3.3-V LVTTL  ; 0 s                 ; 0 s                 ; 3.08 V                       ; 3.41e-06 V                   ; 3.16 V              ; -0.0688 V           ; 0.26 V                               ; 0.209 V                              ; 4.69e-10 s                  ; 6.21e-10 s                  ; No                         ; No                         ; 3.08 V                      ; 3.41e-06 V                  ; 3.16 V             ; -0.0688 V          ; 0.26 V                              ; 0.209 V                             ; 4.69e-10 s                 ; 6.21e-10 s                 ; No                        ; No                        ;
; HEX3[2]      ; 3.3-V LVTTL  ; 0 s                 ; 0 s                 ; 3.08 V                       ; 3.41e-06 V                   ; 3.16 V              ; -0.0694 V           ; 0.259 V                              ; 0.209 V                              ; 4.69e-10 s                  ; 6.21e-10 s                  ; No                         ; No                         ; 3.08 V                      ; 3.41e-06 V                  ; 3.16 V             ; -0.0694 V          ; 0.259 V                             ; 0.209 V                             ; 4.69e-10 s                 ; 6.21e-10 s                 ; No                        ; No                        ;
; HEX3[3]      ; 3.3-V LVTTL  ; 0 s                 ; 0 s                 ; 3.08 V                       ; 3.41e-06 V                   ; 3.16 V              ; -0.0688 V           ; 0.26 V                               ; 0.209 V                              ; 4.69e-10 s                  ; 6.21e-10 s                  ; No                         ; No                         ; 3.08 V                      ; 3.41e-06 V                  ; 3.16 V             ; -0.0688 V          ; 0.26 V                              ; 0.209 V                             ; 4.69e-10 s                 ; 6.21e-10 s                 ; No                        ; No                        ;
; HEX3[4]      ; 3.3-V LVTTL  ; 0 s                 ; 0 s                 ; 3.08 V                       ; 3.41e-06 V                   ; 3.16 V              ; -0.0688 V           ; 0.26 V                               ; 0.209 V                              ; 4.69e-10 s                  ; 6.21e-10 s                  ; No                         ; No                         ; 3.08 V                      ; 3.41e-06 V                  ; 3.16 V             ; -0.0688 V          ; 0.26 V                              ; 0.209 V                             ; 4.69e-10 s                 ; 6.21e-10 s                 ; No                        ; No                        ;
; HEX3[5]      ; 3.3-V LVTTL  ; 0 s                 ; 0 s                 ; 3.08 V                       ; 3.41e-06 V                   ; 3.16 V              ; -0.0694 V           ; 0.259 V                              ; 0.209 V                              ; 4.69e-10 s                  ; 6.21e-10 s                  ; No                         ; No                         ; 3.08 V                      ; 3.41e-06 V                  ; 3.16 V             ; -0.0694 V          ; 0.259 V                             ; 0.209 V                             ; 4.69e-10 s                 ; 6.21e-10 s                 ; No                        ; No                        ;
; HEX3[6]      ; 3.3-V LVTTL  ; 0 s                 ; 0 s                 ; 3.08 V                       ; 3.41e-06 V                   ; 3.16 V              ; -0.0694 V           ; 0.259 V                              ; 0.209 V                              ; 4.69e-10 s                  ; 6.21e-10 s                  ; No                         ; No                         ; 3.08 V                      ; 3.41e-06 V                  ; 3.16 V             ; -0.0694 V          ; 0.259 V                             ; 0.209 V                             ; 4.69e-10 s                 ; 6.21e-10 s                 ; No                        ; No                        ;
; HEX3[7]      ; 3.3-V LVTTL  ; 0 s                 ; 0 s                 ; 3.08 V                       ; 3.41e-06 V                   ; 3.16 V              ; -0.0688 V           ; 0.26 V                               ; 0.209 V                              ; 4.69e-10 s                  ; 6.21e-10 s                  ; No                         ; No                         ; 3.08 V                      ; 3.41e-06 V                  ; 3.16 V             ; -0.0688 V          ; 0.26 V                              ; 0.209 V                             ; 4.69e-10 s                 ; 6.21e-10 s                 ; No                        ; No                        ;
; HEX4[0]      ; 3.3-V LVTTL  ; 0 s                 ; 0 s                 ; 3.08 V                       ; 3.41e-06 V                   ; 3.16 V              ; -0.0694 V           ; 0.259 V                              ; 0.209 V                              ; 4.69e-10 s                  ; 6.21e-10 s                  ; No                         ; No                         ; 3.08 V                      ; 3.41e-06 V                  ; 3.16 V             ; -0.0694 V          ; 0.259 V                             ; 0.209 V                             ; 4.69e-10 s                 ; 6.21e-10 s                 ; No                        ; No                        ;
; HEX4[1]      ; 3.3-V LVTTL  ; 0 s                 ; 0 s                 ; 3.08 V                       ; 3.41e-06 V                   ; 3.16 V              ; -0.0694 V           ; 0.259 V                              ; 0.209 V                              ; 4.69e-10 s                  ; 6.21e-10 s                  ; No                         ; No                         ; 3.08 V                      ; 3.41e-06 V                  ; 3.16 V             ; -0.0694 V          ; 0.259 V                             ; 0.209 V                             ; 4.69e-10 s                 ; 6.21e-10 s                 ; No                        ; No                        ;
; HEX4[2]      ; 3.3-V LVTTL  ; 0 s                 ; 0 s                 ; 3.08 V                       ; 3.41e-06 V                   ; 3.16 V              ; -0.0688 V           ; 0.26 V                               ; 0.209 V                              ; 4.69e-10 s                  ; 6.21e-10 s                  ; No                         ; No                         ; 3.08 V                      ; 3.41e-06 V                  ; 3.16 V             ; -0.0688 V          ; 0.26 V                              ; 0.209 V                             ; 4.69e-10 s                 ; 6.21e-10 s                 ; No                        ; No                        ;
; HEX4[3]      ; 3.3-V LVTTL  ; 0 s                 ; 0 s                 ; 3.08 V                       ; 3.41e-06 V                   ; 3.16 V              ; -0.0694 V           ; 0.259 V                              ; 0.209 V                              ; 4.69e-10 s                  ; 6.21e-10 s                  ; No                         ; No                         ; 3.08 V                      ; 3.41e-06 V                  ; 3.16 V             ; -0.0694 V          ; 0.259 V                             ; 0.209 V                             ; 4.69e-10 s                 ; 6.21e-10 s                 ; No                        ; No                        ;
; HEX4[4]      ; 3.3-V LVTTL  ; 0 s                 ; 0 s                 ; 3.08 V                       ; 3.41e-06 V                   ; 3.16 V              ; -0.0688 V           ; 0.26 V                               ; 0.209 V                              ; 4.69e-10 s                  ; 6.21e-10 s                  ; No                         ; No                         ; 3.08 V                      ; 3.41e-06 V                  ; 3.16 V             ; -0.0688 V          ; 0.26 V                              ; 0.209 V                             ; 4.69e-10 s                 ; 6.21e-10 s                 ; No                        ; No                        ;
; HEX4[5]      ; 3.3-V LVTTL  ; 0 s                 ; 0 s                 ; 3.08 V                       ; 3.41e-06 V                   ; 3.16 V              ; -0.0688 V           ; 0.26 V                               ; 0.209 V                              ; 4.69e-10 s                  ; 6.21e-10 s                  ; No                         ; No                         ; 3.08 V                      ; 3.41e-06 V                  ; 3.16 V             ; -0.0688 V          ; 0.26 V                              ; 0.209 V                             ; 4.69e-10 s                 ; 6.21e-10 s                 ; No                        ; No                        ;
; HEX4[6]      ; 3.3-V LVTTL  ; 0 s                 ; 0 s                 ; 3.08 V                       ; 3.41e-06 V                   ; 3.16 V              ; -0.0694 V           ; 0.259 V                              ; 0.209 V                              ; 4.69e-10 s                  ; 6.21e-10 s                  ; No                         ; No                         ; 3.08 V                      ; 3.41e-06 V                  ; 3.16 V             ; -0.0694 V          ; 0.259 V                             ; 0.209 V                             ; 4.69e-10 s                 ; 6.21e-10 s                 ; No                        ; No                        ;
; HEX4[7]      ; 3.3-V LVTTL  ; 0 s                 ; 0 s                 ; 3.08 V                       ; 3.41e-06 V                   ; 3.16 V              ; -0.0688 V           ; 0.26 V                               ; 0.209 V                              ; 4.69e-10 s                  ; 6.21e-10 s                  ; No                         ; No                         ; 3.08 V                      ; 3.41e-06 V                  ; 3.16 V             ; -0.0688 V          ; 0.26 V                              ; 0.209 V                             ; 4.69e-10 s                 ; 6.21e-10 s                 ; No                        ; No                        ;
; HEX5[0]      ; 3.3-V LVTTL  ; 0 s                 ; 0 s                 ; 3.08 V                       ; 3.41e-06 V                   ; 3.16 V              ; -0.0688 V           ; 0.26 V                               ; 0.209 V                              ; 4.69e-10 s                  ; 6.21e-10 s                  ; No                         ; No                         ; 3.08 V                      ; 3.41e-06 V                  ; 3.16 V             ; -0.0688 V          ; 0.26 V                              ; 0.209 V                             ; 4.69e-10 s                 ; 6.21e-10 s                 ; No                        ; No                        ;
; HEX5[1]      ; 3.3-V LVTTL  ; 0 s                 ; 0 s                 ; 3.08 V                       ; 3.41e-06 V                   ; 3.16 V              ; -0.0694 V           ; 0.259 V                              ; 0.209 V                              ; 4.69e-10 s                  ; 6.21e-10 s                  ; No                         ; No                         ; 3.08 V                      ; 3.41e-06 V                  ; 3.16 V             ; -0.0694 V          ; 0.259 V                             ; 0.209 V                             ; 4.69e-10 s                 ; 6.21e-10 s                 ; No                        ; No                        ;
; HEX5[2]      ; 3.3-V LVTTL  ; 0 s                 ; 0 s                 ; 3.08 V                       ; 3.41e-06 V                   ; 3.16 V              ; -0.0694 V           ; 0.259 V                              ; 0.209 V                              ; 4.69e-10 s                  ; 6.21e-10 s                  ; No                         ; No                         ; 3.08 V                      ; 3.41e-06 V                  ; 3.16 V             ; -0.0694 V          ; 0.259 V                             ; 0.209 V                             ; 4.69e-10 s                 ; 6.21e-10 s                 ; No                        ; No                        ;
; HEX5[3]      ; 3.3-V LVTTL  ; 0 s                 ; 0 s                 ; 3.08 V                       ; 3.41e-06 V                   ; 3.16 V              ; -0.0688 V           ; 0.26 V                               ; 0.209 V                              ; 4.69e-10 s                  ; 6.21e-10 s                  ; No                         ; No                         ; 3.08 V                      ; 3.41e-06 V                  ; 3.16 V             ; -0.0688 V          ; 0.26 V                              ; 0.209 V                             ; 4.69e-10 s                 ; 6.21e-10 s                 ; No                        ; No                        ;
; HEX5[4]      ; 3.3-V LVTTL  ; 0 s                 ; 0 s                 ; 3.08 V                       ; 3.41e-06 V                   ; 3.16 V              ; -0.0688 V           ; 0.26 V                               ; 0.209 V                              ; 4.69e-10 s                  ; 6.21e-10 s                  ; No                         ; No                         ; 3.08 V                      ; 3.41e-06 V                  ; 3.16 V             ; -0.0688 V          ; 0.26 V                              ; 0.209 V                             ; 4.69e-10 s                 ; 6.21e-10 s                 ; No                        ; No                        ;
; HEX5[5]      ; 3.3-V LVTTL  ; 0 s                 ; 0 s                 ; 3.08 V                       ; 3.41e-06 V                   ; 3.16 V              ; -0.0694 V           ; 0.259 V                              ; 0.209 V                              ; 4.69e-10 s                  ; 6.21e-10 s                  ; No                         ; No                         ; 3.08 V                      ; 3.41e-06 V                  ; 3.16 V             ; -0.0694 V          ; 0.259 V                             ; 0.209 V                             ; 4.69e-10 s                 ; 6.21e-10 s                 ; No                        ; No                        ;
; HEX5[6]      ; 3.3-V LVTTL  ; 0 s                 ; 0 s                 ; 3.08 V                       ; 3.41e-06 V                   ; 3.16 V              ; -0.0694 V           ; 0.259 V                              ; 0.209 V                              ; 4.69e-10 s                  ; 6.21e-10 s                  ; No                         ; No                         ; 3.08 V                      ; 3.41e-06 V                  ; 3.16 V             ; -0.0694 V          ; 0.259 V                             ; 0.209 V                             ; 4.69e-10 s                 ; 6.21e-10 s                 ; No                        ; No                        ;
; HEX5[7]      ; 3.3-V LVTTL  ; 0 s                 ; 0 s                 ; 3.08 V                       ; 3.41e-06 V                   ; 3.16 V              ; -0.0688 V           ; 0.26 V                               ; 0.209 V                              ; 4.69e-10 s                  ; 6.21e-10 s                  ; No                         ; No                         ; 3.08 V                      ; 3.41e-06 V                  ; 3.16 V             ; -0.0688 V          ; 0.26 V                              ; 0.209 V                             ; 4.69e-10 s                 ; 6.21e-10 s                 ; No                        ; No                        ;
; GPIO[2]      ; 3.3-V LVTTL  ; 0 s                 ; 0 s                 ; 3.08 V                       ; 3.41e-06 V                   ; 3.15 V              ; -0.0637 V           ; 0.337 V                              ; 0.271 V                              ; 5.02e-10 s                  ; 6.47e-10 s                  ; No                         ; No                         ; 3.08 V                      ; 3.41e-06 V                  ; 3.15 V             ; -0.0637 V          ; 0.337 V                             ; 0.271 V                             ; 5.02e-10 s                 ; 6.47e-10 s                 ; No                        ; No                        ;
; GPIO[3]      ; 3.3-V LVTTL  ; 0 s                 ; 0 s                 ; 3.08 V                       ; 3.41e-06 V                   ; 3.15 V              ; -0.0637 V           ; 0.337 V                              ; 0.271 V                              ; 5.02e-10 s                  ; 6.47e-10 s                  ; No                         ; No                         ; 3.08 V                      ; 3.41e-06 V                  ; 3.15 V             ; -0.0637 V          ; 0.337 V                             ; 0.271 V                             ; 5.02e-10 s                 ; 6.47e-10 s                 ; No                        ; No                        ;
; GPIO[4]      ; 3.3-V LVTTL  ; 0 s                 ; 0 s                 ; 3.08 V                       ; 3.41e-06 V                   ; 3.15 V              ; -0.0625 V           ; 0.334 V                              ; 0.27 V                               ; 5.02e-10 s                  ; 6.47e-10 s                  ; No                         ; No                         ; 3.08 V                      ; 3.41e-06 V                  ; 3.15 V             ; -0.0625 V          ; 0.334 V                             ; 0.27 V                              ; 5.02e-10 s                 ; 6.47e-10 s                 ; No                        ; No                        ;
; GPIO[5]      ; 3.3-V LVTTL  ; 0 s                 ; 0 s                 ; 3.08 V                       ; 3.41e-06 V                   ; 3.15 V              ; -0.0625 V           ; 0.334 V                              ; 0.27 V                               ; 5.02e-10 s                  ; 6.47e-10 s                  ; No                         ; No                         ; 3.08 V                      ; 3.41e-06 V                  ; 3.15 V             ; -0.0625 V          ; 0.334 V                             ; 0.27 V                              ; 5.02e-10 s                 ; 6.47e-10 s                 ; No                        ; No                        ;
; GPIO[6]      ; 3.3-V LVTTL  ; 0 s                 ; 0 s                 ; 3.08 V                       ; 3.41e-06 V                   ; 3.15 V              ; -0.0637 V           ; 0.337 V                              ; 0.271 V                              ; 5.02e-10 s                  ; 6.47e-10 s                  ; No                         ; No                         ; 3.08 V                      ; 3.41e-06 V                  ; 3.15 V             ; -0.0637 V          ; 0.337 V                             ; 0.271 V                             ; 5.02e-10 s                 ; 6.47e-10 s                 ; No                        ; No                        ;
; GPIO[7]      ; 3.3-V LVTTL  ; 0 s                 ; 0 s                 ; 3.08 V                       ; 3.41e-06 V                   ; 3.15 V              ; -0.0637 V           ; 0.337 V                              ; 0.271 V                              ; 5.02e-10 s                  ; 6.47e-10 s                  ; No                         ; No                         ; 3.08 V                      ; 3.41e-06 V                  ; 3.15 V             ; -0.0637 V          ; 0.337 V                             ; 0.271 V                             ; 5.02e-10 s                 ; 6.47e-10 s                 ; No                        ; No                        ;
; GPIO[8]      ; 3.3-V LVTTL  ; 0 s                 ; 0 s                 ; 3.08 V                       ; 3.41e-06 V                   ; 3.15 V              ; -0.0625 V           ; 0.334 V                              ; 0.27 V                               ; 5.02e-10 s                  ; 6.47e-10 s                  ; No                         ; No                         ; 3.08 V                      ; 3.41e-06 V                  ; 3.15 V             ; -0.0625 V          ; 0.334 V                             ; 0.27 V                              ; 5.02e-10 s                 ; 6.47e-10 s                 ; No                        ; No                        ;
; GPIO[9]      ; 3.3-V LVTTL  ; 0 s                 ; 0 s                 ; 3.08 V                       ; 3.41e-06 V                   ; 3.16 V              ; -0.0688 V           ; 0.26 V                               ; 0.209 V                              ; 4.69e-10 s                  ; 6.21e-10 s                  ; No                         ; No                         ; 3.08 V                      ; 3.41e-06 V                  ; 3.16 V             ; -0.0688 V          ; 0.26 V                              ; 0.209 V                             ; 4.69e-10 s                 ; 6.21e-10 s                 ; No                        ; No                        ;
; GPIO[10]     ; 3.3-V LVTTL  ; 0 s                 ; 0 s                 ; 3.08 V                       ; 3.41e-06 V                   ; 3.15 V              ; -0.0637 V           ; 0.337 V                              ; 0.271 V                              ; 5.02e-10 s                  ; 6.47e-10 s                  ; No                         ; No                         ; 3.08 V                      ; 3.41e-06 V                  ; 3.15 V             ; -0.0637 V          ; 0.337 V                             ; 0.271 V                             ; 5.02e-10 s                 ; 6.47e-10 s                 ; No                        ; No                        ;
; GPIO[11]     ; 3.3-V LVTTL  ; 0 s                 ; 0 s                 ; 3.08 V                       ; 3.41e-06 V                   ; 3.16 V              ; -0.0694 V           ; 0.259 V                              ; 0.209 V                              ; 4.69e-10 s                  ; 6.21e-10 s                  ; No                         ; No                         ; 3.08 V                      ; 3.41e-06 V                  ; 3.16 V             ; -0.0694 V          ; 0.259 V                             ; 0.209 V                             ; 4.69e-10 s                 ; 6.21e-10 s                 ; No                        ; No                        ;
; GPIO[12]     ; 3.3-V LVTTL  ; 0 s                 ; 0 s                 ; 3.08 V                       ; 3.41e-06 V                   ; 3.16 V              ; -0.0694 V           ; 0.259 V                              ; 0.209 V                              ; 4.69e-10 s                  ; 6.21e-10 s                  ; No                         ; No                         ; 3.08 V                      ; 3.41e-06 V                  ; 3.16 V             ; -0.0694 V          ; 0.259 V                             ; 0.209 V                             ; 4.69e-10 s                 ; 6.21e-10 s                 ; No                        ; No                        ;
; GPIO[13]     ; 3.3-V LVTTL  ; 0 s                 ; 0 s                 ; 3.08 V                       ; 3.41e-06 V                   ; 3.16 V              ; -0.0688 V           ; 0.26 V                               ; 0.209 V                              ; 4.69e-10 s                  ; 6.21e-10 s                  ; No                         ; No                         ; 3.08 V                      ; 3.41e-06 V                  ; 3.16 V             ; -0.0688 V          ; 0.26 V                              ; 0.209 V                             ; 4.69e-10 s                 ; 6.21e-10 s                 ; No                        ; No                        ;
; GPIO[14]     ; 3.3-V LVTTL  ; 0 s                 ; 0 s                 ; 3.08 V                       ; 3.41e-06 V                   ; 3.16 V              ; -0.0694 V           ; 0.259 V                              ; 0.209 V                              ; 4.69e-10 s                  ; 6.21e-10 s                  ; No                         ; No                         ; 3.08 V                      ; 3.41e-06 V                  ; 3.16 V             ; -0.0694 V          ; 0.259 V                             ; 0.209 V                             ; 4.69e-10 s                 ; 6.21e-10 s                 ; No                        ; No                        ;
; GPIO[15]     ; 3.3-V LVTTL  ; 0 s                 ; 0 s                 ; 3.08 V                       ; 3.41e-06 V                   ; 3.16 V              ; -0.0688 V           ; 0.26 V                               ; 0.209 V                              ; 4.69e-10 s                  ; 6.21e-10 s                  ; No                         ; No                         ; 3.08 V                      ; 3.41e-06 V                  ; 3.16 V             ; -0.0688 V          ; 0.26 V                              ; 0.209 V                             ; 4.69e-10 s                 ; 6.21e-10 s                 ; No                        ; No                        ;
; GPIO[16]     ; 3.3-V LVTTL  ; 0 s                 ; 0 s                 ; 3.08 V                       ; 3.41e-06 V                   ; 3.16 V              ; -0.0694 V           ; 0.259 V                              ; 0.209 V                              ; 4.69e-10 s                  ; 6.21e-10 s                  ; No                         ; No                         ; 3.08 V                      ; 3.41e-06 V                  ; 3.16 V             ; -0.0694 V          ; 0.259 V                             ; 0.209 V                             ; 4.69e-10 s                 ; 6.21e-10 s                 ; No                        ; No                        ;
; GPIO[17]     ; 3.3-V LVTTL  ; 0 s                 ; 0 s                 ; 3.08 V                       ; 3.41e-06 V                   ; 3.16 V              ; -0.0688 V           ; 0.26 V                               ; 0.209 V                              ; 4.69e-10 s                  ; 6.21e-10 s                  ; No                         ; No                         ; 3.08 V                      ; 3.41e-06 V                  ; 3.16 V             ; -0.0688 V          ; 0.26 V                              ; 0.209 V                             ; 4.69e-10 s                 ; 6.21e-10 s                 ; No                        ; No                        ;
; GPIO[18]     ; 3.3-V LVTTL  ; 0 s                 ; 0 s                 ; 3.08 V                       ; 3.41e-06 V                   ; 3.16 V              ; -0.0688 V           ; 0.26 V                               ; 0.209 V                              ; 4.69e-10 s                  ; 6.21e-10 s                  ; No                         ; No                         ; 3.08 V                      ; 3.41e-06 V                  ; 3.16 V             ; -0.0688 V          ; 0.26 V                              ; 0.209 V                             ; 4.69e-10 s                 ; 6.21e-10 s                 ; No                        ; No                        ;
; GPIO[19]     ; 3.3-V LVTTL  ; 0 s                 ; 0 s                 ; 3.08 V                       ; 3.41e-06 V                   ; 3.16 V              ; -0.0694 V           ; 0.259 V                              ; 0.209 V                              ; 4.69e-10 s                  ; 6.21e-10 s                  ; No                         ; No                         ; 3.08 V                      ; 3.41e-06 V                  ; 3.16 V             ; -0.0694 V          ; 0.259 V                             ; 0.209 V                             ; 4.69e-10 s                 ; 6.21e-10 s                 ; No                        ; No                        ;
; GPIO[20]     ; 3.3-V LVTTL  ; 0 s                 ; 0 s                 ; 3.08 V                       ; 3.41e-06 V                   ; 3.16 V              ; -0.0694 V           ; 0.259 V                              ; 0.209 V                              ; 4.69e-10 s                  ; 6.21e-10 s                  ; No                         ; No                         ; 3.08 V                      ; 3.41e-06 V                  ; 3.16 V             ; -0.0694 V          ; 0.259 V                             ; 0.209 V                             ; 4.69e-10 s                 ; 6.21e-10 s                 ; No                        ; No                        ;
; GPIO[21]     ; 3.3-V LVTTL  ; 0 s                 ; 0 s                 ; 3.08 V                       ; 3.41e-06 V                   ; 3.15 V              ; -0.0625 V           ; 0.334 V                              ; 0.27 V                               ; 5.02e-10 s                  ; 6.47e-10 s                  ; No                         ; No                         ; 3.08 V                      ; 3.41e-06 V                  ; 3.15 V             ; -0.0625 V          ; 0.334 V                             ; 0.27 V                              ; 5.02e-10 s                 ; 6.47e-10 s                 ; No                        ; No                        ;
; GPIO[22]     ; 3.3-V LVTTL  ; 0 s                 ; 0 s                 ; 3.08 V                       ; 3.41e-06 V                   ; 3.16 V              ; -0.0694 V           ; 0.259 V                              ; 0.209 V                              ; 4.69e-10 s                  ; 6.21e-10 s                  ; No                         ; No                         ; 3.08 V                      ; 3.41e-06 V                  ; 3.16 V             ; -0.0694 V          ; 0.259 V                             ; 0.209 V                             ; 4.69e-10 s                 ; 6.21e-10 s                 ; No                        ; No                        ;
; GPIO[23]     ; 3.3-V LVTTL  ; 0 s                 ; 0 s                 ; 3.08 V                       ; 3.41e-06 V                   ; 3.16 V              ; -0.0688 V           ; 0.26 V                               ; 0.209 V                              ; 4.69e-10 s                  ; 6.21e-10 s                  ; No                         ; No                         ; 3.08 V                      ; 3.41e-06 V                  ; 3.16 V             ; -0.0688 V          ; 0.26 V                              ; 0.209 V                             ; 4.69e-10 s                 ; 6.21e-10 s                 ; No                        ; No                        ;
; GPIO[24]     ; 3.3-V LVTTL  ; 0 s                 ; 0 s                 ; 3.08 V                       ; 3.41e-06 V                   ; 3.16 V              ; -0.0694 V           ; 0.259 V                              ; 0.209 V                              ; 4.69e-10 s                  ; 6.21e-10 s                  ; No                         ; No                         ; 3.08 V                      ; 3.41e-06 V                  ; 3.16 V             ; -0.0694 V          ; 0.259 V                             ; 0.209 V                             ; 4.69e-10 s                 ; 6.21e-10 s                 ; No                        ; No                        ;
; GPIO[25]     ; 3.3-V LVTTL  ; 0 s                 ; 0 s                 ; 3.08 V                       ; 3.41e-06 V                   ; 3.16 V              ; -0.0694 V           ; 0.259 V                              ; 0.209 V                              ; 4.69e-10 s                  ; 6.21e-10 s                  ; No                         ; No                         ; 3.08 V                      ; 3.41e-06 V                  ; 3.16 V             ; -0.0694 V          ; 0.259 V                             ; 0.209 V                             ; 4.69e-10 s                 ; 6.21e-10 s                 ; No                        ; No                        ;
; GPIO[26]     ; 3.3-V LVTTL  ; 0 s                 ; 0 s                 ; 3.08 V                       ; 3.41e-06 V                   ; 3.15 V              ; -0.0625 V           ; 0.334 V                              ; 0.27 V                               ; 5.02e-10 s                  ; 6.47e-10 s                  ; No                         ; No                         ; 3.08 V                      ; 3.41e-06 V                  ; 3.15 V             ; -0.0625 V          ; 0.334 V                             ; 0.27 V                              ; 5.02e-10 s                 ; 6.47e-10 s                 ; No                        ; No                        ;
; GPIO[27]     ; 3.3-V LVTTL  ; 0 s                 ; 0 s                 ; 3.08 V                       ; 3.41e-06 V                   ; 3.16 V              ; -0.0688 V           ; 0.26 V                               ; 0.209 V                              ; 4.69e-10 s                  ; 6.21e-10 s                  ; No                         ; No                         ; 3.08 V                      ; 3.41e-06 V                  ; 3.16 V             ; -0.0688 V          ; 0.26 V                              ; 0.209 V                             ; 4.69e-10 s                 ; 6.21e-10 s                 ; No                        ; No                        ;
; GPIO[28]     ; 3.3-V LVTTL  ; 0 s                 ; 0 s                 ; 3.08 V                       ; 3.41e-06 V                   ; 3.15 V              ; -0.0637 V           ; 0.337 V                              ; 0.271 V                              ; 5.02e-10 s                  ; 6.47e-10 s                  ; No                         ; No                         ; 3.08 V                      ; 3.41e-06 V                  ; 3.15 V             ; -0.0637 V          ; 0.337 V                             ; 0.271 V                             ; 5.02e-10 s                 ; 6.47e-10 s                 ; No                        ; No                        ;
; GPIO[29]     ; 3.3-V LVTTL  ; 0 s                 ; 0 s                 ; 3.08 V                       ; 3.41e-06 V                   ; 3.16 V              ; -0.0694 V           ; 0.259 V                              ; 0.209 V                              ; 4.69e-10 s                  ; 6.21e-10 s                  ; No                         ; No                         ; 3.08 V                      ; 3.41e-06 V                  ; 3.16 V             ; -0.0694 V          ; 0.259 V                             ; 0.209 V                             ; 4.69e-10 s                 ; 6.21e-10 s                 ; No                        ; No                        ;
; GPIO[30]     ; 3.3-V LVTTL  ; 0 s                 ; 0 s                 ; 3.08 V                       ; 3.41e-06 V                   ; 3.16 V              ; -0.0694 V           ; 0.259 V                              ; 0.209 V                              ; 4.69e-10 s                  ; 6.21e-10 s                  ; No                         ; No                         ; 3.08 V                      ; 3.41e-06 V                  ; 3.16 V             ; -0.0694 V          ; 0.259 V                             ; 0.209 V                             ; 4.69e-10 s                 ; 6.21e-10 s                 ; No                        ; No                        ;
; GPIO[31]     ; 3.3-V LVTTL  ; 0 s                 ; 0 s                 ; 3.08 V                       ; 3.41e-06 V                   ; 3.16 V              ; -0.0688 V           ; 0.26 V                               ; 0.209 V                              ; 4.69e-10 s                  ; 6.21e-10 s                  ; No                         ; No                         ; 3.08 V                      ; 3.41e-06 V                  ; 3.16 V             ; -0.0688 V          ; 0.26 V                              ; 0.209 V                             ; 4.69e-10 s                 ; 6.21e-10 s                 ; No                        ; No                        ;
; GPIO[32]     ; 3.3-V LVTTL  ; 0 s                 ; 0 s                 ; 3.08 V                       ; 3.41e-06 V                   ; 3.16 V              ; -0.0688 V           ; 0.26 V                               ; 0.209 V                              ; 4.69e-10 s                  ; 6.21e-10 s                  ; No                         ; No                         ; 3.08 V                      ; 3.41e-06 V                  ; 3.16 V             ; -0.0688 V          ; 0.26 V                              ; 0.209 V                             ; 4.69e-10 s                 ; 6.21e-10 s                 ; No                        ; No                        ;
; GPIO[33]     ; 3.3-V LVTTL  ; 0 s                 ; 0 s                 ; 3.08 V                       ; 3.41e-06 V                   ; 3.16 V              ; -0.0694 V           ; 0.259 V                              ; 0.209 V                              ; 4.69e-10 s                  ; 6.21e-10 s                  ; No                         ; No                         ; 3.08 V                      ; 3.41e-06 V                  ; 3.16 V             ; -0.0694 V          ; 0.259 V                             ; 0.209 V                             ; 4.69e-10 s                 ; 6.21e-10 s                 ; No                        ; No                        ;
; GPIO[34]     ; 3.3-V LVTTL  ; 0 s                 ; 0 s                 ; 3.08 V                       ; 3.41e-06 V                   ; 3.16 V              ; -0.0694 V           ; 0.259 V                              ; 0.209 V                              ; 4.69e-10 s                  ; 6.21e-10 s                  ; No                         ; No                         ; 3.08 V                      ; 3.41e-06 V                  ; 3.16 V             ; -0.0694 V          ; 0.259 V                             ; 0.209 V                             ; 4.69e-10 s                 ; 6.21e-10 s                 ; No                        ; No                        ;
; GPIO[35]     ; 3.3-V LVTTL  ; 0 s                 ; 0 s                 ; 3.08 V                       ; 3.41e-06 V                   ; 3.16 V              ; -0.0688 V           ; 0.26 V                               ; 0.209 V                              ; 4.69e-10 s                  ; 6.21e-10 s                  ; No                         ; No                         ; 3.08 V                      ; 3.41e-06 V                  ; 3.16 V             ; -0.0688 V          ; 0.26 V                              ; 0.209 V                             ; 4.69e-10 s                 ; 6.21e-10 s                 ; No                        ; No                        ;
; GPIO[0]      ; 3.3-V LVTTL  ; 0 s                 ; 0 s                 ; 3.08 V                       ; 3.41e-06 V                   ; 3.15 V              ; -0.0625 V           ; 0.334 V                              ; 0.27 V                               ; 5.02e-10 s                  ; 6.47e-10 s                  ; No                         ; No                         ; 3.08 V                      ; 3.41e-06 V                  ; 3.15 V             ; -0.0625 V          ; 0.334 V                             ; 0.27 V                              ; 5.02e-10 s                 ; 6.47e-10 s                 ; No                        ; No                        ;
; GPIO[1]      ; 3.3-V LVTTL  ; 0 s                 ; 0 s                 ; 3.08 V                       ; 3.41e-06 V                   ; 3.15 V              ; -0.0625 V           ; 0.334 V                              ; 0.27 V                               ; 5.02e-10 s                  ; 6.47e-10 s                  ; No                         ; No                         ; 3.08 V                      ; 3.41e-06 V                  ; 3.15 V             ; -0.0625 V          ; 0.334 V                             ; 0.27 V                              ; 5.02e-10 s                 ; 6.47e-10 s                 ; No                        ; No                        ;
; ~ALTERA_TDO~ ; 2.5 V        ; 0 s                 ; 0 s                 ; 2.32 V                       ; 1.97e-06 V                   ; 2.36 V              ; -0.0173 V           ; 0.144 V                              ; 0.094 V                              ; 6.44e-10 s                  ; 7.2e-10 s                   ; No                         ; Yes                        ; 2.32 V                      ; 1.97e-06 V                  ; 2.36 V             ; -0.0173 V          ; 0.144 V                             ; 0.094 V                             ; 6.44e-10 s                 ; 7.2e-10 s                  ; No                        ; Yes                       ;
+--------------+--------------+---------------------+---------------------+------------------------------+------------------------------+---------------------+---------------------+--------------------------------------+--------------------------------------+-----------------------------+-----------------------------+----------------------------+----------------------------+-----------------------------+-----------------------------+--------------------+--------------------+-------------------------------------+-------------------------------------+----------------------------+----------------------------+---------------------------+---------------------------+


+-------------------------------------------------------------------------------------------------------------------------------------------------------------------------------------------------------------------------------------------------------------------------------------------------------------------------------------------------------------------------------------------------------------------------------------------------------------------------------------------------------------------------------------------------------------------------------------------------------------------------------------------------------------------------------------------+
; Signal Integrity Metrics (Fast 1200mv 0c Model)                                                                                                                                                                                                                                                                                                                                                                                                                                                                                                                                                                                                                                           ;
+--------------+--------------+---------------------+---------------------+------------------------------+------------------------------+---------------------+---------------------+--------------------------------------+--------------------------------------+-----------------------------+-----------------------------+----------------------------+----------------------------+-----------------------------+-----------------------------+--------------------+--------------------+-------------------------------------+-------------------------------------+----------------------------+----------------------------+---------------------------+---------------------------+
; Pin          ; I/O Standard ; Board Delay on Rise ; Board Delay on Fall ; Steady State Voh at FPGA Pin ; Steady State Vol at FPGA Pin ; Voh Max at FPGA Pin ; Vol Min at FPGA Pin ; Ringback Voltage on Rise at FPGA Pin ; Ringback Voltage on Fall at FPGA Pin ; 10-90 Rise Time at FPGA Pin ; 90-10 Fall Time at FPGA Pin ; Monotonic Rise at FPGA Pin ; Monotonic Fall at FPGA Pin ; Steady State Voh at Far-end ; Steady State Vol at Far-end ; Voh Max at Far-end ; Vol Min at Far-end ; Ringback Voltage on Rise at Far-end ; Ringback Voltage on Fall at Far-end ; 10-90 Rise Time at Far-end ; 90-10 Fall Time at Far-end ; Monotonic Rise at Far-end ; Monotonic Fall at Far-end ;
+--------------+--------------+---------------------+---------------------+------------------------------+------------------------------+---------------------+---------------------+--------------------------------------+--------------------------------------+-----------------------------+-----------------------------+----------------------------+----------------------------+-----------------------------+-----------------------------+--------------------+--------------------+-------------------------------------+-------------------------------------+----------------------------+----------------------------+---------------------------+---------------------------+
; HEX0[0]      ; 3.3-V LVTTL  ; 0 s                 ; 0 s                 ; 3.46 V                       ; 5.04e-07 V                   ; 3.64 V              ; -0.0201 V           ; 0.391 V                              ; 0.088 V                              ; 2.79e-10 s                  ; 3.95e-10 s                  ; No                         ; Yes                        ; 3.46 V                      ; 5.04e-07 V                  ; 3.64 V             ; -0.0201 V          ; 0.391 V                             ; 0.088 V                             ; 2.79e-10 s                 ; 3.95e-10 s                 ; No                        ; Yes                       ;
; HEX0[1]      ; 3.3-V LVTTL  ; 0 s                 ; 0 s                 ; 3.46 V                       ; 5.04e-07 V                   ; 3.65 V              ; -0.0209 V           ; 0.391 V                              ; 0.09 V                               ; 2.79e-10 s                  ; 3.95e-10 s                  ; No                         ; Yes                        ; 3.46 V                      ; 5.04e-07 V                  ; 3.65 V             ; -0.0209 V          ; 0.391 V                             ; 0.09 V                              ; 2.79e-10 s                 ; 3.95e-10 s                 ; No                        ; Yes                       ;
; HEX0[2]      ; 3.3-V LVTTL  ; 0 s                 ; 0 s                 ; 3.46 V                       ; 5.04e-07 V                   ; 3.65 V              ; -0.0209 V           ; 0.391 V                              ; 0.09 V                               ; 2.79e-10 s                  ; 3.95e-10 s                  ; No                         ; Yes                        ; 3.46 V                      ; 5.04e-07 V                  ; 3.65 V             ; -0.0209 V          ; 0.391 V                             ; 0.09 V                              ; 2.79e-10 s                 ; 3.95e-10 s                 ; No                        ; Yes                       ;
; HEX0[3]      ; 3.3-V LVTTL  ; 0 s                 ; 0 s                 ; 3.46 V                       ; 5.04e-07 V                   ; 3.64 V              ; -0.0201 V           ; 0.391 V                              ; 0.088 V                              ; 2.79e-10 s                  ; 3.95e-10 s                  ; No                         ; Yes                        ; 3.46 V                      ; 5.04e-07 V                  ; 3.64 V             ; -0.0201 V          ; 0.391 V                             ; 0.088 V                             ; 2.79e-10 s                 ; 3.95e-10 s                 ; No                        ; Yes                       ;
; HEX0[4]      ; 3.3-V LVTTL  ; 0 s                 ; 0 s                 ; 3.46 V                       ; 5.04e-07 V                   ; 3.64 V              ; -0.0201 V           ; 0.391 V                              ; 0.088 V                              ; 2.79e-10 s                  ; 3.95e-10 s                  ; No                         ; Yes                        ; 3.46 V                      ; 5.04e-07 V                  ; 3.64 V             ; -0.0201 V          ; 0.391 V                             ; 0.088 V                             ; 2.79e-10 s                 ; 3.95e-10 s                 ; No                        ; Yes                       ;
; HEX0[5]      ; 3.3-V LVTTL  ; 0 s                 ; 0 s                 ; 3.46 V                       ; 5.04e-07 V                   ; 3.64 V              ; -0.0201 V           ; 0.391 V                              ; 0.088 V                              ; 2.79e-10 s                  ; 3.95e-10 s                  ; No                         ; Yes                        ; 3.46 V                      ; 5.04e-07 V                  ; 3.64 V             ; -0.0201 V          ; 0.391 V                             ; 0.088 V                             ; 2.79e-10 s                 ; 3.95e-10 s                 ; No                        ; Yes                       ;
; HEX0[6]      ; 3.3-V LVTTL  ; 0 s                 ; 0 s                 ; 3.46 V                       ; 5.04e-07 V                   ; 3.65 V              ; -0.0209 V           ; 0.391 V                              ; 0.09 V                               ; 2.79e-10 s                  ; 3.95e-10 s                  ; No                         ; Yes                        ; 3.46 V                      ; 5.04e-07 V                  ; 3.65 V             ; -0.0209 V          ; 0.391 V                             ; 0.09 V                              ; 2.79e-10 s                 ; 3.95e-10 s                 ; No                        ; Yes                       ;
; HEX0[7]      ; 3.3-V LVTTL  ; 0 s                 ; 0 s                 ; 3.46 V                       ; 5.04e-07 V                   ; 3.64 V              ; -0.0201 V           ; 0.391 V                              ; 0.088 V                              ; 2.79e-10 s                  ; 3.95e-10 s                  ; No                         ; Yes                        ; 3.46 V                      ; 5.04e-07 V                  ; 3.64 V             ; -0.0201 V          ; 0.391 V                             ; 0.088 V                             ; 2.79e-10 s                 ; 3.95e-10 s                 ; No                        ; Yes                       ;
; HEX1[0]      ; 3.3-V LVTTL  ; 0 s                 ; 0 s                 ; 3.46 V                       ; 5.04e-07 V                   ; 3.64 V              ; -0.0201 V           ; 0.391 V                              ; 0.088 V                              ; 2.79e-10 s                  ; 3.95e-10 s                  ; No                         ; Yes                        ; 3.46 V                      ; 5.04e-07 V                  ; 3.64 V             ; -0.0201 V          ; 0.391 V                             ; 0.088 V                             ; 2.79e-10 s                 ; 3.95e-10 s                 ; No                        ; Yes                       ;
; HEX1[1]      ; 3.3-V LVTTL  ; 0 s                 ; 0 s                 ; 3.46 V                       ; 5.04e-07 V                   ; 3.64 V              ; -0.0201 V           ; 0.391 V                              ; 0.088 V                              ; 2.79e-10 s                  ; 3.95e-10 s                  ; No                         ; Yes                        ; 3.46 V                      ; 5.04e-07 V                  ; 3.64 V             ; -0.0201 V          ; 0.391 V                             ; 0.088 V                             ; 2.79e-10 s                 ; 3.95e-10 s                 ; No                        ; Yes                       ;
; HEX1[2]      ; 3.3-V LVTTL  ; 0 s                 ; 0 s                 ; 3.46 V                       ; 5.04e-07 V                   ; 3.65 V              ; -0.0209 V           ; 0.391 V                              ; 0.09 V                               ; 2.79e-10 s                  ; 3.95e-10 s                  ; No                         ; Yes                        ; 3.46 V                      ; 5.04e-07 V                  ; 3.65 V             ; -0.0209 V          ; 0.391 V                             ; 0.09 V                              ; 2.79e-10 s                 ; 3.95e-10 s                 ; No                        ; Yes                       ;
; HEX1[3]      ; 3.3-V LVTTL  ; 0 s                 ; 0 s                 ; 3.46 V                       ; 5.04e-07 V                   ; 3.64 V              ; -0.0201 V           ; 0.391 V                              ; 0.088 V                              ; 2.79e-10 s                  ; 3.95e-10 s                  ; No                         ; Yes                        ; 3.46 V                      ; 5.04e-07 V                  ; 3.64 V             ; -0.0201 V          ; 0.391 V                             ; 0.088 V                             ; 2.79e-10 s                 ; 3.95e-10 s                 ; No                        ; Yes                       ;
; HEX1[4]      ; 3.3-V LVTTL  ; 0 s                 ; 0 s                 ; 3.46 V                       ; 5.04e-07 V                   ; 3.65 V              ; -0.0209 V           ; 0.391 V                              ; 0.09 V                               ; 2.79e-10 s                  ; 3.95e-10 s                  ; No                         ; Yes                        ; 3.46 V                      ; 5.04e-07 V                  ; 3.65 V             ; -0.0209 V          ; 0.391 V                             ; 0.09 V                              ; 2.79e-10 s                 ; 3.95e-10 s                 ; No                        ; Yes                       ;
; HEX1[5]      ; 3.3-V LVTTL  ; 0 s                 ; 0 s                 ; 3.46 V                       ; 5.04e-07 V                   ; 3.64 V              ; -0.0201 V           ; 0.391 V                              ; 0.088 V                              ; 2.79e-10 s                  ; 3.95e-10 s                  ; No                         ; Yes                        ; 3.46 V                      ; 5.04e-07 V                  ; 3.64 V             ; -0.0201 V          ; 0.391 V                             ; 0.088 V                             ; 2.79e-10 s                 ; 3.95e-10 s                 ; No                        ; Yes                       ;
; HEX1[6]      ; 3.3-V LVTTL  ; 0 s                 ; 0 s                 ; 3.46 V                       ; 5.04e-07 V                   ; 3.65 V              ; -0.0209 V           ; 0.391 V                              ; 0.09 V                               ; 2.79e-10 s                  ; 3.95e-10 s                  ; No                         ; Yes                        ; 3.46 V                      ; 5.04e-07 V                  ; 3.65 V             ; -0.0209 V          ; 0.391 V                             ; 0.09 V                              ; 2.79e-10 s                 ; 3.95e-10 s                 ; No                        ; Yes                       ;
; HEX1[7]      ; 3.3-V LVTTL  ; 0 s                 ; 0 s                 ; 3.46 V                       ; 5.04e-07 V                   ; 3.65 V              ; -0.0209 V           ; 0.391 V                              ; 0.09 V                               ; 2.79e-10 s                  ; 3.95e-10 s                  ; No                         ; Yes                        ; 3.46 V                      ; 5.04e-07 V                  ; 3.65 V             ; -0.0209 V          ; 0.391 V                             ; 0.09 V                              ; 2.79e-10 s                 ; 3.95e-10 s                 ; No                        ; Yes                       ;
; HEX2[0]      ; 3.3-V LVTTL  ; 0 s                 ; 0 s                 ; 3.46 V                       ; 5.04e-07 V                   ; 3.64 V              ; -0.0201 V           ; 0.391 V                              ; 0.088 V                              ; 2.79e-10 s                  ; 3.95e-10 s                  ; No                         ; Yes                        ; 3.46 V                      ; 5.04e-07 V                  ; 3.64 V             ; -0.0201 V          ; 0.391 V                             ; 0.088 V                             ; 2.79e-10 s                 ; 3.95e-10 s                 ; No                        ; Yes                       ;
; HEX2[1]      ; 3.3-V LVTTL  ; 0 s                 ; 0 s                 ; 3.46 V                       ; 5.04e-07 V                   ; 3.64 V              ; -0.0201 V           ; 0.391 V                              ; 0.088 V                              ; 2.79e-10 s                  ; 3.95e-10 s                  ; No                         ; Yes                        ; 3.46 V                      ; 5.04e-07 V                  ; 3.64 V             ; -0.0201 V          ; 0.391 V                             ; 0.088 V                             ; 2.79e-10 s                 ; 3.95e-10 s                 ; No                        ; Yes                       ;
; HEX2[2]      ; 3.3-V LVTTL  ; 0 s                 ; 0 s                 ; 3.46 V                       ; 5.04e-07 V                   ; 3.65 V              ; -0.0209 V           ; 0.391 V                              ; 0.09 V                               ; 2.79e-10 s                  ; 3.95e-10 s                  ; No                         ; Yes                        ; 3.46 V                      ; 5.04e-07 V                  ; 3.65 V             ; -0.0209 V          ; 0.391 V                             ; 0.09 V                              ; 2.79e-10 s                 ; 3.95e-10 s                 ; No                        ; Yes                       ;
; HEX2[3]      ; 3.3-V LVTTL  ; 0 s                 ; 0 s                 ; 3.46 V                       ; 5.04e-07 V                   ; 3.65 V              ; -0.0209 V           ; 0.391 V                              ; 0.09 V                               ; 2.79e-10 s                  ; 3.95e-10 s                  ; No                         ; Yes                        ; 3.46 V                      ; 5.04e-07 V                  ; 3.65 V             ; -0.0209 V          ; 0.391 V                             ; 0.09 V                              ; 2.79e-10 s                 ; 3.95e-10 s                 ; No                        ; Yes                       ;
; HEX2[4]      ; 3.3-V LVTTL  ; 0 s                 ; 0 s                 ; 3.46 V                       ; 5.04e-07 V                   ; 3.65 V              ; -0.0209 V           ; 0.391 V                              ; 0.09 V                               ; 2.79e-10 s                  ; 3.95e-10 s                  ; No                         ; Yes                        ; 3.46 V                      ; 5.04e-07 V                  ; 3.65 V             ; -0.0209 V          ; 0.391 V                             ; 0.09 V                              ; 2.79e-10 s                 ; 3.95e-10 s                 ; No                        ; Yes                       ;
; HEX2[5]      ; 3.3-V LVTTL  ; 0 s                 ; 0 s                 ; 3.46 V                       ; 5.04e-07 V                   ; 3.65 V              ; -0.0209 V           ; 0.391 V                              ; 0.09 V                               ; 2.79e-10 s                  ; 3.95e-10 s                  ; No                         ; Yes                        ; 3.46 V                      ; 5.04e-07 V                  ; 3.65 V             ; -0.0209 V          ; 0.391 V                             ; 0.09 V                              ; 2.79e-10 s                 ; 3.95e-10 s                 ; No                        ; Yes                       ;
; HEX2[6]      ; 3.3-V LVTTL  ; 0 s                 ; 0 s                 ; 3.46 V                       ; 5.04e-07 V                   ; 3.64 V              ; -0.0201 V           ; 0.391 V                              ; 0.088 V                              ; 2.79e-10 s                  ; 3.95e-10 s                  ; No                         ; Yes                        ; 3.46 V                      ; 5.04e-07 V                  ; 3.64 V             ; -0.0201 V          ; 0.391 V                             ; 0.088 V                             ; 2.79e-10 s                 ; 3.95e-10 s                 ; No                        ; Yes                       ;
; HEX2[7]      ; 3.3-V LVTTL  ; 0 s                 ; 0 s                 ; 3.46 V                       ; 5.04e-07 V                   ; 3.65 V              ; -0.0209 V           ; 0.391 V                              ; 0.09 V                               ; 2.79e-10 s                  ; 3.95e-10 s                  ; No                         ; Yes                        ; 3.46 V                      ; 5.04e-07 V                  ; 3.65 V             ; -0.0209 V          ; 0.391 V                             ; 0.09 V                              ; 2.79e-10 s                 ; 3.95e-10 s                 ; No                        ; Yes                       ;
; HEX3[0]      ; 3.3-V LVTTL  ; 0 s                 ; 0 s                 ; 3.46 V                       ; 5.04e-07 V                   ; 3.64 V              ; -0.0201 V           ; 0.391 V                              ; 0.088 V                              ; 2.79e-10 s                  ; 3.95e-10 s                  ; No                         ; Yes                        ; 3.46 V                      ; 5.04e-07 V                  ; 3.64 V             ; -0.0201 V          ; 0.391 V                             ; 0.088 V                             ; 2.79e-10 s                 ; 3.95e-10 s                 ; No                        ; Yes                       ;
; HEX3[1]      ; 3.3-V LVTTL  ; 0 s                 ; 0 s                 ; 3.46 V                       ; 5.04e-07 V                   ; 3.64 V              ; -0.0201 V           ; 0.391 V                              ; 0.088 V                              ; 2.79e-10 s                  ; 3.95e-10 s                  ; No                         ; Yes                        ; 3.46 V                      ; 5.04e-07 V                  ; 3.64 V             ; -0.0201 V          ; 0.391 V                             ; 0.088 V                             ; 2.79e-10 s                 ; 3.95e-10 s                 ; No                        ; Yes                       ;
; HEX3[2]      ; 3.3-V LVTTL  ; 0 s                 ; 0 s                 ; 3.46 V                       ; 5.04e-07 V                   ; 3.65 V              ; -0.0209 V           ; 0.391 V                              ; 0.09 V                               ; 2.79e-10 s                  ; 3.95e-10 s                  ; No                         ; Yes                        ; 3.46 V                      ; 5.04e-07 V                  ; 3.65 V             ; -0.0209 V          ; 0.391 V                             ; 0.09 V                              ; 2.79e-10 s                 ; 3.95e-10 s                 ; No                        ; Yes                       ;
; HEX3[3]      ; 3.3-V LVTTL  ; 0 s                 ; 0 s                 ; 3.46 V                       ; 5.04e-07 V                   ; 3.64 V              ; -0.0201 V           ; 0.391 V                              ; 0.088 V                              ; 2.79e-10 s                  ; 3.95e-10 s                  ; No                         ; Yes                        ; 3.46 V                      ; 5.04e-07 V                  ; 3.64 V             ; -0.0201 V          ; 0.391 V                             ; 0.088 V                             ; 2.79e-10 s                 ; 3.95e-10 s                 ; No                        ; Yes                       ;
; HEX3[4]      ; 3.3-V LVTTL  ; 0 s                 ; 0 s                 ; 3.46 V                       ; 5.04e-07 V                   ; 3.64 V              ; -0.0201 V           ; 0.391 V                              ; 0.088 V                              ; 2.79e-10 s                  ; 3.95e-10 s                  ; No                         ; Yes                        ; 3.46 V                      ; 5.04e-07 V                  ; 3.64 V             ; -0.0201 V          ; 0.391 V                             ; 0.088 V                             ; 2.79e-10 s                 ; 3.95e-10 s                 ; No                        ; Yes                       ;
; HEX3[5]      ; 3.3-V LVTTL  ; 0 s                 ; 0 s                 ; 3.46 V                       ; 5.04e-07 V                   ; 3.65 V              ; -0.0209 V           ; 0.391 V                              ; 0.09 V                               ; 2.79e-10 s                  ; 3.95e-10 s                  ; No                         ; Yes                        ; 3.46 V                      ; 5.04e-07 V                  ; 3.65 V             ; -0.0209 V          ; 0.391 V                             ; 0.09 V                              ; 2.79e-10 s                 ; 3.95e-10 s                 ; No                        ; Yes                       ;
; HEX3[6]      ; 3.3-V LVTTL  ; 0 s                 ; 0 s                 ; 3.46 V                       ; 5.04e-07 V                   ; 3.65 V              ; -0.0209 V           ; 0.391 V                              ; 0.09 V                               ; 2.79e-10 s                  ; 3.95e-10 s                  ; No                         ; Yes                        ; 3.46 V                      ; 5.04e-07 V                  ; 3.65 V             ; -0.0209 V          ; 0.391 V                             ; 0.09 V                              ; 2.79e-10 s                 ; 3.95e-10 s                 ; No                        ; Yes                       ;
; HEX3[7]      ; 3.3-V LVTTL  ; 0 s                 ; 0 s                 ; 3.46 V                       ; 5.04e-07 V                   ; 3.64 V              ; -0.0201 V           ; 0.391 V                              ; 0.088 V                              ; 2.79e-10 s                  ; 3.95e-10 s                  ; No                         ; Yes                        ; 3.46 V                      ; 5.04e-07 V                  ; 3.64 V             ; -0.0201 V          ; 0.391 V                             ; 0.088 V                             ; 2.79e-10 s                 ; 3.95e-10 s                 ; No                        ; Yes                       ;
; HEX4[0]      ; 3.3-V LVTTL  ; 0 s                 ; 0 s                 ; 3.46 V                       ; 5.04e-07 V                   ; 3.65 V              ; -0.0209 V           ; 0.391 V                              ; 0.09 V                               ; 2.79e-10 s                  ; 3.95e-10 s                  ; No                         ; Yes                        ; 3.46 V                      ; 5.04e-07 V                  ; 3.65 V             ; -0.0209 V          ; 0.391 V                             ; 0.09 V                              ; 2.79e-10 s                 ; 3.95e-10 s                 ; No                        ; Yes                       ;
; HEX4[1]      ; 3.3-V LVTTL  ; 0 s                 ; 0 s                 ; 3.46 V                       ; 5.04e-07 V                   ; 3.65 V              ; -0.0209 V           ; 0.391 V                              ; 0.09 V                               ; 2.79e-10 s                  ; 3.95e-10 s                  ; No                         ; Yes                        ; 3.46 V                      ; 5.04e-07 V                  ; 3.65 V             ; -0.0209 V          ; 0.391 V                             ; 0.09 V                              ; 2.79e-10 s                 ; 3.95e-10 s                 ; No                        ; Yes                       ;
; HEX4[2]      ; 3.3-V LVTTL  ; 0 s                 ; 0 s                 ; 3.46 V                       ; 5.04e-07 V                   ; 3.64 V              ; -0.0201 V           ; 0.391 V                              ; 0.088 V                              ; 2.79e-10 s                  ; 3.95e-10 s                  ; No                         ; Yes                        ; 3.46 V                      ; 5.04e-07 V                  ; 3.64 V             ; -0.0201 V          ; 0.391 V                             ; 0.088 V                             ; 2.79e-10 s                 ; 3.95e-10 s                 ; No                        ; Yes                       ;
; HEX4[3]      ; 3.3-V LVTTL  ; 0 s                 ; 0 s                 ; 3.46 V                       ; 5.04e-07 V                   ; 3.65 V              ; -0.0209 V           ; 0.391 V                              ; 0.09 V                               ; 2.79e-10 s                  ; 3.95e-10 s                  ; No                         ; Yes                        ; 3.46 V                      ; 5.04e-07 V                  ; 3.65 V             ; -0.0209 V          ; 0.391 V                             ; 0.09 V                              ; 2.79e-10 s                 ; 3.95e-10 s                 ; No                        ; Yes                       ;
; HEX4[4]      ; 3.3-V LVTTL  ; 0 s                 ; 0 s                 ; 3.46 V                       ; 5.04e-07 V                   ; 3.64 V              ; -0.0201 V           ; 0.391 V                              ; 0.088 V                              ; 2.79e-10 s                  ; 3.95e-10 s                  ; No                         ; Yes                        ; 3.46 V                      ; 5.04e-07 V                  ; 3.64 V             ; -0.0201 V          ; 0.391 V                             ; 0.088 V                             ; 2.79e-10 s                 ; 3.95e-10 s                 ; No                        ; Yes                       ;
; HEX4[5]      ; 3.3-V LVTTL  ; 0 s                 ; 0 s                 ; 3.46 V                       ; 5.04e-07 V                   ; 3.64 V              ; -0.0201 V           ; 0.391 V                              ; 0.088 V                              ; 2.79e-10 s                  ; 3.95e-10 s                  ; No                         ; Yes                        ; 3.46 V                      ; 5.04e-07 V                  ; 3.64 V             ; -0.0201 V          ; 0.391 V                             ; 0.088 V                             ; 2.79e-10 s                 ; 3.95e-10 s                 ; No                        ; Yes                       ;
; HEX4[6]      ; 3.3-V LVTTL  ; 0 s                 ; 0 s                 ; 3.46 V                       ; 5.04e-07 V                   ; 3.65 V              ; -0.0209 V           ; 0.391 V                              ; 0.09 V                               ; 2.79e-10 s                  ; 3.95e-10 s                  ; No                         ; Yes                        ; 3.46 V                      ; 5.04e-07 V                  ; 3.65 V             ; -0.0209 V          ; 0.391 V                             ; 0.09 V                              ; 2.79e-10 s                 ; 3.95e-10 s                 ; No                        ; Yes                       ;
; HEX4[7]      ; 3.3-V LVTTL  ; 0 s                 ; 0 s                 ; 3.46 V                       ; 5.04e-07 V                   ; 3.64 V              ; -0.0201 V           ; 0.391 V                              ; 0.088 V                              ; 2.79e-10 s                  ; 3.95e-10 s                  ; No                         ; Yes                        ; 3.46 V                      ; 5.04e-07 V                  ; 3.64 V             ; -0.0201 V          ; 0.391 V                             ; 0.088 V                             ; 2.79e-10 s                 ; 3.95e-10 s                 ; No                        ; Yes                       ;
; HEX5[0]      ; 3.3-V LVTTL  ; 0 s                 ; 0 s                 ; 3.46 V                       ; 5.04e-07 V                   ; 3.64 V              ; -0.0201 V           ; 0.391 V                              ; 0.088 V                              ; 2.79e-10 s                  ; 3.95e-10 s                  ; No                         ; Yes                        ; 3.46 V                      ; 5.04e-07 V                  ; 3.64 V             ; -0.0201 V          ; 0.391 V                             ; 0.088 V                             ; 2.79e-10 s                 ; 3.95e-10 s                 ; No                        ; Yes                       ;
; HEX5[1]      ; 3.3-V LVTTL  ; 0 s                 ; 0 s                 ; 3.46 V                       ; 5.04e-07 V                   ; 3.65 V              ; -0.0209 V           ; 0.391 V                              ; 0.09 V                               ; 2.79e-10 s                  ; 3.95e-10 s                  ; No                         ; Yes                        ; 3.46 V                      ; 5.04e-07 V                  ; 3.65 V             ; -0.0209 V          ; 0.391 V                             ; 0.09 V                              ; 2.79e-10 s                 ; 3.95e-10 s                 ; No                        ; Yes                       ;
; HEX5[2]      ; 3.3-V LVTTL  ; 0 s                 ; 0 s                 ; 3.46 V                       ; 5.04e-07 V                   ; 3.65 V              ; -0.0209 V           ; 0.391 V                              ; 0.09 V                               ; 2.79e-10 s                  ; 3.95e-10 s                  ; No                         ; Yes                        ; 3.46 V                      ; 5.04e-07 V                  ; 3.65 V             ; -0.0209 V          ; 0.391 V                             ; 0.09 V                              ; 2.79e-10 s                 ; 3.95e-10 s                 ; No                        ; Yes                       ;
; HEX5[3]      ; 3.3-V LVTTL  ; 0 s                 ; 0 s                 ; 3.46 V                       ; 5.04e-07 V                   ; 3.64 V              ; -0.0201 V           ; 0.391 V                              ; 0.088 V                              ; 2.79e-10 s                  ; 3.95e-10 s                  ; No                         ; Yes                        ; 3.46 V                      ; 5.04e-07 V                  ; 3.64 V             ; -0.0201 V          ; 0.391 V                             ; 0.088 V                             ; 2.79e-10 s                 ; 3.95e-10 s                 ; No                        ; Yes                       ;
; HEX5[4]      ; 3.3-V LVTTL  ; 0 s                 ; 0 s                 ; 3.46 V                       ; 5.04e-07 V                   ; 3.64 V              ; -0.0201 V           ; 0.391 V                              ; 0.088 V                              ; 2.79e-10 s                  ; 3.95e-10 s                  ; No                         ; Yes                        ; 3.46 V                      ; 5.04e-07 V                  ; 3.64 V             ; -0.0201 V          ; 0.391 V                             ; 0.088 V                             ; 2.79e-10 s                 ; 3.95e-10 s                 ; No                        ; Yes                       ;
; HEX5[5]      ; 3.3-V LVTTL  ; 0 s                 ; 0 s                 ; 3.46 V                       ; 5.04e-07 V                   ; 3.65 V              ; -0.0209 V           ; 0.391 V                              ; 0.09 V                               ; 2.79e-10 s                  ; 3.95e-10 s                  ; No                         ; Yes                        ; 3.46 V                      ; 5.04e-07 V                  ; 3.65 V             ; -0.0209 V          ; 0.391 V                             ; 0.09 V                              ; 2.79e-10 s                 ; 3.95e-10 s                 ; No                        ; Yes                       ;
; HEX5[6]      ; 3.3-V LVTTL  ; 0 s                 ; 0 s                 ; 3.46 V                       ; 5.04e-07 V                   ; 3.65 V              ; -0.0209 V           ; 0.391 V                              ; 0.09 V                               ; 2.79e-10 s                  ; 3.95e-10 s                  ; No                         ; Yes                        ; 3.46 V                      ; 5.04e-07 V                  ; 3.65 V             ; -0.0209 V          ; 0.391 V                             ; 0.09 V                              ; 2.79e-10 s                 ; 3.95e-10 s                 ; No                        ; Yes                       ;
; HEX5[7]      ; 3.3-V LVTTL  ; 0 s                 ; 0 s                 ; 3.46 V                       ; 5.04e-07 V                   ; 3.64 V              ; -0.0201 V           ; 0.391 V                              ; 0.088 V                              ; 2.79e-10 s                  ; 3.95e-10 s                  ; No                         ; Yes                        ; 3.46 V                      ; 5.04e-07 V                  ; 3.64 V             ; -0.0201 V          ; 0.391 V                             ; 0.088 V                             ; 2.79e-10 s                 ; 3.95e-10 s                 ; No                        ; Yes                       ;
; GPIO[2]      ; 3.3-V LVTTL  ; 0 s                 ; 0 s                 ; 3.46 V                       ; 5.04e-07 V                   ; 3.63 V              ; -0.0257 V           ; 0.468 V                              ; 0.138 V                              ; 3.02e-10 s                  ; 4.44e-10 s                  ; No                         ; Yes                        ; 3.46 V                      ; 5.04e-07 V                  ; 3.63 V             ; -0.0257 V          ; 0.468 V                             ; 0.138 V                             ; 3.02e-10 s                 ; 4.44e-10 s                 ; No                        ; Yes                       ;
; GPIO[3]      ; 3.3-V LVTTL  ; 0 s                 ; 0 s                 ; 3.46 V                       ; 5.04e-07 V                   ; 3.63 V              ; -0.0257 V           ; 0.468 V                              ; 0.138 V                              ; 3.02e-10 s                  ; 4.44e-10 s                  ; No                         ; Yes                        ; 3.46 V                      ; 5.04e-07 V                  ; 3.63 V             ; -0.0257 V          ; 0.468 V                             ; 0.138 V                             ; 3.02e-10 s                 ; 4.44e-10 s                 ; No                        ; Yes                       ;
; GPIO[4]      ; 3.3-V LVTTL  ; 0 s                 ; 0 s                 ; 3.46 V                       ; 5.04e-07 V                   ; 3.63 V              ; -0.0264 V           ; 0.468 V                              ; 0.142 V                              ; 3.02e-10 s                  ; 4.42e-10 s                  ; No                         ; Yes                        ; 3.46 V                      ; 5.04e-07 V                  ; 3.63 V             ; -0.0264 V          ; 0.468 V                             ; 0.142 V                             ; 3.02e-10 s                 ; 4.42e-10 s                 ; No                        ; Yes                       ;
; GPIO[5]      ; 3.3-V LVTTL  ; 0 s                 ; 0 s                 ; 3.46 V                       ; 5.04e-07 V                   ; 3.63 V              ; -0.0264 V           ; 0.468 V                              ; 0.142 V                              ; 3.02e-10 s                  ; 4.42e-10 s                  ; No                         ; Yes                        ; 3.46 V                      ; 5.04e-07 V                  ; 3.63 V             ; -0.0264 V          ; 0.468 V                             ; 0.142 V                             ; 3.02e-10 s                 ; 4.42e-10 s                 ; No                        ; Yes                       ;
; GPIO[6]      ; 3.3-V LVTTL  ; 0 s                 ; 0 s                 ; 3.46 V                       ; 5.04e-07 V                   ; 3.63 V              ; -0.0257 V           ; 0.468 V                              ; 0.138 V                              ; 3.02e-10 s                  ; 4.44e-10 s                  ; No                         ; Yes                        ; 3.46 V                      ; 5.04e-07 V                  ; 3.63 V             ; -0.0257 V          ; 0.468 V                             ; 0.138 V                             ; 3.02e-10 s                 ; 4.44e-10 s                 ; No                        ; Yes                       ;
; GPIO[7]      ; 3.3-V LVTTL  ; 0 s                 ; 0 s                 ; 3.46 V                       ; 5.04e-07 V                   ; 3.63 V              ; -0.0257 V           ; 0.468 V                              ; 0.138 V                              ; 3.02e-10 s                  ; 4.44e-10 s                  ; No                         ; Yes                        ; 3.46 V                      ; 5.04e-07 V                  ; 3.63 V             ; -0.0257 V          ; 0.468 V                             ; 0.138 V                             ; 3.02e-10 s                 ; 4.44e-10 s                 ; No                        ; Yes                       ;
; GPIO[8]      ; 3.3-V LVTTL  ; 0 s                 ; 0 s                 ; 3.46 V                       ; 5.04e-07 V                   ; 3.63 V              ; -0.0264 V           ; 0.468 V                              ; 0.142 V                              ; 3.02e-10 s                  ; 4.42e-10 s                  ; No                         ; Yes                        ; 3.46 V                      ; 5.04e-07 V                  ; 3.63 V             ; -0.0264 V          ; 0.468 V                             ; 0.142 V                             ; 3.02e-10 s                 ; 4.42e-10 s                 ; No                        ; Yes                       ;
; GPIO[9]      ; 3.3-V LVTTL  ; 0 s                 ; 0 s                 ; 3.46 V                       ; 5.04e-07 V                   ; 3.64 V              ; -0.0201 V           ; 0.391 V                              ; 0.088 V                              ; 2.79e-10 s                  ; 3.95e-10 s                  ; No                         ; Yes                        ; 3.46 V                      ; 5.04e-07 V                  ; 3.64 V             ; -0.0201 V          ; 0.391 V                             ; 0.088 V                             ; 2.79e-10 s                 ; 3.95e-10 s                 ; No                        ; Yes                       ;
; GPIO[10]     ; 3.3-V LVTTL  ; 0 s                 ; 0 s                 ; 3.46 V                       ; 5.04e-07 V                   ; 3.63 V              ; -0.0257 V           ; 0.468 V                              ; 0.138 V                              ; 3.02e-10 s                  ; 4.44e-10 s                  ; No                         ; Yes                        ; 3.46 V                      ; 5.04e-07 V                  ; 3.63 V             ; -0.0257 V          ; 0.468 V                             ; 0.138 V                             ; 3.02e-10 s                 ; 4.44e-10 s                 ; No                        ; Yes                       ;
; GPIO[11]     ; 3.3-V LVTTL  ; 0 s                 ; 0 s                 ; 3.46 V                       ; 5.04e-07 V                   ; 3.65 V              ; -0.0209 V           ; 0.391 V                              ; 0.09 V                               ; 2.79e-10 s                  ; 3.95e-10 s                  ; No                         ; Yes                        ; 3.46 V                      ; 5.04e-07 V                  ; 3.65 V             ; -0.0209 V          ; 0.391 V                             ; 0.09 V                              ; 2.79e-10 s                 ; 3.95e-10 s                 ; No                        ; Yes                       ;
; GPIO[12]     ; 3.3-V LVTTL  ; 0 s                 ; 0 s                 ; 3.46 V                       ; 5.04e-07 V                   ; 3.65 V              ; -0.0209 V           ; 0.391 V                              ; 0.09 V                               ; 2.79e-10 s                  ; 3.95e-10 s                  ; No                         ; Yes                        ; 3.46 V                      ; 5.04e-07 V                  ; 3.65 V             ; -0.0209 V          ; 0.391 V                             ; 0.09 V                              ; 2.79e-10 s                 ; 3.95e-10 s                 ; No                        ; Yes                       ;
; GPIO[13]     ; 3.3-V LVTTL  ; 0 s                 ; 0 s                 ; 3.46 V                       ; 5.04e-07 V                   ; 3.64 V              ; -0.0201 V           ; 0.391 V                              ; 0.088 V                              ; 2.79e-10 s                  ; 3.95e-10 s                  ; No                         ; Yes                        ; 3.46 V                      ; 5.04e-07 V                  ; 3.64 V             ; -0.0201 V          ; 0.391 V                             ; 0.088 V                             ; 2.79e-10 s                 ; 3.95e-10 s                 ; No                        ; Yes                       ;
; GPIO[14]     ; 3.3-V LVTTL  ; 0 s                 ; 0 s                 ; 3.46 V                       ; 5.04e-07 V                   ; 3.65 V              ; -0.0209 V           ; 0.391 V                              ; 0.09 V                               ; 2.79e-10 s                  ; 3.95e-10 s                  ; No                         ; Yes                        ; 3.46 V                      ; 5.04e-07 V                  ; 3.65 V             ; -0.0209 V          ; 0.391 V                             ; 0.09 V                              ; 2.79e-10 s                 ; 3.95e-10 s                 ; No                        ; Yes                       ;
; GPIO[15]     ; 3.3-V LVTTL  ; 0 s                 ; 0 s                 ; 3.46 V                       ; 5.04e-07 V                   ; 3.64 V              ; -0.0201 V           ; 0.391 V                              ; 0.088 V                              ; 2.79e-10 s                  ; 3.95e-10 s                  ; No                         ; Yes                        ; 3.46 V                      ; 5.04e-07 V                  ; 3.64 V             ; -0.0201 V          ; 0.391 V                             ; 0.088 V                             ; 2.79e-10 s                 ; 3.95e-10 s                 ; No                        ; Yes                       ;
; GPIO[16]     ; 3.3-V LVTTL  ; 0 s                 ; 0 s                 ; 3.46 V                       ; 5.04e-07 V                   ; 3.65 V              ; -0.0209 V           ; 0.391 V                              ; 0.09 V                               ; 2.79e-10 s                  ; 3.95e-10 s                  ; No                         ; Yes                        ; 3.46 V                      ; 5.04e-07 V                  ; 3.65 V             ; -0.0209 V          ; 0.391 V                             ; 0.09 V                              ; 2.79e-10 s                 ; 3.95e-10 s                 ; No                        ; Yes                       ;
; GPIO[17]     ; 3.3-V LVTTL  ; 0 s                 ; 0 s                 ; 3.46 V                       ; 5.04e-07 V                   ; 3.64 V              ; -0.0201 V           ; 0.391 V                              ; 0.088 V                              ; 2.79e-10 s                  ; 3.95e-10 s                  ; No                         ; Yes                        ; 3.46 V                      ; 5.04e-07 V                  ; 3.64 V             ; -0.0201 V          ; 0.391 V                             ; 0.088 V                             ; 2.79e-10 s                 ; 3.95e-10 s                 ; No                        ; Yes                       ;
; GPIO[18]     ; 3.3-V LVTTL  ; 0 s                 ; 0 s                 ; 3.46 V                       ; 5.04e-07 V                   ; 3.64 V              ; -0.0201 V           ; 0.391 V                              ; 0.088 V                              ; 2.79e-10 s                  ; 3.95e-10 s                  ; No                         ; Yes                        ; 3.46 V                      ; 5.04e-07 V                  ; 3.64 V             ; -0.0201 V          ; 0.391 V                             ; 0.088 V                             ; 2.79e-10 s                 ; 3.95e-10 s                 ; No                        ; Yes                       ;
; GPIO[19]     ; 3.3-V LVTTL  ; 0 s                 ; 0 s                 ; 3.46 V                       ; 5.04e-07 V                   ; 3.65 V              ; -0.0209 V           ; 0.391 V                              ; 0.09 V                               ; 2.79e-10 s                  ; 3.95e-10 s                  ; No                         ; Yes                        ; 3.46 V                      ; 5.04e-07 V                  ; 3.65 V             ; -0.0209 V          ; 0.391 V                             ; 0.09 V                              ; 2.79e-10 s                 ; 3.95e-10 s                 ; No                        ; Yes                       ;
; GPIO[20]     ; 3.3-V LVTTL  ; 0 s                 ; 0 s                 ; 3.46 V                       ; 5.04e-07 V                   ; 3.65 V              ; -0.0209 V           ; 0.391 V                              ; 0.09 V                               ; 2.79e-10 s                  ; 3.95e-10 s                  ; No                         ; Yes                        ; 3.46 V                      ; 5.04e-07 V                  ; 3.65 V             ; -0.0209 V          ; 0.391 V                             ; 0.09 V                              ; 2.79e-10 s                 ; 3.95e-10 s                 ; No                        ; Yes                       ;
; GPIO[21]     ; 3.3-V LVTTL  ; 0 s                 ; 0 s                 ; 3.46 V                       ; 5.04e-07 V                   ; 3.63 V              ; -0.0264 V           ; 0.468 V                              ; 0.142 V                              ; 3.02e-10 s                  ; 4.42e-10 s                  ; No                         ; Yes                        ; 3.46 V                      ; 5.04e-07 V                  ; 3.63 V             ; -0.0264 V          ; 0.468 V                             ; 0.142 V                             ; 3.02e-10 s                 ; 4.42e-10 s                 ; No                        ; Yes                       ;
; GPIO[22]     ; 3.3-V LVTTL  ; 0 s                 ; 0 s                 ; 3.46 V                       ; 5.04e-07 V                   ; 3.65 V              ; -0.0209 V           ; 0.391 V                              ; 0.09 V                               ; 2.79e-10 s                  ; 3.95e-10 s                  ; No                         ; Yes                        ; 3.46 V                      ; 5.04e-07 V                  ; 3.65 V             ; -0.0209 V          ; 0.391 V                             ; 0.09 V                              ; 2.79e-10 s                 ; 3.95e-10 s                 ; No                        ; Yes                       ;
; GPIO[23]     ; 3.3-V LVTTL  ; 0 s                 ; 0 s                 ; 3.46 V                       ; 5.04e-07 V                   ; 3.64 V              ; -0.0201 V           ; 0.391 V                              ; 0.088 V                              ; 2.79e-10 s                  ; 3.95e-10 s                  ; No                         ; Yes                        ; 3.46 V                      ; 5.04e-07 V                  ; 3.64 V             ; -0.0201 V          ; 0.391 V                             ; 0.088 V                             ; 2.79e-10 s                 ; 3.95e-10 s                 ; No                        ; Yes                       ;
; GPIO[24]     ; 3.3-V LVTTL  ; 0 s                 ; 0 s                 ; 3.46 V                       ; 5.04e-07 V                   ; 3.65 V              ; -0.0209 V           ; 0.391 V                              ; 0.09 V                               ; 2.79e-10 s                  ; 3.95e-10 s                  ; No                         ; Yes                        ; 3.46 V                      ; 5.04e-07 V                  ; 3.65 V             ; -0.0209 V          ; 0.391 V                             ; 0.09 V                              ; 2.79e-10 s                 ; 3.95e-10 s                 ; No                        ; Yes                       ;
; GPIO[25]     ; 3.3-V LVTTL  ; 0 s                 ; 0 s                 ; 3.46 V                       ; 5.04e-07 V                   ; 3.65 V              ; -0.0209 V           ; 0.391 V                              ; 0.09 V                               ; 2.79e-10 s                  ; 3.95e-10 s                  ; No                         ; Yes                        ; 3.46 V                      ; 5.04e-07 V                  ; 3.65 V             ; -0.0209 V          ; 0.391 V                             ; 0.09 V                              ; 2.79e-10 s                 ; 3.95e-10 s                 ; No                        ; Yes                       ;
; GPIO[26]     ; 3.3-V LVTTL  ; 0 s                 ; 0 s                 ; 3.46 V                       ; 5.04e-07 V                   ; 3.63 V              ; -0.0264 V           ; 0.468 V                              ; 0.142 V                              ; 3.02e-10 s                  ; 4.42e-10 s                  ; No                         ; Yes                        ; 3.46 V                      ; 5.04e-07 V                  ; 3.63 V             ; -0.0264 V          ; 0.468 V                             ; 0.142 V                             ; 3.02e-10 s                 ; 4.42e-10 s                 ; No                        ; Yes                       ;
; GPIO[27]     ; 3.3-V LVTTL  ; 0 s                 ; 0 s                 ; 3.46 V                       ; 5.04e-07 V                   ; 3.64 V              ; -0.0201 V           ; 0.391 V                              ; 0.088 V                              ; 2.79e-10 s                  ; 3.95e-10 s                  ; No                         ; Yes                        ; 3.46 V                      ; 5.04e-07 V                  ; 3.64 V             ; -0.0201 V          ; 0.391 V                             ; 0.088 V                             ; 2.79e-10 s                 ; 3.95e-10 s                 ; No                        ; Yes                       ;
; GPIO[28]     ; 3.3-V LVTTL  ; 0 s                 ; 0 s                 ; 3.46 V                       ; 5.04e-07 V                   ; 3.63 V              ; -0.0257 V           ; 0.468 V                              ; 0.138 V                              ; 3.02e-10 s                  ; 4.44e-10 s                  ; No                         ; Yes                        ; 3.46 V                      ; 5.04e-07 V                  ; 3.63 V             ; -0.0257 V          ; 0.468 V                             ; 0.138 V                             ; 3.02e-10 s                 ; 4.44e-10 s                 ; No                        ; Yes                       ;
; GPIO[29]     ; 3.3-V LVTTL  ; 0 s                 ; 0 s                 ; 3.46 V                       ; 5.04e-07 V                   ; 3.65 V              ; -0.0209 V           ; 0.391 V                              ; 0.09 V                               ; 2.79e-10 s                  ; 3.95e-10 s                  ; No                         ; Yes                        ; 3.46 V                      ; 5.04e-07 V                  ; 3.65 V             ; -0.0209 V          ; 0.391 V                             ; 0.09 V                              ; 2.79e-10 s                 ; 3.95e-10 s                 ; No                        ; Yes                       ;
; GPIO[30]     ; 3.3-V LVTTL  ; 0 s                 ; 0 s                 ; 3.46 V                       ; 5.04e-07 V                   ; 3.65 V              ; -0.0209 V           ; 0.391 V                              ; 0.09 V                               ; 2.79e-10 s                  ; 3.95e-10 s                  ; No                         ; Yes                        ; 3.46 V                      ; 5.04e-07 V                  ; 3.65 V             ; -0.0209 V          ; 0.391 V                             ; 0.09 V                              ; 2.79e-10 s                 ; 3.95e-10 s                 ; No                        ; Yes                       ;
; GPIO[31]     ; 3.3-V LVTTL  ; 0 s                 ; 0 s                 ; 3.46 V                       ; 5.04e-07 V                   ; 3.64 V              ; -0.0201 V           ; 0.391 V                              ; 0.088 V                              ; 2.79e-10 s                  ; 3.95e-10 s                  ; No                         ; Yes                        ; 3.46 V                      ; 5.04e-07 V                  ; 3.64 V             ; -0.0201 V          ; 0.391 V                             ; 0.088 V                             ; 2.79e-10 s                 ; 3.95e-10 s                 ; No                        ; Yes                       ;
; GPIO[32]     ; 3.3-V LVTTL  ; 0 s                 ; 0 s                 ; 3.46 V                       ; 5.04e-07 V                   ; 3.64 V              ; -0.0201 V           ; 0.391 V                              ; 0.088 V                              ; 2.79e-10 s                  ; 3.95e-10 s                  ; No                         ; Yes                        ; 3.46 V                      ; 5.04e-07 V                  ; 3.64 V             ; -0.0201 V          ; 0.391 V                             ; 0.088 V                             ; 2.79e-10 s                 ; 3.95e-10 s                 ; No                        ; Yes                       ;
; GPIO[33]     ; 3.3-V LVTTL  ; 0 s                 ; 0 s                 ; 3.46 V                       ; 5.04e-07 V                   ; 3.65 V              ; -0.0209 V           ; 0.391 V                              ; 0.09 V                               ; 2.79e-10 s                  ; 3.95e-10 s                  ; No                         ; Yes                        ; 3.46 V                      ; 5.04e-07 V                  ; 3.65 V             ; -0.0209 V          ; 0.391 V                             ; 0.09 V                              ; 2.79e-10 s                 ; 3.95e-10 s                 ; No                        ; Yes                       ;
; GPIO[34]     ; 3.3-V LVTTL  ; 0 s                 ; 0 s                 ; 3.46 V                       ; 5.04e-07 V                   ; 3.65 V              ; -0.0209 V           ; 0.391 V                              ; 0.09 V                               ; 2.79e-10 s                  ; 3.95e-10 s                  ; No                         ; Yes                        ; 3.46 V                      ; 5.04e-07 V                  ; 3.65 V             ; -0.0209 V          ; 0.391 V                             ; 0.09 V                              ; 2.79e-10 s                 ; 3.95e-10 s                 ; No                        ; Yes                       ;
; GPIO[35]     ; 3.3-V LVTTL  ; 0 s                 ; 0 s                 ; 3.46 V                       ; 5.04e-07 V                   ; 3.64 V              ; -0.0201 V           ; 0.391 V                              ; 0.088 V                              ; 2.79e-10 s                  ; 3.95e-10 s                  ; No                         ; Yes                        ; 3.46 V                      ; 5.04e-07 V                  ; 3.64 V             ; -0.0201 V          ; 0.391 V                             ; 0.088 V                             ; 2.79e-10 s                 ; 3.95e-10 s                 ; No                        ; Yes                       ;
; GPIO[0]      ; 3.3-V LVTTL  ; 0 s                 ; 0 s                 ; 3.46 V                       ; 5.04e-07 V                   ; 3.63 V              ; -0.0264 V           ; 0.468 V                              ; 0.142 V                              ; 3.02e-10 s                  ; 4.42e-10 s                  ; No                         ; Yes                        ; 3.46 V                      ; 5.04e-07 V                  ; 3.63 V             ; -0.0264 V          ; 0.468 V                             ; 0.142 V                             ; 3.02e-10 s                 ; 4.42e-10 s                 ; No                        ; Yes                       ;
; GPIO[1]      ; 3.3-V LVTTL  ; 0 s                 ; 0 s                 ; 3.46 V                       ; 5.04e-07 V                   ; 3.63 V              ; -0.0264 V           ; 0.468 V                              ; 0.142 V                              ; 3.02e-10 s                  ; 4.42e-10 s                  ; No                         ; Yes                        ; 3.46 V                      ; 5.04e-07 V                  ; 3.63 V             ; -0.0264 V          ; 0.468 V                             ; 0.142 V                             ; 3.02e-10 s                 ; 4.42e-10 s                 ; No                        ; Yes                       ;
; ~ALTERA_TDO~ ; 2.5 V        ; 0 s                 ; 0 s                 ; 2.62 V                       ; 1.68e-07 V                   ; 2.73 V              ; -0.0395 V           ; 0.361 V                              ; 0.109 V                              ; 3.11e-10 s                  ; 4.41e-10 s                  ; No                         ; Yes                        ; 2.62 V                      ; 1.68e-07 V                  ; 2.73 V             ; -0.0395 V          ; 0.361 V                             ; 0.109 V                             ; 3.11e-10 s                 ; 4.41e-10 s                 ; No                        ; Yes                       ;
+--------------+--------------+---------------------+---------------------+------------------------------+------------------------------+---------------------+---------------------+--------------------------------------+--------------------------------------+-----------------------------+-----------------------------+----------------------------+----------------------------+-----------------------------+-----------------------------+--------------------+--------------------+-------------------------------------+-------------------------------------+----------------------------+----------------------------+---------------------------+---------------------------+


+----------------------------------------------------------------------------------------------------------------------------------------------------+
; Setup Transfers                                                                                                                                    ;
+---------------------------------------------------+---------------------------------------------------+-----------+----------+----------+----------+
; From Clock                                        ; To Clock                                          ; RR Paths  ; FR Paths ; RF Paths ; FF Paths ;
+---------------------------------------------------+---------------------------------------------------+-----------+----------+----------+----------+
; MAX10_CLK1_50                                     ; MAX10_CLK1_50                                     ; 275058103 ; 0        ; 0        ; 0        ;
; PLLTX|altpll_component|auto_generated|pll1|clk[1] ; MAX10_CLK1_50                                     ; 18        ; 0        ; 0        ; 0        ;
; PLLTX|altpll_component|auto_generated|pll1|clk[0] ; PLLTX|altpll_component|auto_generated|pll1|clk[0] ; 6001      ; 0        ; 0        ; 0        ;
; PLLTX|altpll_component|auto_generated|pll1|clk[1] ; PLLTX|altpll_component|auto_generated|pll1|clk[0] ; 4         ; 0        ; 0        ; 0        ;
; MAX10_CLK1_50                                     ; PLLTX|altpll_component|auto_generated|pll1|clk[1] ; 18        ; 0        ; 0        ; 0        ;
; PLLTX|altpll_component|auto_generated|pll1|clk[0] ; PLLTX|altpll_component|auto_generated|pll1|clk[1] ; 4         ; 0        ; 0        ; 0        ;
; PLLTX|altpll_component|auto_generated|pll1|clk[1] ; PLLTX|altpll_component|auto_generated|pll1|clk[1] ; 5622      ; 0        ; 0        ; 0        ;
+---------------------------------------------------+---------------------------------------------------+-----------+----------+----------+----------+
Entries labeled "false path" only account for clock-to-clock false paths and not path-based false paths. As a result, actual path counts may be lower than reported.


+----------------------------------------------------------------------------------------------------------------------------------------------------+
; Hold Transfers                                                                                                                                     ;
+---------------------------------------------------+---------------------------------------------------+-----------+----------+----------+----------+
; From Clock                                        ; To Clock                                          ; RR Paths  ; FR Paths ; RF Paths ; FF Paths ;
+---------------------------------------------------+---------------------------------------------------+-----------+----------+----------+----------+
; MAX10_CLK1_50                                     ; MAX10_CLK1_50                                     ; 275058103 ; 0        ; 0        ; 0        ;
; PLLTX|altpll_component|auto_generated|pll1|clk[1] ; MAX10_CLK1_50                                     ; 18        ; 0        ; 0        ; 0        ;
; PLLTX|altpll_component|auto_generated|pll1|clk[0] ; PLLTX|altpll_component|auto_generated|pll1|clk[0] ; 6001      ; 0        ; 0        ; 0        ;
; PLLTX|altpll_component|auto_generated|pll1|clk[1] ; PLLTX|altpll_component|auto_generated|pll1|clk[0] ; 4         ; 0        ; 0        ; 0        ;
; MAX10_CLK1_50                                     ; PLLTX|altpll_component|auto_generated|pll1|clk[1] ; 18        ; 0        ; 0        ; 0        ;
; PLLTX|altpll_component|auto_generated|pll1|clk[0] ; PLLTX|altpll_component|auto_generated|pll1|clk[1] ; 4         ; 0        ; 0        ; 0        ;
; PLLTX|altpll_component|auto_generated|pll1|clk[1] ; PLLTX|altpll_component|auto_generated|pll1|clk[1] ; 5622      ; 0        ; 0        ; 0        ;
+---------------------------------------------------+---------------------------------------------------+-----------+----------+----------+----------+
Entries labeled "false path" only account for clock-to-clock false paths and not path-based false paths. As a result, actual path counts may be lower than reported.


+---------------------------------------------------------------------------+
; Recovery Transfers                                                        ;
+---------------+---------------+----------+----------+----------+----------+
; From Clock    ; To Clock      ; RR Paths ; FR Paths ; RF Paths ; FF Paths ;
+---------------+---------------+----------+----------+----------+----------+
; MAX10_CLK1_50 ; MAX10_CLK1_50 ; 224      ; 0        ; 0        ; 0        ;
+---------------+---------------+----------+----------+----------+----------+
Entries labeled "false path" only account for clock-to-clock false paths and not path-based false paths. As a result, actual path counts may be lower than reported.


+---------------------------------------------------------------------------+
; Removal Transfers                                                         ;
+---------------+---------------+----------+----------+----------+----------+
; From Clock    ; To Clock      ; RR Paths ; FR Paths ; RF Paths ; FF Paths ;
+---------------+---------------+----------+----------+----------+----------+
; MAX10_CLK1_50 ; MAX10_CLK1_50 ; 224      ; 0        ; 0        ; 0        ;
+---------------+---------------+----------+----------+----------+----------+
Entries labeled "false path" only account for clock-to-clock false paths and not path-based false paths. As a result, actual path counts may be lower than reported.


---------------
; Report TCCS ;
---------------
No dedicated SERDES Transmitter circuitry present in device or used in design


---------------
; Report RSKM ;
---------------
No non-DPA dedicated SERDES Receiver circuitry present in device or used in design


+------------------------------------------------+
; Unconstrained Paths Summary                    ;
+---------------------------------+-------+------+
; Property                        ; Setup ; Hold ;
+---------------------------------+-------+------+
; Illegal Clocks                  ; 0     ; 0    ;
; Unconstrained Clocks            ; 0     ; 0    ;
; Unconstrained Input Ports       ; 2     ; 2    ;
; Unconstrained Input Port Paths  ; 667   ; 667  ;
; Unconstrained Output Ports      ; 43    ; 43   ;
; Unconstrained Output Port Paths ; 169   ; 169  ;
+---------------------------------+-------+------+


+---------------------------------------------------------------------------------------------------------------------------------+
; Clock Status Summary                                                                                                            ;
+---------------------------------------------------+---------------------------------------------------+-----------+-------------+
; Target                                            ; Clock                                             ; Type      ; Status      ;
+---------------------------------------------------+---------------------------------------------------+-----------+-------------+
; ADC_CLK_10                                        ; ADC_CLK_10                                        ; Base      ; Constrained ;
; MAX10_CLK1_50                                     ; MAX10_CLK1_50                                     ; Base      ; Constrained ;
; MAX10_CLK2_50                                     ; MAX10_CLK2_50                                     ; Base      ; Constrained ;
; PLLTX|altpll_component|auto_generated|pll1|clk[0] ; PLLTX|altpll_component|auto_generated|pll1|clk[0] ; Generated ; Constrained ;
; PLLTX|altpll_component|auto_generated|pll1|clk[1] ; PLLTX|altpll_component|auto_generated|pll1|clk[1] ; Generated ; Constrained ;
+---------------------------------------------------+---------------------------------------------------+-----------+-------------+


+---------------------------------------------------------------------------------------------------+
; Unconstrained Input Ports                                                                         ;
+------------+--------------------------------------------------------------------------------------+
; Input Port ; Comment                                                                              ;
+------------+--------------------------------------------------------------------------------------+
; GPIO[0]    ; No input delay, min/max delays, false-path exceptions, or max skew assignments found ;
; KEY[0]     ; No input delay, min/max delays, false-path exceptions, or max skew assignments found ;
+------------+--------------------------------------------------------------------------------------+


+-----------------------------------------------------------------------------------------------------+
; Unconstrained Output Ports                                                                          ;
+-------------+---------------------------------------------------------------------------------------+
; Output Port ; Comment                                                                               ;
+-------------+---------------------------------------------------------------------------------------+
; GPIO[1]     ; No output delay, min/max delays, false-path exceptions, or max skew assignments found ;
; HEX0[0]     ; No output delay, min/max delays, false-path exceptions, or max skew assignments found ;
; HEX0[1]     ; No output delay, min/max delays, false-path exceptions, or max skew assignments found ;
; HEX0[2]     ; No output delay, min/max delays, false-path exceptions, or max skew assignments found ;
; HEX0[3]     ; No output delay, min/max delays, false-path exceptions, or max skew assignments found ;
; HEX0[4]     ; No output delay, min/max delays, false-path exceptions, or max skew assignments found ;
; HEX0[5]     ; No output delay, min/max delays, false-path exceptions, or max skew assignments found ;
; HEX0[6]     ; No output delay, min/max delays, false-path exceptions, or max skew assignments found ;
; HEX1[0]     ; No output delay, min/max delays, false-path exceptions, or max skew assignments found ;
; HEX1[1]     ; No output delay, min/max delays, false-path exceptions, or max skew assignments found ;
; HEX1[2]     ; No output delay, min/max delays, false-path exceptions, or max skew assignments found ;
; HEX1[3]     ; No output delay, min/max delays, false-path exceptions, or max skew assignments found ;
; HEX1[4]     ; No output delay, min/max delays, false-path exceptions, or max skew assignments found ;
; HEX1[5]     ; No output delay, min/max delays, false-path exceptions, or max skew assignments found ;
; HEX1[6]     ; No output delay, min/max delays, false-path exceptions, or max skew assignments found ;
; HEX2[0]     ; No output delay, min/max delays, false-path exceptions, or max skew assignments found ;
; HEX2[1]     ; No output delay, min/max delays, false-path exceptions, or max skew assignments found ;
; HEX2[2]     ; No output delay, min/max delays, false-path exceptions, or max skew assignments found ;
; HEX2[3]     ; No output delay, min/max delays, false-path exceptions, or max skew assignments found ;
; HEX2[4]     ; No output delay, min/max delays, false-path exceptions, or max skew assignments found ;
; HEX2[5]     ; No output delay, min/max delays, false-path exceptions, or max skew assignments found ;
; HEX2[6]     ; No output delay, min/max delays, false-path exceptions, or max skew assignments found ;
; HEX3[0]     ; No output delay, min/max delays, false-path exceptions, or max skew assignments found ;
; HEX3[1]     ; No output delay, min/max delays, false-path exceptions, or max skew assignments found ;
; HEX3[2]     ; No output delay, min/max delays, false-path exceptions, or max skew assignments found ;
; HEX3[3]     ; No output delay, min/max delays, false-path exceptions, or max skew assignments found ;
; HEX3[4]     ; No output delay, min/max delays, false-path exceptions, or max skew assignments found ;
; HEX3[5]     ; No output delay, min/max delays, false-path exceptions, or max skew assignments found ;
; HEX3[6]     ; No output delay, min/max delays, false-path exceptions, or max skew assignments found ;
; HEX4[0]     ; No output delay, min/max delays, false-path exceptions, or max skew assignments found ;
; HEX4[1]     ; No output delay, min/max delays, false-path exceptions, or max skew assignments found ;
; HEX4[2]     ; No output delay, min/max delays, false-path exceptions, or max skew assignments found ;
; HEX4[3]     ; No output delay, min/max delays, false-path exceptions, or max skew assignments found ;
; HEX4[4]     ; No output delay, min/max delays, false-path exceptions, or max skew assignments found ;
; HEX4[5]     ; No output delay, min/max delays, false-path exceptions, or max skew assignments found ;
; HEX4[6]     ; No output delay, min/max delays, false-path exceptions, or max skew assignments found ;
; HEX5[0]     ; No output delay, min/max delays, false-path exceptions, or max skew assignments found ;
; HEX5[1]     ; No output delay, min/max delays, false-path exceptions, or max skew assignments found ;
; HEX5[2]     ; No output delay, min/max delays, false-path exceptions, or max skew assignments found ;
; HEX5[3]     ; No output delay, min/max delays, false-path exceptions, or max skew assignments found ;
; HEX5[4]     ; No output delay, min/max delays, false-path exceptions, or max skew assignments found ;
; HEX5[5]     ; No output delay, min/max delays, false-path exceptions, or max skew assignments found ;
; HEX5[6]     ; No output delay, min/max delays, false-path exceptions, or max skew assignments found ;
+-------------+---------------------------------------------------------------------------------------+


+---------------------------------------------------------------------------------------------------+
; Unconstrained Input Ports                                                                         ;
+------------+--------------------------------------------------------------------------------------+
; Input Port ; Comment                                                                              ;
+------------+--------------------------------------------------------------------------------------+
; GPIO[0]    ; No input delay, min/max delays, false-path exceptions, or max skew assignments found ;
; KEY[0]     ; No input delay, min/max delays, false-path exceptions, or max skew assignments found ;
+------------+--------------------------------------------------------------------------------------+


+-----------------------------------------------------------------------------------------------------+
; Unconstrained Output Ports                                                                          ;
+-------------+---------------------------------------------------------------------------------------+
; Output Port ; Comment                                                                               ;
+-------------+---------------------------------------------------------------------------------------+
; GPIO[1]     ; No output delay, min/max delays, false-path exceptions, or max skew assignments found ;
; HEX0[0]     ; No output delay, min/max delays, false-path exceptions, or max skew assignments found ;
; HEX0[1]     ; No output delay, min/max delays, false-path exceptions, or max skew assignments found ;
; HEX0[2]     ; No output delay, min/max delays, false-path exceptions, or max skew assignments found ;
; HEX0[3]     ; No output delay, min/max delays, false-path exceptions, or max skew assignments found ;
; HEX0[4]     ; No output delay, min/max delays, false-path exceptions, or max skew assignments found ;
; HEX0[5]     ; No output delay, min/max delays, false-path exceptions, or max skew assignments found ;
; HEX0[6]     ; No output delay, min/max delays, false-path exceptions, or max skew assignments found ;
; HEX1[0]     ; No output delay, min/max delays, false-path exceptions, or max skew assignments found ;
; HEX1[1]     ; No output delay, min/max delays, false-path exceptions, or max skew assignments found ;
; HEX1[2]     ; No output delay, min/max delays, false-path exceptions, or max skew assignments found ;
; HEX1[3]     ; No output delay, min/max delays, false-path exceptions, or max skew assignments found ;
; HEX1[4]     ; No output delay, min/max delays, false-path exceptions, or max skew assignments found ;
; HEX1[5]     ; No output delay, min/max delays, false-path exceptions, or max skew assignments found ;
; HEX1[6]     ; No output delay, min/max delays, false-path exceptions, or max skew assignments found ;
; HEX2[0]     ; No output delay, min/max delays, false-path exceptions, or max skew assignments found ;
; HEX2[1]     ; No output delay, min/max delays, false-path exceptions, or max skew assignments found ;
; HEX2[2]     ; No output delay, min/max delays, false-path exceptions, or max skew assignments found ;
; HEX2[3]     ; No output delay, min/max delays, false-path exceptions, or max skew assignments found ;
; HEX2[4]     ; No output delay, min/max delays, false-path exceptions, or max skew assignments found ;
; HEX2[5]     ; No output delay, min/max delays, false-path exceptions, or max skew assignments found ;
; HEX2[6]     ; No output delay, min/max delays, false-path exceptions, or max skew assignments found ;
; HEX3[0]     ; No output delay, min/max delays, false-path exceptions, or max skew assignments found ;
; HEX3[1]     ; No output delay, min/max delays, false-path exceptions, or max skew assignments found ;
; HEX3[2]     ; No output delay, min/max delays, false-path exceptions, or max skew assignments found ;
; HEX3[3]     ; No output delay, min/max delays, false-path exceptions, or max skew assignments found ;
; HEX3[4]     ; No output delay, min/max delays, false-path exceptions, or max skew assignments found ;
; HEX3[5]     ; No output delay, min/max delays, false-path exceptions, or max skew assignments found ;
; HEX3[6]     ; No output delay, min/max delays, false-path exceptions, or max skew assignments found ;
; HEX4[0]     ; No output delay, min/max delays, false-path exceptions, or max skew assignments found ;
; HEX4[1]     ; No output delay, min/max delays, false-path exceptions, or max skew assignments found ;
; HEX4[2]     ; No output delay, min/max delays, false-path exceptions, or max skew assignments found ;
; HEX4[3]     ; No output delay, min/max delays, false-path exceptions, or max skew assignments found ;
; HEX4[4]     ; No output delay, min/max delays, false-path exceptions, or max skew assignments found ;
; HEX4[5]     ; No output delay, min/max delays, false-path exceptions, or max skew assignments found ;
; HEX4[6]     ; No output delay, min/max delays, false-path exceptions, or max skew assignments found ;
; HEX5[0]     ; No output delay, min/max delays, false-path exceptions, or max skew assignments found ;
; HEX5[1]     ; No output delay, min/max delays, false-path exceptions, or max skew assignments found ;
; HEX5[2]     ; No output delay, min/max delays, false-path exceptions, or max skew assignments found ;
; HEX5[3]     ; No output delay, min/max delays, false-path exceptions, or max skew assignments found ;
; HEX5[4]     ; No output delay, min/max delays, false-path exceptions, or max skew assignments found ;
; HEX5[5]     ; No output delay, min/max delays, false-path exceptions, or max skew assignments found ;
; HEX5[6]     ; No output delay, min/max delays, false-path exceptions, or max skew assignments found ;
+-------------+---------------------------------------------------------------------------------------+


+--------------------------+
; Timing Analyzer Messages ;
+--------------------------+
Info: *******************************************************************
Info: Running Quartus Prime Timing Analyzer
    Info: Version 24.1std.0 Build 1077 03/04/2025 SC Lite Edition
<<<<<<< HEAD
    Info: Processing started: Wed Apr  1 14:18:27 2026
=======
    Info: Processing started: Tue Mar 31 14:19:08 2026
>>>>>>> cb7296a231ed397e0e172a6dbf7fecf71a298f66
Info: Command: quartus_sta DLX -c DLX
Info: qsta_default_script.tcl version: #1
Warning (18236): Number of processors has not been specified which may cause overloading on shared machines.  Set the global assignment NUM_PARALLEL_PROCESSORS in your QSF to an appropriate value for best performance.
Info (20030): Parallel compilation is enabled and will use 14 of the 14 processors detected
Info (21077): Low junction temperature is 0 degrees C
Info (21077): High junction temperature is 85 degrees C
Info (332164): Evaluating HDL-embedded SDC commands
    Info (332165): Entity dcfifo_14e1
        Info (332166): set_false_path -from *rdptr_g* -to *ws_dgrp|dffpipe_uu8:dffpipe13|dffe14a* 
        Info (332166): set_false_path -from *delayed_wrptr_g* -to *rs_dgwp|dffpipe_tu8:dffpipe10|dffe11a* 
    Info (332165): Entity dcfifo_f1f1
        Info (332166): set_false_path -from *rdptr_g* -to *ws_dgrp|dffpipe_3v8:dffpipe16|dffe17a* 
        Info (332166): set_false_path -from *delayed_wrptr_g* -to *rs_dgwp|dffpipe_2v8:dffpipe12|dffe13a* 
    Info (332165): Entity dcfifo_u7e1
        Info (332166): set_false_path -from *rdptr_g* -to *ws_dgrp|dffpipe_5v8:dffpipe8|dffe9a* 
        Info (332166): set_false_path -from *delayed_wrptr_g* -to *rs_dgwp|dffpipe_4v8:dffpipe5|dffe6a* 
Info (332104): Reading SDC File: 'DLX.sdc'
Info (332110): Deriving PLL clocks
    Info (332110): create_generated_clock -source {PLLTX|altpll_component|auto_generated|pll1|inclk[0]} -divide_by 3852 -multiply_by 71 -duty_cycle 50.00 -name {PLLTX|altpll_component|auto_generated|pll1|clk[0]} {PLLTX|altpll_component|auto_generated|pll1|clk[0]}
    Info (332110): create_generated_clock -source {PLLTX|altpll_component|auto_generated|pll1|inclk[0]} -divide_by 30816 -multiply_by 71 -duty_cycle 50.00 -name {PLLTX|altpll_component|auto_generated|pll1|clk[1]} {PLLTX|altpll_component|auto_generated|pll1|clk[1]}
Info (332151): Clock uncertainty is not calculated until you update the timing netlist.
Info (332123): Deriving Clock Uncertainty. Please refer to report_sdc in the Timing Analyzer to see clock uncertainties.
Info: Found TIMING_ANALYZER_REPORT_SCRIPT_INCLUDE_DEFAULT_ANALYSIS = ON
Info: Analyzing Slow 1200mV 85C Model
Info: Can't run Report Timing Closure Recommendations. The current device family is not supported.
<<<<<<< HEAD
Info (332146): Worst-case setup slack is 0.017
    Info (332119):     Slack       End Point TNS Clock 
    Info (332119): ========= =================== =====================
    Info (332119):     0.017               0.000 MAX10_CLK1_50 
    Info (332119):  1077.484               0.000 PLLTX|altpll_component|auto_generated|pll1|clk[0] 
    Info (332119):  8674.849               0.000 PLLTX|altpll_component|auto_generated|pll1|clk[1] 
Info (332146): Worst-case hold slack is 0.240
    Info (332119):     Slack       End Point TNS Clock 
    Info (332119): ========= =================== =====================
    Info (332119):     0.240               0.000 MAX10_CLK1_50 
    Info (332119):     0.319               0.000 PLLTX|altpll_component|auto_generated|pll1|clk[1] 
    Info (332119):     0.321               0.000 PLLTX|altpll_component|auto_generated|pll1|clk[0] 
Info (332146): Worst-case recovery slack is 15.573
    Info (332119):     Slack       End Point TNS Clock 
    Info (332119): ========= =================== =====================
    Info (332119):    15.573               0.000 MAX10_CLK1_50 
Info (332146): Worst-case removal slack is 3.777
    Info (332119):     Slack       End Point TNS Clock 
    Info (332119): ========= =================== =====================
    Info (332119):     3.777               0.000 MAX10_CLK1_50 
Info (332146): Worst-case minimum pulse width slack is 9.505
=======
Critical Warning (332148): Timing requirements not met
Info (332146): Worst-case setup slack is -16.089
    Info (332119):     Slack       End Point TNS Clock 
    Info (332119): ========= =================== =====================
    Info (332119):   -16.089           -1270.307 MAX10_CLK1_50 
    Info (332119):    41.149               0.000 altera_reserved_tck 
    Info (332119):  1079.166               0.000 PLLTX|altpll_component|auto_generated|pll1|clk[0] 
    Info (332119):  8673.513               0.000 PLLTX|altpll_component|auto_generated|pll1|clk[1] 
Info (332146): Worst-case hold slack is -3.762
    Info (332119):     Slack       End Point TNS Clock 
    Info (332119): ========= =================== =====================
    Info (332119):    -3.762              -7.523 MAX10_CLK1_50 
    Info (332119):     0.309               0.000 PLLTX|altpll_component|auto_generated|pll1|clk[1] 
    Info (332119):     0.325               0.000 altera_reserved_tck 
    Info (332119):     0.390               0.000 PLLTX|altpll_component|auto_generated|pll1|clk[0] 
Info (332146): Worst-case recovery slack is 13.852
    Info (332119):     Slack       End Point TNS Clock 
    Info (332119): ========= =================== =====================
    Info (332119):    13.852               0.000 MAX10_CLK1_50 
    Info (332119):    95.028               0.000 altera_reserved_tck 
Info (332146): Worst-case removal slack is 0.903
    Info (332119):     Slack       End Point TNS Clock 
    Info (332119): ========= =================== =====================
    Info (332119):     0.903               0.000 altera_reserved_tck 
    Info (332119):     5.523               0.000 MAX10_CLK1_50 
Info (332146): Worst-case minimum pulse width slack is 9.489
    Info (332119):     Slack       End Point TNS Clock 
    Info (332119): ========= =================== =====================
    Info (332119):     9.489               0.000 MAX10_CLK1_50 
    Info (332119):    16.000               0.000 MAX10_CLK2_50 
    Info (332119):    49.524               0.000 altera_reserved_tck 
    Info (332119):    96.000               0.000 ADC_CLK_10 
    Info (332119):   542.219               0.000 PLLTX|altpll_component|auto_generated|pll1|clk[0] 
    Info (332119):  4339.964               0.000 PLLTX|altpll_component|auto_generated|pll1|clk[1] 
Info (332114): Report Metastability: Found 76 synchronizer chains.
    Info (332114): Design MTBF is not calculated because the design doesn't meet its timing requirements.
Info: Analyzing Slow 1200mV 0C Model
Info (334003): Started post-fitting delay annotation
Info (334004): Delay annotation completed successfully
Info (332097): The following timing edges are non-unate.  The Timing Analyzer will assume pos-unate behavior for these edges in the clock network.
    Info (332098): Cell: altera_internal_jtag  from: tck  to: tckutap
Info (332123): Deriving Clock Uncertainty. Please refer to report_sdc in the Timing Analyzer to see clock uncertainties.
Critical Warning (332148): Timing requirements not met
Info (332146): Worst-case setup slack is -12.652
    Info (332119):     Slack       End Point TNS Clock 
    Info (332119): ========= =================== =====================
    Info (332119):   -12.652            -763.619 MAX10_CLK1_50 
    Info (332119):    41.905               0.000 altera_reserved_tck 
    Info (332119):  1079.609               0.000 PLLTX|altpll_component|auto_generated|pll1|clk[0] 
    Info (332119):  8673.999               0.000 PLLTX|altpll_component|auto_generated|pll1|clk[1] 
Info (332146): Worst-case hold slack is -3.244
    Info (332119):     Slack       End Point TNS Clock 
    Info (332119): ========= =================== =====================
    Info (332119):    -3.244              -6.486 MAX10_CLK1_50 
    Info (332119):     0.266               0.000 PLLTX|altpll_component|auto_generated|pll1|clk[1] 
    Info (332119):     0.305               0.000 altera_reserved_tck 
    Info (332119):     0.340               0.000 PLLTX|altpll_component|auto_generated|pll1|clk[0] 
Info (332146): Worst-case recovery slack is 14.338
    Info (332119):     Slack       End Point TNS Clock 
    Info (332119): ========= =================== =====================
    Info (332119):    14.338               0.000 MAX10_CLK1_50 
    Info (332119):    95.485               0.000 altera_reserved_tck 
Info (332146): Worst-case removal slack is 0.827
    Info (332119):     Slack       End Point TNS Clock 
    Info (332119): ========= =================== =====================
    Info (332119):     0.827               0.000 altera_reserved_tck 
    Info (332119):     4.946               0.000 MAX10_CLK1_50 
Info (332146): Worst-case minimum pulse width slack is 9.504
>>>>>>> cb7296a231ed397e0e172a6dbf7fecf71a298f66
    Info (332119):     Slack       End Point TNS Clock 
    Info (332119): ========= =================== =====================
    Info (332119):     9.504               0.000 MAX10_CLK1_50 
    Info (332119):    16.000               0.000 MAX10_CLK2_50 
    Info (332119):    96.000               0.000 ADC_CLK_10 
<<<<<<< HEAD
    Info (332119):   542.218               0.000 PLLTX|altpll_component|auto_generated|pll1|clk[0] 
    Info (332119):  4339.964               0.000 PLLTX|altpll_component|auto_generated|pll1|clk[1] 
Info (332114): Report Metastability: Found 44 synchronizer chains.
=======
    Info (332119):   542.227               0.000 PLLTX|altpll_component|auto_generated|pll1|clk[0] 
    Info (332119):  4339.976               0.000 PLLTX|altpll_component|auto_generated|pll1|clk[1] 
Info (332114): Report Metastability: Found 76 synchronizer chains.
    Info (332114): Design MTBF is not calculated because the design doesn't meet its timing requirements.
Info: Analyzing Fast 1200mV 0C Model
Info (332097): The following timing edges are non-unate.  The Timing Analyzer will assume pos-unate behavior for these edges in the clock network.
    Info (332098): Cell: altera_internal_jtag  from: tck  to: tckutap
Info (332123): Deriving Clock Uncertainty. Please refer to report_sdc in the Timing Analyzer to see clock uncertainties.
Critical Warning (332148): Timing requirements not met
Info (332146): Worst-case setup slack is -2.121
    Info (332119):     Slack       End Point TNS Clock 
    Info (332119): ========= =================== =====================
    Info (332119):    -2.121             -36.325 MAX10_CLK1_50 
    Info (332119):    46.368               0.000 altera_reserved_tck 
    Info (332119):  1082.588               0.000 PLLTX|altpll_component|auto_generated|pll1|clk[0] 
    Info (332119):  8677.497               0.000 PLLTX|altpll_component|auto_generated|pll1|clk[1] 
Info (332146): Worst-case hold slack is -1.806
    Info (332119):     Slack       End Point TNS Clock 
    Info (332119): ========= =================== =====================
    Info (332119):    -1.806              -3.610 MAX10_CLK1_50 
    Info (332119):     0.129               0.000 altera_reserved_tck 
    Info (332119):     0.146               0.000 PLLTX|altpll_component|auto_generated|pll1|clk[1] 
    Info (332119):     0.180               0.000 PLLTX|altpll_component|auto_generated|pll1|clk[0] 
Info (332146): Worst-case recovery slack is 16.921
    Info (332119):     Slack       End Point TNS Clock 
    Info (332119): ========= =================== =====================
    Info (332119):    16.921               0.000 MAX10_CLK1_50 
    Info (332119):    97.471               0.000 altera_reserved_tck 
Info (332146): Worst-case removal slack is 0.403
    Info (332119):     Slack       End Point TNS Clock 
    Info (332119): ========= =================== =====================
    Info (332119):     0.403               0.000 altera_reserved_tck 
    Info (332119):     2.548               0.000 MAX10_CLK1_50 
Info (332146): Worst-case minimum pulse width slack is 9.263
    Info (332119):     Slack       End Point TNS Clock 
    Info (332119): ========= =================== =====================
    Info (332119):     9.263               0.000 MAX10_CLK1_50 
    Info (332119):    16.000               0.000 MAX10_CLK2_50 
    Info (332119):    49.386               0.000 altera_reserved_tck 
    Info (332119):    96.000               0.000 ADC_CLK_10 
    Info (332119):   542.256               0.000 PLLTX|altpll_component|auto_generated|pll1|clk[0] 
    Info (332119):  4340.003               0.000 PLLTX|altpll_component|auto_generated|pll1|clk[1] 
Info (332114): Report Metastability: Found 76 synchronizer chains.
>>>>>>> cb7296a231ed397e0e172a6dbf7fecf71a298f66
    Info (332114): Worst-Case MTBF of Design is 1e+09 years or 3.15e+16 seconds.
    Info (332114): Typical MTBF of Design is 1e+09 years or 3.15e+16 seconds.

    Info (332114): Number of Synchronizer Chains Found: 44
    Info (332114): Shortest Synchronizer Chain: 2 Registers
<<<<<<< HEAD
    Info (332114): Fraction of Chains for which MTBFs Could Not be Calculated: 0.000
    Info (332114): Worst Case Available Settling Time: 32.944 ns
    Info (332114): 
    Info (332114): Worst-Case MTBF values are calculated based on the worst-case silicon characteristics, with worst-case operating conditions.
    Info (332114):   - Under worst-case conditions, an increase of 100ps in available settling time will increase MTBF values by a factor of 1.8
    Info (332114): Typical MTBF values are calculated based on the nominal silicon characteristics, at nominal operating conditions.
    Info (332114):   - Under typical conditions, an increase of 100ps in available settling time will increase MTBF values by a factor of 3.7
Info: Analyzing Slow 1200mV 0C Model
Info (334003): Started post-fitting delay annotation
Info (334004): Delay annotation completed successfully
Info (332123): Deriving Clock Uncertainty. Please refer to report_sdc in the Timing Analyzer to see clock uncertainties.
Info (332146): Worst-case setup slack is 1.890
    Info (332119):     Slack       End Point TNS Clock 
    Info (332119): ========= =================== =====================
    Info (332119):     1.890               0.000 MAX10_CLK1_50 
    Info (332119):  1077.955               0.000 PLLTX|altpll_component|auto_generated|pll1|clk[0] 
    Info (332119):  8675.284               0.000 PLLTX|altpll_component|auto_generated|pll1|clk[1] 
Info (332146): Worst-case hold slack is 0.231
    Info (332119):     Slack       End Point TNS Clock 
    Info (332119): ========= =================== =====================
    Info (332119):     0.231               0.000 MAX10_CLK1_50 
    Info (332119):     0.276               0.000 PLLTX|altpll_component|auto_generated|pll1|clk[1] 
    Info (332119):     0.279               0.000 PLLTX|altpll_component|auto_generated|pll1|clk[0] 
Info (332146): Worst-case recovery slack is 16.000
    Info (332119):     Slack       End Point TNS Clock 
    Info (332119): ========= =================== =====================
    Info (332119):    16.000               0.000 MAX10_CLK1_50 
Info (332146): Worst-case removal slack is 3.443
    Info (332119):     Slack       End Point TNS Clock 
    Info (332119): ========= =================== =====================
    Info (332119):     3.443               0.000 MAX10_CLK1_50 
Info (332146): Worst-case minimum pulse width slack is 9.513
    Info (332119):     Slack       End Point TNS Clock 
    Info (332119): ========= =================== =====================
    Info (332119):     9.513               0.000 MAX10_CLK1_50 
    Info (332119):    16.000               0.000 MAX10_CLK2_50 
    Info (332119):    96.000               0.000 ADC_CLK_10 
    Info (332119):   542.228               0.000 PLLTX|altpll_component|auto_generated|pll1|clk[0] 
    Info (332119):  4339.976               0.000 PLLTX|altpll_component|auto_generated|pll1|clk[1] 
Info (332114): Report Metastability: Found 44 synchronizer chains.
    Info (332114): Worst-Case MTBF of Design is 1e+09 years or 3.15e+16 seconds.
    Info (332114): Typical MTBF of Design is 1e+09 years or 3.15e+16 seconds.

    Info (332114): Number of Synchronizer Chains Found: 44
    Info (332114): Shortest Synchronizer Chain: 2 Registers
    Info (332114): Fraction of Chains for which MTBFs Could Not be Calculated: 0.000
    Info (332114): Worst Case Available Settling Time: 33.442 ns
    Info (332114): 
    Info (332114): Worst-Case MTBF values are calculated based on the worst-case silicon characteristics, with worst-case operating conditions.
    Info (332114):   - Under worst-case conditions, an increase of 100ps in available settling time will increase MTBF values by a factor of 1.8
    Info (332114): Typical MTBF values are calculated based on the nominal silicon characteristics, at nominal operating conditions.
    Info (332114):   - Under typical conditions, an increase of 100ps in available settling time will increase MTBF values by a factor of 3.7
Info: Analyzing Fast 1200mV 0C Model
Info (332123): Deriving Clock Uncertainty. Please refer to report_sdc in the Timing Analyzer to see clock uncertainties.
Info (332146): Worst-case setup slack is 11.833
    Info (332119):     Slack       End Point TNS Clock 
    Info (332119): ========= =================== =====================
    Info (332119):    11.833               0.000 MAX10_CLK1_50 
    Info (332119):  1081.729               0.000 PLLTX|altpll_component|auto_generated|pll1|clk[0] 
    Info (332119):  8678.128               0.000 PLLTX|altpll_component|auto_generated|pll1|clk[1] 
Info (332146): Worst-case hold slack is 0.095
    Info (332119):     Slack       End Point TNS Clock 
    Info (332119): ========= =================== =====================
    Info (332119):     0.095               0.000 MAX10_CLK1_50 
    Info (332119):     0.151               0.000 PLLTX|altpll_component|auto_generated|pll1|clk[1] 
    Info (332119):     0.154               0.000 PLLTX|altpll_component|auto_generated|pll1|clk[0] 
Info (332146): Worst-case recovery slack is 17.772
    Info (332119):     Slack       End Point TNS Clock 
    Info (332119): ========= =================== =====================
    Info (332119):    17.772               0.000 MAX10_CLK1_50 
Info (332146): Worst-case removal slack is 1.818
    Info (332119):     Slack       End Point TNS Clock 
    Info (332119): ========= =================== =====================
    Info (332119):     1.818               0.000 MAX10_CLK1_50 
Info (332146): Worst-case minimum pulse width slack is 9.268
    Info (332119):     Slack       End Point TNS Clock 
    Info (332119): ========= =================== =====================
    Info (332119):     9.268               0.000 MAX10_CLK1_50 
    Info (332119):    16.000               0.000 MAX10_CLK2_50 
    Info (332119):    96.000               0.000 ADC_CLK_10 
    Info (332119):   542.255               0.000 PLLTX|altpll_component|auto_generated|pll1|clk[0] 
    Info (332119):  4340.003               0.000 PLLTX|altpll_component|auto_generated|pll1|clk[1] 
Info (332114): Report Metastability: Found 44 synchronizer chains.
    Info (332114): Worst-Case MTBF of Design is 1e+09 years or 3.15e+16 seconds.
    Info (332114): Typical MTBF of Design is 1e+09 years or 3.15e+16 seconds.

    Info (332114): Number of Synchronizer Chains Found: 44
    Info (332114): Shortest Synchronizer Chain: 2 Registers
    Info (332114): Fraction of Chains for which MTBFs Could Not be Calculated: 0.000
    Info (332114): Worst Case Available Settling Time: 36.810 ns
=======
    Info (332114): Fraction of Chains for which MTBFs Could Not be Calculated: 0.421
    Info (332114): Worst Case Available Settling Time: 19.061 ns
>>>>>>> cb7296a231ed397e0e172a6dbf7fecf71a298f66
    Info (332114): 
    Info (332114): Worst-Case MTBF values are calculated based on the worst-case silicon characteristics, with worst-case operating conditions.
    Info (332114):   - Under worst-case conditions, an increase of 100ps in available settling time will increase MTBF values by a factor of 1.8
    Info (332114): Typical MTBF values are calculated based on the nominal silicon characteristics, at nominal operating conditions.
    Info (332114):   - Under typical conditions, an increase of 100ps in available settling time will increase MTBF values by a factor of 3.7
Info (332102): Design is not fully constrained for setup requirements
Info (332102): Design is not fully constrained for hold requirements
<<<<<<< HEAD
Info: Quartus Prime Timing Analyzer was successful. 0 errors, 1 warning
    Info: Peak virtual memory: 4998 megabytes
    Info: Processing ended: Wed Apr  1 14:18:31 2026
    Info: Elapsed time: 00:00:04
    Info: Total CPU time (on all processors): 00:00:07
=======
Info: Quartus Prime Timing Analyzer was successful. 0 errors, 4 warnings
    Info: Peak virtual memory: 5068 megabytes
    Info: Processing ended: Tue Mar 31 14:19:12 2026
    Info: Elapsed time: 00:00:04
    Info: Total CPU time (on all processors): 00:00:06
>>>>>>> cb7296a231ed397e0e172a6dbf7fecf71a298f66


