Analysis & Synthesis report for DLX
Tue Apr 14 17:37:00 2026
Quartus Prime Version 24.1std.0 Build 1077 03/04/2025 SC Lite Edition


---------------------
; Table of Contents ;
---------------------
  1. Legal Notice
  2. Analysis & Synthesis Summary
  3. Analysis & Synthesis Settings
  4. Parallel Compilation
  5. Analysis & Synthesis Source Files Read
  6. Analysis & Synthesis Resource Usage Summary
  7. Analysis & Synthesis Resource Utilization by Entity
  8. Analysis & Synthesis RAM Summary
  9. Analysis & Synthesis IP Cores Summary
 10. State Machine - |DLX|print_FSM:FSM|state
 11. Registers Protected by Synthesis
 12. Registers Removed During Synthesis
 13. General Register Statistics
 14. Inverted Register Statistics
 15. Physical Synthesis Netlist Optimizations
 16. Registers Added for RAM Pass-Through Logic
 17. Registers Packed Into Inferred Megafunctions
 18. Multiplexer Restructuring Statistics (No Restructuring Performed)
 19. Source assignments for fetch:FETCH|my_ROM:U1|altsyncram:altsyncram_component|altsyncram_hvr3:auto_generated
 20. Source assignments for memory:MEMORY|my_ram:RAM|altsyncram:altsyncram_component|altsyncram_63s3:auto_generated
 21. Source assignments for print_FSM:FSM|fifo_word:FIFO1|scfifo:scfifo_component|scfifo_4k51:auto_generated|a_dpfifo_jj21:dpfifo|altsyncram_o2m1:FIFOram
 22. Source assignments for print_FSM:FSM|fifo_char:FIFO2|dcfifo:dcfifo_component
 23. Source assignments for print_FSM:FSM|fifo_char:FIFO2|dcfifo:dcfifo_component|dcfifo_f1f1:auto_generated
 24. Source assignments for print_FSM:FSM|fifo_char:FIFO2|dcfifo:dcfifo_component|dcfifo_f1f1:auto_generated|a_graycounter_h26:rdptr_g1p
 25. Source assignments for print_FSM:FSM|fifo_char:FIFO2|dcfifo:dcfifo_component|dcfifo_f1f1:auto_generated|a_graycounter_dgb:wrptr_g1p
 26. Source assignments for print_FSM:FSM|fifo_char:FIFO2|dcfifo:dcfifo_component|dcfifo_f1f1:auto_generated|altsyncram_qj31:fifo_ram
 27. Source assignments for print_FSM:FSM|fifo_char:FIFO2|dcfifo:dcfifo_component|dcfifo_f1f1:auto_generated|alt_synch_pipe_h9l:rs_dgwp
 28. Source assignments for print_FSM:FSM|fifo_char:FIFO2|dcfifo:dcfifo_component|dcfifo_f1f1:auto_generated|alt_synch_pipe_h9l:rs_dgwp|dffpipe_2v8:dffpipe12
 29. Source assignments for print_FSM:FSM|fifo_char:FIFO2|dcfifo:dcfifo_component|dcfifo_f1f1:auto_generated|dffpipe_1v8:ws_brp
 30. Source assignments for print_FSM:FSM|fifo_char:FIFO2|dcfifo:dcfifo_component|dcfifo_f1f1:auto_generated|dffpipe_1v8:ws_bwp
 31. Source assignments for print_FSM:FSM|fifo_char:FIFO2|dcfifo:dcfifo_component|dcfifo_f1f1:auto_generated|alt_synch_pipe_i9l:ws_dgrp
 32. Source assignments for print_FSM:FSM|fifo_char:FIFO2|dcfifo:dcfifo_component|dcfifo_f1f1:auto_generated|alt_synch_pipe_i9l:ws_dgrp|dffpipe_3v8:dffpipe16
 33. Source assignments for scan_FSM:SCAN|FIFO_UART_RF:UART_RF|dcfifo:dcfifo_component
 34. Source assignments for scan_FSM:SCAN|FIFO_UART_RF:UART_RF|dcfifo:dcfifo_component|dcfifo_u7e1:auto_generated
 35. Source assignments for scan_FSM:SCAN|FIFO_UART_RF:UART_RF|dcfifo:dcfifo_component|dcfifo_u7e1:auto_generated|a_graycounter_h26:rdptr_g1p
 36. Source assignments for scan_FSM:SCAN|FIFO_UART_RF:UART_RF|dcfifo:dcfifo_component|dcfifo_u7e1:auto_generated|a_graycounter_dgb:wrptr_g1p
 37. Source assignments for scan_FSM:SCAN|FIFO_UART_RF:UART_RF|dcfifo:dcfifo_component|dcfifo_u7e1:auto_generated|altsyncram_qj31:fifo_ram
 38. Source assignments for scan_FSM:SCAN|FIFO_UART_RF:UART_RF|dcfifo:dcfifo_component|dcfifo_u7e1:auto_generated|alt_synch_pipe_j9l:rs_dgwp
 39. Source assignments for scan_FSM:SCAN|FIFO_UART_RF:UART_RF|dcfifo:dcfifo_component|dcfifo_u7e1:auto_generated|alt_synch_pipe_j9l:rs_dgwp|dffpipe_4v8:dffpipe5
 40. Source assignments for scan_FSM:SCAN|FIFO_UART_RF:UART_RF|dcfifo:dcfifo_component|dcfifo_u7e1:auto_generated|alt_synch_pipe_k9l:ws_dgrp
 41. Source assignments for scan_FSM:SCAN|FIFO_UART_RF:UART_RF|dcfifo:dcfifo_component|dcfifo_u7e1:auto_generated|alt_synch_pipe_k9l:ws_dgrp|dffpipe_5v8:dffpipe8
 42. Source assignments for scan_FSM:SCAN|fifo_in_buf:IN_BUF|scfifo:scfifo_component|scfifo_6d21:auto_generated|a_dpfifo_dj21:dpfifo|altsyncram_c2m1:FIFOram
 43. Source assignments for scan_FSM:SCAN|UARTSampler:DA_SAMPLER|my_fifo:U2|dcfifo:dcfifo_component
 44. Source assignments for scan_FSM:SCAN|UARTSampler:DA_SAMPLER|my_fifo:U2|dcfifo:dcfifo_component|dcfifo_14e1:auto_generated
 45. Source assignments for scan_FSM:SCAN|UARTSampler:DA_SAMPLER|my_fifo:U2|dcfifo:dcfifo_component|dcfifo_14e1:auto_generated|a_graycounter_c26:rdptr_g1p
 46. Source assignments for scan_FSM:SCAN|UARTSampler:DA_SAMPLER|my_fifo:U2|dcfifo:dcfifo_component|dcfifo_14e1:auto_generated|a_graycounter_8gb:wrptr_g1p
 47. Source assignments for scan_FSM:SCAN|UARTSampler:DA_SAMPLER|my_fifo:U2|dcfifo:dcfifo_component|dcfifo_14e1:auto_generated|altsyncram_2j31:fifo_ram
 48. Source assignments for scan_FSM:SCAN|UARTSampler:DA_SAMPLER|my_fifo:U2|dcfifo:dcfifo_component|dcfifo_14e1:auto_generated|alt_synch_pipe_c9l:rs_dgwp
 49. Source assignments for scan_FSM:SCAN|UARTSampler:DA_SAMPLER|my_fifo:U2|dcfifo:dcfifo_component|dcfifo_14e1:auto_generated|alt_synch_pipe_c9l:rs_dgwp|dffpipe_tu8:dffpipe10
 50. Source assignments for scan_FSM:SCAN|UARTSampler:DA_SAMPLER|my_fifo:U2|dcfifo:dcfifo_component|dcfifo_14e1:auto_generated|alt_synch_pipe_d9l:ws_dgrp
 51. Source assignments for scan_FSM:SCAN|UARTSampler:DA_SAMPLER|my_fifo:U2|dcfifo:dcfifo_component|dcfifo_14e1:auto_generated|alt_synch_pipe_d9l:ws_dgrp|dffpipe_uu8:dffpipe13
 52. Source assignments for decode:DECODE|registers:R|altsyncram:ram_block_rtl_0|altsyncram_23g1:auto_generated
 53. Source assignments for decode:DECODE|registers:R|altsyncram:ram_block_rtl_1|altsyncram_23g1:auto_generated
 54. Parameter Settings for User Entity Instance: fetch:FETCH|my_ROM:U1|altsyncram:altsyncram_component
 55. Parameter Settings for User Entity Instance: memory:MEMORY|my_ram:RAM|altsyncram:altsyncram_component
 56. Parameter Settings for User Entity Instance: print_FSM:FSM|fifo_word:FIFO1|scfifo:scfifo_component
 57. Parameter Settings for User Entity Instance: print_FSM:FSM|fifo_char:FIFO2|dcfifo:dcfifo_component
 58. Parameter Settings for User Entity Instance: scan_FSM:SCAN|FIFO_UART_RF:UART_RF|dcfifo:dcfifo_component
 59. Parameter Settings for User Entity Instance: scan_FSM:SCAN|fifo_in_buf:IN_BUF|scfifo:scfifo_component
 60. Parameter Settings for User Entity Instance: scan_FSM:SCAN|UARTSampler:DA_SAMPLER|my_fifo:U2|dcfifo:dcfifo_component
 61. Parameter Settings for User Entity Instance: pll:PLLTX|altpll:altpll_component
 62. Parameter Settings for Inferred Entity Instance: decode:DECODE|registers:R|altsyncram:ram_block_rtl_0
 63. Parameter Settings for Inferred Entity Instance: decode:DECODE|registers:R|altsyncram:ram_block_rtl_1
 64. altsyncram Parameter Settings by Entity Instance
 65. scfifo Parameter Settings by Entity Instance
 66. dcfifo Parameter Settings by Entity Instance
 67. altpll Parameter Settings by Entity Instance
 68. Port Connectivity Checks: "scan_FSM:SCAN|fifo_in_buf:IN_BUF"
 69. Port Connectivity Checks: "scan_FSM:SCAN|FIFO_UART_RF:UART_RF"
 70. Port Connectivity Checks: "print_FSM:FSM|diva_ten:DIVIDER"
 71. Port Connectivity Checks: "print_FSM:FSM|fifo_char:FIFO2"
 72. Port Connectivity Checks: "print_FSM:FSM|fifo_word:FIFO1"
 73. Post-Synthesis Netlist Statistics for Top Partition
 74. Elapsed Time Per Partition
 75. Analysis & Synthesis Messages



----------------
; Legal Notice ;
----------------
Copyright (C) 2025  Altera Corporation. All rights reserved.
Your use of Altera Corporation's design tools, logic functions 
and other software and tools, and any partner logic 
functions, and any output files from any of the foregoing 
(including device programming or simulation files), and any 
associated documentation or information are expressly subject 
to the terms and conditions of the Altera Program License 
Subscription Agreement, the Altera Quartus Prime License Agreement,
the Altera IP License Agreement, or other applicable license
agreement, including, without limitation, that your use is for
the sole purpose of programming logic devices manufactured by
Altera and sold by Altera or its authorized distributors.  Please
refer to the Altera Software License Subscription Agreements 
on the Quartus Prime software download page.



+--------------------------------------------------------------------------------------+
; Analysis & Synthesis Summary                                                         ;
+------------------------------------+-------------------------------------------------+
; Analysis & Synthesis Status        ; Successful - Tue Apr 14 17:37:00 2026           ;
; Quartus Prime Version              ; 24.1std.0 Build 1077 03/04/2025 SC Lite Edition ;
; Revision Name                      ; DLX                                             ;
; Top-level Entity Name              ; DLX                                             ;
; Family                             ; MAX 10                                          ;
; Total logic elements               ; 3,718                                           ;
;     Total combinational functions  ; 3,387                                           ;
;     Dedicated logic registers      ; 1,674                                           ;
; Total registers                    ; 1674                                            ;
; Total pins                         ; 99                                              ;
; Total virtual pins                 ; 0                                               ;
; Total memory bits                  ; 89,608                                          ;
; Embedded Multiplier 9-bit elements ; 0                                               ;
; Total PLLs                         ; 1                                               ;
; UFM blocks                         ; 0                                               ;
; ADC blocks                         ; 0                                               ;
+------------------------------------+-------------------------------------------------+


+------------------------------------------------------------------------------------------------------------+
; Analysis & Synthesis Settings                                                                              ;
+------------------------------------------------------------------+--------------------+--------------------+
; Option                                                           ; Setting            ; Default Value      ;
+------------------------------------------------------------------+--------------------+--------------------+
; Device                                                           ; 10M50DAF484C7G     ;                    ;
; Top-level entity name                                            ; DLX                ; DLX                ;
; Family name                                                      ; MAX 10             ; Cyclone V          ;
; Restructure Multiplexers                                         ; Off                ; Auto               ;
; Optimization Technique                                           ; Speed              ; Balanced           ;
; Use smart compilation                                            ; Off                ; Off                ;
; Enable parallel Assembler and Timing Analyzer during compilation ; On                 ; On                 ;
; Enable compact report table                                      ; Off                ; Off                ;
; Create Debugging Nodes for IP Cores                              ; Off                ; Off                ;
; Preserve fewer node names                                        ; On                 ; On                 ;
; Intel FPGA IP Evaluation Mode                                    ; Enable             ; Enable             ;
; Verilog Version                                                  ; Verilog_2001       ; Verilog_2001       ;
; VHDL Version                                                     ; VHDL_1993          ; VHDL_1993          ;
; State Machine Processing                                         ; Auto               ; Auto               ;
; Safe State Machine                                               ; Off                ; Off                ;
; Extract Verilog State Machines                                   ; On                 ; On                 ;
; Extract VHDL State Machines                                      ; On                 ; On                 ;
; Ignore Verilog initial constructs                                ; Off                ; Off                ;
; Iteration limit for constant Verilog loops                       ; 5000               ; 5000               ;
; Iteration limit for non-constant Verilog loops                   ; 250                ; 250                ;
; Add Pass-Through Logic to Inferred RAMs                          ; On                 ; On                 ;
; Infer RAMs from Raw Logic                                        ; On                 ; On                 ;
; Parallel Synthesis                                               ; On                 ; On                 ;
; DSP Block Balancing                                              ; Auto               ; Auto               ;
; NOT Gate Push-Back                                               ; On                 ; On                 ;
; Power-Up Don't Care                                              ; On                 ; On                 ;
; Remove Redundant Logic Cells                                     ; Off                ; Off                ;
; Remove Duplicate Registers                                       ; On                 ; On                 ;
; Ignore CARRY Buffers                                             ; Off                ; Off                ;
; Ignore CASCADE Buffers                                           ; Off                ; Off                ;
; Ignore GLOBAL Buffers                                            ; Off                ; Off                ;
; Ignore ROW GLOBAL Buffers                                        ; Off                ; Off                ;
; Ignore LCELL Buffers                                             ; Off                ; Off                ;
; Ignore SOFT Buffers                                              ; On                 ; On                 ;
; Limit AHDL Integers to 32 Bits                                   ; Off                ; Off                ;
; Carry Chain Length                                               ; 70                 ; 70                 ;
; Auto Carry Chains                                                ; On                 ; On                 ;
; Auto Open-Drain Pins                                             ; On                 ; On                 ;
; Perform WYSIWYG Primitive Resynthesis                            ; Off                ; Off                ;
; Auto ROM Replacement                                             ; On                 ; On                 ;
; Auto RAM Replacement                                             ; On                 ; On                 ;
; Auto DSP Block Replacement                                       ; On                 ; On                 ;
; Auto Shift Register Replacement                                  ; Auto               ; Auto               ;
; Allow Shift Register Merging across Hierarchies                  ; Auto               ; Auto               ;
; Auto Clock Enable Replacement                                    ; On                 ; On                 ;
; Strict RAM Replacement                                           ; Off                ; Off                ;
; Allow Synchronous Control Signals                                ; On                 ; On                 ;
; Force Use of Synchronous Clear Signals                           ; Off                ; Off                ;
; Auto RAM Block Balancing                                         ; On                 ; On                 ;
; Auto RAM to Logic Cell Conversion                                ; Off                ; Off                ;
; Auto Resource Sharing                                            ; Off                ; Off                ;
; Allow Any RAM Size For Recognition                               ; Off                ; Off                ;
; Allow Any ROM Size For Recognition                               ; Off                ; Off                ;
; Allow Any Shift Register Size For Recognition                    ; Off                ; Off                ;
; Use LogicLock Constraints during Resource Balancing              ; On                 ; On                 ;
; Ignore translate_off and synthesis_off directives                ; Off                ; Off                ;
; Timing-Driven Synthesis                                          ; On                 ; On                 ;
; Report Parameter Settings                                        ; On                 ; On                 ;
; Report Source Assignments                                        ; On                 ; On                 ;
; Report Connectivity Checks                                       ; On                 ; On                 ;
; Ignore Maximum Fan-Out Assignments                               ; Off                ; Off                ;
; Synchronization Register Chain Length                            ; 2                  ; 2                  ;
; Power Optimization During Synthesis                              ; Normal compilation ; Normal compilation ;
; HDL message level                                                ; Level2             ; Level2             ;
; Suppress Register Optimization Related Messages                  ; Off                ; Off                ;
; Number of Removed Registers Reported in Synthesis Report         ; 5000               ; 5000               ;
; Number of Swept Nodes Reported in Synthesis Report               ; 5000               ; 5000               ;
; Number of Inverted Registers Reported in Synthesis Report        ; 100                ; 100                ;
; Clock MUX Protection                                             ; On                 ; On                 ;
; Auto Gated Clock Conversion                                      ; Off                ; Off                ;
; Block Design Naming                                              ; Auto               ; Auto               ;
; SDC constraint protection                                        ; Off                ; Off                ;
; Synthesis Effort                                                 ; Auto               ; Auto               ;
; Shift Register Replacement - Allow Asynchronous Clear Signal     ; On                 ; On                 ;
; Pre-Mapping Resynthesis Optimization                             ; Off                ; Off                ;
; Analysis & Synthesis Message Level                               ; Medium             ; Medium             ;
; Disable Register Merging Across Hierarchies                      ; Auto               ; Auto               ;
; Resource Aware Inference For Block RAM                           ; On                 ; On                 ;
+------------------------------------------------------------------+--------------------+--------------------+


+------------------------------------------+
; Parallel Compilation                     ;
+----------------------------+-------------+
; Processors                 ; Number      ;
+----------------------------+-------------+
; Number detected on machine ; 14          ;
; Maximum allowed            ; 14          ;
;                            ;             ;
; Average used               ; 1.01        ;
; Maximum used               ; 14          ;
;                            ;             ;
; Usage by Processor         ; % Time Used ;
;     Processor 1            ; 100.0%      ;
;     Processor 2            ;   0.1%      ;
;     Processor 3            ;   0.1%      ;
;     Processor 4            ;   0.1%      ;
;     Processor 5            ;   0.1%      ;
;     Processor 6            ;   0.1%      ;
;     Processor 7            ;   0.1%      ;
;     Processor 8            ;   0.1%      ;
;     Processors 9-14        ;   0.1%      ;
+----------------------------+-------------+


+---------------------------------------------------------------------------------------------------------------------------------------------------------------------------------------------------------------------------------+
; Analysis & Synthesis Source Files Read                                                                                                                                                                                          ;
+----------------------------------------+-----------------+-------------------------------------------------------+----------------------------------------------------------------------------------------------------+---------+
; File Name with User-Entered Path       ; Used in Netlist ; File Type                                             ; File Name with Absolute Path                                                                       ; Library ;
+----------------------------------------+-----------------+-------------------------------------------------------+----------------------------------------------------------------------------------------------------+---------+
; my_fifo.vhd                            ; yes             ; User Wizard-Generated File                            ; C:/Users/A02395949/Documents/advanced/ECE_6740/FinalProject/my_fifo.vhd                            ;         ;
; pll.vhd                                ; yes             ; User Wizard-Generated File                            ; C:/Users/A02395949/Documents/advanced/ECE_6740/FinalProject/pll.vhd                                ;         ;
; uart_recv.vhd                          ; yes             ; User VHDL File                                        ; C:/Users/A02395949/Documents/advanced/ECE_6740/FinalProject/uart_recv.vhd                          ;         ;
; UART_trans.vhd                         ; yes             ; User VHDL File                                        ; C:/Users/A02395949/Documents/advanced/ECE_6740/FinalProject/UART_trans.vhd                         ;         ;
; UARTSampler.vhd                        ; yes             ; User VHDL File                                        ; C:/Users/A02395949/Documents/advanced/ECE_6740/FinalProject/UARTSampler.vhd                        ;         ;
; Overseer.vhd                           ; yes             ; User VHDL File                                        ; C:/Users/A02395949/Documents/advanced/ECE_6740/FinalProject/Overseer.vhd                           ;         ;
; write_back.vhd                         ; yes             ; User VHDL File                                        ; C:/Users/A02395949/Documents/advanced/ECE_6740/FinalProject/write_back.vhd                         ;         ;
; memory.vhd                             ; yes             ; User VHDL File                                        ; C:/Users/A02395949/Documents/advanced/ECE_6740/FinalProject/memory.vhd                             ;         ;
; Zeros.vhd                              ; yes             ; User VHDL File                                        ; C:/Users/A02395949/Documents/advanced/ECE_6740/FinalProject/Zeros.vhd                              ;         ;
; PC_mux.vhd                             ; yes             ; User VHDL File                                        ; C:/Users/A02395949/Documents/advanced/ECE_6740/FinalProject/PC_mux.vhd                             ;         ;
; imm_mux.vhd                            ; yes             ; User VHDL File                                        ; C:/Users/A02395949/Documents/advanced/ECE_6740/FinalProject/imm_mux.vhd                            ;         ;
; Execute.vhd                            ; yes             ; User VHDL File                                        ; C:/Users/A02395949/Documents/advanced/ECE_6740/FinalProject/Execute.vhd                            ;         ;
; ALU.vhd                                ; yes             ; User VHDL File                                        ; C:/Users/A02395949/Documents/advanced/ECE_6740/FinalProject/ALU.vhd                                ;         ;
; sign_extend.vhd                        ; yes             ; User VHDL File                                        ; C:/Users/A02395949/Documents/advanced/ECE_6740/FinalProject/sign_extend.vhd                        ;         ;
; registers.vhd                          ; yes             ; User VHDL File                                        ; C:/Users/A02395949/Documents/advanced/ECE_6740/FinalProject/registers.vhd                          ;         ;
; OPCODE_PACKAGE.vhd                     ; yes             ; User VHDL File                                        ; C:/Users/A02395949/Documents/advanced/ECE_6740/FinalProject/OPCODE_PACKAGE.vhd                     ;         ;
; fetch.vhd                              ; yes             ; User VHDL File                                        ; C:/Users/A02395949/Documents/advanced/ECE_6740/FinalProject/fetch.vhd                              ;         ;
; DLX.vhd                                ; yes             ; User VHDL File                                        ; C:/Users/A02395949/Documents/advanced/ECE_6740/FinalProject/DLX.vhd                                ;         ;
; Decode.vhd                             ; yes             ; User VHDL File                                        ; C:/Users/A02395949/Documents/advanced/ECE_6740/FinalProject/Decode.vhd                             ;         ;
; my_ROM.vhd                             ; yes             ; User Wizard-Generated File                            ; C:/Users/A02395949/Documents/advanced/ECE_6740/FinalProject/my_ROM.vhd                             ;         ;
; my_ram.vhd                             ; yes             ; User Wizard-Generated File                            ; C:/Users/A02395949/Documents/advanced/ECE_6740/FinalProject/my_ram.vhd                             ;         ;
; fifo_word.vhd                          ; yes             ; User Wizard-Generated File                            ; C:/Users/A02395949/Documents/advanced/ECE_6740/FinalProject/fifo_word.vhd                          ;         ;
; fifo_char.vhd                          ; yes             ; User Wizard-Generated File                            ; C:/Users/A02395949/Documents/advanced/ECE_6740/FinalProject/fifo_char.vhd                          ;         ;
; print_FSM.vhd                          ; yes             ; User VHDL File                                        ; C:/Users/A02395949/Documents/advanced/ECE_6740/FinalProject/print_FSM.vhd                          ;         ;
; scan_FSM.vhd                           ; yes             ; User VHDL File                                        ; C:/Users/A02395949/Documents/advanced/ECE_6740/FinalProject/scan_FSM.vhd                           ;         ;
; FIFO_UART_RF.vhd                       ; yes             ; User Wizard-Generated File                            ; C:/Users/A02395949/Documents/advanced/ECE_6740/FinalProject/FIFO_UART_RF.vhd                       ;         ;
; fifo_in_buf.vhd                        ; yes             ; User Wizard-Generated File                            ; C:/Users/A02395949/Documents/advanced/ECE_6740/FinalProject/fifo_in_buf.vhd                        ;         ;
; Timer.vhd                              ; yes             ; User VHDL File                                        ; C:/Users/A02395949/Documents/advanced/ECE_6740/FinalProject/Timer.vhd                              ;         ;
; diva_ten.vhd                           ; yes             ; User VHDL File                                        ; C:/Users/A02395949/Documents/advanced/ECE_6740/FinalProject/diva_ten.vhd                           ;         ;
; altsyncram.tdf                         ; yes             ; Megafunction                                          ; c:/intelfpga/20.1/quartus/libraries/megafunctions/altsyncram.tdf                                   ;         ;
; stratix_ram_block.inc                  ; yes             ; Megafunction                                          ; c:/intelfpga/20.1/quartus/libraries/megafunctions/stratix_ram_block.inc                            ;         ;
; lpm_mux.inc                            ; yes             ; Megafunction                                          ; c:/intelfpga/20.1/quartus/libraries/megafunctions/lpm_mux.inc                                      ;         ;
; lpm_decode.inc                         ; yes             ; Megafunction                                          ; c:/intelfpga/20.1/quartus/libraries/megafunctions/lpm_decode.inc                                   ;         ;
; aglobal241.inc                         ; yes             ; Megafunction                                          ; c:/intelfpga/20.1/quartus/libraries/megafunctions/aglobal241.inc                                   ;         ;
; a_rdenreg.inc                          ; yes             ; Megafunction                                          ; c:/intelfpga/20.1/quartus/libraries/megafunctions/a_rdenreg.inc                                    ;         ;
; altrom.inc                             ; yes             ; Megafunction                                          ; c:/intelfpga/20.1/quartus/libraries/megafunctions/altrom.inc                                       ;         ;
; altram.inc                             ; yes             ; Megafunction                                          ; c:/intelfpga/20.1/quartus/libraries/megafunctions/altram.inc                                       ;         ;
; altdpram.inc                           ; yes             ; Megafunction                                          ; c:/intelfpga/20.1/quartus/libraries/megafunctions/altdpram.inc                                     ;         ;
; db/altsyncram_hvr3.tdf                 ; yes             ; Auto-Generated Megafunction                           ; C:/Users/A02395949/Documents/advanced/ECE_6740/FinalProject/db/altsyncram_hvr3.tdf                 ;         ;
; collatz_code.mif                       ; yes             ; Auto-Found Memory Initialization File                 ; C:/Users/A02395949/Documents/advanced/ECE_6740/FinalProject/collatz_code.mif                       ;         ;
; db/altsyncram_63s3.tdf                 ; yes             ; Auto-Generated Megafunction                           ; C:/Users/A02395949/Documents/advanced/ECE_6740/FinalProject/db/altsyncram_63s3.tdf                 ;         ;
; collatz_data.mif                       ; yes             ; Auto-Found Memory Initialization File                 ; C:/Users/A02395949/Documents/advanced/ECE_6740/FinalProject/collatz_data.mif                       ;         ;
; scfifo.tdf                             ; yes             ; Megafunction                                          ; c:/intelfpga/20.1/quartus/libraries/megafunctions/scfifo.tdf                                       ;         ;
; a_regfifo.inc                          ; yes             ; Megafunction                                          ; c:/intelfpga/20.1/quartus/libraries/megafunctions/a_regfifo.inc                                    ;         ;
; a_dpfifo.inc                           ; yes             ; Megafunction                                          ; c:/intelfpga/20.1/quartus/libraries/megafunctions/a_dpfifo.inc                                     ;         ;
; a_i2fifo.inc                           ; yes             ; Megafunction                                          ; c:/intelfpga/20.1/quartus/libraries/megafunctions/a_i2fifo.inc                                     ;         ;
; a_fffifo.inc                           ; yes             ; Megafunction                                          ; c:/intelfpga/20.1/quartus/libraries/megafunctions/a_fffifo.inc                                     ;         ;
; a_f2fifo.inc                           ; yes             ; Megafunction                                          ; c:/intelfpga/20.1/quartus/libraries/megafunctions/a_f2fifo.inc                                     ;         ;
; db/scfifo_4k51.tdf                     ; yes             ; Auto-Generated Megafunction                           ; C:/Users/A02395949/Documents/advanced/ECE_6740/FinalProject/db/scfifo_4k51.tdf                     ;         ;
; db/a_dpfifo_jj21.tdf                   ; yes             ; Auto-Generated Megafunction                           ; C:/Users/A02395949/Documents/advanced/ECE_6740/FinalProject/db/a_dpfifo_jj21.tdf                   ;         ;
; db/a_fefifo_08f.tdf                    ; yes             ; Auto-Generated Megafunction                           ; C:/Users/A02395949/Documents/advanced/ECE_6740/FinalProject/db/a_fefifo_08f.tdf                    ;         ;
; db/cntr_537.tdf                        ; yes             ; Auto-Generated Megafunction                           ; C:/Users/A02395949/Documents/advanced/ECE_6740/FinalProject/db/cntr_537.tdf                        ;         ;
; db/altsyncram_o2m1.tdf                 ; yes             ; Auto-Generated Megafunction                           ; C:/Users/A02395949/Documents/advanced/ECE_6740/FinalProject/db/altsyncram_o2m1.tdf                 ;         ;
; db/cntr_p2b.tdf                        ; yes             ; Auto-Generated Megafunction                           ; C:/Users/A02395949/Documents/advanced/ECE_6740/FinalProject/db/cntr_p2b.tdf                        ;         ;
; dcfifo.tdf                             ; yes             ; Megafunction                                          ; c:/intelfpga/20.1/quartus/libraries/megafunctions/dcfifo.tdf                                       ;         ;
; lpm_counter.inc                        ; yes             ; Megafunction                                          ; c:/intelfpga/20.1/quartus/libraries/megafunctions/lpm_counter.inc                                  ;         ;
; lpm_add_sub.inc                        ; yes             ; Megafunction                                          ; c:/intelfpga/20.1/quartus/libraries/megafunctions/lpm_add_sub.inc                                  ;         ;
; a_graycounter.inc                      ; yes             ; Megafunction                                          ; c:/intelfpga/20.1/quartus/libraries/megafunctions/a_graycounter.inc                                ;         ;
; a_fefifo.inc                           ; yes             ; Megafunction                                          ; c:/intelfpga/20.1/quartus/libraries/megafunctions/a_fefifo.inc                                     ;         ;
; a_gray2bin.inc                         ; yes             ; Megafunction                                          ; c:/intelfpga/20.1/quartus/libraries/megafunctions/a_gray2bin.inc                                   ;         ;
; dffpipe.inc                            ; yes             ; Megafunction                                          ; c:/intelfpga/20.1/quartus/libraries/megafunctions/dffpipe.inc                                      ;         ;
; alt_sync_fifo.inc                      ; yes             ; Megafunction                                          ; c:/intelfpga/20.1/quartus/libraries/megafunctions/alt_sync_fifo.inc                                ;         ;
; lpm_compare.inc                        ; yes             ; Megafunction                                          ; c:/intelfpga/20.1/quartus/libraries/megafunctions/lpm_compare.inc                                  ;         ;
; altsyncram_fifo.inc                    ; yes             ; Megafunction                                          ; c:/intelfpga/20.1/quartus/libraries/megafunctions/altsyncram_fifo.inc                              ;         ;
; db/dcfifo_f1f1.tdf                     ; yes             ; Auto-Generated Megafunction                           ; C:/Users/A02395949/Documents/advanced/ECE_6740/FinalProject/db/dcfifo_f1f1.tdf                     ;         ;
; db/a_gray2bin_kra.tdf                  ; yes             ; Auto-Generated Megafunction                           ; C:/Users/A02395949/Documents/advanced/ECE_6740/FinalProject/db/a_gray2bin_kra.tdf                  ;         ;
; db/a_graycounter_h26.tdf               ; yes             ; Auto-Generated Megafunction                           ; C:/Users/A02395949/Documents/advanced/ECE_6740/FinalProject/db/a_graycounter_h26.tdf               ;         ;
; db/a_graycounter_dgb.tdf               ; yes             ; Auto-Generated Megafunction                           ; C:/Users/A02395949/Documents/advanced/ECE_6740/FinalProject/db/a_graycounter_dgb.tdf               ;         ;
; db/altsyncram_qj31.tdf                 ; yes             ; Auto-Generated Megafunction                           ; C:/Users/A02395949/Documents/advanced/ECE_6740/FinalProject/db/altsyncram_qj31.tdf                 ;         ;
; db/alt_synch_pipe_h9l.tdf              ; yes             ; Auto-Generated Megafunction                           ; C:/Users/A02395949/Documents/advanced/ECE_6740/FinalProject/db/alt_synch_pipe_h9l.tdf              ;         ;
; db/dffpipe_2v8.tdf                     ; yes             ; Auto-Generated Megafunction                           ; C:/Users/A02395949/Documents/advanced/ECE_6740/FinalProject/db/dffpipe_2v8.tdf                     ;         ;
; db/dffpipe_1v8.tdf                     ; yes             ; Auto-Generated Megafunction                           ; C:/Users/A02395949/Documents/advanced/ECE_6740/FinalProject/db/dffpipe_1v8.tdf                     ;         ;
; db/alt_synch_pipe_i9l.tdf              ; yes             ; Auto-Generated Megafunction                           ; C:/Users/A02395949/Documents/advanced/ECE_6740/FinalProject/db/alt_synch_pipe_i9l.tdf              ;         ;
; db/dffpipe_3v8.tdf                     ; yes             ; Auto-Generated Megafunction                           ; C:/Users/A02395949/Documents/advanced/ECE_6740/FinalProject/db/dffpipe_3v8.tdf                     ;         ;
; db/cmpr_5h5.tdf                        ; yes             ; Auto-Generated Megafunction                           ; C:/Users/A02395949/Documents/advanced/ECE_6740/FinalProject/db/cmpr_5h5.tdf                        ;         ;
; db/dcfifo_u7e1.tdf                     ; yes             ; Auto-Generated Megafunction                           ; C:/Users/A02395949/Documents/advanced/ECE_6740/FinalProject/db/dcfifo_u7e1.tdf                     ;         ;
; db/alt_synch_pipe_j9l.tdf              ; yes             ; Auto-Generated Megafunction                           ; C:/Users/A02395949/Documents/advanced/ECE_6740/FinalProject/db/alt_synch_pipe_j9l.tdf              ;         ;
; db/dffpipe_4v8.tdf                     ; yes             ; Auto-Generated Megafunction                           ; C:/Users/A02395949/Documents/advanced/ECE_6740/FinalProject/db/dffpipe_4v8.tdf                     ;         ;
; db/alt_synch_pipe_k9l.tdf              ; yes             ; Auto-Generated Megafunction                           ; C:/Users/A02395949/Documents/advanced/ECE_6740/FinalProject/db/alt_synch_pipe_k9l.tdf              ;         ;
; db/dffpipe_5v8.tdf                     ; yes             ; Auto-Generated Megafunction                           ; C:/Users/A02395949/Documents/advanced/ECE_6740/FinalProject/db/dffpipe_5v8.tdf                     ;         ;
; db/scfifo_6d21.tdf                     ; yes             ; Auto-Generated Megafunction                           ; C:/Users/A02395949/Documents/advanced/ECE_6740/FinalProject/db/scfifo_6d21.tdf                     ;         ;
; db/a_dpfifo_dj21.tdf                   ; yes             ; Auto-Generated Megafunction                           ; C:/Users/A02395949/Documents/advanced/ECE_6740/FinalProject/db/a_dpfifo_dj21.tdf                   ;         ;
; db/altsyncram_c2m1.tdf                 ; yes             ; Auto-Generated Megafunction                           ; C:/Users/A02395949/Documents/advanced/ECE_6740/FinalProject/db/altsyncram_c2m1.tdf                 ;         ;
; db/dcfifo_14e1.tdf                     ; yes             ; Auto-Generated Megafunction                           ; C:/Users/A02395949/Documents/advanced/ECE_6740/FinalProject/db/dcfifo_14e1.tdf                     ;         ;
; db/a_graycounter_c26.tdf               ; yes             ; Auto-Generated Megafunction                           ; C:/Users/A02395949/Documents/advanced/ECE_6740/FinalProject/db/a_graycounter_c26.tdf               ;         ;
; db/a_graycounter_8gb.tdf               ; yes             ; Auto-Generated Megafunction                           ; C:/Users/A02395949/Documents/advanced/ECE_6740/FinalProject/db/a_graycounter_8gb.tdf               ;         ;
; db/altsyncram_2j31.tdf                 ; yes             ; Auto-Generated Megafunction                           ; C:/Users/A02395949/Documents/advanced/ECE_6740/FinalProject/db/altsyncram_2j31.tdf                 ;         ;
; db/alt_synch_pipe_c9l.tdf              ; yes             ; Auto-Generated Megafunction                           ; C:/Users/A02395949/Documents/advanced/ECE_6740/FinalProject/db/alt_synch_pipe_c9l.tdf              ;         ;
; db/dffpipe_tu8.tdf                     ; yes             ; Auto-Generated Megafunction                           ; C:/Users/A02395949/Documents/advanced/ECE_6740/FinalProject/db/dffpipe_tu8.tdf                     ;         ;
; db/alt_synch_pipe_d9l.tdf              ; yes             ; Auto-Generated Megafunction                           ; C:/Users/A02395949/Documents/advanced/ECE_6740/FinalProject/db/alt_synch_pipe_d9l.tdf              ;         ;
; db/dffpipe_uu8.tdf                     ; yes             ; Auto-Generated Megafunction                           ; C:/Users/A02395949/Documents/advanced/ECE_6740/FinalProject/db/dffpipe_uu8.tdf                     ;         ;
; db/cmpr_0h5.tdf                        ; yes             ; Auto-Generated Megafunction                           ; C:/Users/A02395949/Documents/advanced/ECE_6740/FinalProject/db/cmpr_0h5.tdf                        ;         ;
; altpll.tdf                             ; yes             ; Megafunction                                          ; c:/intelfpga/20.1/quartus/libraries/megafunctions/altpll.tdf                                       ;         ;
; stratix_pll.inc                        ; yes             ; Megafunction                                          ; c:/intelfpga/20.1/quartus/libraries/megafunctions/stratix_pll.inc                                  ;         ;
; stratixii_pll.inc                      ; yes             ; Megafunction                                          ; c:/intelfpga/20.1/quartus/libraries/megafunctions/stratixii_pll.inc                                ;         ;
; cycloneii_pll.inc                      ; yes             ; Megafunction                                          ; c:/intelfpga/20.1/quartus/libraries/megafunctions/cycloneii_pll.inc                                ;         ;
; db/pll_altpll.v                        ; yes             ; Auto-Generated Megafunction                           ; C:/Users/A02395949/Documents/advanced/ECE_6740/FinalProject/db/pll_altpll.v                        ;         ;
; db/altsyncram_23g1.tdf                 ; yes             ; Auto-Generated Megafunction                           ; C:/Users/A02395949/Documents/advanced/ECE_6740/FinalProject/db/altsyncram_23g1.tdf                 ;         ;
; db/dlx.ram0_registers_6989617c.hdl.mif ; yes             ; Auto-Generated Auto-Found Memory Initialization File  ; C:/Users/A02395949/Documents/advanced/ECE_6740/FinalProject/db/dlx.ram0_registers_6989617c.hdl.mif ;         ;
+----------------------------------------+-----------------+-------------------------------------------------------+----------------------------------------------------------------------------------------------------+---------+


+-------------------------------------------------------------------+
; Analysis & Synthesis Resource Usage Summary                       ;
+---------------------------------------------+---------------------+
; Resource                                    ; Usage               ;
+---------------------------------------------+---------------------+
; Estimated Total logic elements              ; 3,718               ;
;                                             ;                     ;
; Total combinational functions               ; 3387                ;
; Logic element usage by number of LUT inputs ;                     ;
;     -- 4 input functions                    ; 1711                ;
;     -- 3 input functions                    ; 835                 ;
;     -- <=2 input functions                  ; 841                 ;
;                                             ;                     ;
; Logic elements by mode                      ;                     ;
;     -- normal mode                          ; 2384                ;
;     -- arithmetic mode                      ; 1003                ;
;                                             ;                     ;
; Total registers                             ; 1674                ;
;     -- Dedicated logic registers            ; 1674                ;
;     -- I/O registers                        ; 0                   ;
;                                             ;                     ;
; I/O pins                                    ; 99                  ;
; Total memory bits                           ; 89608               ;
;                                             ;                     ;
; Embedded Multiplier 9-bit elements          ; 0                   ;
;                                             ;                     ;
; Total PLLs                                  ; 1                   ;
;     -- PLLs                                 ; 1                   ;
;                                             ;                     ;
; Maximum fan-out node                        ; MAX10_CLK1_50~input ;
; Maximum fan-out                             ; 1584                ;
; Total fan-out                               ; 19835               ;
; Average fan-out                             ; 3.60                ;
+---------------------------------------------+---------------------+


+--------------------------------------------------------------------------------------------------------------------------------------------------------------------------------------------------------------------------------------------------------------------------------------------------------------------------------------------------------------------------------------------------------+
; Analysis & Synthesis Resource Utilization by Entity                                                                                                                                                                                                                                                                                                                                                    ;
+--------------------------------------------------+---------------------+---------------------------+-------------+------------+--------------+---------+-----------+------+--------------+------------+------------------------------------------------------------------------------------------------------------------------------------------------------------+--------------------+--------------+
; Compilation Hierarchy Node                       ; Combinational ALUTs ; Dedicated Logic Registers ; Memory Bits ; UFM Blocks ; DSP Elements ; DSP 9x9 ; DSP 18x18 ; Pins ; Virtual Pins ; ADC blocks ; Full Hierarchy Name                                                                                                                                        ; Entity Name        ; Library Name ;
+--------------------------------------------------+---------------------+---------------------------+-------------+------------+--------------+---------+-----------+------+--------------+------------+------------------------------------------------------------------------------------------------------------------------------------------------------------+--------------------+--------------+
; |DLX                                             ; 3387 (3)            ; 1674 (0)                  ; 89608       ; 0          ; 0            ; 0       ; 0         ; 99   ; 0            ; 0          ; |DLX                                                                                                                                                       ; DLX                ; work         ;
;    |OVERSEER:OOO|                                ; 19 (19)             ; 0 (0)                     ; 0           ; 0          ; 0            ; 0       ; 0         ; 0    ; 0            ; 0          ; |DLX|OVERSEER:OOO                                                                                                                                          ; OVERSEER           ; work         ;
;    |Timer:TIM|                                   ; 369 (369)           ; 224 (224)                 ; 0           ; 0          ; 0            ; 0       ; 0         ; 0    ; 0            ; 0          ; |DLX|Timer:TIM                                                                                                                                             ; Timer              ; work         ;
;    |decode:DECODE|                               ; 93 (33)             ; 135 (31)                  ; 2048        ; 0          ; 0            ; 0       ; 0         ; 0    ; 0            ; 0          ; |DLX|decode:DECODE                                                                                                                                         ; decode             ; work         ;
;       |registers:R|                              ; 46 (46)             ; 86 (86)                   ; 2048        ; 0          ; 0            ; 0       ; 0         ; 0    ; 0            ; 0          ; |DLX|decode:DECODE|registers:R                                                                                                                             ; registers          ; work         ;
;          |altsyncram:ram_block_rtl_0|            ; 0 (0)               ; 0 (0)                     ; 1024        ; 0          ; 0            ; 0       ; 0         ; 0    ; 0            ; 0          ; |DLX|decode:DECODE|registers:R|altsyncram:ram_block_rtl_0                                                                                                  ; altsyncram         ; work         ;
;             |altsyncram_23g1:auto_generated|     ; 0 (0)               ; 0 (0)                     ; 1024        ; 0          ; 0            ; 0       ; 0         ; 0    ; 0            ; 0          ; |DLX|decode:DECODE|registers:R|altsyncram:ram_block_rtl_0|altsyncram_23g1:auto_generated                                                                   ; altsyncram_23g1    ; work         ;
;          |altsyncram:ram_block_rtl_1|            ; 0 (0)               ; 0 (0)                     ; 1024        ; 0          ; 0            ; 0       ; 0         ; 0    ; 0            ; 0          ; |DLX|decode:DECODE|registers:R|altsyncram:ram_block_rtl_1                                                                                                  ; altsyncram         ; work         ;
;             |altsyncram_23g1:auto_generated|     ; 0 (0)               ; 0 (0)                     ; 1024        ; 0          ; 0            ; 0       ; 0         ; 0    ; 0            ; 0          ; |DLX|decode:DECODE|registers:R|altsyncram:ram_block_rtl_1|altsyncram_23g1:auto_generated                                                                   ; altsyncram_23g1    ; work         ;
;       |sign_extend:SE|                           ; 14 (14)             ; 18 (18)                   ; 0           ; 0          ; 0            ; 0       ; 0         ; 0    ; 0            ; 0          ; |DLX|decode:DECODE|sign_extend:SE                                                                                                                          ; sign_extend        ; work         ;
;    |execute:EXECUTE|                             ; 1659 (92)           ; 415 (78)                  ; 0           ; 0          ; 0            ; 0       ; 0         ; 0    ; 0            ; 0          ; |DLX|execute:EXECUTE                                                                                                                                       ; execute            ; work         ;
;       |ALU:ALU|                                  ; 1225 (1225)         ; 325 (325)                 ; 0           ; 0          ; 0            ; 0       ; 0         ; 0    ; 0            ; 0          ; |DLX|execute:EXECUTE|ALU:ALU                                                                                                                               ; ALU                ; work         ;
;       |PC_mux:MUX1|                              ; 195 (195)           ; 1 (1)                     ; 0           ; 0          ; 0            ; 0       ; 0         ; 0    ; 0            ; 0          ; |DLX|execute:EXECUTE|PC_mux:MUX1                                                                                                                           ; PC_mux             ; work         ;
;       |Zeros:ZEROS|                              ; 26 (26)             ; 11 (11)                   ; 0           ; 0          ; 0            ; 0       ; 0         ; 0    ; 0            ; 0          ; |DLX|execute:EXECUTE|Zeros:ZEROS                                                                                                                           ; Zeros              ; work         ;
;       |imm_mux:MUX2|                             ; 121 (121)           ; 0 (0)                     ; 0           ; 0          ; 0            ; 0       ; 0         ; 0    ; 0            ; 0          ; |DLX|execute:EXECUTE|imm_mux:MUX2                                                                                                                          ; imm_mux            ; work         ;
;    |fetch:FETCH|                                 ; 30 (30)             ; 11 (11)                   ; 32768       ; 0          ; 0            ; 0       ; 0         ; 0    ; 0            ; 0          ; |DLX|fetch:FETCH                                                                                                                                           ; fetch              ; work         ;
;       |my_ROM:U1|                                ; 0 (0)               ; 0 (0)                     ; 32768       ; 0          ; 0            ; 0       ; 0         ; 0    ; 0            ; 0          ; |DLX|fetch:FETCH|my_ROM:U1                                                                                                                                 ; my_ROM             ; work         ;
;          |altsyncram:altsyncram_component|       ; 0 (0)               ; 0 (0)                     ; 32768       ; 0          ; 0            ; 0       ; 0         ; 0    ; 0            ; 0          ; |DLX|fetch:FETCH|my_ROM:U1|altsyncram:altsyncram_component                                                                                                 ; altsyncram         ; work         ;
;             |altsyncram_hvr3:auto_generated|     ; 0 (0)               ; 0 (0)                     ; 32768       ; 0          ; 0            ; 0       ; 0         ; 0    ; 0            ; 0          ; |DLX|fetch:FETCH|my_ROM:U1|altsyncram:altsyncram_component|altsyncram_hvr3:auto_generated                                                                  ; altsyncram_hvr3    ; work         ;
;    |memory:MEMORY|                               ; 0 (0)               ; 43 (43)                   ; 32768       ; 0          ; 0            ; 0       ; 0         ; 0    ; 0            ; 0          ; |DLX|memory:MEMORY                                                                                                                                         ; memory             ; work         ;
;       |my_ram:RAM|                               ; 0 (0)               ; 0 (0)                     ; 32768       ; 0          ; 0            ; 0       ; 0         ; 0    ; 0            ; 0          ; |DLX|memory:MEMORY|my_ram:RAM                                                                                                                              ; my_ram             ; work         ;
;          |altsyncram:altsyncram_component|       ; 0 (0)               ; 0 (0)                     ; 32768       ; 0          ; 0            ; 0       ; 0         ; 0    ; 0            ; 0          ; |DLX|memory:MEMORY|my_ram:RAM|altsyncram:altsyncram_component                                                                                              ; altsyncram         ; work         ;
;             |altsyncram_63s3:auto_generated|     ; 0 (0)               ; 0 (0)                     ; 32768       ; 0          ; 0            ; 0       ; 0         ; 0    ; 0            ; 0          ; |DLX|memory:MEMORY|my_ram:RAM|altsyncram:altsyncram_component|altsyncram_63s3:auto_generated                                                               ; altsyncram_63s3    ; work         ;
;    |pll:PLLTX|                                   ; 0 (0)               ; 1 (0)                     ; 0           ; 0          ; 0            ; 0       ; 0         ; 0    ; 0            ; 0          ; |DLX|pll:PLLTX                                                                                                                                             ; pll                ; work         ;
;       |altpll:altpll_component|                  ; 0 (0)               ; 1 (0)                     ; 0           ; 0          ; 0            ; 0       ; 0         ; 0    ; 0            ; 0          ; |DLX|pll:PLLTX|altpll:altpll_component                                                                                                                     ; altpll             ; work         ;
;          |pll_altpll:auto_generated|             ; 0 (0)               ; 1 (1)                     ; 0           ; 0          ; 0            ; 0       ; 0         ; 0    ; 0            ; 0          ; |DLX|pll:PLLTX|altpll:altpll_component|pll_altpll:auto_generated                                                                                           ; pll_altpll         ; work         ;
;    |print_FSM:FSM|                               ; 701 (401)           ; 510 (181)                 ; 11776       ; 0          ; 0            ; 0       ; 0         ; 0    ; 0            ; 0          ; |DLX|print_FSM:FSM                                                                                                                                         ; print_FSM          ; work         ;
;       |UART_trans:U|                             ; 51 (51)             ; 35 (35)                   ; 0           ; 0          ; 0            ; 0       ; 0         ; 0    ; 0            ; 0          ; |DLX|print_FSM:FSM|UART_trans:U                                                                                                                            ; UART_trans         ; work         ;
;       |diva_ten:DIVIDER|                         ; 140 (140)           ; 162 (162)                 ; 0           ; 0          ; 0            ; 0       ; 0         ; 0    ; 0            ; 0          ; |DLX|print_FSM:FSM|diva_ten:DIVIDER                                                                                                                        ; diva_ten           ; work         ;
;       |fifo_char:FIFO2|                          ; 72 (0)              ; 105 (0)                   ; 2048        ; 0          ; 0            ; 0       ; 0         ; 0    ; 0            ; 0          ; |DLX|print_FSM:FSM|fifo_char:FIFO2                                                                                                                         ; fifo_char          ; work         ;
;          |dcfifo:dcfifo_component|               ; 72 (0)              ; 105 (0)                   ; 2048        ; 0          ; 0            ; 0       ; 0         ; 0    ; 0            ; 0          ; |DLX|print_FSM:FSM|fifo_char:FIFO2|dcfifo:dcfifo_component                                                                                                 ; dcfifo             ; work         ;
;             |dcfifo_f1f1:auto_generated|         ; 72 (12)             ; 105 (27)                  ; 2048        ; 0          ; 0            ; 0       ; 0         ; 0    ; 0            ; 0          ; |DLX|print_FSM:FSM|fifo_char:FIFO2|dcfifo:dcfifo_component|dcfifo_f1f1:auto_generated                                                                      ; dcfifo_f1f1        ; work         ;
;                |a_gray2bin_kra:wrptr_g_gray2bin| ; 8 (8)               ; 0 (0)                     ; 0           ; 0          ; 0            ; 0       ; 0         ; 0    ; 0            ; 0          ; |DLX|print_FSM:FSM|fifo_char:FIFO2|dcfifo:dcfifo_component|dcfifo_f1f1:auto_generated|a_gray2bin_kra:wrptr_g_gray2bin                                      ; a_gray2bin_kra     ; work         ;
;                |a_gray2bin_kra:ws_dgrp_gray2bin| ; 8 (8)               ; 0 (0)                     ; 0           ; 0          ; 0            ; 0       ; 0         ; 0    ; 0            ; 0          ; |DLX|print_FSM:FSM|fifo_char:FIFO2|dcfifo:dcfifo_component|dcfifo_f1f1:auto_generated|a_gray2bin_kra:ws_dgrp_gray2bin                                      ; a_gray2bin_kra     ; work         ;
;                |a_graycounter_dgb:wrptr_g1p|     ; 16 (16)             ; 13 (13)                   ; 0           ; 0          ; 0            ; 0       ; 0         ; 0    ; 0            ; 0          ; |DLX|print_FSM:FSM|fifo_char:FIFO2|dcfifo:dcfifo_component|dcfifo_f1f1:auto_generated|a_graycounter_dgb:wrptr_g1p                                          ; a_graycounter_dgb  ; work         ;
;                |a_graycounter_h26:rdptr_g1p|     ; 17 (17)             ; 13 (13)                   ; 0           ; 0          ; 0            ; 0       ; 0         ; 0    ; 0            ; 0          ; |DLX|print_FSM:FSM|fifo_char:FIFO2|dcfifo:dcfifo_component|dcfifo_f1f1:auto_generated|a_graycounter_h26:rdptr_g1p                                          ; a_graycounter_h26  ; work         ;
;                |alt_synch_pipe_h9l:rs_dgwp|      ; 0 (0)               ; 18 (0)                    ; 0           ; 0          ; 0            ; 0       ; 0         ; 0    ; 0            ; 0          ; |DLX|print_FSM:FSM|fifo_char:FIFO2|dcfifo:dcfifo_component|dcfifo_f1f1:auto_generated|alt_synch_pipe_h9l:rs_dgwp                                           ; alt_synch_pipe_h9l ; work         ;
;                   |dffpipe_2v8:dffpipe12|        ; 0 (0)               ; 18 (18)                   ; 0           ; 0          ; 0            ; 0       ; 0         ; 0    ; 0            ; 0          ; |DLX|print_FSM:FSM|fifo_char:FIFO2|dcfifo:dcfifo_component|dcfifo_f1f1:auto_generated|alt_synch_pipe_h9l:rs_dgwp|dffpipe_2v8:dffpipe12                     ; dffpipe_2v8        ; work         ;
;                |alt_synch_pipe_i9l:ws_dgrp|      ; 0 (0)               ; 18 (0)                    ; 0           ; 0          ; 0            ; 0       ; 0         ; 0    ; 0            ; 0          ; |DLX|print_FSM:FSM|fifo_char:FIFO2|dcfifo:dcfifo_component|dcfifo_f1f1:auto_generated|alt_synch_pipe_i9l:ws_dgrp                                           ; alt_synch_pipe_i9l ; work         ;
;                   |dffpipe_3v8:dffpipe16|        ; 0 (0)               ; 18 (18)                   ; 0           ; 0          ; 0            ; 0       ; 0         ; 0    ; 0            ; 0          ; |DLX|print_FSM:FSM|fifo_char:FIFO2|dcfifo:dcfifo_component|dcfifo_f1f1:auto_generated|alt_synch_pipe_i9l:ws_dgrp|dffpipe_3v8:dffpipe16                     ; dffpipe_3v8        ; work         ;
;                |altsyncram_qj31:fifo_ram|        ; 0 (0)               ; 0 (0)                     ; 2048        ; 0          ; 0            ; 0       ; 0         ; 0    ; 0            ; 0          ; |DLX|print_FSM:FSM|fifo_char:FIFO2|dcfifo:dcfifo_component|dcfifo_f1f1:auto_generated|altsyncram_qj31:fifo_ram                                             ; altsyncram_qj31    ; work         ;
;                |cmpr_5h5:rdempty_eq_comp|        ; 5 (5)               ; 0 (0)                     ; 0           ; 0          ; 0            ; 0       ; 0         ; 0    ; 0            ; 0          ; |DLX|print_FSM:FSM|fifo_char:FIFO2|dcfifo:dcfifo_component|dcfifo_f1f1:auto_generated|cmpr_5h5:rdempty_eq_comp                                             ; cmpr_5h5           ; work         ;
;                |cmpr_5h5:wrfull_eq_comp|         ; 6 (6)               ; 0 (0)                     ; 0           ; 0          ; 0            ; 0       ; 0         ; 0    ; 0            ; 0          ; |DLX|print_FSM:FSM|fifo_char:FIFO2|dcfifo:dcfifo_component|dcfifo_f1f1:auto_generated|cmpr_5h5:wrfull_eq_comp                                              ; cmpr_5h5           ; work         ;
;                |dffpipe_1v8:ws_brp|              ; 0 (0)               ; 8 (8)                     ; 0           ; 0          ; 0            ; 0       ; 0         ; 0    ; 0            ; 0          ; |DLX|print_FSM:FSM|fifo_char:FIFO2|dcfifo:dcfifo_component|dcfifo_f1f1:auto_generated|dffpipe_1v8:ws_brp                                                   ; dffpipe_1v8        ; work         ;
;                |dffpipe_1v8:ws_bwp|              ; 0 (0)               ; 8 (8)                     ; 0           ; 0          ; 0            ; 0       ; 0         ; 0    ; 0            ; 0          ; |DLX|print_FSM:FSM|fifo_char:FIFO2|dcfifo:dcfifo_component|dcfifo_f1f1:auto_generated|dffpipe_1v8:ws_bwp                                                   ; dffpipe_1v8        ; work         ;
;       |fifo_word:FIFO1|                          ; 37 (0)              ; 27 (0)                    ; 9728        ; 0          ; 0            ; 0       ; 0         ; 0    ; 0            ; 0          ; |DLX|print_FSM:FSM|fifo_word:FIFO1                                                                                                                         ; fifo_word          ; work         ;
;          |scfifo:scfifo_component|               ; 37 (0)              ; 27 (0)                    ; 9728        ; 0          ; 0            ; 0       ; 0         ; 0    ; 0            ; 0          ; |DLX|print_FSM:FSM|fifo_word:FIFO1|scfifo:scfifo_component                                                                                                 ; scfifo             ; work         ;
;             |scfifo_4k51:auto_generated|         ; 37 (4)              ; 27 (1)                    ; 9728        ; 0          ; 0            ; 0       ; 0         ; 0    ; 0            ; 0          ; |DLX|print_FSM:FSM|fifo_word:FIFO1|scfifo:scfifo_component|scfifo_4k51:auto_generated                                                                      ; scfifo_4k51        ; work         ;
;                |a_dpfifo_jj21:dpfifo|            ; 33 (2)              ; 26 (0)                    ; 9728        ; 0          ; 0            ; 0       ; 0         ; 0    ; 0            ; 0          ; |DLX|print_FSM:FSM|fifo_word:FIFO1|scfifo:scfifo_component|scfifo_4k51:auto_generated|a_dpfifo_jj21:dpfifo                                                 ; a_dpfifo_jj21      ; work         ;
;                   |a_fefifo_08f:fifo_state|      ; 15 (7)              ; 10 (2)                    ; 0           ; 0          ; 0            ; 0       ; 0         ; 0    ; 0            ; 0          ; |DLX|print_FSM:FSM|fifo_word:FIFO1|scfifo:scfifo_component|scfifo_4k51:auto_generated|a_dpfifo_jj21:dpfifo|a_fefifo_08f:fifo_state                         ; a_fefifo_08f       ; work         ;
;                      |cntr_537:count_usedw|      ; 8 (8)               ; 8 (8)                     ; 0           ; 0          ; 0            ; 0       ; 0         ; 0    ; 0            ; 0          ; |DLX|print_FSM:FSM|fifo_word:FIFO1|scfifo:scfifo_component|scfifo_4k51:auto_generated|a_dpfifo_jj21:dpfifo|a_fefifo_08f:fifo_state|cntr_537:count_usedw    ; cntr_537           ; work         ;
;                   |altsyncram_o2m1:FIFOram|      ; 0 (0)               ; 0 (0)                     ; 9728        ; 0          ; 0            ; 0       ; 0         ; 0    ; 0            ; 0          ; |DLX|print_FSM:FSM|fifo_word:FIFO1|scfifo:scfifo_component|scfifo_4k51:auto_generated|a_dpfifo_jj21:dpfifo|altsyncram_o2m1:FIFOram                         ; altsyncram_o2m1    ; work         ;
;                   |cntr_p2b:rd_ptr_count|        ; 8 (8)               ; 8 (8)                     ; 0           ; 0          ; 0            ; 0       ; 0         ; 0    ; 0            ; 0          ; |DLX|print_FSM:FSM|fifo_word:FIFO1|scfifo:scfifo_component|scfifo_4k51:auto_generated|a_dpfifo_jj21:dpfifo|cntr_p2b:rd_ptr_count                           ; cntr_p2b           ; work         ;
;                   |cntr_p2b:wr_ptr|              ; 8 (8)               ; 8 (8)                     ; 0           ; 0          ; 0            ; 0       ; 0         ; 0    ; 0            ; 0          ; |DLX|print_FSM:FSM|fifo_word:FIFO1|scfifo:scfifo_component|scfifo_4k51:auto_generated|a_dpfifo_jj21:dpfifo|cntr_p2b:wr_ptr                                 ; cntr_p2b           ; work         ;
;    |scan_FSM:SCAN|                               ; 468 (154)           ; 330 (35)                  ; 10248       ; 0          ; 0            ; 0       ; 0         ; 0    ; 0            ; 0          ; |DLX|scan_FSM:SCAN                                                                                                                                         ; scan_FSM           ; work         ;
;       |FIFO_UART_RF:UART_RF|                     ; 49 (0)              ; 89 (0)                    ; 2048        ; 0          ; 0            ; 0       ; 0         ; 0    ; 0            ; 0          ; |DLX|scan_FSM:SCAN|FIFO_UART_RF:UART_RF                                                                                                                    ; FIFO_UART_RF       ; work         ;
;          |dcfifo:dcfifo_component|               ; 49 (0)              ; 89 (0)                    ; 2048        ; 0          ; 0            ; 0       ; 0         ; 0    ; 0            ; 0          ; |DLX|scan_FSM:SCAN|FIFO_UART_RF:UART_RF|dcfifo:dcfifo_component                                                                                            ; dcfifo             ; work         ;
;             |dcfifo_u7e1:auto_generated|         ; 49 (5)              ; 89 (27)                   ; 2048        ; 0          ; 0            ; 0       ; 0         ; 0    ; 0            ; 0          ; |DLX|scan_FSM:SCAN|FIFO_UART_RF:UART_RF|dcfifo:dcfifo_component|dcfifo_u7e1:auto_generated                                                                 ; dcfifo_u7e1        ; work         ;
;                |a_graycounter_dgb:wrptr_g1p|     ; 16 (16)             ; 13 (13)                   ; 0           ; 0          ; 0            ; 0       ; 0         ; 0    ; 0            ; 0          ; |DLX|scan_FSM:SCAN|FIFO_UART_RF:UART_RF|dcfifo:dcfifo_component|dcfifo_u7e1:auto_generated|a_graycounter_dgb:wrptr_g1p                                     ; a_graycounter_dgb  ; work         ;
;                |a_graycounter_h26:rdptr_g1p|     ; 17 (17)             ; 13 (13)                   ; 0           ; 0          ; 0            ; 0       ; 0         ; 0    ; 0            ; 0          ; |DLX|scan_FSM:SCAN|FIFO_UART_RF:UART_RF|dcfifo:dcfifo_component|dcfifo_u7e1:auto_generated|a_graycounter_h26:rdptr_g1p                                     ; a_graycounter_h26  ; work         ;
;                |alt_synch_pipe_j9l:rs_dgwp|      ; 0 (0)               ; 18 (0)                    ; 0           ; 0          ; 0            ; 0       ; 0         ; 0    ; 0            ; 0          ; |DLX|scan_FSM:SCAN|FIFO_UART_RF:UART_RF|dcfifo:dcfifo_component|dcfifo_u7e1:auto_generated|alt_synch_pipe_j9l:rs_dgwp                                      ; alt_synch_pipe_j9l ; work         ;
;                   |dffpipe_4v8:dffpipe5|         ; 0 (0)               ; 18 (18)                   ; 0           ; 0          ; 0            ; 0       ; 0         ; 0    ; 0            ; 0          ; |DLX|scan_FSM:SCAN|FIFO_UART_RF:UART_RF|dcfifo:dcfifo_component|dcfifo_u7e1:auto_generated|alt_synch_pipe_j9l:rs_dgwp|dffpipe_4v8:dffpipe5                 ; dffpipe_4v8        ; work         ;
;                |alt_synch_pipe_k9l:ws_dgrp|      ; 0 (0)               ; 18 (0)                    ; 0           ; 0          ; 0            ; 0       ; 0         ; 0    ; 0            ; 0          ; |DLX|scan_FSM:SCAN|FIFO_UART_RF:UART_RF|dcfifo:dcfifo_component|dcfifo_u7e1:auto_generated|alt_synch_pipe_k9l:ws_dgrp                                      ; alt_synch_pipe_k9l ; work         ;
;                   |dffpipe_5v8:dffpipe8|         ; 0 (0)               ; 18 (18)                   ; 0           ; 0          ; 0            ; 0       ; 0         ; 0    ; 0            ; 0          ; |DLX|scan_FSM:SCAN|FIFO_UART_RF:UART_RF|dcfifo:dcfifo_component|dcfifo_u7e1:auto_generated|alt_synch_pipe_k9l:ws_dgrp|dffpipe_5v8:dffpipe8                 ; dffpipe_5v8        ; work         ;
;                |altsyncram_qj31:fifo_ram|        ; 0 (0)               ; 0 (0)                     ; 2048        ; 0          ; 0            ; 0       ; 0         ; 0    ; 0            ; 0          ; |DLX|scan_FSM:SCAN|FIFO_UART_RF:UART_RF|dcfifo:dcfifo_component|dcfifo_u7e1:auto_generated|altsyncram_qj31:fifo_ram                                        ; altsyncram_qj31    ; work         ;
;                |cmpr_5h5:rdempty_eq_comp|        ; 6 (6)               ; 0 (0)                     ; 0           ; 0          ; 0            ; 0       ; 0         ; 0    ; 0            ; 0          ; |DLX|scan_FSM:SCAN|FIFO_UART_RF:UART_RF|dcfifo:dcfifo_component|dcfifo_u7e1:auto_generated|cmpr_5h5:rdempty_eq_comp                                        ; cmpr_5h5           ; work         ;
;                |cmpr_5h5:wrfull_eq_comp|         ; 5 (5)               ; 0 (0)                     ; 0           ; 0          ; 0            ; 0       ; 0         ; 0    ; 0            ; 0          ; |DLX|scan_FSM:SCAN|FIFO_UART_RF:UART_RF|dcfifo:dcfifo_component|dcfifo_u7e1:auto_generated|cmpr_5h5:wrfull_eq_comp                                         ; cmpr_5h5           ; work         ;
;       |UARTSampler:DA_SAMPLER|                   ; 169 (145)           ; 138 (100)                 ; 8           ; 0          ; 0            ; 0       ; 0         ; 0    ; 0            ; 0          ; |DLX|scan_FSM:SCAN|UARTSampler:DA_SAMPLER                                                                                                                  ; UARTSampler        ; work         ;
;          |my_fifo:U2|                            ; 24 (0)              ; 38 (0)                    ; 8           ; 0          ; 0            ; 0       ; 0         ; 0    ; 0            ; 0          ; |DLX|scan_FSM:SCAN|UARTSampler:DA_SAMPLER|my_fifo:U2                                                                                                       ; my_fifo            ; work         ;
;             |dcfifo:dcfifo_component|            ; 24 (0)              ; 38 (0)                    ; 8           ; 0          ; 0            ; 0       ; 0         ; 0    ; 0            ; 0          ; |DLX|scan_FSM:SCAN|UARTSampler:DA_SAMPLER|my_fifo:U2|dcfifo:dcfifo_component                                                                               ; dcfifo             ; work         ;
;                |dcfifo_14e1:auto_generated|      ; 24 (5)              ; 38 (12)                   ; 8           ; 0          ; 0            ; 0       ; 0         ; 0    ; 0            ; 0          ; |DLX|scan_FSM:SCAN|UARTSampler:DA_SAMPLER|my_fifo:U2|dcfifo:dcfifo_component|dcfifo_14e1:auto_generated                                                    ; dcfifo_14e1        ; work         ;
;                   |a_graycounter_8gb:wrptr_g1p|  ; 6 (6)               ; 5 (5)                     ; 0           ; 0          ; 0            ; 0       ; 0         ; 0    ; 0            ; 0          ; |DLX|scan_FSM:SCAN|UARTSampler:DA_SAMPLER|my_fifo:U2|dcfifo:dcfifo_component|dcfifo_14e1:auto_generated|a_graycounter_8gb:wrptr_g1p                        ; a_graycounter_8gb  ; work         ;
;                   |a_graycounter_c26:rdptr_g1p|  ; 8 (8)               ; 5 (5)                     ; 0           ; 0          ; 0            ; 0       ; 0         ; 0    ; 0            ; 0          ; |DLX|scan_FSM:SCAN|UARTSampler:DA_SAMPLER|my_fifo:U2|dcfifo:dcfifo_component|dcfifo_14e1:auto_generated|a_graycounter_c26:rdptr_g1p                        ; a_graycounter_c26  ; work         ;
;                   |alt_synch_pipe_c9l:rs_dgwp|   ; 0 (0)               ; 8 (0)                     ; 0           ; 0          ; 0            ; 0       ; 0         ; 0    ; 0            ; 0          ; |DLX|scan_FSM:SCAN|UARTSampler:DA_SAMPLER|my_fifo:U2|dcfifo:dcfifo_component|dcfifo_14e1:auto_generated|alt_synch_pipe_c9l:rs_dgwp                         ; alt_synch_pipe_c9l ; work         ;
;                      |dffpipe_tu8:dffpipe10|     ; 0 (0)               ; 8 (8)                     ; 0           ; 0          ; 0            ; 0       ; 0         ; 0    ; 0            ; 0          ; |DLX|scan_FSM:SCAN|UARTSampler:DA_SAMPLER|my_fifo:U2|dcfifo:dcfifo_component|dcfifo_14e1:auto_generated|alt_synch_pipe_c9l:rs_dgwp|dffpipe_tu8:dffpipe10   ; dffpipe_tu8        ; work         ;
;                   |alt_synch_pipe_d9l:ws_dgrp|   ; 0 (0)               ; 8 (0)                     ; 0           ; 0          ; 0            ; 0       ; 0         ; 0    ; 0            ; 0          ; |DLX|scan_FSM:SCAN|UARTSampler:DA_SAMPLER|my_fifo:U2|dcfifo:dcfifo_component|dcfifo_14e1:auto_generated|alt_synch_pipe_d9l:ws_dgrp                         ; alt_synch_pipe_d9l ; work         ;
;                      |dffpipe_uu8:dffpipe13|     ; 0 (0)               ; 8 (8)                     ; 0           ; 0          ; 0            ; 0       ; 0         ; 0    ; 0            ; 0          ; |DLX|scan_FSM:SCAN|UARTSampler:DA_SAMPLER|my_fifo:U2|dcfifo:dcfifo_component|dcfifo_14e1:auto_generated|alt_synch_pipe_d9l:ws_dgrp|dffpipe_uu8:dffpipe13   ; dffpipe_uu8        ; work         ;
;                   |altsyncram_2j31:fifo_ram|     ; 0 (0)               ; 0 (0)                     ; 8           ; 0          ; 0            ; 0       ; 0         ; 0    ; 0            ; 0          ; |DLX|scan_FSM:SCAN|UARTSampler:DA_SAMPLER|my_fifo:U2|dcfifo:dcfifo_component|dcfifo_14e1:auto_generated|altsyncram_2j31:fifo_ram                           ; altsyncram_2j31    ; work         ;
;                   |cmpr_0h5:rdempty_eq_comp|     ; 3 (3)               ; 0 (0)                     ; 0           ; 0          ; 0            ; 0       ; 0         ; 0    ; 0            ; 0          ; |DLX|scan_FSM:SCAN|UARTSampler:DA_SAMPLER|my_fifo:U2|dcfifo:dcfifo_component|dcfifo_14e1:auto_generated|cmpr_0h5:rdempty_eq_comp                           ; cmpr_0h5           ; work         ;
;                   |cmpr_0h5:wrfull_eq_comp|      ; 2 (2)               ; 0 (0)                     ; 0           ; 0          ; 0            ; 0       ; 0         ; 0    ; 0            ; 0          ; |DLX|scan_FSM:SCAN|UARTSampler:DA_SAMPLER|my_fifo:U2|dcfifo:dcfifo_component|dcfifo_14e1:auto_generated|cmpr_0h5:wrfull_eq_comp                            ; cmpr_0h5           ; work         ;
;       |fifo_in_buf:IN_BUF|                       ; 35 (0)              ; 26 (0)                    ; 8192        ; 0          ; 0            ; 0       ; 0         ; 0    ; 0            ; 0          ; |DLX|scan_FSM:SCAN|fifo_in_buf:IN_BUF                                                                                                                      ; fifo_in_buf        ; work         ;
;          |scfifo:scfifo_component|               ; 35 (0)              ; 26 (0)                    ; 8192        ; 0          ; 0            ; 0       ; 0         ; 0    ; 0            ; 0          ; |DLX|scan_FSM:SCAN|fifo_in_buf:IN_BUF|scfifo:scfifo_component                                                                                              ; scfifo             ; work         ;
;             |scfifo_6d21:auto_generated|         ; 35 (0)              ; 26 (0)                    ; 8192        ; 0          ; 0            ; 0       ; 0         ; 0    ; 0            ; 0          ; |DLX|scan_FSM:SCAN|fifo_in_buf:IN_BUF|scfifo:scfifo_component|scfifo_6d21:auto_generated                                                                   ; scfifo_6d21        ; work         ;
;                |a_dpfifo_dj21:dpfifo|            ; 35 (0)              ; 26 (0)                    ; 8192        ; 0          ; 0            ; 0       ; 0         ; 0    ; 0            ; 0          ; |DLX|scan_FSM:SCAN|fifo_in_buf:IN_BUF|scfifo:scfifo_component|scfifo_6d21:auto_generated|a_dpfifo_dj21:dpfifo                                              ; a_dpfifo_dj21      ; work         ;
;                   |a_fefifo_08f:fifo_state|      ; 19 (11)             ; 10 (2)                    ; 0           ; 0          ; 0            ; 0       ; 0         ; 0    ; 0            ; 0          ; |DLX|scan_FSM:SCAN|fifo_in_buf:IN_BUF|scfifo:scfifo_component|scfifo_6d21:auto_generated|a_dpfifo_dj21:dpfifo|a_fefifo_08f:fifo_state                      ; a_fefifo_08f       ; work         ;
;                      |cntr_537:count_usedw|      ; 8 (8)               ; 8 (8)                     ; 0           ; 0          ; 0            ; 0       ; 0         ; 0    ; 0            ; 0          ; |DLX|scan_FSM:SCAN|fifo_in_buf:IN_BUF|scfifo:scfifo_component|scfifo_6d21:auto_generated|a_dpfifo_dj21:dpfifo|a_fefifo_08f:fifo_state|cntr_537:count_usedw ; cntr_537           ; work         ;
;                   |altsyncram_c2m1:FIFOram|      ; 0 (0)               ; 0 (0)                     ; 8192        ; 0          ; 0            ; 0       ; 0         ; 0    ; 0            ; 0          ; |DLX|scan_FSM:SCAN|fifo_in_buf:IN_BUF|scfifo:scfifo_component|scfifo_6d21:auto_generated|a_dpfifo_dj21:dpfifo|altsyncram_c2m1:FIFOram                      ; altsyncram_c2m1    ; work         ;
;                   |cntr_p2b:rd_ptr_count|        ; 8 (8)               ; 8 (8)                     ; 0           ; 0          ; 0            ; 0       ; 0         ; 0    ; 0            ; 0          ; |DLX|scan_FSM:SCAN|fifo_in_buf:IN_BUF|scfifo:scfifo_component|scfifo_6d21:auto_generated|a_dpfifo_dj21:dpfifo|cntr_p2b:rd_ptr_count                        ; cntr_p2b           ; work         ;
;                   |cntr_p2b:wr_ptr|              ; 8 (8)               ; 8 (8)                     ; 0           ; 0          ; 0            ; 0       ; 0         ; 0    ; 0            ; 0          ; |DLX|scan_FSM:SCAN|fifo_in_buf:IN_BUF|scfifo:scfifo_component|scfifo_6d21:auto_generated|a_dpfifo_dj21:dpfifo|cntr_p2b:wr_ptr                              ; cntr_p2b           ; work         ;
;       |uart_recv:UART_RX|                        ; 61 (61)             ; 42 (42)                   ; 0           ; 0          ; 0            ; 0       ; 0         ; 0    ; 0            ; 0          ; |DLX|scan_FSM:SCAN|uart_recv:UART_RX                                                                                                                       ; uart_recv          ; work         ;
;    |write_back:WB|                               ; 45 (45)             ; 5 (5)                     ; 0           ; 0          ; 0            ; 0       ; 0         ; 0    ; 0            ; 0          ; |DLX|write_back:WB                                                                                                                                         ; write_back         ; work         ;
+--------------------------------------------------+---------------------+---------------------------+-------------+------------+--------------+---------+-----------+------+--------------+------------+------------------------------------------------------------------------------------------------------------------------------------------------------------+--------------------+--------------+
Note: For table entries with two numbers listed, the numbers in parentheses indicate the number of resources of the given type used by the specific entity alone. The numbers listed outside of parentheses indicate the total resources of the given type used by the specific entity and all of its sub-entities in the hierarchy.


+------------------------------------------------------------------------------------------------------------------------------------------------------------------------------------------------------------------------------------------------------------------------------------+
; Analysis & Synthesis RAM Summary                                                                                                                                                                                                                                                   ;
+---------------------------------------------------------------------------------------------------------------------------------------------+------+------------------+--------------+--------------+--------------+--------------+-------+----------------------------------------+
; Name                                                                                                                                        ; Type ; Mode             ; Port A Depth ; Port A Width ; Port B Depth ; Port B Width ; Size  ; MIF                                    ;
+---------------------------------------------------------------------------------------------------------------------------------------------+------+------------------+--------------+--------------+--------------+--------------+-------+----------------------------------------+
; decode:DECODE|registers:R|altsyncram:ram_block_rtl_0|altsyncram_23g1:auto_generated|ALTSYNCRAM                                              ; AUTO ; Simple Dual Port ; 32           ; 32           ; 32           ; 32           ; 1024  ; db/DLX.ram0_registers_6989617c.hdl.mif ;
; decode:DECODE|registers:R|altsyncram:ram_block_rtl_1|altsyncram_23g1:auto_generated|ALTSYNCRAM                                              ; AUTO ; Simple Dual Port ; 32           ; 32           ; 32           ; 32           ; 1024  ; db/DLX.ram0_registers_6989617c.hdl.mif ;
; fetch:FETCH|my_ROM:U1|altsyncram:altsyncram_component|altsyncram_hvr3:auto_generated|ALTSYNCRAM                                             ; AUTO ; ROM              ; 1024         ; 32           ; --           ; --           ; 32768 ; collatz_code.mif                       ;
; memory:MEMORY|my_ram:RAM|altsyncram:altsyncram_component|altsyncram_63s3:auto_generated|ALTSYNCRAM                                          ; AUTO ; Single Port      ; 1024         ; 32           ; --           ; --           ; 32768 ; collatz_data.mif                       ;
; print_FSM:FSM|fifo_char:FIFO2|dcfifo:dcfifo_component|dcfifo_f1f1:auto_generated|altsyncram_qj31:fifo_ram|ALTSYNCRAM                        ; AUTO ; Simple Dual Port ; 256          ; 8            ; 256          ; 8            ; 2048  ; None                                   ;
; print_FSM:FSM|fifo_word:FIFO1|scfifo:scfifo_component|scfifo_4k51:auto_generated|a_dpfifo_jj21:dpfifo|altsyncram_o2m1:FIFOram|ALTSYNCRAM    ; AUTO ; Simple Dual Port ; 256          ; 38           ; 256          ; 38           ; 9728  ; None                                   ;
; scan_FSM:SCAN|FIFO_UART_RF:UART_RF|dcfifo:dcfifo_component|dcfifo_u7e1:auto_generated|altsyncram_qj31:fifo_ram|ALTSYNCRAM                   ; AUTO ; Simple Dual Port ; 256          ; 8            ; 256          ; 8            ; 2048  ; None                                   ;
; scan_FSM:SCAN|UARTSampler:DA_SAMPLER|my_fifo:U2|dcfifo:dcfifo_component|dcfifo_14e1:auto_generated|altsyncram_2j31:fifo_ram|ALTSYNCRAM      ; AUTO ; Simple Dual Port ; 8            ; 1            ; 8            ; 1            ; 8     ; None                                   ;
; scan_FSM:SCAN|fifo_in_buf:IN_BUF|scfifo:scfifo_component|scfifo_6d21:auto_generated|a_dpfifo_dj21:dpfifo|altsyncram_c2m1:FIFOram|ALTSYNCRAM ; AUTO ; Simple Dual Port ; 256          ; 32           ; 256          ; 32           ; 8192  ; None                                   ;
+---------------------------------------------------------------------------------------------------------------------------------------------+------+------------------+--------------+--------------+--------------+--------------+-------+----------------------------------------+


+----------------------------------------------------------------------------------------------------------------------------+
; Analysis & Synthesis IP Cores Summary                                                                                      ;
+--------+--------------+---------+--------------+--------------+-----------------------------------------+------------------+
; Vendor ; IP Core Name ; Version ; Release Date ; License Type ; Entity Instance                         ; IP Include File  ;
+--------+--------------+---------+--------------+--------------+-----------------------------------------+------------------+
; Altera ; ROM: 1-PORT  ; 24.1    ; N/A          ; N/A          ; |DLX|fetch:FETCH|my_ROM:U1              ; my_ROM.vhd       ;
; Altera ; FIFO         ; 24.1    ; N/A          ; N/A          ; |DLX|print_FSM:FSM|fifo_word:FIFO1      ; fifo_word.vhd    ;
; Altera ; FIFO         ; 24.1    ; N/A          ; N/A          ; |DLX|print_FSM:FSM|fifo_char:FIFO2      ; fifo_char.vhd    ;
; Altera ; RAM: 1-PORT  ; 24.1    ; N/A          ; N/A          ; |DLX|memory:MEMORY|my_ram:RAM           ; my_ram.vhd       ;
; Altera ; ALTPLL       ; 24.1    ; N/A          ; N/A          ; |DLX|pll:PLLTX                          ; pll.vhd          ;
; Altera ; FIFO         ; 24.1    ; N/A          ; N/A          ; |DLX|scan_FSM:SCAN|fifo_in_buf:IN_BUF   ; fifo_in_buf.vhd  ;
; Altera ; FIFO         ; 24.1    ; N/A          ; N/A          ; |DLX|scan_FSM:SCAN|FIFO_UART_RF:UART_RF ; FIFO_UART_RF.vhd ;
+--------+--------------+---------+--------------+--------------+-----------------------------------------+------------------+


Encoding Type:  One-Hot
+----------------------------------------------------------------+
; State Machine - |DLX|print_FSM:FSM|state                       ;
+-------------+-----------+-----------+-------------+------------+
; Name        ; state.POP ; state.DIV ; state.MAGIC ; state.IDLE ;
+-------------+-----------+-----------+-------------+------------+
; state.IDLE  ; 0         ; 0         ; 0           ; 0          ;
; state.MAGIC ; 0         ; 0         ; 1           ; 1          ;
; state.DIV   ; 0         ; 1         ; 0           ; 1          ;
; state.POP   ; 1         ; 0         ; 0           ; 1          ;
+-------------+-----------+-----------+-------------+------------+


+--------------------------------------------------------------------------------------------------------------------------------------------------------------------------------------------------------------------------------------------------------------------------------+
; Registers Protected by Synthesis                                                                                                                                                                                                                                               ;
+----------------------------------------------------------------------------------------------------------------------------------------------------------------+------------------------------------------------------------------+--------------------------------------------+
; Register Name                                                                                                                                                  ; Protected by Synthesis Attribute or Preserve Register Assignment ; Not to be Touched by Netlist Optimizations ;
+----------------------------------------------------------------------------------------------------------------------------------------------------------------+------------------------------------------------------------------+--------------------------------------------+
; print_FSM:FSM|fifo_char:FIFO2|dcfifo:dcfifo_component|dcfifo_f1f1:auto_generated|alt_synch_pipe_i9l:ws_dgrp|dffpipe_3v8:dffpipe16|dffe18a[8]                   ; yes                                                              ; yes                                        ;
; print_FSM:FSM|fifo_char:FIFO2|dcfifo:dcfifo_component|dcfifo_f1f1:auto_generated|alt_synch_pipe_i9l:ws_dgrp|dffpipe_3v8:dffpipe16|dffe18a[7]                   ; yes                                                              ; yes                                        ;
; print_FSM:FSM|fifo_char:FIFO2|dcfifo:dcfifo_component|dcfifo_f1f1:auto_generated|alt_synch_pipe_i9l:ws_dgrp|dffpipe_3v8:dffpipe16|dffe18a[6]                   ; yes                                                              ; yes                                        ;
; print_FSM:FSM|fifo_char:FIFO2|dcfifo:dcfifo_component|dcfifo_f1f1:auto_generated|alt_synch_pipe_i9l:ws_dgrp|dffpipe_3v8:dffpipe16|dffe18a[5]                   ; yes                                                              ; yes                                        ;
; print_FSM:FSM|fifo_char:FIFO2|dcfifo:dcfifo_component|dcfifo_f1f1:auto_generated|alt_synch_pipe_i9l:ws_dgrp|dffpipe_3v8:dffpipe16|dffe18a[4]                   ; yes                                                              ; yes                                        ;
; print_FSM:FSM|fifo_char:FIFO2|dcfifo:dcfifo_component|dcfifo_f1f1:auto_generated|alt_synch_pipe_i9l:ws_dgrp|dffpipe_3v8:dffpipe16|dffe18a[3]                   ; yes                                                              ; yes                                        ;
; print_FSM:FSM|fifo_char:FIFO2|dcfifo:dcfifo_component|dcfifo_f1f1:auto_generated|alt_synch_pipe_i9l:ws_dgrp|dffpipe_3v8:dffpipe16|dffe18a[2]                   ; yes                                                              ; yes                                        ;
; print_FSM:FSM|fifo_char:FIFO2|dcfifo:dcfifo_component|dcfifo_f1f1:auto_generated|alt_synch_pipe_i9l:ws_dgrp|dffpipe_3v8:dffpipe16|dffe18a[1]                   ; yes                                                              ; yes                                        ;
; print_FSM:FSM|fifo_char:FIFO2|dcfifo:dcfifo_component|dcfifo_f1f1:auto_generated|alt_synch_pipe_i9l:ws_dgrp|dffpipe_3v8:dffpipe16|dffe18a[0]                   ; yes                                                              ; yes                                        ;
; print_FSM:FSM|fifo_char:FIFO2|dcfifo:dcfifo_component|dcfifo_f1f1:auto_generated|alt_synch_pipe_i9l:ws_dgrp|dffpipe_3v8:dffpipe16|dffe17a[8]                   ; yes                                                              ; yes                                        ;
; print_FSM:FSM|fifo_char:FIFO2|dcfifo:dcfifo_component|dcfifo_f1f1:auto_generated|alt_synch_pipe_i9l:ws_dgrp|dffpipe_3v8:dffpipe16|dffe17a[7]                   ; yes                                                              ; yes                                        ;
; print_FSM:FSM|fifo_char:FIFO2|dcfifo:dcfifo_component|dcfifo_f1f1:auto_generated|alt_synch_pipe_i9l:ws_dgrp|dffpipe_3v8:dffpipe16|dffe17a[6]                   ; yes                                                              ; yes                                        ;
; print_FSM:FSM|fifo_char:FIFO2|dcfifo:dcfifo_component|dcfifo_f1f1:auto_generated|alt_synch_pipe_i9l:ws_dgrp|dffpipe_3v8:dffpipe16|dffe17a[5]                   ; yes                                                              ; yes                                        ;
; print_FSM:FSM|fifo_char:FIFO2|dcfifo:dcfifo_component|dcfifo_f1f1:auto_generated|alt_synch_pipe_i9l:ws_dgrp|dffpipe_3v8:dffpipe16|dffe17a[4]                   ; yes                                                              ; yes                                        ;
; print_FSM:FSM|fifo_char:FIFO2|dcfifo:dcfifo_component|dcfifo_f1f1:auto_generated|alt_synch_pipe_i9l:ws_dgrp|dffpipe_3v8:dffpipe16|dffe17a[3]                   ; yes                                                              ; yes                                        ;
; print_FSM:FSM|fifo_char:FIFO2|dcfifo:dcfifo_component|dcfifo_f1f1:auto_generated|alt_synch_pipe_i9l:ws_dgrp|dffpipe_3v8:dffpipe16|dffe17a[2]                   ; yes                                                              ; yes                                        ;
; print_FSM:FSM|fifo_char:FIFO2|dcfifo:dcfifo_component|dcfifo_f1f1:auto_generated|alt_synch_pipe_i9l:ws_dgrp|dffpipe_3v8:dffpipe16|dffe17a[1]                   ; yes                                                              ; yes                                        ;
; print_FSM:FSM|fifo_char:FIFO2|dcfifo:dcfifo_component|dcfifo_f1f1:auto_generated|alt_synch_pipe_i9l:ws_dgrp|dffpipe_3v8:dffpipe16|dffe17a[0]                   ; yes                                                              ; yes                                        ;
; print_FSM:FSM|fifo_char:FIFO2|dcfifo:dcfifo_component|dcfifo_f1f1:auto_generated|alt_synch_pipe_h9l:rs_dgwp|dffpipe_2v8:dffpipe12|dffe14a[8]                   ; yes                                                              ; yes                                        ;
; print_FSM:FSM|fifo_char:FIFO2|dcfifo:dcfifo_component|dcfifo_f1f1:auto_generated|alt_synch_pipe_h9l:rs_dgwp|dffpipe_2v8:dffpipe12|dffe14a[6]                   ; yes                                                              ; yes                                        ;
; print_FSM:FSM|fifo_char:FIFO2|dcfifo:dcfifo_component|dcfifo_f1f1:auto_generated|alt_synch_pipe_h9l:rs_dgwp|dffpipe_2v8:dffpipe12|dffe14a[7]                   ; yes                                                              ; yes                                        ;
; print_FSM:FSM|fifo_char:FIFO2|dcfifo:dcfifo_component|dcfifo_f1f1:auto_generated|alt_synch_pipe_h9l:rs_dgwp|dffpipe_2v8:dffpipe12|dffe14a[4]                   ; yes                                                              ; yes                                        ;
; print_FSM:FSM|fifo_char:FIFO2|dcfifo:dcfifo_component|dcfifo_f1f1:auto_generated|alt_synch_pipe_h9l:rs_dgwp|dffpipe_2v8:dffpipe12|dffe14a[5]                   ; yes                                                              ; yes                                        ;
; print_FSM:FSM|fifo_char:FIFO2|dcfifo:dcfifo_component|dcfifo_f1f1:auto_generated|alt_synch_pipe_h9l:rs_dgwp|dffpipe_2v8:dffpipe12|dffe14a[2]                   ; yes                                                              ; yes                                        ;
; print_FSM:FSM|fifo_char:FIFO2|dcfifo:dcfifo_component|dcfifo_f1f1:auto_generated|alt_synch_pipe_h9l:rs_dgwp|dffpipe_2v8:dffpipe12|dffe14a[3]                   ; yes                                                              ; yes                                        ;
; print_FSM:FSM|fifo_char:FIFO2|dcfifo:dcfifo_component|dcfifo_f1f1:auto_generated|alt_synch_pipe_h9l:rs_dgwp|dffpipe_2v8:dffpipe12|dffe14a[0]                   ; yes                                                              ; yes                                        ;
; print_FSM:FSM|fifo_char:FIFO2|dcfifo:dcfifo_component|dcfifo_f1f1:auto_generated|alt_synch_pipe_h9l:rs_dgwp|dffpipe_2v8:dffpipe12|dffe14a[1]                   ; yes                                                              ; yes                                        ;
; print_FSM:FSM|fifo_char:FIFO2|dcfifo:dcfifo_component|dcfifo_f1f1:auto_generated|alt_synch_pipe_h9l:rs_dgwp|dffpipe_2v8:dffpipe12|dffe13a[8]                   ; yes                                                              ; yes                                        ;
; print_FSM:FSM|fifo_char:FIFO2|dcfifo:dcfifo_component|dcfifo_f1f1:auto_generated|alt_synch_pipe_h9l:rs_dgwp|dffpipe_2v8:dffpipe12|dffe13a[6]                   ; yes                                                              ; yes                                        ;
; print_FSM:FSM|fifo_char:FIFO2|dcfifo:dcfifo_component|dcfifo_f1f1:auto_generated|alt_synch_pipe_h9l:rs_dgwp|dffpipe_2v8:dffpipe12|dffe13a[7]                   ; yes                                                              ; yes                                        ;
; print_FSM:FSM|fifo_char:FIFO2|dcfifo:dcfifo_component|dcfifo_f1f1:auto_generated|alt_synch_pipe_h9l:rs_dgwp|dffpipe_2v8:dffpipe12|dffe13a[4]                   ; yes                                                              ; yes                                        ;
; print_FSM:FSM|fifo_char:FIFO2|dcfifo:dcfifo_component|dcfifo_f1f1:auto_generated|alt_synch_pipe_h9l:rs_dgwp|dffpipe_2v8:dffpipe12|dffe13a[5]                   ; yes                                                              ; yes                                        ;
; print_FSM:FSM|fifo_char:FIFO2|dcfifo:dcfifo_component|dcfifo_f1f1:auto_generated|alt_synch_pipe_h9l:rs_dgwp|dffpipe_2v8:dffpipe12|dffe13a[2]                   ; yes                                                              ; yes                                        ;
; print_FSM:FSM|fifo_char:FIFO2|dcfifo:dcfifo_component|dcfifo_f1f1:auto_generated|alt_synch_pipe_h9l:rs_dgwp|dffpipe_2v8:dffpipe12|dffe13a[3]                   ; yes                                                              ; yes                                        ;
; print_FSM:FSM|fifo_char:FIFO2|dcfifo:dcfifo_component|dcfifo_f1f1:auto_generated|alt_synch_pipe_h9l:rs_dgwp|dffpipe_2v8:dffpipe12|dffe13a[0]                   ; yes                                                              ; yes                                        ;
; print_FSM:FSM|fifo_char:FIFO2|dcfifo:dcfifo_component|dcfifo_f1f1:auto_generated|alt_synch_pipe_h9l:rs_dgwp|dffpipe_2v8:dffpipe12|dffe13a[1]                   ; yes                                                              ; yes                                        ;
; scan_FSM:SCAN|FIFO_UART_RF:UART_RF|dcfifo:dcfifo_component|dcfifo_u7e1:auto_generated|alt_synch_pipe_j9l:rs_dgwp|dffpipe_4v8:dffpipe5|dffe7a[8]                ; yes                                                              ; yes                                        ;
; scan_FSM:SCAN|FIFO_UART_RF:UART_RF|dcfifo:dcfifo_component|dcfifo_u7e1:auto_generated|alt_synch_pipe_j9l:rs_dgwp|dffpipe_4v8:dffpipe5|dffe7a[6]                ; yes                                                              ; yes                                        ;
; scan_FSM:SCAN|FIFO_UART_RF:UART_RF|dcfifo:dcfifo_component|dcfifo_u7e1:auto_generated|alt_synch_pipe_j9l:rs_dgwp|dffpipe_4v8:dffpipe5|dffe7a[7]                ; yes                                                              ; yes                                        ;
; scan_FSM:SCAN|FIFO_UART_RF:UART_RF|dcfifo:dcfifo_component|dcfifo_u7e1:auto_generated|alt_synch_pipe_j9l:rs_dgwp|dffpipe_4v8:dffpipe5|dffe7a[4]                ; yes                                                              ; yes                                        ;
; scan_FSM:SCAN|FIFO_UART_RF:UART_RF|dcfifo:dcfifo_component|dcfifo_u7e1:auto_generated|alt_synch_pipe_j9l:rs_dgwp|dffpipe_4v8:dffpipe5|dffe7a[5]                ; yes                                                              ; yes                                        ;
; scan_FSM:SCAN|FIFO_UART_RF:UART_RF|dcfifo:dcfifo_component|dcfifo_u7e1:auto_generated|alt_synch_pipe_j9l:rs_dgwp|dffpipe_4v8:dffpipe5|dffe7a[2]                ; yes                                                              ; yes                                        ;
; scan_FSM:SCAN|FIFO_UART_RF:UART_RF|dcfifo:dcfifo_component|dcfifo_u7e1:auto_generated|alt_synch_pipe_j9l:rs_dgwp|dffpipe_4v8:dffpipe5|dffe7a[3]                ; yes                                                              ; yes                                        ;
; scan_FSM:SCAN|FIFO_UART_RF:UART_RF|dcfifo:dcfifo_component|dcfifo_u7e1:auto_generated|alt_synch_pipe_j9l:rs_dgwp|dffpipe_4v8:dffpipe5|dffe7a[0]                ; yes                                                              ; yes                                        ;
; scan_FSM:SCAN|FIFO_UART_RF:UART_RF|dcfifo:dcfifo_component|dcfifo_u7e1:auto_generated|alt_synch_pipe_j9l:rs_dgwp|dffpipe_4v8:dffpipe5|dffe7a[1]                ; yes                                                              ; yes                                        ;
; scan_FSM:SCAN|FIFO_UART_RF:UART_RF|dcfifo:dcfifo_component|dcfifo_u7e1:auto_generated|alt_synch_pipe_k9l:ws_dgrp|dffpipe_5v8:dffpipe8|dffe10a[8]               ; yes                                                              ; yes                                        ;
; scan_FSM:SCAN|FIFO_UART_RF:UART_RF|dcfifo:dcfifo_component|dcfifo_u7e1:auto_generated|alt_synch_pipe_k9l:ws_dgrp|dffpipe_5v8:dffpipe8|dffe10a[6]               ; yes                                                              ; yes                                        ;
; scan_FSM:SCAN|FIFO_UART_RF:UART_RF|dcfifo:dcfifo_component|dcfifo_u7e1:auto_generated|alt_synch_pipe_k9l:ws_dgrp|dffpipe_5v8:dffpipe8|dffe10a[7]               ; yes                                                              ; yes                                        ;
; scan_FSM:SCAN|FIFO_UART_RF:UART_RF|dcfifo:dcfifo_component|dcfifo_u7e1:auto_generated|alt_synch_pipe_k9l:ws_dgrp|dffpipe_5v8:dffpipe8|dffe10a[4]               ; yes                                                              ; yes                                        ;
; scan_FSM:SCAN|FIFO_UART_RF:UART_RF|dcfifo:dcfifo_component|dcfifo_u7e1:auto_generated|alt_synch_pipe_k9l:ws_dgrp|dffpipe_5v8:dffpipe8|dffe10a[5]               ; yes                                                              ; yes                                        ;
; scan_FSM:SCAN|FIFO_UART_RF:UART_RF|dcfifo:dcfifo_component|dcfifo_u7e1:auto_generated|alt_synch_pipe_k9l:ws_dgrp|dffpipe_5v8:dffpipe8|dffe10a[2]               ; yes                                                              ; yes                                        ;
; scan_FSM:SCAN|FIFO_UART_RF:UART_RF|dcfifo:dcfifo_component|dcfifo_u7e1:auto_generated|alt_synch_pipe_k9l:ws_dgrp|dffpipe_5v8:dffpipe8|dffe10a[3]               ; yes                                                              ; yes                                        ;
; scan_FSM:SCAN|FIFO_UART_RF:UART_RF|dcfifo:dcfifo_component|dcfifo_u7e1:auto_generated|alt_synch_pipe_k9l:ws_dgrp|dffpipe_5v8:dffpipe8|dffe10a[0]               ; yes                                                              ; yes                                        ;
; scan_FSM:SCAN|FIFO_UART_RF:UART_RF|dcfifo:dcfifo_component|dcfifo_u7e1:auto_generated|alt_synch_pipe_k9l:ws_dgrp|dffpipe_5v8:dffpipe8|dffe10a[1]               ; yes                                                              ; yes                                        ;
; scan_FSM:SCAN|FIFO_UART_RF:UART_RF|dcfifo:dcfifo_component|dcfifo_u7e1:auto_generated|alt_synch_pipe_j9l:rs_dgwp|dffpipe_4v8:dffpipe5|dffe6a[8]                ; yes                                                              ; yes                                        ;
; scan_FSM:SCAN|FIFO_UART_RF:UART_RF|dcfifo:dcfifo_component|dcfifo_u7e1:auto_generated|alt_synch_pipe_j9l:rs_dgwp|dffpipe_4v8:dffpipe5|dffe6a[6]                ; yes                                                              ; yes                                        ;
; scan_FSM:SCAN|FIFO_UART_RF:UART_RF|dcfifo:dcfifo_component|dcfifo_u7e1:auto_generated|alt_synch_pipe_j9l:rs_dgwp|dffpipe_4v8:dffpipe5|dffe6a[7]                ; yes                                                              ; yes                                        ;
; scan_FSM:SCAN|FIFO_UART_RF:UART_RF|dcfifo:dcfifo_component|dcfifo_u7e1:auto_generated|alt_synch_pipe_j9l:rs_dgwp|dffpipe_4v8:dffpipe5|dffe6a[4]                ; yes                                                              ; yes                                        ;
; scan_FSM:SCAN|FIFO_UART_RF:UART_RF|dcfifo:dcfifo_component|dcfifo_u7e1:auto_generated|alt_synch_pipe_j9l:rs_dgwp|dffpipe_4v8:dffpipe5|dffe6a[5]                ; yes                                                              ; yes                                        ;
; scan_FSM:SCAN|FIFO_UART_RF:UART_RF|dcfifo:dcfifo_component|dcfifo_u7e1:auto_generated|alt_synch_pipe_j9l:rs_dgwp|dffpipe_4v8:dffpipe5|dffe6a[2]                ; yes                                                              ; yes                                        ;
; scan_FSM:SCAN|FIFO_UART_RF:UART_RF|dcfifo:dcfifo_component|dcfifo_u7e1:auto_generated|alt_synch_pipe_j9l:rs_dgwp|dffpipe_4v8:dffpipe5|dffe6a[3]                ; yes                                                              ; yes                                        ;
; scan_FSM:SCAN|FIFO_UART_RF:UART_RF|dcfifo:dcfifo_component|dcfifo_u7e1:auto_generated|alt_synch_pipe_j9l:rs_dgwp|dffpipe_4v8:dffpipe5|dffe6a[0]                ; yes                                                              ; yes                                        ;
; scan_FSM:SCAN|FIFO_UART_RF:UART_RF|dcfifo:dcfifo_component|dcfifo_u7e1:auto_generated|alt_synch_pipe_j9l:rs_dgwp|dffpipe_4v8:dffpipe5|dffe6a[1]                ; yes                                                              ; yes                                        ;
; scan_FSM:SCAN|FIFO_UART_RF:UART_RF|dcfifo:dcfifo_component|dcfifo_u7e1:auto_generated|alt_synch_pipe_k9l:ws_dgrp|dffpipe_5v8:dffpipe8|dffe9a[8]                ; yes                                                              ; yes                                        ;
; scan_FSM:SCAN|FIFO_UART_RF:UART_RF|dcfifo:dcfifo_component|dcfifo_u7e1:auto_generated|alt_synch_pipe_k9l:ws_dgrp|dffpipe_5v8:dffpipe8|dffe9a[6]                ; yes                                                              ; yes                                        ;
; scan_FSM:SCAN|FIFO_UART_RF:UART_RF|dcfifo:dcfifo_component|dcfifo_u7e1:auto_generated|alt_synch_pipe_k9l:ws_dgrp|dffpipe_5v8:dffpipe8|dffe9a[7]                ; yes                                                              ; yes                                        ;
; scan_FSM:SCAN|FIFO_UART_RF:UART_RF|dcfifo:dcfifo_component|dcfifo_u7e1:auto_generated|alt_synch_pipe_k9l:ws_dgrp|dffpipe_5v8:dffpipe8|dffe9a[4]                ; yes                                                              ; yes                                        ;
; scan_FSM:SCAN|FIFO_UART_RF:UART_RF|dcfifo:dcfifo_component|dcfifo_u7e1:auto_generated|alt_synch_pipe_k9l:ws_dgrp|dffpipe_5v8:dffpipe8|dffe9a[5]                ; yes                                                              ; yes                                        ;
; scan_FSM:SCAN|FIFO_UART_RF:UART_RF|dcfifo:dcfifo_component|dcfifo_u7e1:auto_generated|alt_synch_pipe_k9l:ws_dgrp|dffpipe_5v8:dffpipe8|dffe9a[2]                ; yes                                                              ; yes                                        ;
; scan_FSM:SCAN|FIFO_UART_RF:UART_RF|dcfifo:dcfifo_component|dcfifo_u7e1:auto_generated|alt_synch_pipe_k9l:ws_dgrp|dffpipe_5v8:dffpipe8|dffe9a[3]                ; yes                                                              ; yes                                        ;
; scan_FSM:SCAN|FIFO_UART_RF:UART_RF|dcfifo:dcfifo_component|dcfifo_u7e1:auto_generated|alt_synch_pipe_k9l:ws_dgrp|dffpipe_5v8:dffpipe8|dffe9a[0]                ; yes                                                              ; yes                                        ;
; scan_FSM:SCAN|FIFO_UART_RF:UART_RF|dcfifo:dcfifo_component|dcfifo_u7e1:auto_generated|alt_synch_pipe_k9l:ws_dgrp|dffpipe_5v8:dffpipe8|dffe9a[1]                ; yes                                                              ; yes                                        ;
; scan_FSM:SCAN|UARTSampler:DA_SAMPLER|my_fifo:U2|dcfifo:dcfifo_component|dcfifo_14e1:auto_generated|alt_synch_pipe_c9l:rs_dgwp|dffpipe_tu8:dffpipe10|dffe12a[2] ; yes                                                              ; yes                                        ;
; scan_FSM:SCAN|UARTSampler:DA_SAMPLER|my_fifo:U2|dcfifo:dcfifo_component|dcfifo_14e1:auto_generated|alt_synch_pipe_c9l:rs_dgwp|dffpipe_tu8:dffpipe10|dffe12a[3] ; yes                                                              ; yes                                        ;
; scan_FSM:SCAN|UARTSampler:DA_SAMPLER|my_fifo:U2|dcfifo:dcfifo_component|dcfifo_14e1:auto_generated|alt_synch_pipe_c9l:rs_dgwp|dffpipe_tu8:dffpipe10|dffe12a[0] ; yes                                                              ; yes                                        ;
; scan_FSM:SCAN|UARTSampler:DA_SAMPLER|my_fifo:U2|dcfifo:dcfifo_component|dcfifo_14e1:auto_generated|alt_synch_pipe_c9l:rs_dgwp|dffpipe_tu8:dffpipe10|dffe12a[1] ; yes                                                              ; yes                                        ;
; scan_FSM:SCAN|UARTSampler:DA_SAMPLER|my_fifo:U2|dcfifo:dcfifo_component|dcfifo_14e1:auto_generated|alt_synch_pipe_d9l:ws_dgrp|dffpipe_uu8:dffpipe13|dffe15a[2] ; yes                                                              ; yes                                        ;
; scan_FSM:SCAN|UARTSampler:DA_SAMPLER|my_fifo:U2|dcfifo:dcfifo_component|dcfifo_14e1:auto_generated|alt_synch_pipe_d9l:ws_dgrp|dffpipe_uu8:dffpipe13|dffe15a[3] ; yes                                                              ; yes                                        ;
; scan_FSM:SCAN|UARTSampler:DA_SAMPLER|my_fifo:U2|dcfifo:dcfifo_component|dcfifo_14e1:auto_generated|alt_synch_pipe_d9l:ws_dgrp|dffpipe_uu8:dffpipe13|dffe15a[0] ; yes                                                              ; yes                                        ;
; scan_FSM:SCAN|UARTSampler:DA_SAMPLER|my_fifo:U2|dcfifo:dcfifo_component|dcfifo_14e1:auto_generated|alt_synch_pipe_d9l:ws_dgrp|dffpipe_uu8:dffpipe13|dffe15a[1] ; yes                                                              ; yes                                        ;
; scan_FSM:SCAN|UARTSampler:DA_SAMPLER|my_fifo:U2|dcfifo:dcfifo_component|dcfifo_14e1:auto_generated|alt_synch_pipe_c9l:rs_dgwp|dffpipe_tu8:dffpipe10|dffe11a[2] ; yes                                                              ; yes                                        ;
; scan_FSM:SCAN|UARTSampler:DA_SAMPLER|my_fifo:U2|dcfifo:dcfifo_component|dcfifo_14e1:auto_generated|alt_synch_pipe_c9l:rs_dgwp|dffpipe_tu8:dffpipe10|dffe11a[3] ; yes                                                              ; yes                                        ;
; scan_FSM:SCAN|UARTSampler:DA_SAMPLER|my_fifo:U2|dcfifo:dcfifo_component|dcfifo_14e1:auto_generated|alt_synch_pipe_c9l:rs_dgwp|dffpipe_tu8:dffpipe10|dffe11a[0] ; yes                                                              ; yes                                        ;
; scan_FSM:SCAN|UARTSampler:DA_SAMPLER|my_fifo:U2|dcfifo:dcfifo_component|dcfifo_14e1:auto_generated|alt_synch_pipe_c9l:rs_dgwp|dffpipe_tu8:dffpipe10|dffe11a[1] ; yes                                                              ; yes                                        ;
; scan_FSM:SCAN|UARTSampler:DA_SAMPLER|my_fifo:U2|dcfifo:dcfifo_component|dcfifo_14e1:auto_generated|alt_synch_pipe_d9l:ws_dgrp|dffpipe_uu8:dffpipe13|dffe14a[2] ; yes                                                              ; yes                                        ;
; scan_FSM:SCAN|UARTSampler:DA_SAMPLER|my_fifo:U2|dcfifo:dcfifo_component|dcfifo_14e1:auto_generated|alt_synch_pipe_d9l:ws_dgrp|dffpipe_uu8:dffpipe13|dffe14a[3] ; yes                                                              ; yes                                        ;
; scan_FSM:SCAN|UARTSampler:DA_SAMPLER|my_fifo:U2|dcfifo:dcfifo_component|dcfifo_14e1:auto_generated|alt_synch_pipe_d9l:ws_dgrp|dffpipe_uu8:dffpipe13|dffe14a[0] ; yes                                                              ; yes                                        ;
; scan_FSM:SCAN|UARTSampler:DA_SAMPLER|my_fifo:U2|dcfifo:dcfifo_component|dcfifo_14e1:auto_generated|alt_synch_pipe_d9l:ws_dgrp|dffpipe_uu8:dffpipe13|dffe14a[1] ; yes                                                              ; yes                                        ;
; Total number of protected registers is 88                                                                                                                      ;                                                                  ;                                            ;
+----------------------------------------------------------------------------------------------------------------------------------------------------------------+------------------------------------------------------------------+--------------------------------------------+


+----------------------------------------------------------------------------------------------------------------------------------------------------------------------------+
; Registers Removed During Synthesis                                                                                                                                         ;
+----------------------------------------------------------------------------------------------------------------+-----------------------------------------------------------+
; Register name                                                                                                  ; Reason for Removal                                        ;
+----------------------------------------------------------------------------------------------------------------+-----------------------------------------------------------+
; print_FSM:FSM|diva_ten:DIVIDER|quotient[29..31]                                                                ; Stuck at GND due to stuck port data_in                    ;
; print_FSM:FSM|fifo_char:FIFO2|dcfifo:dcfifo_component|dcfifo_f1f1:auto_generated|dffpipe_1v8:ws_bwp|dffe15a[8] ; Lost fanout                                               ;
; print_FSM:FSM|fifo_char:FIFO2|dcfifo:dcfifo_component|dcfifo_f1f1:auto_generated|dffpipe_1v8:ws_brp|dffe15a[8] ; Lost fanout                                               ;
; decode:DECODE|sign_extend:SE|imm_extended[16..30]                                                              ; Merged with decode:DECODE|sign_extend:SE|imm_extended[31] ;
; Total Number of Removed Registers = 20                                                                         ;                                                           ;
+----------------------------------------------------------------------------------------------------------------+-----------------------------------------------------------+


+------------------------------------------------------+
; General Register Statistics                          ;
+----------------------------------------------+-------+
; Statistic                                    ; Value ;
+----------------------------------------------+-------+
; Total registers                              ; 1674  ;
; Number of registers using Synchronous Clear  ; 192   ;
; Number of registers using Synchronous Load   ; 106   ;
; Number of registers using Asynchronous Clear ; 946   ;
; Number of registers using Asynchronous Load  ; 0     ;
; Number of registers using Clock Enable       ; 626   ;
; Number of registers using Preset             ; 0     ;
+----------------------------------------------+-------+


+-----------------------------------------------------------------------------------------------------------------------------------------------------+
; Inverted Register Statistics                                                                                                                        ;
+-------------------------------------------------------------------------------------------------------------------------------------------+---------+
; Inverted Register                                                                                                                         ; Fan out ;
+-------------------------------------------------------------------------------------------------------------------------------------------+---------+
; print_FSM:FSM|fifo_char:FIFO2|dcfifo:dcfifo_component|dcfifo_f1f1:auto_generated|a_graycounter_dgb:wrptr_g1p|counter8a0                   ; 6       ;
; print_FSM:FSM|fifo_char:FIFO2|dcfifo:dcfifo_component|dcfifo_f1f1:auto_generated|a_graycounter_dgb:wrptr_g1p|parity9                      ; 4       ;
; print_FSM:FSM|fifo_char:FIFO2|dcfifo:dcfifo_component|dcfifo_f1f1:auto_generated|a_graycounter_h26:rdptr_g1p|counter5a0                   ; 7       ;
; scan_FSM:SCAN|FIFO_UART_RF:UART_RF|dcfifo:dcfifo_component|dcfifo_u7e1:auto_generated|a_graycounter_h26:rdptr_g1p|counter5a0              ; 7       ;
; print_FSM:FSM|fifo_char:FIFO2|dcfifo:dcfifo_component|dcfifo_f1f1:auto_generated|a_graycounter_h26:rdptr_g1p|parity6                      ; 4       ;
; scan_FSM:SCAN|FIFO_UART_RF:UART_RF|dcfifo:dcfifo_component|dcfifo_u7e1:auto_generated|a_graycounter_dgb:wrptr_g1p|counter8a0              ; 6       ;
; scan_FSM:SCAN|FIFO_UART_RF:UART_RF|dcfifo:dcfifo_component|dcfifo_u7e1:auto_generated|a_graycounter_h26:rdptr_g1p|parity6                 ; 4       ;
; scan_FSM:SCAN|FIFO_UART_RF:UART_RF|dcfifo:dcfifo_component|dcfifo_u7e1:auto_generated|a_graycounter_dgb:wrptr_g1p|parity9                 ; 4       ;
; scan_FSM:SCAN|UARTSampler:DA_SAMPLER|my_fifo:U2|dcfifo:dcfifo_component|dcfifo_14e1:auto_generated|a_graycounter_c26:rdptr_g1p|counter5a0 ; 7       ;
; scan_FSM:SCAN|UARTSampler:DA_SAMPLER|my_fifo:U2|dcfifo:dcfifo_component|dcfifo_14e1:auto_generated|a_graycounter_8gb:wrptr_g1p|counter7a0 ; 6       ;
; Total number of inverted registers = 10                                                                                                   ;         ;
+-------------------------------------------------------------------------------------------------------------------------------------------+---------+


+-------------------------------------------------------------------------------------------------------------------------+
; Physical Synthesis Netlist Optimizations                                                                                ;
+--------------------------------------------------------------------------------+------------------+---------------------+
; Node                                                                           ; Action           ; Reason              ;
+--------------------------------------------------------------------------------+------------------+---------------------+
; Timer:TIM|Mux0~0                                                               ; Deleted          ; Timing optimization ;
; Timer:TIM|Mux0~0_wirecell                                                      ; Modified         ; Timing optimization ;
; Timer:TIM|Mux7~0                                                               ; Deleted          ; Timing optimization ;
; Timer:TIM|Mux7~0_wirecell                                                      ; Modified         ; Timing optimization ;
; Timer:TIM|Mux14~0                                                              ; Deleted          ; Timing optimization ;
; Timer:TIM|Mux14~0_wirecell                                                     ; Modified         ; Timing optimization ;
; Timer:TIM|Mux21~0                                                              ; Deleted          ; Timing optimization ;
; Timer:TIM|Mux21~0_wirecell                                                     ; Modified         ; Timing optimization ;
; Timer:TIM|Mux28~0                                                              ; Deleted          ; Timing optimization ;
; Timer:TIM|Mux28~0_wirecell                                                     ; Modified         ; Timing optimization ;
; Timer:TIM|Mux35~0                                                              ; Deleted          ; Timing optimization ;
; Timer:TIM|Mux35~0_wirecell                                                     ; Modified         ; Timing optimization ;
; decode:DECODE|registers:R|process_0~2                                          ; Modified         ; Timing optimization ;
; decode:DECODE|sign_extend:SE|imm_extended[10]                                  ; Deleted          ; Timing optimization ;
; decode:DECODE|sign_extend:SE|imm_extended[10]_OTERM753                         ; Retimed Register ; Timing optimization ;
; decode:DECODE|sign_extend:SE|imm_extended[10]_OTERM755                         ; Retimed Register ; Timing optimization ;
; decode:DECODE|sign_extend:SE|imm_extended[11]                                  ; Deleted          ; Timing optimization ;
; decode:DECODE|sign_extend:SE|imm_extended[11]_OTERM993                         ; Retimed Register ; Timing optimization ;
; decode:DECODE|sign_extend:SE|imm_extended[12]                                  ; Deleted          ; Timing optimization ;
; decode:DECODE|sign_extend:SE|imm_extended[12]_OTERM991                         ; Retimed Register ; Timing optimization ;
; decode:DECODE|sign_extend:SE|imm_extended[13]                                  ; Deleted          ; Timing optimization ;
; decode:DECODE|sign_extend:SE|imm_extended[13]_OTERM981                         ; Retimed Register ; Timing optimization ;
; decode:DECODE|sign_extend:SE|imm_extended[14]                                  ; Deleted          ; Timing optimization ;
; decode:DECODE|sign_extend:SE|imm_extended[14]_OTERM973                         ; Retimed Register ; Timing optimization ;
; decode:DECODE|sign_extend:SE|imm_extended[15]                                  ; Deleted          ; Timing optimization ;
; decode:DECODE|sign_extend:SE|imm_extended[15]_OTERM983                         ; Retimed Register ; Timing optimization ;
; execute:EXECUTE|ALU:ALU|Add0~0                                                 ; Modified         ; Timing optimization ;
; execute:EXECUTE|ALU:ALU|Add1~0                                                 ; Modified         ; Timing optimization ;
; execute:EXECUTE|ALU:ALU|Mux0~16_OTERM201_OTERM281_OTERM555_OTERM749_OTERM1190  ; Retimed Register ; Timing optimization ;
; execute:EXECUTE|ALU:ALU|Mux0~16_OTERM201_OTERM281_OTERM555_OTERM749_OTERM1192  ; Retimed Register ; Timing optimization ;
; execute:EXECUTE|ALU:ALU|Mux0~16_OTERM201_OTERM281_OTERM555_OTERM749_OTERM1194  ; Retimed Register ; Timing optimization ;
; execute:EXECUTE|ALU:ALU|Mux0~16_OTERM201_OTERM281_OTERM555_OTERM749_OTERM1196  ; Retimed Register ; Timing optimization ;
; execute:EXECUTE|ALU:ALU|Mux0~16_OTERM201_OTERM281_OTERM555_OTERM751            ; Retimed Register ; Timing optimization ;
; execute:EXECUTE|ALU:ALU|Mux0~16_OTERM201_OTERM283_OTERM473                     ; Retimed Register ; Timing optimization ;
; execute:EXECUTE|ALU:ALU|Mux0~16_OTERM201_OTERM283_OTERM475_OTERM635_OTERM1001  ; Retimed Register ; Timing optimization ;
; execute:EXECUTE|ALU:ALU|Mux0~16_OTERM201_OTERM283_OTERM475_OTERM635_OTERM1003  ; Retimed Register ; Timing optimization ;
; execute:EXECUTE|ALU:ALU|Mux0~16_OTERM201_OTERM283_OTERM475_OTERM635_OTERM1005  ; Retimed Register ; Timing optimization ;
; execute:EXECUTE|ALU:ALU|Mux0~16_OTERM201_OTERM283_OTERM475_OTERM637_OTERM925   ; Retimed Register ; Timing optimization ;
; execute:EXECUTE|ALU:ALU|Mux0~16_OTERM201_OTERM283_OTERM475_OTERM637_OTERM927   ; Retimed Register ; Timing optimization ;
; execute:EXECUTE|ALU:ALU|Mux0~16_OTERM201_OTERM283_OTERM475_OTERM639            ; Retimed Register ; Timing optimization ;
; execute:EXECUTE|ALU:ALU|Mux0~16_OTERM201_OTERM285                              ; Retimed Register ; Timing optimization ;
; execute:EXECUTE|ALU:ALU|Mux1~17_OTERM243_OTERM293                              ; Retimed Register ; Timing optimization ;
; execute:EXECUTE|ALU:ALU|Mux1~17_OTERM243_OTERM295_OTERM477_OTERM627_OTERM933   ; Retimed Register ; Timing optimization ;
; execute:EXECUTE|ALU:ALU|Mux1~17_OTERM243_OTERM295_OTERM477_OTERM627_OTERM935   ; Retimed Register ; Timing optimization ;
; execute:EXECUTE|ALU:ALU|Mux1~17_OTERM243_OTERM295_OTERM477_OTERM627_OTERM937   ; Retimed Register ; Timing optimization ;
; execute:EXECUTE|ALU:ALU|Mux1~17_OTERM243_OTERM295_OTERM479_OTERM629_OTERM1021  ; Retimed Register ; Timing optimization ;
; execute:EXECUTE|ALU:ALU|Mux1~17_OTERM243_OTERM295_OTERM479_OTERM629_OTERM1023  ; Retimed Register ; Timing optimization ;
; execute:EXECUTE|ALU:ALU|Mux1~17_OTERM243_OTERM295_OTERM479_OTERM629_OTERM1025  ; Retimed Register ; Timing optimization ;
; execute:EXECUTE|ALU:ALU|Mux1~17_OTERM243_OTERM295_OTERM479_OTERM631_OTERM929   ; Retimed Register ; Timing optimization ;
; execute:EXECUTE|ALU:ALU|Mux1~17_OTERM243_OTERM295_OTERM479_OTERM631_OTERM931   ; Retimed Register ; Timing optimization ;
; execute:EXECUTE|ALU:ALU|Mux1~17_OTERM243_OTERM295_OTERM479_OTERM633            ; Retimed Register ; Timing optimization ;
; execute:EXECUTE|ALU:ALU|Mux1~17_OTERM243_OTERM297                              ; Retimed Register ; Timing optimization ;
; execute:EXECUTE|ALU:ALU|Mux2~16_OTERM205_OTERM341_OTERM619_OTERM919            ; Retimed Register ; Timing optimization ;
; execute:EXECUTE|ALU:ALU|Mux2~16_OTERM205_OTERM341_OTERM619_OTERM921            ; Retimed Register ; Timing optimization ;
; execute:EXECUTE|ALU:ALU|Mux2~16_OTERM205_OTERM341_OTERM619_OTERM923            ; Retimed Register ; Timing optimization ;
; execute:EXECUTE|ALU:ALU|Mux2~16_OTERM205_OTERM343_OTERM509                     ; Retimed Register ; Timing optimization ;
; execute:EXECUTE|ALU:ALU|Mux2~16_OTERM205_OTERM343_OTERM511_OTERM667_OTERM1101  ; Retimed Register ; Timing optimization ;
; execute:EXECUTE|ALU:ALU|Mux2~16_OTERM205_OTERM343_OTERM511_OTERM667_OTERM1103  ; Retimed Register ; Timing optimization ;
; execute:EXECUTE|ALU:ALU|Mux2~16_OTERM205_OTERM343_OTERM511_OTERM669_OTERM953   ; Retimed Register ; Timing optimization ;
; execute:EXECUTE|ALU:ALU|Mux2~16_OTERM205_OTERM343_OTERM511_OTERM669_OTERM955   ; Retimed Register ; Timing optimization ;
; execute:EXECUTE|ALU:ALU|Mux2~16_OTERM205_OTERM343_OTERM511_OTERM671            ; Retimed Register ; Timing optimization ;
; execute:EXECUTE|ALU:ALU|Mux2~16_OTERM205_OTERM345                              ; Retimed Register ; Timing optimization ;
; execute:EXECUTE|ALU:ALU|Mux3~16_OTERM255_OTERM335                              ; Retimed Register ; Timing optimization ;
; execute:EXECUTE|ALU:ALU|Mux3~16_OTERM255_OTERM337_OTERM505_OTERM735_OTERM1137  ; Retimed Register ; Timing optimization ;
; execute:EXECUTE|ALU:ALU|Mux3~16_OTERM255_OTERM337_OTERM505_OTERM735_OTERM1139  ; Retimed Register ; Timing optimization ;
; execute:EXECUTE|ALU:ALU|Mux3~16_OTERM255_OTERM337_OTERM505_OTERM735_OTERM1141  ; Retimed Register ; Timing optimization ;
; execute:EXECUTE|ALU:ALU|Mux3~16_OTERM255_OTERM337_OTERM507_OTERM655_OTERM1089  ; Retimed Register ; Timing optimization ;
; execute:EXECUTE|ALU:ALU|Mux3~16_OTERM255_OTERM337_OTERM507_OTERM655_OTERM1091  ; Retimed Register ; Timing optimization ;
; execute:EXECUTE|ALU:ALU|Mux3~16_OTERM255_OTERM337_OTERM507_OTERM657_OTERM939   ; Retimed Register ; Timing optimization ;
; execute:EXECUTE|ALU:ALU|Mux3~16_OTERM255_OTERM337_OTERM507_OTERM657_OTERM941   ; Retimed Register ; Timing optimization ;
; execute:EXECUTE|ALU:ALU|Mux3~16_OTERM255_OTERM337_OTERM507_OTERM659            ; Retimed Register ; Timing optimization ;
; execute:EXECUTE|ALU:ALU|Mux3~16_OTERM255_OTERM339                              ; Retimed Register ; Timing optimization ;
; execute:EXECUTE|ALU:ALU|Mux4~16_OTERM207_OTERM347_OTERM571_OTERM783_OTERM1262  ; Retimed Register ; Timing optimization ;
; execute:EXECUTE|ALU:ALU|Mux4~16_OTERM207_OTERM347_OTERM571_OTERM783_OTERM1264  ; Retimed Register ; Timing optimization ;
; execute:EXECUTE|ALU:ALU|Mux4~16_OTERM207_OTERM347_OTERM571_OTERM783_OTERM1266  ; Retimed Register ; Timing optimization ;
; execute:EXECUTE|ALU:ALU|Mux4~16_OTERM207_OTERM347_OTERM571_OTERM785_OTERM1288  ; Retimed Register ; Timing optimization ;
; execute:EXECUTE|ALU:ALU|Mux4~16_OTERM207_OTERM347_OTERM571_OTERM785_OTERM1290  ; Retimed Register ; Timing optimization ;
; execute:EXECUTE|ALU:ALU|Mux4~16_OTERM207_OTERM347_OTERM571_OTERM787            ; Retimed Register ; Timing optimization ;
; execute:EXECUTE|ALU:ALU|Mux4~16_OTERM207_OTERM349_OTERM513                     ; Retimed Register ; Timing optimization ;
; execute:EXECUTE|ALU:ALU|Mux4~16_OTERM207_OTERM349_OTERM515_OTERM675_OTERM1111  ; Retimed Register ; Timing optimization ;
; execute:EXECUTE|ALU:ALU|Mux4~16_OTERM207_OTERM349_OTERM515_OTERM675_OTERM1113  ; Retimed Register ; Timing optimization ;
; execute:EXECUTE|ALU:ALU|Mux4~16_OTERM207_OTERM349_OTERM515_OTERM677_OTERM957   ; Retimed Register ; Timing optimization ;
; execute:EXECUTE|ALU:ALU|Mux4~16_OTERM207_OTERM349_OTERM515_OTERM677_OTERM959   ; Retimed Register ; Timing optimization ;
; execute:EXECUTE|ALU:ALU|Mux4~16_OTERM207_OTERM349_OTERM515_OTERM679            ; Retimed Register ; Timing optimization ;
; execute:EXECUTE|ALU:ALU|Mux4~16_OTERM207_OTERM351                              ; Retimed Register ; Timing optimization ;
; execute:EXECUTE|ALU:ALU|Mux5~16_OTERM251_OTERM323                              ; Retimed Register ; Timing optimization ;
; execute:EXECUTE|ALU:ALU|Mux5~16_OTERM251_OTERM325_OTERM493_OTERM643_OTERM967   ; Retimed Register ; Timing optimization ;
; execute:EXECUTE|ALU:ALU|Mux5~16_OTERM251_OTERM325_OTERM493_OTERM643_OTERM969   ; Retimed Register ; Timing optimization ;
; execute:EXECUTE|ALU:ALU|Mux5~16_OTERM251_OTERM325_OTERM493_OTERM643_OTERM971   ; Retimed Register ; Timing optimization ;
; execute:EXECUTE|ALU:ALU|Mux5~16_OTERM251_OTERM325_OTERM495_OTERM661_OTERM1093  ; Retimed Register ; Timing optimization ;
; execute:EXECUTE|ALU:ALU|Mux5~16_OTERM251_OTERM325_OTERM495_OTERM661_OTERM1095  ; Retimed Register ; Timing optimization ;
; execute:EXECUTE|ALU:ALU|Mux5~16_OTERM251_OTERM325_OTERM495_OTERM663_OTERM949   ; Retimed Register ; Timing optimization ;
; execute:EXECUTE|ALU:ALU|Mux5~16_OTERM251_OTERM325_OTERM495_OTERM663_OTERM951   ; Retimed Register ; Timing optimization ;
; execute:EXECUTE|ALU:ALU|Mux5~16_OTERM251_OTERM325_OTERM495_OTERM665            ; Retimed Register ; Timing optimization ;
; execute:EXECUTE|ALU:ALU|Mux5~16_OTERM251_OTERM327                              ; Retimed Register ; Timing optimization ;
; execute:EXECUTE|ALU:ALU|Mux6~17_OTERM223_OTERM401_OTERM621_OTERM1125           ; Retimed Register ; Timing optimization ;
; execute:EXECUTE|ALU:ALU|Mux6~17_OTERM223_OTERM401_OTERM621_OTERM1127           ; Retimed Register ; Timing optimization ;
; execute:EXECUTE|ALU:ALU|Mux6~17_OTERM223_OTERM401_OTERM621_OTERM1129           ; Retimed Register ; Timing optimization ;
; execute:EXECUTE|ALU:ALU|Mux6~17_OTERM223_OTERM403_OTERM547                     ; Retimed Register ; Timing optimization ;
; execute:EXECUTE|ALU:ALU|Mux6~17_OTERM223_OTERM403_OTERM549_OTERM705_OTERM1214  ; Retimed Register ; Timing optimization ;
; execute:EXECUTE|ALU:ALU|Mux6~17_OTERM223_OTERM403_OTERM549_OTERM705_OTERM1216  ; Retimed Register ; Timing optimization ;
; execute:EXECUTE|ALU:ALU|Mux6~17_OTERM223_OTERM403_OTERM549_OTERM707_OTERM1031  ; Retimed Register ; Timing optimization ;
; execute:EXECUTE|ALU:ALU|Mux6~17_OTERM223_OTERM403_OTERM549_OTERM707_OTERM1033  ; Retimed Register ; Timing optimization ;
; execute:EXECUTE|ALU:ALU|Mux6~17_OTERM223_OTERM403_OTERM549_OTERM709            ; Retimed Register ; Timing optimization ;
; execute:EXECUTE|ALU:ALU|Mux6~17_OTERM223_OTERM405                              ; Retimed Register ; Timing optimization ;
; execute:EXECUTE|ALU:ALU|Mux7~16_OTERM269_OTERM419                              ; Retimed Register ; Timing optimization ;
; execute:EXECUTE|ALU:ALU|Mux7~16_OTERM269_OTERM421_OTERM539_OTERM723_OTERM1105  ; Retimed Register ; Timing optimization ;
; execute:EXECUTE|ALU:ALU|Mux7~16_OTERM269_OTERM421_OTERM539_OTERM723_OTERM1107  ; Retimed Register ; Timing optimization ;
; execute:EXECUTE|ALU:ALU|Mux7~16_OTERM269_OTERM421_OTERM539_OTERM723_OTERM1109  ; Retimed Register ; Timing optimization ;
; execute:EXECUTE|ALU:ALU|Mux7~16_OTERM269_OTERM421_OTERM541_OTERM693_OTERM1178  ; Retimed Register ; Timing optimization ;
; execute:EXECUTE|ALU:ALU|Mux7~16_OTERM269_OTERM421_OTERM541_OTERM693_OTERM1180  ; Retimed Register ; Timing optimization ;
; execute:EXECUTE|ALU:ALU|Mux7~16_OTERM269_OTERM421_OTERM541_OTERM695_OTERM1017  ; Retimed Register ; Timing optimization ;
; execute:EXECUTE|ALU:ALU|Mux7~16_OTERM269_OTERM421_OTERM541_OTERM695_OTERM1019  ; Retimed Register ; Timing optimization ;
; execute:EXECUTE|ALU:ALU|Mux7~16_OTERM269_OTERM421_OTERM541_OTERM697            ; Retimed Register ; Timing optimization ;
; execute:EXECUTE|ALU:ALU|Mux7~16_OTERM269_OTERM423                              ; Retimed Register ; Timing optimization ;
; execute:EXECUTE|ALU:ALU|Mux8~17_OTERM219_OTERM383_OTERM573_OTERM795_OTERM1272  ; Retimed Register ; Timing optimization ;
; execute:EXECUTE|ALU:ALU|Mux8~17_OTERM219_OTERM383_OTERM573_OTERM795_OTERM1274  ; Retimed Register ; Timing optimization ;
; execute:EXECUTE|ALU:ALU|Mux8~17_OTERM219_OTERM383_OTERM573_OTERM795_OTERM1276  ; Retimed Register ; Timing optimization ;
; execute:EXECUTE|ALU:ALU|Mux8~17_OTERM219_OTERM383_OTERM573_OTERM797            ; Retimed Register ; Timing optimization ;
; execute:EXECUTE|ALU:ALU|Mux8~17_OTERM219_OTERM383_OTERM573_OTERM799            ; Retimed Register ; Timing optimization ;
; execute:EXECUTE|ALU:ALU|Mux8~17_OTERM219_OTERM385_OTERM557                     ; Retimed Register ; Timing optimization ;
; execute:EXECUTE|ALU:ALU|Mux8~17_OTERM219_OTERM385_OTERM559_OTERM711_OTERM1226  ; Retimed Register ; Timing optimization ;
; execute:EXECUTE|ALU:ALU|Mux8~17_OTERM219_OTERM385_OTERM559_OTERM711_OTERM1228  ; Retimed Register ; Timing optimization ;
; execute:EXECUTE|ALU:ALU|Mux8~17_OTERM219_OTERM385_OTERM559_OTERM713_OTERM1041  ; Retimed Register ; Timing optimization ;
; execute:EXECUTE|ALU:ALU|Mux8~17_OTERM219_OTERM385_OTERM559_OTERM713_OTERM1043  ; Retimed Register ; Timing optimization ;
; execute:EXECUTE|ALU:ALU|Mux8~17_OTERM219_OTERM385_OTERM559_OTERM715            ; Retimed Register ; Timing optimization ;
; execute:EXECUTE|ALU:ALU|Mux8~17_OTERM219_OTERM387                              ; Retimed Register ; Timing optimization ;
; execute:EXECUTE|ALU:ALU|Mux9~17_OTERM247_OTERM305                              ; Retimed Register ; Timing optimization ;
; execute:EXECUTE|ALU:ALU|Mux9~17_OTERM247_OTERM307_OTERM485_OTERM645_OTERM961   ; Retimed Register ; Timing optimization ;
; execute:EXECUTE|ALU:ALU|Mux9~17_OTERM247_OTERM307_OTERM485_OTERM645_OTERM963   ; Retimed Register ; Timing optimization ;
; execute:EXECUTE|ALU:ALU|Mux9~17_OTERM247_OTERM307_OTERM485_OTERM645_OTERM965   ; Retimed Register ; Timing optimization ;
; execute:EXECUTE|ALU:ALU|Mux9~17_OTERM247_OTERM307_OTERM487_OTERM699_OTERM1186  ; Retimed Register ; Timing optimization ;
; execute:EXECUTE|ALU:ALU|Mux9~17_OTERM247_OTERM307_OTERM487_OTERM699_OTERM1188  ; Retimed Register ; Timing optimization ;
; execute:EXECUTE|ALU:ALU|Mux9~17_OTERM247_OTERM307_OTERM487_OTERM701_OTERM1027  ; Retimed Register ; Timing optimization ;
; execute:EXECUTE|ALU:ALU|Mux9~17_OTERM247_OTERM307_OTERM487_OTERM701_OTERM1029  ; Retimed Register ; Timing optimization ;
; execute:EXECUTE|ALU:ALU|Mux9~17_OTERM247_OTERM307_OTERM487_OTERM703            ; Retimed Register ; Timing optimization ;
; execute:EXECUTE|ALU:ALU|Mux9~17_OTERM247_OTERM309                              ; Retimed Register ; Timing optimization ;
; execute:EXECUTE|ALU:ALU|Mux10~17_OTERM231_OTERM443_OTERM617_OTERM913           ; Retimed Register ; Timing optimization ;
; execute:EXECUTE|ALU:ALU|Mux10~17_OTERM231_OTERM443_OTERM617_OTERM915           ; Retimed Register ; Timing optimization ;
; execute:EXECUTE|ALU:ALU|Mux10~17_OTERM231_OTERM443_OTERM617_OTERM917           ; Retimed Register ; Timing optimization ;
; execute:EXECUTE|ALU:ALU|Mux10~17_OTERM231_OTERM445_OTERM579                    ; Retimed Register ; Timing optimization ;
; execute:EXECUTE|ALU:ALU|Mux10~17_OTERM231_OTERM445_OTERM581_OTERM743_OTERM1292 ; Retimed Register ; Timing optimization ;
; execute:EXECUTE|ALU:ALU|Mux10~17_OTERM231_OTERM445_OTERM581_OTERM743_OTERM1294 ; Retimed Register ; Timing optimization ;
; execute:EXECUTE|ALU:ALU|Mux10~17_OTERM231_OTERM445_OTERM581_OTERM745_OTERM1075 ; Retimed Register ; Timing optimization ;
; execute:EXECUTE|ALU:ALU|Mux10~17_OTERM231_OTERM445_OTERM581_OTERM745_OTERM1077 ; Retimed Register ; Timing optimization ;
; execute:EXECUTE|ALU:ALU|Mux10~17_OTERM231_OTERM445_OTERM581_OTERM747           ; Retimed Register ; Timing optimization ;
; execute:EXECUTE|ALU:ALU|Mux10~17_OTERM231_OTERM447                             ; Retimed Register ; Timing optimization ;
; execute:EXECUTE|ALU:ALU|Mux11~16_OTERM265_OTERM395                             ; Retimed Register ; Timing optimization ;
; execute:EXECUTE|ALU:ALU|Mux11~16_OTERM265_OTERM397_OTERM543_OTERM689_OTERM1065 ; Retimed Register ; Timing optimization ;
; execute:EXECUTE|ALU:ALU|Mux11~16_OTERM265_OTERM397_OTERM543_OTERM689_OTERM1067 ; Retimed Register ; Timing optimization ;
; execute:EXECUTE|ALU:ALU|Mux11~16_OTERM265_OTERM397_OTERM543_OTERM689_OTERM1069 ; Retimed Register ; Timing optimization ;
; execute:EXECUTE|ALU:ALU|Mux11~16_OTERM265_OTERM397_OTERM545_OTERM737_OTERM1268 ; Retimed Register ; Timing optimization ;
; execute:EXECUTE|ALU:ALU|Mux11~16_OTERM265_OTERM397_OTERM545_OTERM737_OTERM1270 ; Retimed Register ; Timing optimization ;
; execute:EXECUTE|ALU:ALU|Mux11~16_OTERM265_OTERM397_OTERM545_OTERM739_OTERM1061 ; Retimed Register ; Timing optimization ;
; execute:EXECUTE|ALU:ALU|Mux11~16_OTERM265_OTERM397_OTERM545_OTERM739_OTERM1063 ; Retimed Register ; Timing optimization ;
; execute:EXECUTE|ALU:ALU|Mux11~16_OTERM265_OTERM397_OTERM545_OTERM741           ; Retimed Register ; Timing optimization ;
; execute:EXECUTE|ALU:ALU|Mux11~16_OTERM265_OTERM399                             ; Retimed Register ; Timing optimization ;
; execute:EXECUTE|ALU:ALU|Mux12~17_OTERM233_OTERM455_OTERM603_OTERM889           ; Retimed Register ; Timing optimization ;
; execute:EXECUTE|ALU:ALU|Mux12~17_OTERM233_OTERM455_OTERM603_OTERM891_OTERM1300 ; Retimed Register ; Timing optimization ;
; execute:EXECUTE|ALU:ALU|Mux12~17_OTERM233_OTERM455_OTERM603_OTERM891_OTERM1302 ; Retimed Register ; Timing optimization ;
; execute:EXECUTE|ALU:ALU|Mux12~17_OTERM233_OTERM455_OTERM603_OTERM893           ; Retimed Register ; Timing optimization ;
; execute:EXECUTE|ALU:ALU|Mux12~17_OTERM233_OTERM457_OTERM587                    ; Retimed Register ; Timing optimization ;
; execute:EXECUTE|ALU:ALU|Mux12~17_OTERM233_OTERM457_OTERM589_OTERM763_OTERM1308 ; Retimed Register ; Timing optimization ;
; execute:EXECUTE|ALU:ALU|Mux12~17_OTERM233_OTERM457_OTERM589_OTERM763_OTERM1310 ; Retimed Register ; Timing optimization ;
; execute:EXECUTE|ALU:ALU|Mux12~17_OTERM233_OTERM457_OTERM589_OTERM765_OTERM1115 ; Retimed Register ; Timing optimization ;
; execute:EXECUTE|ALU:ALU|Mux12~17_OTERM233_OTERM457_OTERM589_OTERM765_OTERM1117 ; Retimed Register ; Timing optimization ;
; execute:EXECUTE|ALU:ALU|Mux12~17_OTERM233_OTERM457_OTERM589_OTERM767           ; Retimed Register ; Timing optimization ;
; execute:EXECUTE|ALU:ALU|Mux12~17_OTERM233_OTERM459                             ; Retimed Register ; Timing optimization ;
; execute:EXECUTE|ALU:ALU|Mux13~17_OTERM263_OTERM389                             ; Retimed Register ; Timing optimization ;
; execute:EXECUTE|ALU:ALU|Mux13~17_OTERM263_OTERM391_OTERM535_OTERM687_OTERM1051 ; Retimed Register ; Timing optimization ;
; execute:EXECUTE|ALU:ALU|Mux13~17_OTERM263_OTERM391_OTERM535_OTERM687_OTERM1053 ; Retimed Register ; Timing optimization ;
; execute:EXECUTE|ALU:ALU|Mux13~17_OTERM263_OTERM391_OTERM535_OTERM687_OTERM1055 ; Retimed Register ; Timing optimization ;
; execute:EXECUTE|ALU:ALU|Mux13~17_OTERM263_OTERM391_OTERM537_OTERM757_OTERM1296 ; Retimed Register ; Timing optimization ;
; execute:EXECUTE|ALU:ALU|Mux13~17_OTERM263_OTERM391_OTERM537_OTERM757_OTERM1298 ; Retimed Register ; Timing optimization ;
; execute:EXECUTE|ALU:ALU|Mux13~17_OTERM263_OTERM391_OTERM537_OTERM759_OTERM1097 ; Retimed Register ; Timing optimization ;
; execute:EXECUTE|ALU:ALU|Mux13~17_OTERM263_OTERM391_OTERM537_OTERM759_OTERM1099 ; Retimed Register ; Timing optimization ;
; execute:EXECUTE|ALU:ALU|Mux13~17_OTERM263_OTERM391_OTERM537_OTERM761           ; Retimed Register ; Timing optimization ;
; execute:EXECUTE|ALU:ALU|Mux13~17_OTERM263_OTERM393                             ; Retimed Register ; Timing optimization ;
; execute:EXECUTE|ALU:ALU|Mux14~17_OTERM237_OTERM467_OTERM615_OTERM901           ; Retimed Register ; Timing optimization ;
; execute:EXECUTE|ALU:ALU|Mux14~17_OTERM237_OTERM467_OTERM615_OTERM903           ; Retimed Register ; Timing optimization ;
; execute:EXECUTE|ALU:ALU|Mux14~17_OTERM237_OTERM467_OTERM615_OTERM905           ; Retimed Register ; Timing optimization ;
; execute:EXECUTE|ALU:ALU|Mux14~17_OTERM237_OTERM469_OTERM599                    ; Retimed Register ; Timing optimization ;
; execute:EXECUTE|ALU:ALU|Mux14~17_OTERM237_OTERM469_OTERM601_OTERM831           ; Retimed Register ; Timing optimization ;
; execute:EXECUTE|ALU:ALU|Mux14~17_OTERM237_OTERM469_OTERM601_OTERM833_OTERM1218 ; Retimed Register ; Timing optimization ;
; execute:EXECUTE|ALU:ALU|Mux14~17_OTERM237_OTERM469_OTERM601_OTERM833_OTERM1220 ; Retimed Register ; Timing optimization ;
; execute:EXECUTE|ALU:ALU|Mux14~17_OTERM237_OTERM469_OTERM601_OTERM835           ; Retimed Register ; Timing optimization ;
; execute:EXECUTE|ALU:ALU|Mux14~17_OTERM237_OTERM471                             ; Retimed Register ; Timing optimization ;
; execute:EXECUTE|ALU:ALU|Mux15~16_OTERM267_OTERM413                             ; Retimed Register ; Timing optimization ;
; execute:EXECUTE|ALU:ALU|Mux15~16_OTERM267_OTERM415_OTERM551_OTERM691_OTERM1079 ; Retimed Register ; Timing optimization ;
; execute:EXECUTE|ALU:ALU|Mux15~16_OTERM267_OTERM415_OTERM551_OTERM691_OTERM1081 ; Retimed Register ; Timing optimization ;
; execute:EXECUTE|ALU:ALU|Mux15~16_OTERM267_OTERM415_OTERM551_OTERM691_OTERM1083 ; Retimed Register ; Timing optimization ;
; execute:EXECUTE|ALU:ALU|Mux15~16_OTERM267_OTERM415_OTERM553_OTERM813           ; Retimed Register ; Timing optimization ;
; execute:EXECUTE|ALU:ALU|Mux15~16_OTERM267_OTERM415_OTERM553_OTERM815_OTERM1182 ; Retimed Register ; Timing optimization ;
; execute:EXECUTE|ALU:ALU|Mux15~16_OTERM267_OTERM415_OTERM553_OTERM815_OTERM1184 ; Retimed Register ; Timing optimization ;
; execute:EXECUTE|ALU:ALU|Mux15~16_OTERM267_OTERM415_OTERM553_OTERM817           ; Retimed Register ; Timing optimization ;
; execute:EXECUTE|ALU:ALU|Mux15~16_OTERM267_OTERM417                             ; Retimed Register ; Timing optimization ;
; execute:EXECUTE|ALU:ALU|Mux16~15_OTERM235_OTERM461_OTERM605_OTERM895           ; Retimed Register ; Timing optimization ;
; execute:EXECUTE|ALU:ALU|Mux16~15_OTERM235_OTERM461_OTERM605_OTERM897_OTERM1304 ; Retimed Register ; Timing optimization ;
; execute:EXECUTE|ALU:ALU|Mux16~15_OTERM235_OTERM461_OTERM605_OTERM897_OTERM1306 ; Retimed Register ; Timing optimization ;
; execute:EXECUTE|ALU:ALU|Mux16~15_OTERM235_OTERM461_OTERM605_OTERM899           ; Retimed Register ; Timing optimization ;
; execute:EXECUTE|ALU:ALU|Mux16~15_OTERM235_OTERM463_OTERM607                    ; Retimed Register ; Timing optimization ;
; execute:EXECUTE|ALU:ALU|Mux16~15_OTERM235_OTERM463_OTERM609_OTERM849           ; Retimed Register ; Timing optimization ;
; execute:EXECUTE|ALU:ALU|Mux16~15_OTERM235_OTERM463_OTERM609_OTERM851_OTERM1230 ; Retimed Register ; Timing optimization ;
; execute:EXECUTE|ALU:ALU|Mux16~15_OTERM235_OTERM463_OTERM609_OTERM851_OTERM1232 ; Retimed Register ; Timing optimization ;
; execute:EXECUTE|ALU:ALU|Mux16~15_OTERM235_OTERM463_OTERM609_OTERM853           ; Retimed Register ; Timing optimization ;
; execute:EXECUTE|ALU:ALU|Mux16~15_OTERM235_OTERM465                             ; Retimed Register ; Timing optimization ;
; execute:EXECUTE|ALU:ALU|Mux17~20_OTERM245_OTERM311                             ; Retimed Register ; Timing optimization ;
; execute:EXECUTE|ALU:ALU|Mux17~20_OTERM245_OTERM313_OTERM497_OTERM649_OTERM985  ; Retimed Register ; Timing optimization ;
; execute:EXECUTE|ALU:ALU|Mux17~20_OTERM245_OTERM313_OTERM497_OTERM649_OTERM987  ; Retimed Register ; Timing optimization ;
; execute:EXECUTE|ALU:ALU|Mux17~20_OTERM245_OTERM313_OTERM497_OTERM649_OTERM989  ; Retimed Register ; Timing optimization ;
; execute:EXECUTE|ALU:ALU|Mux17~20_OTERM245_OTERM313_OTERM499_OTERM825           ; Retimed Register ; Timing optimization ;
; execute:EXECUTE|ALU:ALU|Mux17~20_OTERM245_OTERM313_OTERM499_OTERM827_OTERM1198 ; Retimed Register ; Timing optimization ;
; execute:EXECUTE|ALU:ALU|Mux17~20_OTERM245_OTERM313_OTERM499_OTERM827_OTERM1200 ; Retimed Register ; Timing optimization ;
; execute:EXECUTE|ALU:ALU|Mux17~20_OTERM245_OTERM313_OTERM499_OTERM829           ; Retimed Register ; Timing optimization ;
; execute:EXECUTE|ALU:ALU|Mux17~20_OTERM245_OTERM315                             ; Retimed Register ; Timing optimization ;
; execute:EXECUTE|ALU:ALU|Mux18~15_OTERM229_OTERM437_OTERM593_OTERM871           ; Retimed Register ; Timing optimization ;
; execute:EXECUTE|ALU:ALU|Mux18~15_OTERM229_OTERM437_OTERM593_OTERM873_OTERM1258 ; Retimed Register ; Timing optimization ;
; execute:EXECUTE|ALU:ALU|Mux18~15_OTERM229_OTERM437_OTERM593_OTERM873_OTERM1260 ; Retimed Register ; Timing optimization ;
; execute:EXECUTE|ALU:ALU|Mux18~15_OTERM229_OTERM437_OTERM593_OTERM875           ; Retimed Register ; Timing optimization ;
; execute:EXECUTE|ALU:ALU|Mux18~15_OTERM229_OTERM439_OTERM611                    ; Retimed Register ; Timing optimization ;
; execute:EXECUTE|ALU:ALU|Mux18~15_OTERM229_OTERM439_OTERM613_OTERM855           ; Retimed Register ; Timing optimization ;
; execute:EXECUTE|ALU:ALU|Mux18~15_OTERM229_OTERM439_OTERM613_OTERM857_OTERM1234 ; Retimed Register ; Timing optimization ;
; execute:EXECUTE|ALU:ALU|Mux18~15_OTERM229_OTERM439_OTERM613_OTERM857_OTERM1236 ; Retimed Register ; Timing optimization ;
; execute:EXECUTE|ALU:ALU|Mux18~15_OTERM229_OTERM439_OTERM613_OTERM859           ; Retimed Register ; Timing optimization ;
; execute:EXECUTE|ALU:ALU|Mux18~15_OTERM229_OTERM441                             ; Retimed Register ; Timing optimization ;
; execute:EXECUTE|ALU:ALU|Mux19~15_OTERM257_OTERM359                             ; Retimed Register ; Timing optimization ;
; execute:EXECUTE|ALU:ALU|Mux19~15_OTERM257_OTERM361_OTERM521_OTERM673_OTERM1045 ; Retimed Register ; Timing optimization ;
; execute:EXECUTE|ALU:ALU|Mux19~15_OTERM257_OTERM361_OTERM521_OTERM673_OTERM1047 ; Retimed Register ; Timing optimization ;
; execute:EXECUTE|ALU:ALU|Mux19~15_OTERM257_OTERM361_OTERM521_OTERM673_OTERM1049 ; Retimed Register ; Timing optimization ;
; execute:EXECUTE|ALU:ALU|Mux19~15_OTERM257_OTERM361_OTERM523_OTERM837           ; Retimed Register ; Timing optimization ;
; execute:EXECUTE|ALU:ALU|Mux19~15_OTERM257_OTERM361_OTERM523_OTERM839_OTERM1206 ; Retimed Register ; Timing optimization ;
; execute:EXECUTE|ALU:ALU|Mux19~15_OTERM257_OTERM361_OTERM523_OTERM839_OTERM1208 ; Retimed Register ; Timing optimization ;
; execute:EXECUTE|ALU:ALU|Mux19~15_OTERM257_OTERM361_OTERM523_OTERM841           ; Retimed Register ; Timing optimization ;
; execute:EXECUTE|ALU:ALU|Mux19~15_OTERM257_OTERM363                             ; Retimed Register ; Timing optimization ;
; execute:EXECUTE|ALU:ALU|Mux20~15_OTERM221_OTERM407_OTERM583_OTERM801           ; Retimed Register ; Timing optimization ;
; execute:EXECUTE|ALU:ALU|Mux20~15_OTERM221_OTERM407_OTERM583_OTERM803_OTERM1202 ; Retimed Register ; Timing optimization ;
; execute:EXECUTE|ALU:ALU|Mux20~15_OTERM221_OTERM407_OTERM583_OTERM803_OTERM1204 ; Retimed Register ; Timing optimization ;
; execute:EXECUTE|ALU:ALU|Mux20~15_OTERM221_OTERM407_OTERM583_OTERM805           ; Retimed Register ; Timing optimization ;
; execute:EXECUTE|ALU:ALU|Mux20~15_OTERM221_OTERM409_OTERM595                    ; Retimed Register ; Timing optimization ;
; execute:EXECUTE|ALU:ALU|Mux20~15_OTERM221_OTERM409_OTERM597_OTERM807           ; Retimed Register ; Timing optimization ;
; execute:EXECUTE|ALU:ALU|Mux20~15_OTERM221_OTERM409_OTERM597_OTERM809_OTERM1222 ; Retimed Register ; Timing optimization ;
; execute:EXECUTE|ALU:ALU|Mux20~15_OTERM221_OTERM409_OTERM597_OTERM809_OTERM1224 ; Retimed Register ; Timing optimization ;
; execute:EXECUTE|ALU:ALU|Mux20~15_OTERM221_OTERM409_OTERM597_OTERM811           ; Retimed Register ; Timing optimization ;
; execute:EXECUTE|ALU:ALU|Mux20~15_OTERM221_OTERM411                             ; Retimed Register ; Timing optimization ;
; execute:EXECUTE|ALU:ALU|Mux21~16_OTERM261_OTERM377                             ; Retimed Register ; Timing optimization ;
; execute:EXECUTE|ALU:ALU|Mux21~16_OTERM261_OTERM379_OTERM517_OTERM653_OTERM1035 ; Retimed Register ; Timing optimization ;
; execute:EXECUTE|ALU:ALU|Mux21~16_OTERM261_OTERM379_OTERM517_OTERM653_OTERM1037 ; Retimed Register ; Timing optimization ;
; execute:EXECUTE|ALU:ALU|Mux21~16_OTERM261_OTERM379_OTERM517_OTERM653_OTERM1039 ; Retimed Register ; Timing optimization ;
; execute:EXECUTE|ALU:ALU|Mux21~16_OTERM261_OTERM379_OTERM519_OTERM843           ; Retimed Register ; Timing optimization ;
; execute:EXECUTE|ALU:ALU|Mux21~16_OTERM261_OTERM379_OTERM519_OTERM845_OTERM1248 ; Retimed Register ; Timing optimization ;
; execute:EXECUTE|ALU:ALU|Mux21~16_OTERM261_OTERM379_OTERM519_OTERM845_OTERM1250 ; Retimed Register ; Timing optimization ;
; execute:EXECUTE|ALU:ALU|Mux21~16_OTERM261_OTERM379_OTERM519_OTERM847           ; Retimed Register ; Timing optimization ;
; execute:EXECUTE|ALU:ALU|Mux21~16_OTERM261_OTERM381                             ; Retimed Register ; Timing optimization ;
; execute:EXECUTE|ALU:ALU|Mux22~15_OTERM215_OTERM365_OTERM567_OTERM773           ; Retimed Register ; Timing optimization ;
; execute:EXECUTE|ALU:ALU|Mux22~15_OTERM215_OTERM365_OTERM567_OTERM775_OTERM1149 ; Retimed Register ; Timing optimization ;
; execute:EXECUTE|ALU:ALU|Mux22~15_OTERM215_OTERM365_OTERM567_OTERM775_OTERM1151 ; Retimed Register ; Timing optimization ;
; execute:EXECUTE|ALU:ALU|Mux22~15_OTERM215_OTERM365_OTERM567_OTERM777           ; Retimed Register ; Timing optimization ;
; execute:EXECUTE|ALU:ALU|Mux22~15_OTERM215_OTERM367_OTERM623                    ; Retimed Register ; Timing optimization ;
; execute:EXECUTE|ALU:ALU|Mux22~15_OTERM215_OTERM367_OTERM625_OTERM907           ; Retimed Register ; Timing optimization ;
; execute:EXECUTE|ALU:ALU|Mux22~15_OTERM215_OTERM367_OTERM625_OTERM909           ; Retimed Register ; Timing optimization ;
; execute:EXECUTE|ALU:ALU|Mux22~15_OTERM215_OTERM367_OTERM625_OTERM911           ; Retimed Register ; Timing optimization ;
; execute:EXECUTE|ALU:ALU|Mux22~15_OTERM215_OTERM369                             ; Retimed Register ; Timing optimization ;
; execute:EXECUTE|ALU:ALU|Mux23~16_OTERM271_OTERM449                             ; Retimed Register ; Timing optimization ;
; execute:EXECUTE|ALU:ALU|Mux23~16_OTERM271_OTERM451_OTERM575_OTERM725_OTERM1143 ; Retimed Register ; Timing optimization ;
; execute:EXECUTE|ALU:ALU|Mux23~16_OTERM271_OTERM451_OTERM575_OTERM725_OTERM1145 ; Retimed Register ; Timing optimization ;
; execute:EXECUTE|ALU:ALU|Mux23~16_OTERM271_OTERM451_OTERM575_OTERM725_OTERM1147 ; Retimed Register ; Timing optimization ;
; execute:EXECUTE|ALU:ALU|Mux23~16_OTERM271_OTERM451_OTERM577_OTERM1131          ; Retimed Register ; Timing optimization ;
; execute:EXECUTE|ALU:ALU|Mux23~16_OTERM271_OTERM451_OTERM577_OTERM1133          ; Retimed Register ; Timing optimization ;
; execute:EXECUTE|ALU:ALU|Mux23~16_OTERM271_OTERM451_OTERM577_OTERM1135          ; Retimed Register ; Timing optimization ;
; execute:EXECUTE|ALU:ALU|Mux23~16_OTERM271_OTERM453                             ; Retimed Register ; Timing optimization ;
; execute:EXECUTE|ALU:ALU|Mux24~15_OTERM225_OTERM425_OTERM585_OTERM819           ; Retimed Register ; Timing optimization ;
; execute:EXECUTE|ALU:ALU|Mux24~15_OTERM225_OTERM425_OTERM585_OTERM821_OTERM1210 ; Retimed Register ; Timing optimization ;
; execute:EXECUTE|ALU:ALU|Mux24~15_OTERM225_OTERM425_OTERM585_OTERM821_OTERM1212 ; Retimed Register ; Timing optimization ;
; execute:EXECUTE|ALU:ALU|Mux24~15_OTERM225_OTERM425_OTERM585_OTERM823           ; Retimed Register ; Timing optimization ;
; execute:EXECUTE|ALU:ALU|Mux24~15_OTERM225_OTERM427_OTERM769                    ; Retimed Register ; Timing optimization ;
; execute:EXECUTE|ALU:ALU|Mux24~15_OTERM225_OTERM427_OTERM771_OTERM1119          ; Retimed Register ; Timing optimization ;
; execute:EXECUTE|ALU:ALU|Mux24~15_OTERM225_OTERM427_OTERM771_OTERM1121          ; Retimed Register ; Timing optimization ;
; execute:EXECUTE|ALU:ALU|Mux24~15_OTERM225_OTERM427_OTERM771_OTERM1123          ; Retimed Register ; Timing optimization ;
; execute:EXECUTE|ALU:ALU|Mux24~15_OTERM225_OTERM429                             ; Retimed Register ; Timing optimization ;
; execute:EXECUTE|ALU:ALU|Mux25~15_OTERM249_OTERM317                             ; Retimed Register ; Timing optimization ;
; execute:EXECUTE|ALU:ALU|Mux25~15_OTERM249_OTERM319_OTERM489_OTERM647_OTERM975  ; Retimed Register ; Timing optimization ;
; execute:EXECUTE|ALU:ALU|Mux25~15_OTERM249_OTERM319_OTERM489_OTERM647_OTERM977  ; Retimed Register ; Timing optimization ;
; execute:EXECUTE|ALU:ALU|Mux25~15_OTERM249_OTERM319_OTERM489_OTERM647_OTERM979  ; Retimed Register ; Timing optimization ;
; execute:EXECUTE|ALU:ALU|Mux25~15_OTERM249_OTERM319_OTERM491_OTERM1154          ; Retimed Register ; Timing optimization ;
; execute:EXECUTE|ALU:ALU|Mux25~15_OTERM249_OTERM319_OTERM491_OTERM1156          ; Retimed Register ; Timing optimization ;
; execute:EXECUTE|ALU:ALU|Mux25~15_OTERM249_OTERM319_OTERM491_OTERM1158          ; Retimed Register ; Timing optimization ;
; execute:EXECUTE|ALU:ALU|Mux25~15_OTERM249_OTERM321                             ; Retimed Register ; Timing optimization ;
; execute:EXECUTE|ALU:ALU|Mux26~18_OTERM227_OTERM431_OTERM591_OTERM861           ; Retimed Register ; Timing optimization ;
; execute:EXECUTE|ALU:ALU|Mux26~18_OTERM227_OTERM431_OTERM591_OTERM863           ; Retimed Register ; Timing optimization ;
; execute:EXECUTE|ALU:ALU|Mux26~18_OTERM227_OTERM431_OTERM591_OTERM865_OTERM1278 ; Retimed Register ; Timing optimization ;
; execute:EXECUTE|ALU:ALU|Mux26~18_OTERM227_OTERM431_OTERM591_OTERM865_OTERM1280 ; Retimed Register ; Timing optimization ;
; execute:EXECUTE|ALU:ALU|Mux26~18_OTERM227_OTERM433_OTERM779                    ; Retimed Register ; Timing optimization ;
; execute:EXECUTE|ALU:ALU|Mux26~18_OTERM227_OTERM433_OTERM781_OTERM1172          ; Retimed Register ; Timing optimization ;
; execute:EXECUTE|ALU:ALU|Mux26~18_OTERM227_OTERM433_OTERM781_OTERM1174          ; Retimed Register ; Timing optimization ;
; execute:EXECUTE|ALU:ALU|Mux26~18_OTERM227_OTERM433_OTERM781_OTERM1176          ; Retimed Register ; Timing optimization ;
; execute:EXECUTE|ALU:ALU|Mux26~18_OTERM227_OTERM435                             ; Retimed Register ; Timing optimization ;
; execute:EXECUTE|ALU:ALU|Mux27~15_OTERM253_OTERM329                             ; Retimed Register ; Timing optimization ;
; execute:EXECUTE|ALU:ALU|Mux27~15_OTERM253_OTERM331_OTERM501_OTERM651_OTERM995  ; Retimed Register ; Timing optimization ;
; execute:EXECUTE|ALU:ALU|Mux27~15_OTERM253_OTERM331_OTERM501_OTERM651_OTERM997  ; Retimed Register ; Timing optimization ;
; execute:EXECUTE|ALU:ALU|Mux27~15_OTERM253_OTERM331_OTERM501_OTERM651_OTERM999  ; Retimed Register ; Timing optimization ;
; execute:EXECUTE|ALU:ALU|Mux27~15_OTERM253_OTERM331_OTERM503_OTERM1242          ; Retimed Register ; Timing optimization ;
; execute:EXECUTE|ALU:ALU|Mux27~15_OTERM253_OTERM331_OTERM503_OTERM1244          ; Retimed Register ; Timing optimization ;
; execute:EXECUTE|ALU:ALU|Mux27~15_OTERM253_OTERM331_OTERM503_OTERM1246          ; Retimed Register ; Timing optimization ;
; execute:EXECUTE|ALU:ALU|Mux27~15_OTERM253_OTERM333                             ; Retimed Register ; Timing optimization ;
; execute:EXECUTE|ALU:ALU|Mux28~16_OTERM217_OTERM371_OTERM569_OTERM789           ; Retimed Register ; Timing optimization ;
; execute:EXECUTE|ALU:ALU|Mux28~16_OTERM217_OTERM371_OTERM569_OTERM791_OTERM1160 ; Retimed Register ; Timing optimization ;
; execute:EXECUTE|ALU:ALU|Mux28~16_OTERM217_OTERM371_OTERM569_OTERM791_OTERM1162 ; Retimed Register ; Timing optimization ;
; execute:EXECUTE|ALU:ALU|Mux28~16_OTERM217_OTERM371_OTERM569_OTERM793           ; Retimed Register ; Timing optimization ;
; execute:EXECUTE|ALU:ALU|Mux28~16_OTERM217_OTERM373_OTERM867                    ; Retimed Register ; Timing optimization ;
; execute:EXECUTE|ALU:ALU|Mux28~16_OTERM217_OTERM373_OTERM869_OTERM1252          ; Retimed Register ; Timing optimization ;
; execute:EXECUTE|ALU:ALU|Mux28~16_OTERM217_OTERM373_OTERM869_OTERM1254          ; Retimed Register ; Timing optimization ;
; execute:EXECUTE|ALU:ALU|Mux28~16_OTERM217_OTERM373_OTERM869_OTERM1256          ; Retimed Register ; Timing optimization ;
; execute:EXECUTE|ALU:ALU|Mux28~16_OTERM217_OTERM375                             ; Retimed Register ; Timing optimization ;
; execute:EXECUTE|ALU:ALU|Mux29~15_OTERM241_OTERM287                             ; Retimed Register ; Timing optimization ;
; execute:EXECUTE|ALU:ALU|Mux29~15_OTERM241_OTERM289_OTERM481_OTERM641_OTERM943  ; Retimed Register ; Timing optimization ;
; execute:EXECUTE|ALU:ALU|Mux29~15_OTERM241_OTERM289_OTERM481_OTERM641_OTERM945  ; Retimed Register ; Timing optimization ;
; execute:EXECUTE|ALU:ALU|Mux29~15_OTERM241_OTERM289_OTERM481_OTERM641_OTERM947  ; Retimed Register ; Timing optimization ;
; execute:EXECUTE|ALU:ALU|Mux29~15_OTERM241_OTERM289_OTERM483_OTERM1282          ; Retimed Register ; Timing optimization ;
; execute:EXECUTE|ALU:ALU|Mux29~15_OTERM241_OTERM289_OTERM483_OTERM1284          ; Retimed Register ; Timing optimization ;
; execute:EXECUTE|ALU:ALU|Mux29~15_OTERM241_OTERM289_OTERM483_OTERM1286          ; Retimed Register ; Timing optimization ;
; execute:EXECUTE|ALU:ALU|Mux29~15_OTERM241_OTERM291                             ; Retimed Register ; Timing optimization ;
; execute:EXECUTE|ALU:ALU|Mux30~15_OTERM203_OTERM299_OTERM525                    ; Retimed Register ; Timing optimization ;
; execute:EXECUTE|ALU:ALU|Mux30~15_OTERM203_OTERM299_OTERM527                    ; Retimed Register ; Timing optimization ;
; execute:EXECUTE|ALU:ALU|Mux30~15_OTERM203_OTERM299_OTERM529_OTERM727           ; Retimed Register ; Timing optimization ;
; execute:EXECUTE|ALU:ALU|Mux30~15_OTERM203_OTERM299_OTERM529_OTERM729           ; Retimed Register ; Timing optimization ;
; execute:EXECUTE|ALU:ALU|Mux30~15_OTERM203_OTERM299_OTERM529_OTERM731_OTERM1085 ; Retimed Register ; Timing optimization ;
; execute:EXECUTE|ALU:ALU|Mux30~15_OTERM203_OTERM299_OTERM529_OTERM731_OTERM1087 ; Retimed Register ; Timing optimization ;
; execute:EXECUTE|ALU:ALU|Mux30~15_OTERM203_OTERM299_OTERM529_OTERM733_OTERM1312 ; Retimed Register ; Timing optimization ;
; execute:EXECUTE|ALU:ALU|Mux30~15_OTERM203_OTERM299_OTERM529_OTERM733_OTERM1314 ; Retimed Register ; Timing optimization ;
; execute:EXECUTE|ALU:ALU|Mux30~15_OTERM203_OTERM301_OTERM1057                   ; Retimed Register ; Timing optimization ;
; execute:EXECUTE|ALU:ALU|Mux30~15_OTERM203_OTERM301_OTERM1059                   ; Retimed Register ; Timing optimization ;
; execute:EXECUTE|ALU:ALU|Mux30~15_OTERM203_OTERM303                             ; Retimed Register ; Timing optimization ;
; execute:EXECUTE|ALU:ALU|Mux31~16                                               ; Modified         ; Timing optimization ;
; execute:EXECUTE|ALU:ALU|Mux31~16_RTM01152                                      ; Modified         ; Timing optimization ;
; execute:EXECUTE|ALU:ALU|Mux31~24                                               ; Modified         ; Timing optimization ;
; execute:EXECUTE|ALU:ALU|Mux31~24_RTM01073                                      ; Modified         ; Timing optimization ;
; execute:EXECUTE|ALU:ALU|Mux31~29                                               ; Modified         ; Timing optimization ;
; execute:EXECUTE|ALU:ALU|Mux31~29_RTM01015                                      ; Modified         ; Timing optimization ;
; execute:EXECUTE|ALU:ALU|Mux31~33                                               ; Modified         ; Timing optimization ;
; execute:EXECUTE|ALU:ALU|Mux31~33_RTM01170                                      ; Modified         ; Timing optimization ;
; execute:EXECUTE|ALU:ALU|Mux31~35                                               ; Modified         ; Timing optimization ;
; execute:EXECUTE|ALU:ALU|Mux31~40                                               ; Modified         ; Timing optimization ;
; execute:EXECUTE|ALU:ALU|Mux31~45_OTERM209_OTERM353_OTERM561_OTERM881           ; Retimed Register ; Timing optimization ;
; execute:EXECUTE|ALU:ALU|Mux31~45_OTERM209_OTERM353_OTERM561_OTERM883           ; Retimed Register ; Timing optimization ;
; execute:EXECUTE|ALU:ALU|Mux31~45_OTERM209_OTERM353_OTERM561_OTERM885           ; Retimed Register ; Timing optimization ;
; execute:EXECUTE|ALU:ALU|Mux31~45_OTERM209_OTERM353_OTERM561_OTERM887           ; Retimed Register ; Timing optimization ;
; execute:EXECUTE|ALU:ALU|Mux31~45_OTERM209_OTERM353_OTERM563_OTERM721_OTERM1238 ; Retimed Register ; Timing optimization ;
; execute:EXECUTE|ALU:ALU|Mux31~45_OTERM209_OTERM353_OTERM563_OTERM721_OTERM1240 ; Retimed Register ; Timing optimization ;
; execute:EXECUTE|ALU:ALU|Mux31~45_OTERM209_OTERM353_OTERM565_OTERM877           ; Retimed Register ; Timing optimization ;
; execute:EXECUTE|ALU:ALU|Mux31~45_OTERM209_OTERM353_OTERM565_OTERM879           ; Retimed Register ; Timing optimization ;
; execute:EXECUTE|ALU:ALU|Mux31~45_OTERM209_OTERM355_OTERM531_OTERM681_OTERM1071 ; Retimed Register ; Timing optimization ;
; execute:EXECUTE|ALU:ALU|Mux31~45_OTERM209_OTERM355_OTERM531_OTERM683_OTERM1007 ; Retimed Register ; Timing optimization ;
; execute:EXECUTE|ALU:ALU|Mux31~45_OTERM209_OTERM355_OTERM531_OTERM683_OTERM1009 ; Retimed Register ; Timing optimization ;
; execute:EXECUTE|ALU:ALU|Mux31~45_OTERM209_OTERM355_OTERM531_OTERM683_OTERM1011 ; Retimed Register ; Timing optimization ;
; execute:EXECUTE|ALU:ALU|Mux31~45_OTERM209_OTERM355_OTERM531_OTERM683_OTERM1013 ; Retimed Register ; Timing optimization ;
; execute:EXECUTE|ALU:ALU|Mux31~45_OTERM209_OTERM355_OTERM531_OTERM685_OTERM1164 ; Retimed Register ; Timing optimization ;
; execute:EXECUTE|ALU:ALU|Mux31~45_OTERM209_OTERM355_OTERM531_OTERM685_OTERM1166 ; Retimed Register ; Timing optimization ;
; execute:EXECUTE|ALU:ALU|Mux31~45_OTERM209_OTERM355_OTERM531_OTERM685_OTERM1168 ; Retimed Register ; Timing optimization ;
; execute:EXECUTE|ALU:ALU|Mux31~45_OTERM209_OTERM355_OTERM533                    ; Retimed Register ; Timing optimization ;
; execute:EXECUTE|ALU:ALU|Mux31~45_OTERM209_OTERM357                             ; Retimed Register ; Timing optimization ;
; execute:EXECUTE|ALU:ALU|alu_result[0]                                          ; Deleted          ; Timing optimization ;
; execute:EXECUTE|ALU:ALU|alu_result[1]                                          ; Deleted          ; Timing optimization ;
; execute:EXECUTE|ALU:ALU|alu_result[2]                                          ; Deleted          ; Timing optimization ;
; execute:EXECUTE|ALU:ALU|alu_result[3]                                          ; Deleted          ; Timing optimization ;
; execute:EXECUTE|ALU:ALU|alu_result[4]                                          ; Deleted          ; Timing optimization ;
; execute:EXECUTE|ALU:ALU|alu_result[5]                                          ; Deleted          ; Timing optimization ;
; execute:EXECUTE|ALU:ALU|alu_result[6]                                          ; Deleted          ; Timing optimization ;
; execute:EXECUTE|ALU:ALU|alu_result[7]                                          ; Deleted          ; Timing optimization ;
; execute:EXECUTE|ALU:ALU|alu_result[8]                                          ; Deleted          ; Timing optimization ;
; execute:EXECUTE|ALU:ALU|alu_result[9]                                          ; Deleted          ; Timing optimization ;
; execute:EXECUTE|ALU:ALU|alu_result[10]                                         ; Deleted          ; Timing optimization ;
; execute:EXECUTE|ALU:ALU|alu_result[11]                                         ; Deleted          ; Timing optimization ;
; execute:EXECUTE|ALU:ALU|alu_result[12]                                         ; Deleted          ; Timing optimization ;
; execute:EXECUTE|ALU:ALU|alu_result[13]                                         ; Deleted          ; Timing optimization ;
; execute:EXECUTE|ALU:ALU|alu_result[14]                                         ; Deleted          ; Timing optimization ;
; execute:EXECUTE|ALU:ALU|alu_result[15]                                         ; Deleted          ; Timing optimization ;
; execute:EXECUTE|ALU:ALU|alu_result[16]                                         ; Deleted          ; Timing optimization ;
; execute:EXECUTE|ALU:ALU|alu_result[17]                                         ; Deleted          ; Timing optimization ;
; execute:EXECUTE|ALU:ALU|alu_result[18]                                         ; Deleted          ; Timing optimization ;
; execute:EXECUTE|ALU:ALU|alu_result[19]                                         ; Deleted          ; Timing optimization ;
; execute:EXECUTE|ALU:ALU|alu_result[20]                                         ; Deleted          ; Timing optimization ;
; execute:EXECUTE|ALU:ALU|alu_result[21]                                         ; Deleted          ; Timing optimization ;
; execute:EXECUTE|ALU:ALU|alu_result[22]                                         ; Deleted          ; Timing optimization ;
; execute:EXECUTE|ALU:ALU|alu_result[23]                                         ; Deleted          ; Timing optimization ;
; execute:EXECUTE|ALU:ALU|alu_result[24]                                         ; Deleted          ; Timing optimization ;
; execute:EXECUTE|ALU:ALU|alu_result[25]                                         ; Deleted          ; Timing optimization ;
; execute:EXECUTE|ALU:ALU|alu_result[26]                                         ; Deleted          ; Timing optimization ;
; execute:EXECUTE|ALU:ALU|alu_result[27]                                         ; Deleted          ; Timing optimization ;
; execute:EXECUTE|ALU:ALU|alu_result[28]                                         ; Deleted          ; Timing optimization ;
; execute:EXECUTE|ALU:ALU|alu_result[29]                                         ; Deleted          ; Timing optimization ;
; execute:EXECUTE|ALU:ALU|alu_result[30]                                         ; Deleted          ; Timing optimization ;
; execute:EXECUTE|ALU:ALU|alu_result[31]                                         ; Deleted          ; Timing optimization ;
; execute:EXECUTE|PC_mux:MUX1|process_0~8_OTERM239                               ; Retimed Register ; Timing optimization ;
; execute:EXECUTE|instruction_in_1[27]~0_RTM01072                                ; Modified         ; Timing optimization ;
; execute:EXECUTE|instruction_in_1[27]~0_RTM01072                                ; Retimed Register ; Timing optimization ;
; execute:EXECUTE|instruction_in_1[28]~1_RTM01014                                ; Modified         ; Timing optimization ;
; execute:EXECUTE|instruction_in_1[28]~1_RTM01014                                ; Retimed Register ; Timing optimization ;
; execute:EXECUTE|instruction_in_1[29]~3_RTM01169                                ; Modified         ; Timing optimization ;
; execute:EXECUTE|instruction_in_1[29]~3_RTM01169                                ; Retimed Register ; Timing optimization ;
; execute:EXECUTE|pass_along~0_OTERM259                                          ; Retimed Register ; Timing optimization ;
; execute:EXECUTE|pass_along~1_OTERM279                                          ; Retimed Register ; Timing optimization ;
; execute:EXECUTE|pass_along~2                                                   ; Deleted          ; Timing optimization ;
; execute:EXECUTE|pass_along~2_OTERM273                                          ; Retimed Register ; Timing optimization ;
; execute:EXECUTE|pass_along~2_RTM0275                                           ; Modified         ; Timing optimization ;
; execute:EXECUTE|pass_along~2_RTM0275                                           ; Retimed Register ; Timing optimization ;
; execute:EXECUTE|pass_along~3                                                   ; Modified         ; Timing optimization ;
; execute:EXECUTE|pass_along~3_RTM0274                                           ; Modified         ; Timing optimization ;
; fetch:FETCH|add_out[0]~1                                                       ; Modified         ; Timing optimization ;
; fetch:FETCH|instruction[0]~0                                                   ; Deleted          ; Timing optimization ;
; fetch:FETCH|instruction[1]~1                                                   ; Deleted          ; Timing optimization ;
; fetch:FETCH|instruction[2]~2                                                   ; Deleted          ; Timing optimization ;
; fetch:FETCH|instruction[3]~3                                                   ; Deleted          ; Timing optimization ;
; fetch:FETCH|instruction[4]~4                                                   ; Deleted          ; Timing optimization ;
; fetch:FETCH|instruction[5]~5                                                   ; Deleted          ; Timing optimization ;
; fetch:FETCH|instruction[6]~6                                                   ; Deleted          ; Timing optimization ;
; fetch:FETCH|instruction[7]~7                                                   ; Deleted          ; Timing optimization ;
; fetch:FETCH|instruction[8]~8                                                   ; Deleted          ; Timing optimization ;
; fetch:FETCH|instruction[9]~9                                                   ; Deleted          ; Timing optimization ;
; fetch:FETCH|pc[0]~0                                                            ; Modified         ; Timing optimization ;
; fetch:FETCH|pc[1]~1                                                            ; Modified         ; Timing optimization ;
; fetch:FETCH|pc[2]~2                                                            ; Modified         ; Timing optimization ;
; fetch:FETCH|pc[3]~3                                                            ; Modified         ; Timing optimization ;
; fetch:FETCH|pc[4]~4                                                            ; Modified         ; Timing optimization ;
; fetch:FETCH|pc[5]~5                                                            ; Modified         ; Timing optimization ;
; fetch:FETCH|pc[6]~6                                                            ; Modified         ; Timing optimization ;
; fetch:FETCH|pc[7]~7                                                            ; Modified         ; Timing optimization ;
; fetch:FETCH|pc[8]~8                                                            ; Modified         ; Timing optimization ;
; fetch:FETCH|pc[9]~9                                                            ; Modified         ; Timing optimization ;
; print_FSM:FSM|Add4~1                                                           ; Modified         ; Timing optimization ;
; print_FSM:FSM|Add4~10                                                          ; Modified         ; Timing optimization ;
; scan_FSM:SCAN|Add1~91                                                          ; Modified         ; Timing optimization ;
; scan_FSM:SCAN|Add3~1                                                           ; Modified         ; Timing optimization ;
; write_back:WB|Equal5~0_OTERM87                                                 ; Retimed Register ; Timing optimization ;
; write_back:WB|Equal5~0_OTERM211                                                ; Retimed Register ; Timing optimization ;
; write_back:WB|Equal7~0_OTERM91                                                 ; Retimed Register ; Timing optimization ;
; write_back:WB|Equal7~0_OTERM213                                                ; Retimed Register ; Timing optimization ;
; write_back:WB|Equal10~0_OTERM277                                               ; Retimed Register ; Timing optimization ;
+--------------------------------------------------------------------------------+------------------+---------------------+


+--------------------------------------------------------------------------------------------------+
; Registers Added for RAM Pass-Through Logic                                                       ;
+------------------------------------------------------+-------------------------------------------+
; Register Name                                        ; RAM Name                                  ;
+------------------------------------------------------+-------------------------------------------+
; decode:DECODE|registers:R|ram_block_rtl_0_bypass[0]  ; decode:DECODE|registers:R|ram_block_rtl_0 ;
; decode:DECODE|registers:R|ram_block_rtl_0_bypass[1]  ; decode:DECODE|registers:R|ram_block_rtl_0 ;
; decode:DECODE|registers:R|ram_block_rtl_0_bypass[2]  ; decode:DECODE|registers:R|ram_block_rtl_0 ;
; decode:DECODE|registers:R|ram_block_rtl_0_bypass[3]  ; decode:DECODE|registers:R|ram_block_rtl_0 ;
; decode:DECODE|registers:R|ram_block_rtl_0_bypass[4]  ; decode:DECODE|registers:R|ram_block_rtl_0 ;
; decode:DECODE|registers:R|ram_block_rtl_0_bypass[5]  ; decode:DECODE|registers:R|ram_block_rtl_0 ;
; decode:DECODE|registers:R|ram_block_rtl_0_bypass[6]  ; decode:DECODE|registers:R|ram_block_rtl_0 ;
; decode:DECODE|registers:R|ram_block_rtl_0_bypass[7]  ; decode:DECODE|registers:R|ram_block_rtl_0 ;
; decode:DECODE|registers:R|ram_block_rtl_0_bypass[8]  ; decode:DECODE|registers:R|ram_block_rtl_0 ;
; decode:DECODE|registers:R|ram_block_rtl_0_bypass[9]  ; decode:DECODE|registers:R|ram_block_rtl_0 ;
; decode:DECODE|registers:R|ram_block_rtl_0_bypass[10] ; decode:DECODE|registers:R|ram_block_rtl_0 ;
; decode:DECODE|registers:R|ram_block_rtl_0_bypass[11] ; decode:DECODE|registers:R|ram_block_rtl_0 ;
; decode:DECODE|registers:R|ram_block_rtl_0_bypass[12] ; decode:DECODE|registers:R|ram_block_rtl_0 ;
; decode:DECODE|registers:R|ram_block_rtl_0_bypass[13] ; decode:DECODE|registers:R|ram_block_rtl_0 ;
; decode:DECODE|registers:R|ram_block_rtl_0_bypass[14] ; decode:DECODE|registers:R|ram_block_rtl_0 ;
; decode:DECODE|registers:R|ram_block_rtl_0_bypass[15] ; decode:DECODE|registers:R|ram_block_rtl_0 ;
; decode:DECODE|registers:R|ram_block_rtl_0_bypass[16] ; decode:DECODE|registers:R|ram_block_rtl_0 ;
; decode:DECODE|registers:R|ram_block_rtl_0_bypass[17] ; decode:DECODE|registers:R|ram_block_rtl_0 ;
; decode:DECODE|registers:R|ram_block_rtl_0_bypass[18] ; decode:DECODE|registers:R|ram_block_rtl_0 ;
; decode:DECODE|registers:R|ram_block_rtl_0_bypass[19] ; decode:DECODE|registers:R|ram_block_rtl_0 ;
; decode:DECODE|registers:R|ram_block_rtl_0_bypass[20] ; decode:DECODE|registers:R|ram_block_rtl_0 ;
; decode:DECODE|registers:R|ram_block_rtl_0_bypass[21] ; decode:DECODE|registers:R|ram_block_rtl_0 ;
; decode:DECODE|registers:R|ram_block_rtl_0_bypass[22] ; decode:DECODE|registers:R|ram_block_rtl_0 ;
; decode:DECODE|registers:R|ram_block_rtl_0_bypass[23] ; decode:DECODE|registers:R|ram_block_rtl_0 ;
; decode:DECODE|registers:R|ram_block_rtl_0_bypass[24] ; decode:DECODE|registers:R|ram_block_rtl_0 ;
; decode:DECODE|registers:R|ram_block_rtl_0_bypass[25] ; decode:DECODE|registers:R|ram_block_rtl_0 ;
; decode:DECODE|registers:R|ram_block_rtl_0_bypass[26] ; decode:DECODE|registers:R|ram_block_rtl_0 ;
; decode:DECODE|registers:R|ram_block_rtl_0_bypass[27] ; decode:DECODE|registers:R|ram_block_rtl_0 ;
; decode:DECODE|registers:R|ram_block_rtl_0_bypass[28] ; decode:DECODE|registers:R|ram_block_rtl_0 ;
; decode:DECODE|registers:R|ram_block_rtl_0_bypass[29] ; decode:DECODE|registers:R|ram_block_rtl_0 ;
; decode:DECODE|registers:R|ram_block_rtl_0_bypass[30] ; decode:DECODE|registers:R|ram_block_rtl_0 ;
; decode:DECODE|registers:R|ram_block_rtl_0_bypass[31] ; decode:DECODE|registers:R|ram_block_rtl_0 ;
; decode:DECODE|registers:R|ram_block_rtl_0_bypass[32] ; decode:DECODE|registers:R|ram_block_rtl_0 ;
; decode:DECODE|registers:R|ram_block_rtl_0_bypass[33] ; decode:DECODE|registers:R|ram_block_rtl_0 ;
; decode:DECODE|registers:R|ram_block_rtl_0_bypass[34] ; decode:DECODE|registers:R|ram_block_rtl_0 ;
; decode:DECODE|registers:R|ram_block_rtl_0_bypass[35] ; decode:DECODE|registers:R|ram_block_rtl_0 ;
; decode:DECODE|registers:R|ram_block_rtl_0_bypass[36] ; decode:DECODE|registers:R|ram_block_rtl_0 ;
; decode:DECODE|registers:R|ram_block_rtl_0_bypass[37] ; decode:DECODE|registers:R|ram_block_rtl_0 ;
; decode:DECODE|registers:R|ram_block_rtl_0_bypass[38] ; decode:DECODE|registers:R|ram_block_rtl_0 ;
; decode:DECODE|registers:R|ram_block_rtl_0_bypass[39] ; decode:DECODE|registers:R|ram_block_rtl_0 ;
; decode:DECODE|registers:R|ram_block_rtl_0_bypass[40] ; decode:DECODE|registers:R|ram_block_rtl_0 ;
; decode:DECODE|registers:R|ram_block_rtl_0_bypass[41] ; decode:DECODE|registers:R|ram_block_rtl_0 ;
; decode:DECODE|registers:R|ram_block_rtl_0_bypass[42] ; decode:DECODE|registers:R|ram_block_rtl_0 ;
; decode:DECODE|registers:R|ram_block_rtl_1_bypass[0]  ; decode:DECODE|registers:R|ram_block_rtl_1 ;
; decode:DECODE|registers:R|ram_block_rtl_1_bypass[1]  ; decode:DECODE|registers:R|ram_block_rtl_1 ;
; decode:DECODE|registers:R|ram_block_rtl_1_bypass[2]  ; decode:DECODE|registers:R|ram_block_rtl_1 ;
; decode:DECODE|registers:R|ram_block_rtl_1_bypass[3]  ; decode:DECODE|registers:R|ram_block_rtl_1 ;
; decode:DECODE|registers:R|ram_block_rtl_1_bypass[4]  ; decode:DECODE|registers:R|ram_block_rtl_1 ;
; decode:DECODE|registers:R|ram_block_rtl_1_bypass[5]  ; decode:DECODE|registers:R|ram_block_rtl_1 ;
; decode:DECODE|registers:R|ram_block_rtl_1_bypass[6]  ; decode:DECODE|registers:R|ram_block_rtl_1 ;
; decode:DECODE|registers:R|ram_block_rtl_1_bypass[7]  ; decode:DECODE|registers:R|ram_block_rtl_1 ;
; decode:DECODE|registers:R|ram_block_rtl_1_bypass[8]  ; decode:DECODE|registers:R|ram_block_rtl_1 ;
; decode:DECODE|registers:R|ram_block_rtl_1_bypass[9]  ; decode:DECODE|registers:R|ram_block_rtl_1 ;
; decode:DECODE|registers:R|ram_block_rtl_1_bypass[10] ; decode:DECODE|registers:R|ram_block_rtl_1 ;
; decode:DECODE|registers:R|ram_block_rtl_1_bypass[11] ; decode:DECODE|registers:R|ram_block_rtl_1 ;
; decode:DECODE|registers:R|ram_block_rtl_1_bypass[12] ; decode:DECODE|registers:R|ram_block_rtl_1 ;
; decode:DECODE|registers:R|ram_block_rtl_1_bypass[13] ; decode:DECODE|registers:R|ram_block_rtl_1 ;
; decode:DECODE|registers:R|ram_block_rtl_1_bypass[14] ; decode:DECODE|registers:R|ram_block_rtl_1 ;
; decode:DECODE|registers:R|ram_block_rtl_1_bypass[15] ; decode:DECODE|registers:R|ram_block_rtl_1 ;
; decode:DECODE|registers:R|ram_block_rtl_1_bypass[16] ; decode:DECODE|registers:R|ram_block_rtl_1 ;
; decode:DECODE|registers:R|ram_block_rtl_1_bypass[17] ; decode:DECODE|registers:R|ram_block_rtl_1 ;
; decode:DECODE|registers:R|ram_block_rtl_1_bypass[18] ; decode:DECODE|registers:R|ram_block_rtl_1 ;
; decode:DECODE|registers:R|ram_block_rtl_1_bypass[19] ; decode:DECODE|registers:R|ram_block_rtl_1 ;
; decode:DECODE|registers:R|ram_block_rtl_1_bypass[20] ; decode:DECODE|registers:R|ram_block_rtl_1 ;
; decode:DECODE|registers:R|ram_block_rtl_1_bypass[21] ; decode:DECODE|registers:R|ram_block_rtl_1 ;
; decode:DECODE|registers:R|ram_block_rtl_1_bypass[22] ; decode:DECODE|registers:R|ram_block_rtl_1 ;
; decode:DECODE|registers:R|ram_block_rtl_1_bypass[23] ; decode:DECODE|registers:R|ram_block_rtl_1 ;
; decode:DECODE|registers:R|ram_block_rtl_1_bypass[24] ; decode:DECODE|registers:R|ram_block_rtl_1 ;
; decode:DECODE|registers:R|ram_block_rtl_1_bypass[25] ; decode:DECODE|registers:R|ram_block_rtl_1 ;
; decode:DECODE|registers:R|ram_block_rtl_1_bypass[26] ; decode:DECODE|registers:R|ram_block_rtl_1 ;
; decode:DECODE|registers:R|ram_block_rtl_1_bypass[27] ; decode:DECODE|registers:R|ram_block_rtl_1 ;
; decode:DECODE|registers:R|ram_block_rtl_1_bypass[28] ; decode:DECODE|registers:R|ram_block_rtl_1 ;
; decode:DECODE|registers:R|ram_block_rtl_1_bypass[29] ; decode:DECODE|registers:R|ram_block_rtl_1 ;
; decode:DECODE|registers:R|ram_block_rtl_1_bypass[30] ; decode:DECODE|registers:R|ram_block_rtl_1 ;
; decode:DECODE|registers:R|ram_block_rtl_1_bypass[31] ; decode:DECODE|registers:R|ram_block_rtl_1 ;
; decode:DECODE|registers:R|ram_block_rtl_1_bypass[32] ; decode:DECODE|registers:R|ram_block_rtl_1 ;
; decode:DECODE|registers:R|ram_block_rtl_1_bypass[33] ; decode:DECODE|registers:R|ram_block_rtl_1 ;
; decode:DECODE|registers:R|ram_block_rtl_1_bypass[34] ; decode:DECODE|registers:R|ram_block_rtl_1 ;
; decode:DECODE|registers:R|ram_block_rtl_1_bypass[35] ; decode:DECODE|registers:R|ram_block_rtl_1 ;
; decode:DECODE|registers:R|ram_block_rtl_1_bypass[36] ; decode:DECODE|registers:R|ram_block_rtl_1 ;
; decode:DECODE|registers:R|ram_block_rtl_1_bypass[37] ; decode:DECODE|registers:R|ram_block_rtl_1 ;
; decode:DECODE|registers:R|ram_block_rtl_1_bypass[38] ; decode:DECODE|registers:R|ram_block_rtl_1 ;
; decode:DECODE|registers:R|ram_block_rtl_1_bypass[39] ; decode:DECODE|registers:R|ram_block_rtl_1 ;
; decode:DECODE|registers:R|ram_block_rtl_1_bypass[40] ; decode:DECODE|registers:R|ram_block_rtl_1 ;
; decode:DECODE|registers:R|ram_block_rtl_1_bypass[41] ; decode:DECODE|registers:R|ram_block_rtl_1 ;
; decode:DECODE|registers:R|ram_block_rtl_1_bypass[42] ; decode:DECODE|registers:R|ram_block_rtl_1 ;
+------------------------------------------------------+-------------------------------------------+


+-----------------------------------------------------------------------------------------+
; Registers Packed Into Inferred Megafunctions                                            ;
+--------------------------------------+-------------------------------------------+------+
; Register Name                        ; Megafunction                              ; Type ;
+--------------------------------------+-------------------------------------------+------+
; decode:DECODE|registers:R|q_1[0..31] ; decode:DECODE|registers:R|ram_block_rtl_0 ; RAM  ;
; decode:DECODE|registers:R|q_2[0..31] ; decode:DECODE|registers:R|ram_block_rtl_1 ; RAM  ;
+--------------------------------------+-------------------------------------------+------+


+------------------------------------------------------------------------------------------------------------------------------------------------------------------+
; Multiplexer Restructuring Statistics (No Restructuring Performed)                                                                                                ;
+--------------------+-----------+---------------+----------------------+------------------------+------------+----------------------------------------------------+
; Multiplexer Inputs ; Bus Width ; Baseline Area ; Area if Restructured ; Saving if Restructured ; Registered ; Example Multiplexer Output                         ;
+--------------------+-----------+---------------+----------------------+------------------------+------------+----------------------------------------------------+
; 3:1                ; 5 bits    ; 10 LEs        ; 5 LEs                ; 5 LEs                  ; Yes        ; |DLX|decode:DECODE|instruction_out[25]             ;
; 3:1                ; 32 bits   ; 64 LEs        ; 32 LEs               ; 32 LEs                 ; Yes        ; |DLX|scan_FSM:SCAN|uart_recv:UART_RX|counter[29]   ;
; 3:1                ; 32 bits   ; 64 LEs        ; 32 LEs               ; 32 LEs                 ; Yes        ; |DLX|scan_FSM:SCAN|UARTSampler:DA_SAMPLER|zeros[1] ;
; 3:1                ; 32 bits   ; 64 LEs        ; 32 LEs               ; 32 LEs                 ; Yes        ; |DLX|scan_FSM:SCAN|UARTSampler:DA_SAMPLER|ones[0]  ;
; 4:1                ; 32 bits   ; 64 LEs        ; 64 LEs               ; 0 LEs                  ; Yes        ; |DLX|scan_FSM:SCAN|data_in[19]                     ;
; 4:1                ; 32 bits   ; 64 LEs        ; 64 LEs               ; 0 LEs                  ; Yes        ; |DLX|execute:EXECUTE|q_2_out[15]                   ;
; 4:1                ; 32 bits   ; 64 LEs        ; 32 LEs               ; 32 LEs                 ; Yes        ; |DLX|print_FSM:FSM|UART_trans:U|counter[0]         ;
; 5:1                ; 10 bits   ; 30 LEs        ; 20 LEs               ; 10 LEs                 ; Yes        ; |DLX|fetch:FETCH|pc[1]                             ;
; 5:1                ; 32 bits   ; 96 LEs        ; 32 LEs               ; 64 LEs                 ; Yes        ; |DLX|print_FSM:FSM|i[17]                           ;
; 8:1                ; 3 bits    ; 15 LEs        ; 6 LEs                ; 9 LEs                  ; Yes        ; |DLX|print_FSM:FSM|pos_val[31]                     ;
; 8:1                ; 29 bits   ; 145 LEs       ; 58 LEs               ; 87 LEs                 ; Yes        ; |DLX|print_FSM:FSM|pos_val[7]                      ;
; 67:1               ; 5 bits    ; 220 LEs       ; 45 LEs               ; 175 LEs                ; Yes        ; |DLX|execute:EXECUTE|ALU:ALU|alu_result[13]        ;
; 67:1               ; 2 bits    ; 88 LEs        ; 20 LEs               ; 68 LEs                 ; Yes        ; |DLX|execute:EXECUTE|ALU:ALU|alu_result[8]         ;
; 68:1               ; 7 bits    ; 315 LEs       ; 63 LEs               ; 252 LEs                ; Yes        ; |DLX|execute:EXECUTE|ALU:ALU|alu_result[23]        ;
; 68:1               ; 3 bits    ; 135 LEs       ; 30 LEs               ; 105 LEs                ; Yes        ; |DLX|execute:EXECUTE|ALU:ALU|alu_result[6]         ;
; 69:1               ; 4 bits    ; 184 LEs       ; 40 LEs               ; 144 LEs                ; Yes        ; |DLX|execute:EXECUTE|ALU:ALU|alu_result[24]        ;
; 69:1               ; 2 bits    ; 92 LEs        ; 24 LEs               ; 68 LEs                 ; Yes        ; |DLX|execute:EXECUTE|ALU:ALU|alu_result[2]         ;
; 70:1               ; 2 bits    ; 92 LEs        ; 24 LEs               ; 68 LEs                 ; Yes        ; |DLX|execute:EXECUTE|ALU:ALU|alu_result[28]        ;
; 4:1                ; 32 bits   ; 64 LEs        ; 64 LEs               ; 0 LEs                  ; No         ; |DLX|execute:EXECUTE|imm_mux:MUX2|op2[1]           ;
; 10:1               ; 4 bits    ; 24 LEs        ; 24 LEs               ; 0 LEs                  ; No         ; |DLX|print_FSM:FSM|Mux1                            ;
; 5:1                ; 22 bits   ; 66 LEs        ; 66 LEs               ; 0 LEs                  ; No         ; |DLX|execute:EXECUTE|PC_mux:MUX1|op1[26]           ;
; 5:1                ; 10 bits   ; 30 LEs        ; 30 LEs               ; 0 LEs                  ; No         ; |DLX|execute:EXECUTE|PC_mux:MUX1|op1[5]            ;
; 14:1               ; 4 bits    ; 36 LEs        ; 32 LEs               ; 4 LEs                  ; No         ; |DLX|print_FSM:FSM|Selector8                       ;
+--------------------+-----------+---------------+----------------------+------------------------+------------+----------------------------------------------------+


+-------------------------------------------------------------------------------------------------------------+
; Source assignments for fetch:FETCH|my_ROM:U1|altsyncram:altsyncram_component|altsyncram_hvr3:auto_generated ;
+---------------------------------+--------------------+------+-----------------------------------------------+
; Assignment                      ; Value              ; From ; To                                            ;
+---------------------------------+--------------------+------+-----------------------------------------------+
; OPTIMIZE_POWER_DURING_SYNTHESIS ; NORMAL_COMPILATION ; -    ; -                                             ;
+---------------------------------+--------------------+------+-----------------------------------------------+


+----------------------------------------------------------------------------------------------------------------+
; Source assignments for memory:MEMORY|my_ram:RAM|altsyncram:altsyncram_component|altsyncram_63s3:auto_generated ;
+---------------------------------+--------------------+------+--------------------------------------------------+
; Assignment                      ; Value              ; From ; To                                               ;
+---------------------------------+--------------------+------+--------------------------------------------------+
; OPTIMIZE_POWER_DURING_SYNTHESIS ; NORMAL_COMPILATION ; -    ; -                                                ;
+---------------------------------+--------------------+------+--------------------------------------------------+


+------------------------------------------------------------------------------------------------------------------------------------------------------+
; Source assignments for print_FSM:FSM|fifo_word:FIFO1|scfifo:scfifo_component|scfifo_4k51:auto_generated|a_dpfifo_jj21:dpfifo|altsyncram_o2m1:FIFOram ;
+---------------------------------+--------------------+------+----------------------------------------------------------------------------------------+
; Assignment                      ; Value              ; From ; To                                                                                     ;
+---------------------------------+--------------------+------+----------------------------------------------------------------------------------------+
; OPTIMIZE_POWER_DURING_SYNTHESIS ; NORMAL_COMPILATION ; -    ; -                                                                                      ;
+---------------------------------+--------------------+------+----------------------------------------------------------------------------------------+


+------------------------------------------------------------------------------+
; Source assignments for print_FSM:FSM|fifo_char:FIFO2|dcfifo:dcfifo_component ;
+---------------------------------+-------+------+-----------------------------+
; Assignment                      ; Value ; From ; To                          ;
+---------------------------------+-------+------+-----------------------------+
; AUTO_SHIFT_REGISTER_RECOGNITION ; OFF   ; -    ; -                           ;
+---------------------------------+-------+------+-----------------------------+


+---------------------------------------------------------------------------------------------------------+
; Source assignments for print_FSM:FSM|fifo_char:FIFO2|dcfifo:dcfifo_component|dcfifo_f1f1:auto_generated ;
+---------------------------------------+-------+------+--------------------------------------------------+
; Assignment                            ; Value ; From ; To                                               ;
+---------------------------------------+-------+------+--------------------------------------------------+
; AUTO_SHIFT_REGISTER_RECOGNITION       ; OFF   ; -    ; -                                                ;
; REMOVE_DUPLICATE_REGISTERS            ; OFF   ; -    ; -                                                ;
; SYNCHRONIZER_IDENTIFICATION           ; OFF   ; -    ; -                                                ;
; SYNCHRONIZATION_REGISTER_CHAIN_LENGTH ; 2     ; -    ; -                                                ;
; POWER_UP_LEVEL                        ; LOW   ; -    ; wrptr_g                                          ;
+---------------------------------------+-------+------+--------------------------------------------------+


+-------------------------------------------------------------------------------------------------------------------------------------+
; Source assignments for print_FSM:FSM|fifo_char:FIFO2|dcfifo:dcfifo_component|dcfifo_f1f1:auto_generated|a_graycounter_h26:rdptr_g1p ;
+----------------+-------+------+-----------------------------------------------------------------------------------------------------+
; Assignment     ; Value ; From ; To                                                                                                  ;
+----------------+-------+------+-----------------------------------------------------------------------------------------------------+
; POWER_UP_LEVEL ; HIGH  ; -    ; counter5a0                                                                                          ;
; POWER_UP_LEVEL ; HIGH  ; -    ; parity6                                                                                             ;
+----------------+-------+------+-----------------------------------------------------------------------------------------------------+


+-------------------------------------------------------------------------------------------------------------------------------------+
; Source assignments for print_FSM:FSM|fifo_char:FIFO2|dcfifo:dcfifo_component|dcfifo_f1f1:auto_generated|a_graycounter_dgb:wrptr_g1p ;
+----------------+-------+------+-----------------------------------------------------------------------------------------------------+
; Assignment     ; Value ; From ; To                                                                                                  ;
+----------------+-------+------+-----------------------------------------------------------------------------------------------------+
; POWER_UP_LEVEL ; HIGH  ; -    ; counter8a0                                                                                          ;
; POWER_UP_LEVEL ; HIGH  ; -    ; parity9                                                                                             ;
+----------------+-------+------+-----------------------------------------------------------------------------------------------------+


+----------------------------------------------------------------------------------------------------------------------------------+
; Source assignments for print_FSM:FSM|fifo_char:FIFO2|dcfifo:dcfifo_component|dcfifo_f1f1:auto_generated|altsyncram_qj31:fifo_ram ;
+---------------------------------+--------------------+------+--------------------------------------------------------------------+
; Assignment                      ; Value              ; From ; To                                                                 ;
+---------------------------------+--------------------+------+--------------------------------------------------------------------+
; OPTIMIZE_POWER_DURING_SYNTHESIS ; NORMAL_COMPILATION ; -    ; -                                                                  ;
+---------------------------------+--------------------+------+--------------------------------------------------------------------+


+------------------------------------------------------------------------------------------------------------------------------------+
; Source assignments for print_FSM:FSM|fifo_char:FIFO2|dcfifo:dcfifo_component|dcfifo_f1f1:auto_generated|alt_synch_pipe_h9l:rs_dgwp ;
+-----------------------------+------------------------+------+----------------------------------------------------------------------+
; Assignment                  ; Value                  ; From ; To                                                                   ;
+-----------------------------+------------------------+------+----------------------------------------------------------------------+
; X_ON_VIOLATION_OPTION       ; OFF                    ; -    ; -                                                                    ;
; SYNCHRONIZER_IDENTIFICATION ; FORCED_IF_ASYNCHRONOUS ; -    ; -                                                                    ;
; PRESERVE_REGISTER           ; ON                     ; -    ; -                                                                    ;
; DONT_MERGE_REGISTER         ; ON                     ; -    ; -                                                                    ;
; ADV_NETLIST_OPT_ALLOWED     ; NEVER_ALLOW            ; -    ; -                                                                    ;
+-----------------------------+------------------------+------+----------------------------------------------------------------------+


+----------------------------------------------------------------------------------------------------------------------------------------------------------+
; Source assignments for print_FSM:FSM|fifo_char:FIFO2|dcfifo:dcfifo_component|dcfifo_f1f1:auto_generated|alt_synch_pipe_h9l:rs_dgwp|dffpipe_2v8:dffpipe12 ;
+---------------------------------+-------+------+---------------------------------------------------------------------------------------------------------+
; Assignment                      ; Value ; From ; To                                                                                                      ;
+---------------------------------+-------+------+---------------------------------------------------------------------------------------------------------+
; AUTO_SHIFT_REGISTER_RECOGNITION ; OFF   ; -    ; -                                                                                                       ;
+---------------------------------+-------+------+---------------------------------------------------------------------------------------------------------+


+----------------------------------------------------------------------------------------------------------------------------+
; Source assignments for print_FSM:FSM|fifo_char:FIFO2|dcfifo:dcfifo_component|dcfifo_f1f1:auto_generated|dffpipe_1v8:ws_brp ;
+---------------------------------+-------+------+---------------------------------------------------------------------------+
; Assignment                      ; Value ; From ; To                                                                        ;
+---------------------------------+-------+------+---------------------------------------------------------------------------+
; AUTO_SHIFT_REGISTER_RECOGNITION ; OFF   ; -    ; -                                                                         ;
+---------------------------------+-------+------+---------------------------------------------------------------------------+


+----------------------------------------------------------------------------------------------------------------------------+
; Source assignments for print_FSM:FSM|fifo_char:FIFO2|dcfifo:dcfifo_component|dcfifo_f1f1:auto_generated|dffpipe_1v8:ws_bwp ;
+---------------------------------+-------+------+---------------------------------------------------------------------------+
; Assignment                      ; Value ; From ; To                                                                        ;
+---------------------------------+-------+------+---------------------------------------------------------------------------+
; AUTO_SHIFT_REGISTER_RECOGNITION ; OFF   ; -    ; -                                                                         ;
+---------------------------------+-------+------+---------------------------------------------------------------------------+


+------------------------------------------------------------------------------------------------------------------------------------+
; Source assignments for print_FSM:FSM|fifo_char:FIFO2|dcfifo:dcfifo_component|dcfifo_f1f1:auto_generated|alt_synch_pipe_i9l:ws_dgrp ;
+-----------------------------+------------------------+------+----------------------------------------------------------------------+
; Assignment                  ; Value                  ; From ; To                                                                   ;
+-----------------------------+------------------------+------+----------------------------------------------------------------------+
; X_ON_VIOLATION_OPTION       ; OFF                    ; -    ; -                                                                    ;
; SYNCHRONIZER_IDENTIFICATION ; FORCED_IF_ASYNCHRONOUS ; -    ; -                                                                    ;
; PRESERVE_REGISTER           ; ON                     ; -    ; -                                                                    ;
; DONT_MERGE_REGISTER         ; ON                     ; -    ; -                                                                    ;
; ADV_NETLIST_OPT_ALLOWED     ; NEVER_ALLOW            ; -    ; -                                                                    ;
+-----------------------------+------------------------+------+----------------------------------------------------------------------+


+----------------------------------------------------------------------------------------------------------------------------------------------------------+
; Source assignments for print_FSM:FSM|fifo_char:FIFO2|dcfifo:dcfifo_component|dcfifo_f1f1:auto_generated|alt_synch_pipe_i9l:ws_dgrp|dffpipe_3v8:dffpipe16 ;
+---------------------------------+-------+------+---------------------------------------------------------------------------------------------------------+
; Assignment                      ; Value ; From ; To                                                                                                      ;
+---------------------------------+-------+------+---------------------------------------------------------------------------------------------------------+
; AUTO_SHIFT_REGISTER_RECOGNITION ; OFF   ; -    ; -                                                                                                       ;
+---------------------------------+-------+------+---------------------------------------------------------------------------------------------------------+


+-----------------------------------------------------------------------------------+
; Source assignments for scan_FSM:SCAN|FIFO_UART_RF:UART_RF|dcfifo:dcfifo_component ;
+---------------------------------+-------+------+----------------------------------+
; Assignment                      ; Value ; From ; To                               ;
+---------------------------------+-------+------+----------------------------------+
; AUTO_SHIFT_REGISTER_RECOGNITION ; OFF   ; -    ; -                                ;
+---------------------------------+-------+------+----------------------------------+


+--------------------------------------------------------------------------------------------------------------+
; Source assignments for scan_FSM:SCAN|FIFO_UART_RF:UART_RF|dcfifo:dcfifo_component|dcfifo_u7e1:auto_generated ;
+---------------------------------------+-------+------+-------------------------------------------------------+
; Assignment                            ; Value ; From ; To                                                    ;
+---------------------------------------+-------+------+-------------------------------------------------------+
; AUTO_SHIFT_REGISTER_RECOGNITION       ; OFF   ; -    ; -                                                     ;
; REMOVE_DUPLICATE_REGISTERS            ; OFF   ; -    ; -                                                     ;
; SYNCHRONIZER_IDENTIFICATION           ; OFF   ; -    ; -                                                     ;
; SYNCHRONIZATION_REGISTER_CHAIN_LENGTH ; 2     ; -    ; -                                                     ;
; POWER_UP_LEVEL                        ; LOW   ; -    ; wrptr_g                                               ;
+---------------------------------------+-------+------+-------------------------------------------------------+


+------------------------------------------------------------------------------------------------------------------------------------------+
; Source assignments for scan_FSM:SCAN|FIFO_UART_RF:UART_RF|dcfifo:dcfifo_component|dcfifo_u7e1:auto_generated|a_graycounter_h26:rdptr_g1p ;
+----------------+-------+------+----------------------------------------------------------------------------------------------------------+
; Assignment     ; Value ; From ; To                                                                                                       ;
+----------------+-------+------+----------------------------------------------------------------------------------------------------------+
; POWER_UP_LEVEL ; HIGH  ; -    ; counter5a0                                                                                               ;
; POWER_UP_LEVEL ; HIGH  ; -    ; parity6                                                                                                  ;
+----------------+-------+------+----------------------------------------------------------------------------------------------------------+


+------------------------------------------------------------------------------------------------------------------------------------------+
; Source assignments for scan_FSM:SCAN|FIFO_UART_RF:UART_RF|dcfifo:dcfifo_component|dcfifo_u7e1:auto_generated|a_graycounter_dgb:wrptr_g1p ;
+----------------+-------+------+----------------------------------------------------------------------------------------------------------+
; Assignment     ; Value ; From ; To                                                                                                       ;
+----------------+-------+------+----------------------------------------------------------------------------------------------------------+
; POWER_UP_LEVEL ; HIGH  ; -    ; counter8a0                                                                                               ;
; POWER_UP_LEVEL ; HIGH  ; -    ; parity9                                                                                                  ;
+----------------+-------+------+----------------------------------------------------------------------------------------------------------+


+---------------------------------------------------------------------------------------------------------------------------------------+
; Source assignments for scan_FSM:SCAN|FIFO_UART_RF:UART_RF|dcfifo:dcfifo_component|dcfifo_u7e1:auto_generated|altsyncram_qj31:fifo_ram ;
+---------------------------------+--------------------+------+-------------------------------------------------------------------------+
; Assignment                      ; Value              ; From ; To                                                                      ;
+---------------------------------+--------------------+------+-------------------------------------------------------------------------+
; OPTIMIZE_POWER_DURING_SYNTHESIS ; NORMAL_COMPILATION ; -    ; -                                                                       ;
+---------------------------------+--------------------+------+-------------------------------------------------------------------------+


+-----------------------------------------------------------------------------------------------------------------------------------------+
; Source assignments for scan_FSM:SCAN|FIFO_UART_RF:UART_RF|dcfifo:dcfifo_component|dcfifo_u7e1:auto_generated|alt_synch_pipe_j9l:rs_dgwp ;
+-----------------------------+------------------------+------+---------------------------------------------------------------------------+
; Assignment                  ; Value                  ; From ; To                                                                        ;
+-----------------------------+------------------------+------+---------------------------------------------------------------------------+
; X_ON_VIOLATION_OPTION       ; OFF                    ; -    ; -                                                                         ;
; SYNCHRONIZER_IDENTIFICATION ; FORCED_IF_ASYNCHRONOUS ; -    ; -                                                                         ;
; PRESERVE_REGISTER           ; ON                     ; -    ; -                                                                         ;
; DONT_MERGE_REGISTER         ; ON                     ; -    ; -                                                                         ;
; ADV_NETLIST_OPT_ALLOWED     ; NEVER_ALLOW            ; -    ; -                                                                         ;
+-----------------------------+------------------------+------+---------------------------------------------------------------------------+


+--------------------------------------------------------------------------------------------------------------------------------------------------------------+
; Source assignments for scan_FSM:SCAN|FIFO_UART_RF:UART_RF|dcfifo:dcfifo_component|dcfifo_u7e1:auto_generated|alt_synch_pipe_j9l:rs_dgwp|dffpipe_4v8:dffpipe5 ;
+---------------------------------+-------+------+-------------------------------------------------------------------------------------------------------------+
; Assignment                      ; Value ; From ; To                                                                                                          ;
+---------------------------------+-------+------+-------------------------------------------------------------------------------------------------------------+
; AUTO_SHIFT_REGISTER_RECOGNITION ; OFF   ; -    ; -                                                                                                           ;
+---------------------------------+-------+------+-------------------------------------------------------------------------------------------------------------+


+-----------------------------------------------------------------------------------------------------------------------------------------+
; Source assignments for scan_FSM:SCAN|FIFO_UART_RF:UART_RF|dcfifo:dcfifo_component|dcfifo_u7e1:auto_generated|alt_synch_pipe_k9l:ws_dgrp ;
+-----------------------------+------------------------+------+---------------------------------------------------------------------------+
; Assignment                  ; Value                  ; From ; To                                                                        ;
+-----------------------------+------------------------+------+---------------------------------------------------------------------------+
; X_ON_VIOLATION_OPTION       ; OFF                    ; -    ; -                                                                         ;
; SYNCHRONIZER_IDENTIFICATION ; FORCED_IF_ASYNCHRONOUS ; -    ; -                                                                         ;
; PRESERVE_REGISTER           ; ON                     ; -    ; -                                                                         ;
; DONT_MERGE_REGISTER         ; ON                     ; -    ; -                                                                         ;
; ADV_NETLIST_OPT_ALLOWED     ; NEVER_ALLOW            ; -    ; -                                                                         ;
+-----------------------------+------------------------+------+---------------------------------------------------------------------------+


+--------------------------------------------------------------------------------------------------------------------------------------------------------------+
; Source assignments for scan_FSM:SCAN|FIFO_UART_RF:UART_RF|dcfifo:dcfifo_component|dcfifo_u7e1:auto_generated|alt_synch_pipe_k9l:ws_dgrp|dffpipe_5v8:dffpipe8 ;
+---------------------------------+-------+------+-------------------------------------------------------------------------------------------------------------+
; Assignment                      ; Value ; From ; To                                                                                                          ;
+---------------------------------+-------+------+-------------------------------------------------------------------------------------------------------------+
; AUTO_SHIFT_REGISTER_RECOGNITION ; OFF   ; -    ; -                                                                                                           ;
+---------------------------------+-------+------+-------------------------------------------------------------------------------------------------------------+


+---------------------------------------------------------------------------------------------------------------------------------------------------------+
; Source assignments for scan_FSM:SCAN|fifo_in_buf:IN_BUF|scfifo:scfifo_component|scfifo_6d21:auto_generated|a_dpfifo_dj21:dpfifo|altsyncram_c2m1:FIFOram ;
+---------------------------------+--------------------+------+-------------------------------------------------------------------------------------------+
; Assignment                      ; Value              ; From ; To                                                                                        ;
+---------------------------------+--------------------+------+-------------------------------------------------------------------------------------------+
; OPTIMIZE_POWER_DURING_SYNTHESIS ; NORMAL_COMPILATION ; -    ; -                                                                                         ;
+---------------------------------+--------------------+------+-------------------------------------------------------------------------------------------+


+------------------------------------------------------------------------------------------------+
; Source assignments for scan_FSM:SCAN|UARTSampler:DA_SAMPLER|my_fifo:U2|dcfifo:dcfifo_component ;
+---------------------------------+-------+------+-----------------------------------------------+
; Assignment                      ; Value ; From ; To                                            ;
+---------------------------------+-------+------+-----------------------------------------------+
; AUTO_SHIFT_REGISTER_RECOGNITION ; OFF   ; -    ; -                                             ;
+---------------------------------+-------+------+-----------------------------------------------+


+---------------------------------------------------------------------------------------------------------------------------+
; Source assignments for scan_FSM:SCAN|UARTSampler:DA_SAMPLER|my_fifo:U2|dcfifo:dcfifo_component|dcfifo_14e1:auto_generated ;
+---------------------------------------+-------+------+--------------------------------------------------------------------+
; Assignment                            ; Value ; From ; To                                                                 ;
+---------------------------------------+-------+------+--------------------------------------------------------------------+
; AUTO_SHIFT_REGISTER_RECOGNITION       ; OFF   ; -    ; -                                                                  ;
; REMOVE_DUPLICATE_REGISTERS            ; OFF   ; -    ; -                                                                  ;
; SYNCHRONIZER_IDENTIFICATION           ; OFF   ; -    ; -                                                                  ;
; SYNCHRONIZATION_REGISTER_CHAIN_LENGTH ; 2     ; -    ; -                                                                  ;
; POWER_UP_LEVEL                        ; LOW   ; -    ; wrptr_g                                                            ;
+---------------------------------------+-------+------+--------------------------------------------------------------------+


+-------------------------------------------------------------------------------------------------------------------------------------------------------+
; Source assignments for scan_FSM:SCAN|UARTSampler:DA_SAMPLER|my_fifo:U2|dcfifo:dcfifo_component|dcfifo_14e1:auto_generated|a_graycounter_c26:rdptr_g1p ;
+----------------+-------+------+-----------------------------------------------------------------------------------------------------------------------+
; Assignment     ; Value ; From ; To                                                                                                                    ;
+----------------+-------+------+-----------------------------------------------------------------------------------------------------------------------+
; POWER_UP_LEVEL ; HIGH  ; -    ; counter5a0                                                                                                            ;
; POWER_UP_LEVEL ; LOW   ; -    ; parity6                                                                                                               ;
+----------------+-------+------+-----------------------------------------------------------------------------------------------------------------------+


+-------------------------------------------------------------------------------------------------------------------------------------------------------+
; Source assignments for scan_FSM:SCAN|UARTSampler:DA_SAMPLER|my_fifo:U2|dcfifo:dcfifo_component|dcfifo_14e1:auto_generated|a_graycounter_8gb:wrptr_g1p ;
+----------------+-------+------+-----------------------------------------------------------------------------------------------------------------------+
; Assignment     ; Value ; From ; To                                                                                                                    ;
+----------------+-------+------+-----------------------------------------------------------------------------------------------------------------------+
; POWER_UP_LEVEL ; HIGH  ; -    ; counter7a0                                                                                                            ;
; POWER_UP_LEVEL ; LOW   ; -    ; parity8                                                                                                               ;
+----------------+-------+------+-----------------------------------------------------------------------------------------------------------------------+


+----------------------------------------------------------------------------------------------------------------------------------------------------+
; Source assignments for scan_FSM:SCAN|UARTSampler:DA_SAMPLER|my_fifo:U2|dcfifo:dcfifo_component|dcfifo_14e1:auto_generated|altsyncram_2j31:fifo_ram ;
+---------------------------------+--------------------+------+--------------------------------------------------------------------------------------+
; Assignment                      ; Value              ; From ; To                                                                                   ;
+---------------------------------+--------------------+------+--------------------------------------------------------------------------------------+
; OPTIMIZE_POWER_DURING_SYNTHESIS ; NORMAL_COMPILATION ; -    ; -                                                                                    ;
+---------------------------------+--------------------+------+--------------------------------------------------------------------------------------+


+------------------------------------------------------------------------------------------------------------------------------------------------------+
; Source assignments for scan_FSM:SCAN|UARTSampler:DA_SAMPLER|my_fifo:U2|dcfifo:dcfifo_component|dcfifo_14e1:auto_generated|alt_synch_pipe_c9l:rs_dgwp ;
+-----------------------------+------------------------+------+----------------------------------------------------------------------------------------+
; Assignment                  ; Value                  ; From ; To                                                                                     ;
+-----------------------------+------------------------+------+----------------------------------------------------------------------------------------+
; X_ON_VIOLATION_OPTION       ; OFF                    ; -    ; -                                                                                      ;
; SYNCHRONIZER_IDENTIFICATION ; FORCED_IF_ASYNCHRONOUS ; -    ; -                                                                                      ;
; PRESERVE_REGISTER           ; ON                     ; -    ; -                                                                                      ;
; DONT_MERGE_REGISTER         ; ON                     ; -    ; -                                                                                      ;
; ADV_NETLIST_OPT_ALLOWED     ; NEVER_ALLOW            ; -    ; -                                                                                      ;
+-----------------------------+------------------------+------+----------------------------------------------------------------------------------------+


+----------------------------------------------------------------------------------------------------------------------------------------------------------------------------+
; Source assignments for scan_FSM:SCAN|UARTSampler:DA_SAMPLER|my_fifo:U2|dcfifo:dcfifo_component|dcfifo_14e1:auto_generated|alt_synch_pipe_c9l:rs_dgwp|dffpipe_tu8:dffpipe10 ;
+---------------------------------+-------+------+---------------------------------------------------------------------------------------------------------------------------+
; Assignment                      ; Value ; From ; To                                                                                                                        ;
+---------------------------------+-------+------+---------------------------------------------------------------------------------------------------------------------------+
; AUTO_SHIFT_REGISTER_RECOGNITION ; OFF   ; -    ; -                                                                                                                         ;
+---------------------------------+-------+------+---------------------------------------------------------------------------------------------------------------------------+


+------------------------------------------------------------------------------------------------------------------------------------------------------+
; Source assignments for scan_FSM:SCAN|UARTSampler:DA_SAMPLER|my_fifo:U2|dcfifo:dcfifo_component|dcfifo_14e1:auto_generated|alt_synch_pipe_d9l:ws_dgrp ;
+-----------------------------+------------------------+------+----------------------------------------------------------------------------------------+
; Assignment                  ; Value                  ; From ; To                                                                                     ;
+-----------------------------+------------------------+------+----------------------------------------------------------------------------------------+
; X_ON_VIOLATION_OPTION       ; OFF                    ; -    ; -                                                                                      ;
; SYNCHRONIZER_IDENTIFICATION ; FORCED_IF_ASYNCHRONOUS ; -    ; -                                                                                      ;
; PRESERVE_REGISTER           ; ON                     ; -    ; -                                                                                      ;
; DONT_MERGE_REGISTER         ; ON                     ; -    ; -                                                                                      ;
; ADV_NETLIST_OPT_ALLOWED     ; NEVER_ALLOW            ; -    ; -                                                                                      ;
+-----------------------------+------------------------+------+----------------------------------------------------------------------------------------+


+----------------------------------------------------------------------------------------------------------------------------------------------------------------------------+
; Source assignments for scan_FSM:SCAN|UARTSampler:DA_SAMPLER|my_fifo:U2|dcfifo:dcfifo_component|dcfifo_14e1:auto_generated|alt_synch_pipe_d9l:ws_dgrp|dffpipe_uu8:dffpipe13 ;
+---------------------------------+-------+------+---------------------------------------------------------------------------------------------------------------------------+
; Assignment                      ; Value ; From ; To                                                                                                                        ;
+---------------------------------+-------+------+---------------------------------------------------------------------------------------------------------------------------+
; AUTO_SHIFT_REGISTER_RECOGNITION ; OFF   ; -    ; -                                                                                                                         ;
+---------------------------------+-------+------+---------------------------------------------------------------------------------------------------------------------------+


+------------------------------------------------------------------------------------------------------------+
; Source assignments for decode:DECODE|registers:R|altsyncram:ram_block_rtl_0|altsyncram_23g1:auto_generated ;
+---------------------------------+--------------------+------+----------------------------------------------+
; Assignment                      ; Value              ; From ; To                                           ;
+---------------------------------+--------------------+------+----------------------------------------------+
; OPTIMIZE_POWER_DURING_SYNTHESIS ; NORMAL_COMPILATION ; -    ; -                                            ;
+---------------------------------+--------------------+------+----------------------------------------------+


+------------------------------------------------------------------------------------------------------------+
; Source assignments for decode:DECODE|registers:R|altsyncram:ram_block_rtl_1|altsyncram_23g1:auto_generated ;
+---------------------------------+--------------------+------+----------------------------------------------+
; Assignment                      ; Value              ; From ; To                                           ;
+---------------------------------+--------------------+------+----------------------------------------------+
; OPTIMIZE_POWER_DURING_SYNTHESIS ; NORMAL_COMPILATION ; -    ; -                                            ;
+---------------------------------+--------------------+------+----------------------------------------------+


+----------------------------------------------------------------------------------------------------+
; Parameter Settings for User Entity Instance: fetch:FETCH|my_ROM:U1|altsyncram:altsyncram_component ;
+------------------------------------+----------------------+----------------------------------------+
; Parameter Name                     ; Value                ; Type                                   ;
+------------------------------------+----------------------+----------------------------------------+
; BYTE_SIZE_BLOCK                    ; 8                    ; Untyped                                ;
; AUTO_CARRY_CHAINS                  ; ON                   ; AUTO_CARRY                             ;
; IGNORE_CARRY_BUFFERS               ; OFF                  ; IGNORE_CARRY                           ;
; AUTO_CASCADE_CHAINS                ; ON                   ; AUTO_CASCADE                           ;
; IGNORE_CASCADE_BUFFERS             ; OFF                  ; IGNORE_CASCADE                         ;
; WIDTH_BYTEENA                      ; 1                    ; Untyped                                ;
; OPERATION_MODE                     ; ROM                  ; Untyped                                ;
; WIDTH_A                            ; 32                   ; Signed Integer                         ;
; WIDTHAD_A                          ; 10                   ; Signed Integer                         ;
; NUMWORDS_A                         ; 1024                 ; Signed Integer                         ;
; OUTDATA_REG_A                      ; UNREGISTERED         ; Untyped                                ;
; ADDRESS_ACLR_A                     ; NONE                 ; Untyped                                ;
; OUTDATA_ACLR_A                     ; NONE                 ; Untyped                                ;
; WRCONTROL_ACLR_A                   ; NONE                 ; Untyped                                ;
; INDATA_ACLR_A                      ; NONE                 ; Untyped                                ;
; BYTEENA_ACLR_A                     ; NONE                 ; Untyped                                ;
; WIDTH_B                            ; 1                    ; Signed Integer                         ;
; WIDTHAD_B                          ; 1                    ; Signed Integer                         ;
; NUMWORDS_B                         ; 0                    ; Signed Integer                         ;
; INDATA_REG_B                       ; CLOCK1               ; Untyped                                ;
; WRCONTROL_WRADDRESS_REG_B          ; CLOCK1               ; Untyped                                ;
; RDCONTROL_REG_B                    ; CLOCK1               ; Untyped                                ;
; ADDRESS_REG_B                      ; CLOCK1               ; Untyped                                ;
; OUTDATA_REG_B                      ; UNREGISTERED         ; Untyped                                ;
; BYTEENA_REG_B                      ; CLOCK1               ; Untyped                                ;
; INDATA_ACLR_B                      ; NONE                 ; Untyped                                ;
; WRCONTROL_ACLR_B                   ; NONE                 ; Untyped                                ;
; ADDRESS_ACLR_B                     ; NONE                 ; Untyped                                ;
; OUTDATA_ACLR_B                     ; NONE                 ; Untyped                                ;
; RDCONTROL_ACLR_B                   ; NONE                 ; Untyped                                ;
; BYTEENA_ACLR_B                     ; NONE                 ; Untyped                                ;
; WIDTH_BYTEENA_A                    ; 1                    ; Signed Integer                         ;
; WIDTH_BYTEENA_B                    ; 1                    ; Signed Integer                         ;
; RAM_BLOCK_TYPE                     ; AUTO                 ; Untyped                                ;
; BYTE_SIZE                          ; 8                    ; Signed Integer                         ;
; READ_DURING_WRITE_MODE_MIXED_PORTS ; DONT_CARE            ; Untyped                                ;
; READ_DURING_WRITE_MODE_PORT_A      ; NEW_DATA_NO_NBE_READ ; Untyped                                ;
; READ_DURING_WRITE_MODE_PORT_B      ; NEW_DATA_NO_NBE_READ ; Untyped                                ;
; INIT_FILE                          ; collatz_code.mif     ; Untyped                                ;
; INIT_FILE_LAYOUT                   ; PORT_A               ; Untyped                                ;
; MAXIMUM_DEPTH                      ; 0                    ; Signed Integer                         ;
; CLOCK_ENABLE_INPUT_A               ; BYPASS               ; Untyped                                ;
; CLOCK_ENABLE_INPUT_B               ; NORMAL               ; Untyped                                ;
; CLOCK_ENABLE_OUTPUT_A              ; BYPASS               ; Untyped                                ;
; CLOCK_ENABLE_OUTPUT_B              ; NORMAL               ; Untyped                                ;
; CLOCK_ENABLE_CORE_A                ; USE_INPUT_CLKEN      ; Untyped                                ;
; CLOCK_ENABLE_CORE_B                ; USE_INPUT_CLKEN      ; Untyped                                ;
; ENABLE_ECC                         ; FALSE                ; Untyped                                ;
; ECC_PIPELINE_STAGE_ENABLED         ; FALSE                ; Untyped                                ;
; WIDTH_ECCSTATUS                    ; 3                    ; Signed Integer                         ;
; DEVICE_FAMILY                      ; MAX 10               ; Untyped                                ;
; CBXI_PARAMETER                     ; altsyncram_hvr3      ; Untyped                                ;
+------------------------------------+----------------------+----------------------------------------+
Note: In order to hide this table in the UI and the text report file, please set the "Show Parameter Settings in Synthesis Report" option in "Analysis and Synthesis Settings -> More Settings" to "Off".


+-------------------------------------------------------------------------------------------------------+
; Parameter Settings for User Entity Instance: memory:MEMORY|my_ram:RAM|altsyncram:altsyncram_component ;
+------------------------------------+----------------------+-------------------------------------------+
; Parameter Name                     ; Value                ; Type                                      ;
+------------------------------------+----------------------+-------------------------------------------+
; BYTE_SIZE_BLOCK                    ; 8                    ; Untyped                                   ;
; AUTO_CARRY_CHAINS                  ; ON                   ; AUTO_CARRY                                ;
; IGNORE_CARRY_BUFFERS               ; OFF                  ; IGNORE_CARRY                              ;
; AUTO_CASCADE_CHAINS                ; ON                   ; AUTO_CASCADE                              ;
; IGNORE_CASCADE_BUFFERS             ; OFF                  ; IGNORE_CASCADE                            ;
; WIDTH_BYTEENA                      ; 1                    ; Untyped                                   ;
; OPERATION_MODE                     ; SINGLE_PORT          ; Untyped                                   ;
; WIDTH_A                            ; 32                   ; Signed Integer                            ;
; WIDTHAD_A                          ; 10                   ; Signed Integer                            ;
; NUMWORDS_A                         ; 1024                 ; Signed Integer                            ;
; OUTDATA_REG_A                      ; UNREGISTERED         ; Untyped                                   ;
; ADDRESS_ACLR_A                     ; NONE                 ; Untyped                                   ;
; OUTDATA_ACLR_A                     ; NONE                 ; Untyped                                   ;
; WRCONTROL_ACLR_A                   ; NONE                 ; Untyped                                   ;
; INDATA_ACLR_A                      ; NONE                 ; Untyped                                   ;
; BYTEENA_ACLR_A                     ; NONE                 ; Untyped                                   ;
; WIDTH_B                            ; 1                    ; Signed Integer                            ;
; WIDTHAD_B                          ; 1                    ; Signed Integer                            ;
; NUMWORDS_B                         ; 0                    ; Signed Integer                            ;
; INDATA_REG_B                       ; CLOCK1               ; Untyped                                   ;
; WRCONTROL_WRADDRESS_REG_B          ; CLOCK1               ; Untyped                                   ;
; RDCONTROL_REG_B                    ; CLOCK1               ; Untyped                                   ;
; ADDRESS_REG_B                      ; CLOCK1               ; Untyped                                   ;
; OUTDATA_REG_B                      ; UNREGISTERED         ; Untyped                                   ;
; BYTEENA_REG_B                      ; CLOCK1               ; Untyped                                   ;
; INDATA_ACLR_B                      ; NONE                 ; Untyped                                   ;
; WRCONTROL_ACLR_B                   ; NONE                 ; Untyped                                   ;
; ADDRESS_ACLR_B                     ; NONE                 ; Untyped                                   ;
; OUTDATA_ACLR_B                     ; NONE                 ; Untyped                                   ;
; RDCONTROL_ACLR_B                   ; NONE                 ; Untyped                                   ;
; BYTEENA_ACLR_B                     ; NONE                 ; Untyped                                   ;
; WIDTH_BYTEENA_A                    ; 1                    ; Signed Integer                            ;
; WIDTH_BYTEENA_B                    ; 1                    ; Signed Integer                            ;
; RAM_BLOCK_TYPE                     ; AUTO                 ; Untyped                                   ;
; BYTE_SIZE                          ; 8                    ; Signed Integer                            ;
; READ_DURING_WRITE_MODE_MIXED_PORTS ; DONT_CARE            ; Untyped                                   ;
; READ_DURING_WRITE_MODE_PORT_A      ; NEW_DATA_NO_NBE_READ ; Untyped                                   ;
; READ_DURING_WRITE_MODE_PORT_B      ; NEW_DATA_NO_NBE_READ ; Untyped                                   ;
; INIT_FILE                          ; collatz_data.mif     ; Untyped                                   ;
; INIT_FILE_LAYOUT                   ; PORT_A               ; Untyped                                   ;
; MAXIMUM_DEPTH                      ; 0                    ; Signed Integer                            ;
; CLOCK_ENABLE_INPUT_A               ; BYPASS               ; Untyped                                   ;
; CLOCK_ENABLE_INPUT_B               ; NORMAL               ; Untyped                                   ;
; CLOCK_ENABLE_OUTPUT_A              ; BYPASS               ; Untyped                                   ;
; CLOCK_ENABLE_OUTPUT_B              ; NORMAL               ; Untyped                                   ;
; CLOCK_ENABLE_CORE_A                ; USE_INPUT_CLKEN      ; Untyped                                   ;
; CLOCK_ENABLE_CORE_B                ; USE_INPUT_CLKEN      ; Untyped                                   ;
; ENABLE_ECC                         ; FALSE                ; Untyped                                   ;
; ECC_PIPELINE_STAGE_ENABLED         ; FALSE                ; Untyped                                   ;
; WIDTH_ECCSTATUS                    ; 3                    ; Signed Integer                            ;
; DEVICE_FAMILY                      ; MAX 10               ; Untyped                                   ;
; CBXI_PARAMETER                     ; altsyncram_63s3      ; Untyped                                   ;
+------------------------------------+----------------------+-------------------------------------------+
Note: In order to hide this table in the UI and the text report file, please set the "Show Parameter Settings in Synthesis Report" option in "Analysis and Synthesis Settings -> More Settings" to "Off".


+----------------------------------------------------------------------------------------------------+
; Parameter Settings for User Entity Instance: print_FSM:FSM|fifo_word:FIFO1|scfifo:scfifo_component ;
+-------------------------+-------------+------------------------------------------------------------+
; Parameter Name          ; Value       ; Type                                                       ;
+-------------------------+-------------+------------------------------------------------------------+
; AUTO_CARRY_CHAINS       ; ON          ; AUTO_CARRY                                                 ;
; IGNORE_CARRY_BUFFERS    ; OFF         ; IGNORE_CARRY                                               ;
; AUTO_CASCADE_CHAINS     ; ON          ; AUTO_CASCADE                                               ;
; IGNORE_CASCADE_BUFFERS  ; OFF         ; IGNORE_CASCADE                                             ;
; lpm_width               ; 38          ; Signed Integer                                             ;
; LPM_NUMWORDS            ; 256         ; Signed Integer                                             ;
; LPM_WIDTHU              ; 8           ; Signed Integer                                             ;
; LPM_SHOWAHEAD           ; OFF         ; Untyped                                                    ;
; UNDERFLOW_CHECKING      ; ON          ; Untyped                                                    ;
; OVERFLOW_CHECKING       ; ON          ; Untyped                                                    ;
; ALLOW_RWCYCLE_WHEN_FULL ; OFF         ; Untyped                                                    ;
; ADD_RAM_OUTPUT_REGISTER ; OFF         ; Untyped                                                    ;
; ALMOST_FULL_VALUE       ; 254         ; Signed Integer                                             ;
; ALMOST_EMPTY_VALUE      ; 0           ; Untyped                                                    ;
; ENABLE_ECC              ; FALSE       ; Untyped                                                    ;
; USE_EAB                 ; ON          ; Untyped                                                    ;
; MAXIMIZE_SPEED          ; 5           ; Untyped                                                    ;
; DEVICE_FAMILY           ; MAX 10      ; Untyped                                                    ;
; OPTIMIZE_FOR_SPEED      ; 5           ; Untyped                                                    ;
; CBXI_PARAMETER          ; scfifo_4k51 ; Untyped                                                    ;
+-------------------------+-------------+------------------------------------------------------------+
Note: In order to hide this table in the UI and the text report file, please set the "Show Parameter Settings in Synthesis Report" option in "Analysis and Synthesis Settings -> More Settings" to "Off".


+----------------------------------------------------------------------------------------------------+
; Parameter Settings for User Entity Instance: print_FSM:FSM|fifo_char:FIFO2|dcfifo:dcfifo_component ;
+-------------------------+-------------+------------------------------------------------------------+
; Parameter Name          ; Value       ; Type                                                       ;
+-------------------------+-------------+------------------------------------------------------------+
; WIDTH_BYTEENA           ; 1           ; Untyped                                                    ;
; AUTO_CARRY_CHAINS       ; ON          ; AUTO_CARRY                                                 ;
; IGNORE_CARRY_BUFFERS    ; OFF         ; IGNORE_CARRY                                               ;
; AUTO_CASCADE_CHAINS     ; ON          ; AUTO_CASCADE                                               ;
; IGNORE_CASCADE_BUFFERS  ; OFF         ; IGNORE_CASCADE                                             ;
; LPM_WIDTH               ; 8           ; Signed Integer                                             ;
; LPM_NUMWORDS            ; 256         ; Signed Integer                                             ;
; LPM_WIDTHU              ; 8           ; Signed Integer                                             ;
; LPM_SHOWAHEAD           ; OFF         ; Untyped                                                    ;
; UNDERFLOW_CHECKING      ; ON          ; Untyped                                                    ;
; OVERFLOW_CHECKING       ; ON          ; Untyped                                                    ;
; USE_EAB                 ; ON          ; Untyped                                                    ;
; ADD_RAM_OUTPUT_REGISTER ; OFF         ; Untyped                                                    ;
; ENABLE_ECC              ; FALSE       ; Untyped                                                    ;
; DELAY_RDUSEDW           ; 1           ; Untyped                                                    ;
; DELAY_WRUSEDW           ; 1           ; Untyped                                                    ;
; RDSYNC_DELAYPIPE        ; 4           ; Signed Integer                                             ;
; WRSYNC_DELAYPIPE        ; 4           ; Signed Integer                                             ;
; CLOCKS_ARE_SYNCHRONIZED ; FALSE       ; Untyped                                                    ;
; MAXIMIZE_SPEED          ; 5           ; Untyped                                                    ;
; DEVICE_FAMILY           ; MAX 10      ; Untyped                                                    ;
; ADD_USEDW_MSB_BIT       ; OFF         ; Untyped                                                    ;
; WRITE_ACLR_SYNCH        ; OFF         ; Untyped                                                    ;
; READ_ACLR_SYNCH         ; OFF         ; Untyped                                                    ;
; CBXI_PARAMETER          ; dcfifo_f1f1 ; Untyped                                                    ;
+-------------------------+-------------+------------------------------------------------------------+
Note: In order to hide this table in the UI and the text report file, please set the "Show Parameter Settings in Synthesis Report" option in "Analysis and Synthesis Settings -> More Settings" to "Off".


+---------------------------------------------------------------------------------------------------------+
; Parameter Settings for User Entity Instance: scan_FSM:SCAN|FIFO_UART_RF:UART_RF|dcfifo:dcfifo_component ;
+-------------------------+-------------+-----------------------------------------------------------------+
; Parameter Name          ; Value       ; Type                                                            ;
+-------------------------+-------------+-----------------------------------------------------------------+
; WIDTH_BYTEENA           ; 1           ; Untyped                                                         ;
; AUTO_CARRY_CHAINS       ; ON          ; AUTO_CARRY                                                      ;
; IGNORE_CARRY_BUFFERS    ; OFF         ; IGNORE_CARRY                                                    ;
; AUTO_CASCADE_CHAINS     ; ON          ; AUTO_CASCADE                                                    ;
; IGNORE_CASCADE_BUFFERS  ; OFF         ; IGNORE_CASCADE                                                  ;
; LPM_WIDTH               ; 8           ; Signed Integer                                                  ;
; LPM_NUMWORDS            ; 256         ; Signed Integer                                                  ;
; LPM_WIDTHU              ; 8           ; Signed Integer                                                  ;
; LPM_SHOWAHEAD           ; OFF         ; Untyped                                                         ;
; UNDERFLOW_CHECKING      ; ON          ; Untyped                                                         ;
; OVERFLOW_CHECKING       ; ON          ; Untyped                                                         ;
; USE_EAB                 ; ON          ; Untyped                                                         ;
; ADD_RAM_OUTPUT_REGISTER ; OFF         ; Untyped                                                         ;
; ENABLE_ECC              ; FALSE       ; Untyped                                                         ;
; DELAY_RDUSEDW           ; 1           ; Untyped                                                         ;
; DELAY_WRUSEDW           ; 1           ; Untyped                                                         ;
; RDSYNC_DELAYPIPE        ; 4           ; Signed Integer                                                  ;
; WRSYNC_DELAYPIPE        ; 4           ; Signed Integer                                                  ;
; CLOCKS_ARE_SYNCHRONIZED ; FALSE       ; Untyped                                                         ;
; MAXIMIZE_SPEED          ; 5           ; Untyped                                                         ;
; DEVICE_FAMILY           ; MAX 10      ; Untyped                                                         ;
; ADD_USEDW_MSB_BIT       ; OFF         ; Untyped                                                         ;
; WRITE_ACLR_SYNCH        ; OFF         ; Untyped                                                         ;
; READ_ACLR_SYNCH         ; OFF         ; Untyped                                                         ;
; CBXI_PARAMETER          ; dcfifo_u7e1 ; Untyped                                                         ;
+-------------------------+-------------+-----------------------------------------------------------------+
Note: In order to hide this table in the UI and the text report file, please set the "Show Parameter Settings in Synthesis Report" option in "Analysis and Synthesis Settings -> More Settings" to "Off".


+-------------------------------------------------------------------------------------------------------+
; Parameter Settings for User Entity Instance: scan_FSM:SCAN|fifo_in_buf:IN_BUF|scfifo:scfifo_component ;
+-------------------------+-------------+---------------------------------------------------------------+
; Parameter Name          ; Value       ; Type                                                          ;
+-------------------------+-------------+---------------------------------------------------------------+
; AUTO_CARRY_CHAINS       ; ON          ; AUTO_CARRY                                                    ;
; IGNORE_CARRY_BUFFERS    ; OFF         ; IGNORE_CARRY                                                  ;
; AUTO_CASCADE_CHAINS     ; ON          ; AUTO_CASCADE                                                  ;
; IGNORE_CASCADE_BUFFERS  ; OFF         ; IGNORE_CASCADE                                                ;
; lpm_width               ; 32          ; Signed Integer                                                ;
; LPM_NUMWORDS            ; 256         ; Signed Integer                                                ;
; LPM_WIDTHU              ; 8           ; Signed Integer                                                ;
; LPM_SHOWAHEAD           ; OFF         ; Untyped                                                       ;
; UNDERFLOW_CHECKING      ; ON          ; Untyped                                                       ;
; OVERFLOW_CHECKING       ; ON          ; Untyped                                                       ;
; ALLOW_RWCYCLE_WHEN_FULL ; OFF         ; Untyped                                                       ;
; ADD_RAM_OUTPUT_REGISTER ; OFF         ; Untyped                                                       ;
; ALMOST_FULL_VALUE       ; 0           ; Untyped                                                       ;
; ALMOST_EMPTY_VALUE      ; 0           ; Untyped                                                       ;
; ENABLE_ECC              ; FALSE       ; Untyped                                                       ;
; USE_EAB                 ; ON          ; Untyped                                                       ;
; MAXIMIZE_SPEED          ; 5           ; Untyped                                                       ;
; DEVICE_FAMILY           ; MAX 10      ; Untyped                                                       ;
; OPTIMIZE_FOR_SPEED      ; 5           ; Untyped                                                       ;
; CBXI_PARAMETER          ; scfifo_6d21 ; Untyped                                                       ;
+-------------------------+-------------+---------------------------------------------------------------+
Note: In order to hide this table in the UI and the text report file, please set the "Show Parameter Settings in Synthesis Report" option in "Analysis and Synthesis Settings -> More Settings" to "Off".


+----------------------------------------------------------------------------------------------------------------------+
; Parameter Settings for User Entity Instance: scan_FSM:SCAN|UARTSampler:DA_SAMPLER|my_fifo:U2|dcfifo:dcfifo_component ;
+-------------------------+-------------+------------------------------------------------------------------------------+
; Parameter Name          ; Value       ; Type                                                                         ;
+-------------------------+-------------+------------------------------------------------------------------------------+
; WIDTH_BYTEENA           ; 1           ; Untyped                                                                      ;
; AUTO_CARRY_CHAINS       ; ON          ; AUTO_CARRY                                                                   ;
; IGNORE_CARRY_BUFFERS    ; OFF         ; IGNORE_CARRY                                                                 ;
; AUTO_CASCADE_CHAINS     ; ON          ; AUTO_CASCADE                                                                 ;
; IGNORE_CASCADE_BUFFERS  ; OFF         ; IGNORE_CASCADE                                                               ;
; LPM_WIDTH               ; 1           ; Signed Integer                                                               ;
; LPM_NUMWORDS            ; 8           ; Signed Integer                                                               ;
; LPM_WIDTHU              ; 3           ; Signed Integer                                                               ;
; LPM_SHOWAHEAD           ; OFF         ; Untyped                                                                      ;
; UNDERFLOW_CHECKING      ; ON          ; Untyped                                                                      ;
; OVERFLOW_CHECKING       ; ON          ; Untyped                                                                      ;
; USE_EAB                 ; ON          ; Untyped                                                                      ;
; ADD_RAM_OUTPUT_REGISTER ; OFF         ; Untyped                                                                      ;
; ENABLE_ECC              ; FALSE       ; Untyped                                                                      ;
; DELAY_RDUSEDW           ; 1           ; Untyped                                                                      ;
; DELAY_WRUSEDW           ; 1           ; Untyped                                                                      ;
; RDSYNC_DELAYPIPE        ; 4           ; Signed Integer                                                               ;
; WRSYNC_DELAYPIPE        ; 4           ; Signed Integer                                                               ;
; CLOCKS_ARE_SYNCHRONIZED ; FALSE       ; Untyped                                                                      ;
; MAXIMIZE_SPEED          ; 5           ; Untyped                                                                      ;
; DEVICE_FAMILY           ; MAX 10      ; Untyped                                                                      ;
; ADD_USEDW_MSB_BIT       ; OFF         ; Untyped                                                                      ;
; WRITE_ACLR_SYNCH        ; OFF         ; Untyped                                                                      ;
; READ_ACLR_SYNCH         ; OFF         ; Untyped                                                                      ;
; CBXI_PARAMETER          ; dcfifo_14e1 ; Untyped                                                                      ;
+-------------------------+-------------+------------------------------------------------------------------------------+
Note: In order to hide this table in the UI and the text report file, please set the "Show Parameter Settings in Synthesis Report" option in "Analysis and Synthesis Settings -> More Settings" to "Off".


+--------------------------------------------------------------------------------+
; Parameter Settings for User Entity Instance: pll:PLLTX|altpll:altpll_component ;
+-------------------------------+-----------------------+------------------------+
; Parameter Name                ; Value                 ; Type                   ;
+-------------------------------+-----------------------+------------------------+
; OPERATION_MODE                ; NORMAL                ; Untyped                ;
; PLL_TYPE                      ; AUTO                  ; Untyped                ;
; LPM_HINT                      ; CBX_MODULE_PREFIX=pll ; Untyped                ;
; QUALIFY_CONF_DONE             ; OFF                   ; Untyped                ;
; COMPENSATE_CLOCK              ; CLK0                  ; Untyped                ;
; SCAN_CHAIN                    ; LONG                  ; Untyped                ;
; PRIMARY_CLOCK                 ; INCLK0                ; Untyped                ;
; INCLK0_INPUT_FREQUENCY        ; 20000                 ; Signed Integer         ;
; INCLK1_INPUT_FREQUENCY        ; 0                     ; Untyped                ;
; GATE_LOCK_SIGNAL              ; NO                    ; Untyped                ;
; GATE_LOCK_COUNTER             ; 0                     ; Untyped                ;
; LOCK_HIGH                     ; 1                     ; Untyped                ;
; LOCK_LOW                      ; 1                     ; Untyped                ;
; VALID_LOCK_MULTIPLIER         ; 1                     ; Untyped                ;
; INVALID_LOCK_MULTIPLIER       ; 5                     ; Untyped                ;
; SWITCH_OVER_ON_LOSSCLK        ; OFF                   ; Untyped                ;
; SWITCH_OVER_ON_GATED_LOCK     ; OFF                   ; Untyped                ;
; ENABLE_SWITCH_OVER_COUNTER    ; OFF                   ; Untyped                ;
; SKIP_VCO                      ; OFF                   ; Untyped                ;
; SWITCH_OVER_COUNTER           ; 0                     ; Untyped                ;
; SWITCH_OVER_TYPE              ; AUTO                  ; Untyped                ;
; FEEDBACK_SOURCE               ; EXTCLK0               ; Untyped                ;
; BANDWIDTH                     ; 0                     ; Untyped                ;
; BANDWIDTH_TYPE                ; AUTO                  ; Untyped                ;
; SPREAD_FREQUENCY              ; 0                     ; Untyped                ;
; DOWN_SPREAD                   ; 0                     ; Untyped                ;
; SELF_RESET_ON_GATED_LOSS_LOCK ; OFF                   ; Untyped                ;
; SELF_RESET_ON_LOSS_LOCK       ; OFF                   ; Untyped                ;
; CLK9_MULTIPLY_BY              ; 0                     ; Untyped                ;
; CLK8_MULTIPLY_BY              ; 0                     ; Untyped                ;
; CLK7_MULTIPLY_BY              ; 0                     ; Untyped                ;
; CLK6_MULTIPLY_BY              ; 0                     ; Untyped                ;
; CLK5_MULTIPLY_BY              ; 1                     ; Untyped                ;
; CLK4_MULTIPLY_BY              ; 1                     ; Untyped                ;
; CLK3_MULTIPLY_BY              ; 1                     ; Untyped                ;
; CLK2_MULTIPLY_BY              ; 1                     ; Untyped                ;
; CLK1_MULTIPLY_BY              ; 36                    ; Signed Integer         ;
; CLK0_MULTIPLY_BY              ; 288                   ; Signed Integer         ;
; CLK9_DIVIDE_BY                ; 0                     ; Untyped                ;
; CLK8_DIVIDE_BY                ; 0                     ; Untyped                ;
; CLK7_DIVIDE_BY                ; 0                     ; Untyped                ;
; CLK6_DIVIDE_BY                ; 0                     ; Untyped                ;
; CLK5_DIVIDE_BY                ; 1                     ; Untyped                ;
; CLK4_DIVIDE_BY                ; 1                     ; Untyped                ;
; CLK3_DIVIDE_BY                ; 1                     ; Untyped                ;
; CLK2_DIVIDE_BY                ; 1                     ; Untyped                ;
; CLK1_DIVIDE_BY                ; 15625                 ; Signed Integer         ;
; CLK0_DIVIDE_BY                ; 15625                 ; Signed Integer         ;
; CLK9_PHASE_SHIFT              ; 0                     ; Untyped                ;
; CLK8_PHASE_SHIFT              ; 0                     ; Untyped                ;
; CLK7_PHASE_SHIFT              ; 0                     ; Untyped                ;
; CLK6_PHASE_SHIFT              ; 0                     ; Untyped                ;
; CLK5_PHASE_SHIFT              ; 0                     ; Untyped                ;
; CLK4_PHASE_SHIFT              ; 0                     ; Untyped                ;
; CLK3_PHASE_SHIFT              ; 0                     ; Untyped                ;
; CLK2_PHASE_SHIFT              ; 0                     ; Untyped                ;
; CLK1_PHASE_SHIFT              ; 0                     ; Untyped                ;
; CLK0_PHASE_SHIFT              ; 0                     ; Untyped                ;
; CLK5_TIME_DELAY               ; 0                     ; Untyped                ;
; CLK4_TIME_DELAY               ; 0                     ; Untyped                ;
; CLK3_TIME_DELAY               ; 0                     ; Untyped                ;
; CLK2_TIME_DELAY               ; 0                     ; Untyped                ;
; CLK1_TIME_DELAY               ; 0                     ; Untyped                ;
; CLK0_TIME_DELAY               ; 0                     ; Untyped                ;
; CLK9_DUTY_CYCLE               ; 50                    ; Untyped                ;
; CLK8_DUTY_CYCLE               ; 50                    ; Untyped                ;
; CLK7_DUTY_CYCLE               ; 50                    ; Untyped                ;
; CLK6_DUTY_CYCLE               ; 50                    ; Untyped                ;
; CLK5_DUTY_CYCLE               ; 50                    ; Untyped                ;
; CLK4_DUTY_CYCLE               ; 50                    ; Untyped                ;
; CLK3_DUTY_CYCLE               ; 50                    ; Untyped                ;
; CLK2_DUTY_CYCLE               ; 50                    ; Untyped                ;
; CLK1_DUTY_CYCLE               ; 50                    ; Signed Integer         ;
; CLK0_DUTY_CYCLE               ; 50                    ; Signed Integer         ;
; CLK9_USE_EVEN_COUNTER_MODE    ; OFF                   ; Untyped                ;
; CLK8_USE_EVEN_COUNTER_MODE    ; OFF                   ; Untyped                ;
; CLK7_USE_EVEN_COUNTER_MODE    ; OFF                   ; Untyped                ;
; CLK6_USE_EVEN_COUNTER_MODE    ; OFF                   ; Untyped                ;
; CLK5_USE_EVEN_COUNTER_MODE    ; OFF                   ; Untyped                ;
; CLK4_USE_EVEN_COUNTER_MODE    ; OFF                   ; Untyped                ;
; CLK3_USE_EVEN_COUNTER_MODE    ; OFF                   ; Untyped                ;
; CLK2_USE_EVEN_COUNTER_MODE    ; OFF                   ; Untyped                ;
; CLK1_USE_EVEN_COUNTER_MODE    ; OFF                   ; Untyped                ;
; CLK0_USE_EVEN_COUNTER_MODE    ; OFF                   ; Untyped                ;
; CLK9_USE_EVEN_COUNTER_VALUE   ; OFF                   ; Untyped                ;
; CLK8_USE_EVEN_COUNTER_VALUE   ; OFF                   ; Untyped                ;
; CLK7_USE_EVEN_COUNTER_VALUE   ; OFF                   ; Untyped                ;
; CLK6_USE_EVEN_COUNTER_VALUE   ; OFF                   ; Untyped                ;
; CLK5_USE_EVEN_COUNTER_VALUE   ; OFF                   ; Untyped                ;
; CLK4_USE_EVEN_COUNTER_VALUE   ; OFF                   ; Untyped                ;
; CLK3_USE_EVEN_COUNTER_VALUE   ; OFF                   ; Untyped                ;
; CLK2_USE_EVEN_COUNTER_VALUE   ; OFF                   ; Untyped                ;
; CLK1_USE_EVEN_COUNTER_VALUE   ; OFF                   ; Untyped                ;
; CLK0_USE_EVEN_COUNTER_VALUE   ; OFF                   ; Untyped                ;
; LOCK_WINDOW_UI                ;  0.05                 ; Untyped                ;
; LOCK_WINDOW_UI_BITS           ; UNUSED                ; Untyped                ;
; VCO_RANGE_DETECTOR_LOW_BITS   ; UNUSED                ; Untyped                ;
; VCO_RANGE_DETECTOR_HIGH_BITS  ; UNUSED                ; Untyped                ;
; DPA_MULTIPLY_BY               ; 0                     ; Untyped                ;
; DPA_DIVIDE_BY                 ; 1                     ; Untyped                ;
; DPA_DIVIDER                   ; 0                     ; Untyped                ;
; EXTCLK3_MULTIPLY_BY           ; 1                     ; Untyped                ;
; EXTCLK2_MULTIPLY_BY           ; 1                     ; Untyped                ;
; EXTCLK1_MULTIPLY_BY           ; 1                     ; Untyped                ;
; EXTCLK0_MULTIPLY_BY           ; 1                     ; Untyped                ;
; EXTCLK3_DIVIDE_BY             ; 1                     ; Untyped                ;
; EXTCLK2_DIVIDE_BY             ; 1                     ; Untyped                ;
; EXTCLK1_DIVIDE_BY             ; 1                     ; Untyped                ;
; EXTCLK0_DIVIDE_BY             ; 1                     ; Untyped                ;
; EXTCLK3_PHASE_SHIFT           ; 0                     ; Untyped                ;
; EXTCLK2_PHASE_SHIFT           ; 0                     ; Untyped                ;
; EXTCLK1_PHASE_SHIFT           ; 0                     ; Untyped                ;
; EXTCLK0_PHASE_SHIFT           ; 0                     ; Untyped                ;
; EXTCLK3_TIME_DELAY            ; 0                     ; Untyped                ;
; EXTCLK2_TIME_DELAY            ; 0                     ; Untyped                ;
; EXTCLK1_TIME_DELAY            ; 0                     ; Untyped                ;
; EXTCLK0_TIME_DELAY            ; 0                     ; Untyped                ;
; EXTCLK3_DUTY_CYCLE            ; 50                    ; Untyped                ;
; EXTCLK2_DUTY_CYCLE            ; 50                    ; Untyped                ;
; EXTCLK1_DUTY_CYCLE            ; 50                    ; Untyped                ;
; EXTCLK0_DUTY_CYCLE            ; 50                    ; Untyped                ;
; VCO_MULTIPLY_BY               ; 0                     ; Untyped                ;
; VCO_DIVIDE_BY                 ; 0                     ; Untyped                ;
; SCLKOUT0_PHASE_SHIFT          ; 0                     ; Untyped                ;
; SCLKOUT1_PHASE_SHIFT          ; 0                     ; Untyped                ;
; VCO_MIN                       ; 0                     ; Untyped                ;
; VCO_MAX                       ; 0                     ; Untyped                ;
; VCO_CENTER                    ; 0                     ; Untyped                ;
; PFD_MIN                       ; 0                     ; Untyped                ;
; PFD_MAX                       ; 0                     ; Untyped                ;
; M_INITIAL                     ; 0                     ; Untyped                ;
; M                             ; 0                     ; Untyped                ;
; N                             ; 1                     ; Untyped                ;
; M2                            ; 1                     ; Untyped                ;
; N2                            ; 1                     ; Untyped                ;
; SS                            ; 1                     ; Untyped                ;
; C0_HIGH                       ; 0                     ; Untyped                ;
; C1_HIGH                       ; 0                     ; Untyped                ;
; C2_HIGH                       ; 0                     ; Untyped                ;
; C3_HIGH                       ; 0                     ; Untyped                ;
; C4_HIGH                       ; 0                     ; Untyped                ;
; C5_HIGH                       ; 0                     ; Untyped                ;
; C6_HIGH                       ; 0                     ; Untyped                ;
; C7_HIGH                       ; 0                     ; Untyped                ;
; C8_HIGH                       ; 0                     ; Untyped                ;
; C9_HIGH                       ; 0                     ; Untyped                ;
; C0_LOW                        ; 0                     ; Untyped                ;
; C1_LOW                        ; 0                     ; Untyped                ;
; C2_LOW                        ; 0                     ; Untyped                ;
; C3_LOW                        ; 0                     ; Untyped                ;
; C4_LOW                        ; 0                     ; Untyped                ;
; C5_LOW                        ; 0                     ; Untyped                ;
; C6_LOW                        ; 0                     ; Untyped                ;
; C7_LOW                        ; 0                     ; Untyped                ;
; C8_LOW                        ; 0                     ; Untyped                ;
; C9_LOW                        ; 0                     ; Untyped                ;
; C0_INITIAL                    ; 0                     ; Untyped                ;
; C1_INITIAL                    ; 0                     ; Untyped                ;
; C2_INITIAL                    ; 0                     ; Untyped                ;
; C3_INITIAL                    ; 0                     ; Untyped                ;
; C4_INITIAL                    ; 0                     ; Untyped                ;
; C5_INITIAL                    ; 0                     ; Untyped                ;
; C6_INITIAL                    ; 0                     ; Untyped                ;
; C7_INITIAL                    ; 0                     ; Untyped                ;
; C8_INITIAL                    ; 0                     ; Untyped                ;
; C9_INITIAL                    ; 0                     ; Untyped                ;
; C0_MODE                       ; BYPASS                ; Untyped                ;
; C1_MODE                       ; BYPASS                ; Untyped                ;
; C2_MODE                       ; BYPASS                ; Untyped                ;
; C3_MODE                       ; BYPASS                ; Untyped                ;
; C4_MODE                       ; BYPASS                ; Untyped                ;
; C5_MODE                       ; BYPASS                ; Untyped                ;
; C6_MODE                       ; BYPASS                ; Untyped                ;
; C7_MODE                       ; BYPASS                ; Untyped                ;
; C8_MODE                       ; BYPASS                ; Untyped                ;
; C9_MODE                       ; BYPASS                ; Untyped                ;
; C0_PH                         ; 0                     ; Untyped                ;
; C1_PH                         ; 0                     ; Untyped                ;
; C2_PH                         ; 0                     ; Untyped                ;
; C3_PH                         ; 0                     ; Untyped                ;
; C4_PH                         ; 0                     ; Untyped                ;
; C5_PH                         ; 0                     ; Untyped                ;
; C6_PH                         ; 0                     ; Untyped                ;
; C7_PH                         ; 0                     ; Untyped                ;
; C8_PH                         ; 0                     ; Untyped                ;
; C9_PH                         ; 0                     ; Untyped                ;
; L0_HIGH                       ; 1                     ; Untyped                ;
; L1_HIGH                       ; 1                     ; Untyped                ;
; G0_HIGH                       ; 1                     ; Untyped                ;
; G1_HIGH                       ; 1                     ; Untyped                ;
; G2_HIGH                       ; 1                     ; Untyped                ;
; G3_HIGH                       ; 1                     ; Untyped                ;
; E0_HIGH                       ; 1                     ; Untyped                ;
; E1_HIGH                       ; 1                     ; Untyped                ;
; E2_HIGH                       ; 1                     ; Untyped                ;
; E3_HIGH                       ; 1                     ; Untyped                ;
; L0_LOW                        ; 1                     ; Untyped                ;
; L1_LOW                        ; 1                     ; Untyped                ;
; G0_LOW                        ; 1                     ; Untyped                ;
; G1_LOW                        ; 1                     ; Untyped                ;
; G2_LOW                        ; 1                     ; Untyped                ;
; G3_LOW                        ; 1                     ; Untyped                ;
; E0_LOW                        ; 1                     ; Untyped                ;
; E1_LOW                        ; 1                     ; Untyped                ;
; E2_LOW                        ; 1                     ; Untyped                ;
; E3_LOW                        ; 1                     ; Untyped                ;
; L0_INITIAL                    ; 1                     ; Untyped                ;
; L1_INITIAL                    ; 1                     ; Untyped                ;
; G0_INITIAL                    ; 1                     ; Untyped                ;
; G1_INITIAL                    ; 1                     ; Untyped                ;
; G2_INITIAL                    ; 1                     ; Untyped                ;
; G3_INITIAL                    ; 1                     ; Untyped                ;
; E0_INITIAL                    ; 1                     ; Untyped                ;
; E1_INITIAL                    ; 1                     ; Untyped                ;
; E2_INITIAL                    ; 1                     ; Untyped                ;
; E3_INITIAL                    ; 1                     ; Untyped                ;
; L0_MODE                       ; BYPASS                ; Untyped                ;
; L1_MODE                       ; BYPASS                ; Untyped                ;
; G0_MODE                       ; BYPASS                ; Untyped                ;
; G1_MODE                       ; BYPASS                ; Untyped                ;
; G2_MODE                       ; BYPASS                ; Untyped                ;
; G3_MODE                       ; BYPASS                ; Untyped                ;
; E0_MODE                       ; BYPASS                ; Untyped                ;
; E1_MODE                       ; BYPASS                ; Untyped                ;
; E2_MODE                       ; BYPASS                ; Untyped                ;
; E3_MODE                       ; BYPASS                ; Untyped                ;
; L0_PH                         ; 0                     ; Untyped                ;
; L1_PH                         ; 0                     ; Untyped                ;
; G0_PH                         ; 0                     ; Untyped                ;
; G1_PH                         ; 0                     ; Untyped                ;
; G2_PH                         ; 0                     ; Untyped                ;
; G3_PH                         ; 0                     ; Untyped                ;
; E0_PH                         ; 0                     ; Untyped                ;
; E1_PH                         ; 0                     ; Untyped                ;
; E2_PH                         ; 0                     ; Untyped                ;
; E3_PH                         ; 0                     ; Untyped                ;
; M_PH                          ; 0                     ; Untyped                ;
; C1_USE_CASC_IN                ; OFF                   ; Untyped                ;
; C2_USE_CASC_IN                ; OFF                   ; Untyped                ;
; C3_USE_CASC_IN                ; OFF                   ; Untyped                ;
; C4_USE_CASC_IN                ; OFF                   ; Untyped                ;
; C5_USE_CASC_IN                ; OFF                   ; Untyped                ;
; C6_USE_CASC_IN                ; OFF                   ; Untyped                ;
; C7_USE_CASC_IN                ; OFF                   ; Untyped                ;
; C8_USE_CASC_IN                ; OFF                   ; Untyped                ;
; C9_USE_CASC_IN                ; OFF                   ; Untyped                ;
; CLK0_COUNTER                  ; G0                    ; Untyped                ;
; CLK1_COUNTER                  ; G0                    ; Untyped                ;
; CLK2_COUNTER                  ; G0                    ; Untyped                ;
; CLK3_COUNTER                  ; G0                    ; Untyped                ;
; CLK4_COUNTER                  ; G0                    ; Untyped                ;
; CLK5_COUNTER                  ; G0                    ; Untyped                ;
; CLK6_COUNTER                  ; E0                    ; Untyped                ;
; CLK7_COUNTER                  ; E1                    ; Untyped                ;
; CLK8_COUNTER                  ; E2                    ; Untyped                ;
; CLK9_COUNTER                  ; E3                    ; Untyped                ;
; L0_TIME_DELAY                 ; 0                     ; Untyped                ;
; L1_TIME_DELAY                 ; 0                     ; Untyped                ;
; G0_TIME_DELAY                 ; 0                     ; Untyped                ;
; G1_TIME_DELAY                 ; 0                     ; Untyped                ;
; G2_TIME_DELAY                 ; 0                     ; Untyped                ;
; G3_TIME_DELAY                 ; 0                     ; Untyped                ;
; E0_TIME_DELAY                 ; 0                     ; Untyped                ;
; E1_TIME_DELAY                 ; 0                     ; Untyped                ;
; E2_TIME_DELAY                 ; 0                     ; Untyped                ;
; E3_TIME_DELAY                 ; 0                     ; Untyped                ;
; M_TIME_DELAY                  ; 0                     ; Untyped                ;
; N_TIME_DELAY                  ; 0                     ; Untyped                ;
; EXTCLK3_COUNTER               ; E3                    ; Untyped                ;
; EXTCLK2_COUNTER               ; E2                    ; Untyped                ;
; EXTCLK1_COUNTER               ; E1                    ; Untyped                ;
; EXTCLK0_COUNTER               ; E0                    ; Untyped                ;
; ENABLE0_COUNTER               ; L0                    ; Untyped                ;
; ENABLE1_COUNTER               ; L0                    ; Untyped                ;
; CHARGE_PUMP_CURRENT           ; 2                     ; Untyped                ;
; LOOP_FILTER_R                 ;  1.000000             ; Untyped                ;
; LOOP_FILTER_C                 ; 5                     ; Untyped                ;
; CHARGE_PUMP_CURRENT_BITS      ; 9999                  ; Untyped                ;
; LOOP_FILTER_R_BITS            ; 9999                  ; Untyped                ;
; LOOP_FILTER_C_BITS            ; 9999                  ; Untyped                ;
; VCO_POST_SCALE                ; 0                     ; Untyped                ;
; CLK2_OUTPUT_FREQUENCY         ; 0                     ; Untyped                ;
; CLK1_OUTPUT_FREQUENCY         ; 0                     ; Untyped                ;
; CLK0_OUTPUT_FREQUENCY         ; 0                     ; Untyped                ;
; INTENDED_DEVICE_FAMILY        ; MAX 10                ; Untyped                ;
; PORT_CLKENA0                  ; PORT_UNUSED           ; Untyped                ;
; PORT_CLKENA1                  ; PORT_UNUSED           ; Untyped                ;
; PORT_CLKENA2                  ; PORT_UNUSED           ; Untyped                ;
; PORT_CLKENA3                  ; PORT_UNUSED           ; Untyped                ;
; PORT_CLKENA4                  ; PORT_UNUSED           ; Untyped                ;
; PORT_CLKENA5                  ; PORT_UNUSED           ; Untyped                ;
; PORT_EXTCLKENA0               ; PORT_CONNECTIVITY     ; Untyped                ;
; PORT_EXTCLKENA1               ; PORT_CONNECTIVITY     ; Untyped                ;
; PORT_EXTCLKENA2               ; PORT_CONNECTIVITY     ; Untyped                ;
; PORT_EXTCLKENA3               ; PORT_CONNECTIVITY     ; Untyped                ;
; PORT_EXTCLK0                  ; PORT_UNUSED           ; Untyped                ;
; PORT_EXTCLK1                  ; PORT_UNUSED           ; Untyped                ;
; PORT_EXTCLK2                  ; PORT_UNUSED           ; Untyped                ;
; PORT_EXTCLK3                  ; PORT_UNUSED           ; Untyped                ;
; PORT_CLKBAD0                  ; PORT_UNUSED           ; Untyped                ;
; PORT_CLKBAD1                  ; PORT_UNUSED           ; Untyped                ;
; PORT_CLK0                     ; PORT_USED             ; Untyped                ;
; PORT_CLK1                     ; PORT_USED             ; Untyped                ;
; PORT_CLK2                     ; PORT_UNUSED           ; Untyped                ;
; PORT_CLK3                     ; PORT_UNUSED           ; Untyped                ;
; PORT_CLK4                     ; PORT_UNUSED           ; Untyped                ;
; PORT_CLK5                     ; PORT_UNUSED           ; Untyped                ;
; PORT_CLK6                     ; PORT_UNUSED           ; Untyped                ;
; PORT_CLK7                     ; PORT_UNUSED           ; Untyped                ;
; PORT_CLK8                     ; PORT_UNUSED           ; Untyped                ;
; PORT_CLK9                     ; PORT_UNUSED           ; Untyped                ;
; PORT_SCANDATA                 ; PORT_UNUSED           ; Untyped                ;
; PORT_SCANDATAOUT              ; PORT_UNUSED           ; Untyped                ;
; PORT_SCANDONE                 ; PORT_UNUSED           ; Untyped                ;
; PORT_SCLKOUT1                 ; PORT_CONNECTIVITY     ; Untyped                ;
; PORT_SCLKOUT0                 ; PORT_CONNECTIVITY     ; Untyped                ;
; PORT_ACTIVECLOCK              ; PORT_UNUSED           ; Untyped                ;
; PORT_CLKLOSS                  ; PORT_UNUSED           ; Untyped                ;
; PORT_INCLK1                   ; PORT_UNUSED           ; Untyped                ;
; PORT_INCLK0                   ; PORT_USED             ; Untyped                ;
; PORT_FBIN                     ; PORT_UNUSED           ; Untyped                ;
; PORT_PLLENA                   ; PORT_UNUSED           ; Untyped                ;
; PORT_CLKSWITCH                ; PORT_UNUSED           ; Untyped                ;
; PORT_ARESET                   ; PORT_USED             ; Untyped                ;
; PORT_PFDENA                   ; PORT_UNUSED           ; Untyped                ;
; PORT_SCANCLK                  ; PORT_UNUSED           ; Untyped                ;
; PORT_SCANACLR                 ; PORT_UNUSED           ; Untyped                ;
; PORT_SCANREAD                 ; PORT_UNUSED           ; Untyped                ;
; PORT_SCANWRITE                ; PORT_UNUSED           ; Untyped                ;
; PORT_ENABLE0                  ; PORT_CONNECTIVITY     ; Untyped                ;
; PORT_ENABLE1                  ; PORT_CONNECTIVITY     ; Untyped                ;
; PORT_LOCKED                   ; PORT_USED             ; Untyped                ;
; PORT_CONFIGUPDATE             ; PORT_UNUSED           ; Untyped                ;
; PORT_FBOUT                    ; PORT_CONNECTIVITY     ; Untyped                ;
; PORT_PHASEDONE                ; PORT_UNUSED           ; Untyped                ;
; PORT_PHASESTEP                ; PORT_UNUSED           ; Untyped                ;
; PORT_PHASEUPDOWN              ; PORT_UNUSED           ; Untyped                ;
; PORT_SCANCLKENA               ; PORT_UNUSED           ; Untyped                ;
; PORT_PHASECOUNTERSELECT       ; PORT_UNUSED           ; Untyped                ;
; PORT_VCOOVERRANGE             ; PORT_CONNECTIVITY     ; Untyped                ;
; PORT_VCOUNDERRANGE            ; PORT_CONNECTIVITY     ; Untyped                ;
; M_TEST_SOURCE                 ; 5                     ; Untyped                ;
; C0_TEST_SOURCE                ; 5                     ; Untyped                ;
; C1_TEST_SOURCE                ; 5                     ; Untyped                ;
; C2_TEST_SOURCE                ; 5                     ; Untyped                ;
; C3_TEST_SOURCE                ; 5                     ; Untyped                ;
; C4_TEST_SOURCE                ; 5                     ; Untyped                ;
; C5_TEST_SOURCE                ; 5                     ; Untyped                ;
; C6_TEST_SOURCE                ; 5                     ; Untyped                ;
; C7_TEST_SOURCE                ; 5                     ; Untyped                ;
; C8_TEST_SOURCE                ; 5                     ; Untyped                ;
; C9_TEST_SOURCE                ; 5                     ; Untyped                ;
; CBXI_PARAMETER                ; pll_altpll            ; Untyped                ;
; VCO_FREQUENCY_CONTROL         ; AUTO                  ; Untyped                ;
; VCO_PHASE_SHIFT_STEP          ; 0                     ; Untyped                ;
; WIDTH_CLOCK                   ; 5                     ; Signed Integer         ;
; WIDTH_PHASECOUNTERSELECT      ; 4                     ; Untyped                ;
; USING_FBMIMICBIDIR_PORT       ; OFF                   ; Untyped                ;
; DEVICE_FAMILY                 ; MAX 10                ; Untyped                ;
; SCAN_CHAIN_MIF_FILE           ; UNUSED                ; Untyped                ;
; SIM_GATE_LOCK_DEVICE_BEHAVIOR ; OFF                   ; Untyped                ;
; AUTO_CARRY_CHAINS             ; ON                    ; AUTO_CARRY             ;
; IGNORE_CARRY_BUFFERS          ; OFF                   ; IGNORE_CARRY           ;
; AUTO_CASCADE_CHAINS           ; ON                    ; AUTO_CASCADE           ;
; IGNORE_CASCADE_BUFFERS        ; OFF                   ; IGNORE_CASCADE         ;
+-------------------------------+-----------------------+------------------------+
Note: In order to hide this table in the UI and the text report file, please set the "Show Parameter Settings in Synthesis Report" option in "Analysis and Synthesis Settings -> More Settings" to "Off".


+-------------------------------------------------------------------------------------------------------+
; Parameter Settings for Inferred Entity Instance: decode:DECODE|registers:R|altsyncram:ram_block_rtl_0 ;
+------------------------------------+----------------------------------------+-------------------------+
; Parameter Name                     ; Value                                  ; Type                    ;
+------------------------------------+----------------------------------------+-------------------------+
; BYTE_SIZE_BLOCK                    ; 8                                      ; Untyped                 ;
; AUTO_CARRY_CHAINS                  ; ON                                     ; AUTO_CARRY              ;
; IGNORE_CARRY_BUFFERS               ; OFF                                    ; IGNORE_CARRY            ;
; AUTO_CASCADE_CHAINS                ; ON                                     ; AUTO_CASCADE            ;
; IGNORE_CASCADE_BUFFERS             ; OFF                                    ; IGNORE_CASCADE          ;
; WIDTH_BYTEENA                      ; 1                                      ; Untyped                 ;
; OPERATION_MODE                     ; DUAL_PORT                              ; Untyped                 ;
; WIDTH_A                            ; 32                                     ; Untyped                 ;
; WIDTHAD_A                          ; 5                                      ; Untyped                 ;
; NUMWORDS_A                         ; 32                                     ; Untyped                 ;
; OUTDATA_REG_A                      ; UNREGISTERED                           ; Untyped                 ;
; ADDRESS_ACLR_A                     ; NONE                                   ; Untyped                 ;
; OUTDATA_ACLR_A                     ; NONE                                   ; Untyped                 ;
; WRCONTROL_ACLR_A                   ; NONE                                   ; Untyped                 ;
; INDATA_ACLR_A                      ; NONE                                   ; Untyped                 ;
; BYTEENA_ACLR_A                     ; NONE                                   ; Untyped                 ;
; WIDTH_B                            ; 32                                     ; Untyped                 ;
; WIDTHAD_B                          ; 5                                      ; Untyped                 ;
; NUMWORDS_B                         ; 32                                     ; Untyped                 ;
; INDATA_REG_B                       ; CLOCK1                                 ; Untyped                 ;
; WRCONTROL_WRADDRESS_REG_B          ; CLOCK1                                 ; Untyped                 ;
; RDCONTROL_REG_B                    ; CLOCK1                                 ; Untyped                 ;
; ADDRESS_REG_B                      ; CLOCK0                                 ; Untyped                 ;
; OUTDATA_REG_B                      ; UNREGISTERED                           ; Untyped                 ;
; BYTEENA_REG_B                      ; CLOCK1                                 ; Untyped                 ;
; INDATA_ACLR_B                      ; NONE                                   ; Untyped                 ;
; WRCONTROL_ACLR_B                   ; NONE                                   ; Untyped                 ;
; ADDRESS_ACLR_B                     ; NONE                                   ; Untyped                 ;
; OUTDATA_ACLR_B                     ; NONE                                   ; Untyped                 ;
; RDCONTROL_ACLR_B                   ; NONE                                   ; Untyped                 ;
; BYTEENA_ACLR_B                     ; NONE                                   ; Untyped                 ;
; WIDTH_BYTEENA_A                    ; 1                                      ; Untyped                 ;
; WIDTH_BYTEENA_B                    ; 1                                      ; Untyped                 ;
; RAM_BLOCK_TYPE                     ; AUTO                                   ; Untyped                 ;
; BYTE_SIZE                          ; 8                                      ; Untyped                 ;
; READ_DURING_WRITE_MODE_MIXED_PORTS ; DONT_CARE                              ; Untyped                 ;
; READ_DURING_WRITE_MODE_PORT_A      ; NEW_DATA_NO_NBE_READ                   ; Untyped                 ;
; READ_DURING_WRITE_MODE_PORT_B      ; NEW_DATA_NO_NBE_READ                   ; Untyped                 ;
; INIT_FILE                          ; db/DLX.ram0_registers_6989617c.hdl.mif ; Untyped                 ;
; INIT_FILE_LAYOUT                   ; PORT_A                                 ; Untyped                 ;
; MAXIMUM_DEPTH                      ; 0                                      ; Untyped                 ;
; CLOCK_ENABLE_INPUT_A               ; NORMAL                                 ; Untyped                 ;
; CLOCK_ENABLE_INPUT_B               ; NORMAL                                 ; Untyped                 ;
; CLOCK_ENABLE_OUTPUT_A              ; NORMAL                                 ; Untyped                 ;
; CLOCK_ENABLE_OUTPUT_B              ; NORMAL                                 ; Untyped                 ;
; CLOCK_ENABLE_CORE_A                ; USE_INPUT_CLKEN                        ; Untyped                 ;
; CLOCK_ENABLE_CORE_B                ; USE_INPUT_CLKEN                        ; Untyped                 ;
; ENABLE_ECC                         ; FALSE                                  ; Untyped                 ;
; ECC_PIPELINE_STAGE_ENABLED         ; FALSE                                  ; Untyped                 ;
; WIDTH_ECCSTATUS                    ; 3                                      ; Untyped                 ;
; DEVICE_FAMILY                      ; MAX 10                                 ; Untyped                 ;
; CBXI_PARAMETER                     ; altsyncram_23g1                        ; Untyped                 ;
+------------------------------------+----------------------------------------+-------------------------+
Note: In order to hide this table in the UI and the text report file, please set the "Show Parameter Settings in Synthesis Report" option in "Analysis and Synthesis Settings -> More Settings" to "Off".


+-------------------------------------------------------------------------------------------------------+
; Parameter Settings for Inferred Entity Instance: decode:DECODE|registers:R|altsyncram:ram_block_rtl_1 ;
+------------------------------------+----------------------------------------+-------------------------+
; Parameter Name                     ; Value                                  ; Type                    ;
+------------------------------------+----------------------------------------+-------------------------+
; BYTE_SIZE_BLOCK                    ; 8                                      ; Untyped                 ;
; AUTO_CARRY_CHAINS                  ; ON                                     ; AUTO_CARRY              ;
; IGNORE_CARRY_BUFFERS               ; OFF                                    ; IGNORE_CARRY            ;
; AUTO_CASCADE_CHAINS                ; ON                                     ; AUTO_CASCADE            ;
; IGNORE_CASCADE_BUFFERS             ; OFF                                    ; IGNORE_CASCADE          ;
; WIDTH_BYTEENA                      ; 1                                      ; Untyped                 ;
; OPERATION_MODE                     ; DUAL_PORT                              ; Untyped                 ;
; WIDTH_A                            ; 32                                     ; Untyped                 ;
; WIDTHAD_A                          ; 5                                      ; Untyped                 ;
; NUMWORDS_A                         ; 32                                     ; Untyped                 ;
; OUTDATA_REG_A                      ; UNREGISTERED                           ; Untyped                 ;
; ADDRESS_ACLR_A                     ; NONE                                   ; Untyped                 ;
; OUTDATA_ACLR_A                     ; NONE                                   ; Untyped                 ;
; WRCONTROL_ACLR_A                   ; NONE                                   ; Untyped                 ;
; INDATA_ACLR_A                      ; NONE                                   ; Untyped                 ;
; BYTEENA_ACLR_A                     ; NONE                                   ; Untyped                 ;
; WIDTH_B                            ; 32                                     ; Untyped                 ;
; WIDTHAD_B                          ; 5                                      ; Untyped                 ;
; NUMWORDS_B                         ; 32                                     ; Untyped                 ;
; INDATA_REG_B                       ; CLOCK1                                 ; Untyped                 ;
; WRCONTROL_WRADDRESS_REG_B          ; CLOCK1                                 ; Untyped                 ;
; RDCONTROL_REG_B                    ; CLOCK1                                 ; Untyped                 ;
; ADDRESS_REG_B                      ; CLOCK0                                 ; Untyped                 ;
; OUTDATA_REG_B                      ; UNREGISTERED                           ; Untyped                 ;
; BYTEENA_REG_B                      ; CLOCK1                                 ; Untyped                 ;
; INDATA_ACLR_B                      ; NONE                                   ; Untyped                 ;
; WRCONTROL_ACLR_B                   ; NONE                                   ; Untyped                 ;
; ADDRESS_ACLR_B                     ; NONE                                   ; Untyped                 ;
; OUTDATA_ACLR_B                     ; NONE                                   ; Untyped                 ;
; RDCONTROL_ACLR_B                   ; NONE                                   ; Untyped                 ;
; BYTEENA_ACLR_B                     ; NONE                                   ; Untyped                 ;
; WIDTH_BYTEENA_A                    ; 1                                      ; Untyped                 ;
; WIDTH_BYTEENA_B                    ; 1                                      ; Untyped                 ;
; RAM_BLOCK_TYPE                     ; AUTO                                   ; Untyped                 ;
; BYTE_SIZE                          ; 8                                      ; Untyped                 ;
; READ_DURING_WRITE_MODE_MIXED_PORTS ; DONT_CARE                              ; Untyped                 ;
; READ_DURING_WRITE_MODE_PORT_A      ; NEW_DATA_NO_NBE_READ                   ; Untyped                 ;
; READ_DURING_WRITE_MODE_PORT_B      ; NEW_DATA_NO_NBE_READ                   ; Untyped                 ;
; INIT_FILE                          ; db/DLX.ram0_registers_6989617c.hdl.mif ; Untyped                 ;
; INIT_FILE_LAYOUT                   ; PORT_A                                 ; Untyped                 ;
; MAXIMUM_DEPTH                      ; 0                                      ; Untyped                 ;
; CLOCK_ENABLE_INPUT_A               ; NORMAL                                 ; Untyped                 ;
; CLOCK_ENABLE_INPUT_B               ; NORMAL                                 ; Untyped                 ;
; CLOCK_ENABLE_OUTPUT_A              ; NORMAL                                 ; Untyped                 ;
; CLOCK_ENABLE_OUTPUT_B              ; NORMAL                                 ; Untyped                 ;
; CLOCK_ENABLE_CORE_A                ; USE_INPUT_CLKEN                        ; Untyped                 ;
; CLOCK_ENABLE_CORE_B                ; USE_INPUT_CLKEN                        ; Untyped                 ;
; ENABLE_ECC                         ; FALSE                                  ; Untyped                 ;
; ECC_PIPELINE_STAGE_ENABLED         ; FALSE                                  ; Untyped                 ;
; WIDTH_ECCSTATUS                    ; 3                                      ; Untyped                 ;
; DEVICE_FAMILY                      ; MAX 10                                 ; Untyped                 ;
; CBXI_PARAMETER                     ; altsyncram_23g1                        ; Untyped                 ;
+------------------------------------+----------------------------------------+-------------------------+
Note: In order to hide this table in the UI and the text report file, please set the "Show Parameter Settings in Synthesis Report" option in "Analysis and Synthesis Settings -> More Settings" to "Off".


+------------------------------------------------------------------------------------------------------+
; altsyncram Parameter Settings by Entity Instance                                                     ;
+-------------------------------------------+----------------------------------------------------------+
; Name                                      ; Value                                                    ;
+-------------------------------------------+----------------------------------------------------------+
; Number of entity instances                ; 4                                                        ;
; Entity Instance                           ; fetch:FETCH|my_ROM:U1|altsyncram:altsyncram_component    ;
;     -- OPERATION_MODE                     ; ROM                                                      ;
;     -- WIDTH_A                            ; 32                                                       ;
;     -- NUMWORDS_A                         ; 1024                                                     ;
;     -- OUTDATA_REG_A                      ; UNREGISTERED                                             ;
;     -- WIDTH_B                            ; 1                                                        ;
;     -- NUMWORDS_B                         ; 0                                                        ;
;     -- ADDRESS_REG_B                      ; CLOCK1                                                   ;
;     -- OUTDATA_REG_B                      ; UNREGISTERED                                             ;
;     -- RAM_BLOCK_TYPE                     ; AUTO                                                     ;
;     -- READ_DURING_WRITE_MODE_MIXED_PORTS ; DONT_CARE                                                ;
; Entity Instance                           ; memory:MEMORY|my_ram:RAM|altsyncram:altsyncram_component ;
;     -- OPERATION_MODE                     ; SINGLE_PORT                                              ;
;     -- WIDTH_A                            ; 32                                                       ;
;     -- NUMWORDS_A                         ; 1024                                                     ;
;     -- OUTDATA_REG_A                      ; UNREGISTERED                                             ;
;     -- WIDTH_B                            ; 1                                                        ;
;     -- NUMWORDS_B                         ; 0                                                        ;
;     -- ADDRESS_REG_B                      ; CLOCK1                                                   ;
;     -- OUTDATA_REG_B                      ; UNREGISTERED                                             ;
;     -- RAM_BLOCK_TYPE                     ; AUTO                                                     ;
;     -- READ_DURING_WRITE_MODE_MIXED_PORTS ; DONT_CARE                                                ;
; Entity Instance                           ; decode:DECODE|registers:R|altsyncram:ram_block_rtl_0     ;
;     -- OPERATION_MODE                     ; DUAL_PORT                                                ;
;     -- WIDTH_A                            ; 32                                                       ;
;     -- NUMWORDS_A                         ; 32                                                       ;
;     -- OUTDATA_REG_A                      ; UNREGISTERED                                             ;
;     -- WIDTH_B                            ; 32                                                       ;
;     -- NUMWORDS_B                         ; 32                                                       ;
;     -- ADDRESS_REG_B                      ; CLOCK0                                                   ;
;     -- OUTDATA_REG_B                      ; UNREGISTERED                                             ;
;     -- RAM_BLOCK_TYPE                     ; AUTO                                                     ;
;     -- READ_DURING_WRITE_MODE_MIXED_PORTS ; DONT_CARE                                                ;
; Entity Instance                           ; decode:DECODE|registers:R|altsyncram:ram_block_rtl_1     ;
;     -- OPERATION_MODE                     ; DUAL_PORT                                                ;
;     -- WIDTH_A                            ; 32                                                       ;
;     -- NUMWORDS_A                         ; 32                                                       ;
;     -- OUTDATA_REG_A                      ; UNREGISTERED                                             ;
;     -- WIDTH_B                            ; 32                                                       ;
;     -- NUMWORDS_B                         ; 32                                                       ;
;     -- ADDRESS_REG_B                      ; CLOCK0                                                   ;
;     -- OUTDATA_REG_B                      ; UNREGISTERED                                             ;
;     -- RAM_BLOCK_TYPE                     ; AUTO                                                     ;
;     -- READ_DURING_WRITE_MODE_MIXED_PORTS ; DONT_CARE                                                ;
+-------------------------------------------+----------------------------------------------------------+


+---------------------------------------------------------------------------------------+
; scfifo Parameter Settings by Entity Instance                                          ;
+----------------------------+----------------------------------------------------------+
; Name                       ; Value                                                    ;
+----------------------------+----------------------------------------------------------+
; Number of entity instances ; 2                                                        ;
; Entity Instance            ; print_FSM:FSM|fifo_word:FIFO1|scfifo:scfifo_component    ;
;     -- FIFO Type           ; Single Clock                                             ;
;     -- lpm_width           ; 38                                                       ;
;     -- LPM_NUMWORDS        ; 256                                                      ;
;     -- LPM_SHOWAHEAD       ; OFF                                                      ;
;     -- USE_EAB             ; ON                                                       ;
; Entity Instance            ; scan_FSM:SCAN|fifo_in_buf:IN_BUF|scfifo:scfifo_component ;
;     -- FIFO Type           ; Single Clock                                             ;
;     -- lpm_width           ; 32                                                       ;
;     -- LPM_NUMWORDS        ; 256                                                      ;
;     -- LPM_SHOWAHEAD       ; OFF                                                      ;
;     -- USE_EAB             ; ON                                                       ;
+----------------------------+----------------------------------------------------------+


+------------------------------------------------------------------------------------------------------+
; dcfifo Parameter Settings by Entity Instance                                                         ;
+----------------------------+-------------------------------------------------------------------------+
; Name                       ; Value                                                                   ;
+----------------------------+-------------------------------------------------------------------------+
; Number of entity instances ; 3                                                                       ;
; Entity Instance            ; print_FSM:FSM|fifo_char:FIFO2|dcfifo:dcfifo_component                   ;
;     -- FIFO Type           ; Dual Clock                                                              ;
;     -- LPM_WIDTH           ; 8                                                                       ;
;     -- LPM_NUMWORDS        ; 256                                                                     ;
;     -- LPM_SHOWAHEAD       ; OFF                                                                     ;
;     -- USE_EAB             ; ON                                                                      ;
; Entity Instance            ; scan_FSM:SCAN|FIFO_UART_RF:UART_RF|dcfifo:dcfifo_component              ;
;     -- FIFO Type           ; Dual Clock                                                              ;
;     -- LPM_WIDTH           ; 8                                                                       ;
;     -- LPM_NUMWORDS        ; 256                                                                     ;
;     -- LPM_SHOWAHEAD       ; OFF                                                                     ;
;     -- USE_EAB             ; ON                                                                      ;
; Entity Instance            ; scan_FSM:SCAN|UARTSampler:DA_SAMPLER|my_fifo:U2|dcfifo:dcfifo_component ;
;     -- FIFO Type           ; Dual Clock                                                              ;
;     -- LPM_WIDTH           ; 1                                                                       ;
;     -- LPM_NUMWORDS        ; 8                                                                       ;
;     -- LPM_SHOWAHEAD       ; OFF                                                                     ;
;     -- USE_EAB             ; ON                                                                      ;
+----------------------------+-------------------------------------------------------------------------+


+-------------------------------------------------------------------+
; altpll Parameter Settings by Entity Instance                      ;
+-------------------------------+-----------------------------------+
; Name                          ; Value                             ;
+-------------------------------+-----------------------------------+
; Number of entity instances    ; 1                                 ;
; Entity Instance               ; pll:PLLTX|altpll:altpll_component ;
;     -- OPERATION_MODE         ; NORMAL                            ;
;     -- PLL_TYPE               ; AUTO                              ;
;     -- PRIMARY_CLOCK          ; INCLK0                            ;
;     -- INCLK0_INPUT_FREQUENCY ; 20000                             ;
;     -- INCLK1_INPUT_FREQUENCY ; 0                                 ;
;     -- VCO_MULTIPLY_BY        ; 0                                 ;
;     -- VCO_DIVIDE_BY          ; 0                                 ;
+-------------------------------+-----------------------------------+


+-----------------------------------------------------------------------------------------------------------------+
; Port Connectivity Checks: "scan_FSM:SCAN|fifo_in_buf:IN_BUF"                                                    ;
+-------+--------+----------+-------------------------------------------------------------------------------------+
; Port  ; Type   ; Severity ; Details                                                                             ;
+-------+--------+----------+-------------------------------------------------------------------------------------+
; usedw ; Output ; Info     ; Connected to dangling logic. Logic that only feeds a dangling port will be removed. ;
+-------+--------+----------+-------------------------------------------------------------------------------------+


+------------------------------------------------------------------------------------------------------------------+
; Port Connectivity Checks: "scan_FSM:SCAN|FIFO_UART_RF:UART_RF"                                                   ;
+--------+--------+----------+-------------------------------------------------------------------------------------+
; Port   ; Type   ; Severity ; Details                                                                             ;
+--------+--------+----------+-------------------------------------------------------------------------------------+
; wrfull ; Output ; Info     ; Connected to dangling logic. Logic that only feeds a dangling port will be removed. ;
+--------+--------+----------+-------------------------------------------------------------------------------------+


+-------------------------------------------------------------------------------------------------------------------------+
; Port Connectivity Checks: "print_FSM:FSM|diva_ten:DIVIDER"                                                              ;
+---------------+--------+----------+-------------------------------------------------------------------------------------+
; Port          ; Type   ; Severity ; Details                                                                             ;
+---------------+--------+----------+-------------------------------------------------------------------------------------+
; remain[31..8] ; Output ; Info     ; Connected to dangling logic. Logic that only feeds a dangling port will be removed. ;
+---------------+--------+----------+-------------------------------------------------------------------------------------+


+------------------------------------------------------------------------------------------------------------------+
; Port Connectivity Checks: "print_FSM:FSM|fifo_char:FIFO2"                                                        ;
+--------+--------+----------+-------------------------------------------------------------------------------------+
; Port   ; Type   ; Severity ; Details                                                                             ;
+--------+--------+----------+-------------------------------------------------------------------------------------+
; wrfull ; Output ; Info     ; Connected to dangling logic. Logic that only feeds a dangling port will be removed. ;
+--------+--------+----------+-------------------------------------------------------------------------------------+


+-----------------------------------------------------------------------------------------------------------------+
; Port Connectivity Checks: "print_FSM:FSM|fifo_word:FIFO1"                                                       ;
+-------+--------+----------+-------------------------------------------------------------------------------------+
; Port  ; Type   ; Severity ; Details                                                                             ;
+-------+--------+----------+-------------------------------------------------------------------------------------+
; full  ; Output ; Info     ; Connected to dangling logic. Logic that only feeds a dangling port will be removed. ;
; usedw ; Output ; Info     ; Connected to dangling logic. Logic that only feeds a dangling port will be removed. ;
+-------+--------+----------+-------------------------------------------------------------------------------------+


+-----------------------------------------------------+
; Post-Synthesis Netlist Statistics for Top Partition ;
+-----------------------+-----------------------------+
; Type                  ; Count                       ;
+-----------------------+-----------------------------+
; boundary_port         ; 99                          ;
; cycloneiii_ff         ; 1674                        ;
;     CLR               ; 487                         ;
;     CLR SCLR          ; 1                           ;
;     CLR SLD           ; 64                          ;
;     ENA               ; 201                         ;
;     ENA CLR           ; 224                         ;
;     ENA CLR SCLR      ; 128                         ;
;     ENA CLR SCLR SLD  ; 32                          ;
;     ENA CLR SLD       ; 10                          ;
;     ENA SCLR          ; 31                          ;
;     plain             ; 496                         ;
; cycloneiii_io_obuf    ; 36                          ;
; cycloneiii_lcell_comb ; 3388                        ;
;     arith             ; 1003                        ;
;         2 data inputs ; 589                         ;
;         3 data inputs ; 414                         ;
;     normal            ; 2385                        ;
;         0 data inputs ; 3                           ;
;         1 data inputs ; 50                          ;
;         2 data inputs ; 200                         ;
;         3 data inputs ; 421                         ;
;         4 data inputs ; 1711                        ;
; cycloneiii_pll        ; 1                           ;
; cycloneiii_ram_block  ; 215                         ;
;                       ;                             ;
; Max LUT depth         ; 13.00                       ;
; Average LUT depth     ; 6.54                        ;
+-----------------------+-----------------------------+


+-------------------------------+
; Elapsed Time Per Partition    ;
+----------------+--------------+
; Partition Name ; Elapsed Time ;
+----------------+--------------+
; Top            ; 00:00:05     ;
+----------------+--------------+


+-------------------------------+
; Analysis & Synthesis Messages ;
+-------------------------------+
Info: *******************************************************************
Info: Running Quartus Prime Analysis & Synthesis
    Info: Version 24.1std.0 Build 1077 03/04/2025 SC Lite Edition
    Info: Processing started: Tue Apr 14 17:36:46 2026
Info: Command: quartus_map --read_settings_files=on --write_settings_files=off DLX -c DLX
Info (16303): Aggressive Performance optimization mode selected -- timing performance will be prioritized at the potential cost of increased logic area and compilation time
    Info (16304): Mode behavior is affected by advanced setting Fitter Effort (default for this mode is Standard Fit)
Warning (18236): Number of processors has not been specified which may cause overloading on shared machines.  Set the global assignment NUM_PARALLEL_PROCESSORS in your QSF to an appropriate value for best performance.
Info (20030): Parallel compilation is enabled and will use 14 of the 14 processors detected
Info (12021): Found 2 design units, including 1 entities, in source file dlx_lab9_tb.vhd
    Info (12022): Found design unit 1: DLX_lab9_tb-test File: C:/Users/A02395949/Documents/advanced/ECE_6740/FinalProject/DLX_lab9_tb.vhd Line: 9
    Info (12023): Found entity 1: DLX_lab9_tb File: C:/Users/A02395949/Documents/advanced/ECE_6740/FinalProject/DLX_lab9_tb.vhd Line: 6
Warning (12019): Can't analyze file -- file UART_RF.v is missing
Warning (12019): Can't analyze file -- file in_buf.v is missing
Warning (12019): Can't analyze file -- file DLX_lab8_tb.vhd is missing
Warning (12019): Can't analyze file -- file uart_recv_tb.vhd is missing
Info (12021): Found 2 design units, including 1 entities, in source file my_fifo.vhd
    Info (12022): Found design unit 1: my_fifo-SYN File: C:/Users/A02395949/Documents/advanced/ECE_6740/FinalProject/my_fifo.vhd Line: 58
    Info (12023): Found entity 1: my_fifo File: C:/Users/A02395949/Documents/advanced/ECE_6740/FinalProject/my_fifo.vhd Line: 43
Info (12021): Found 2 design units, including 1 entities, in source file pll.vhd
    Info (12022): Found design unit 1: pll-SYN File: C:/Users/A02395949/Documents/advanced/ECE_6740/FinalProject/pll.vhd Line: 55
    Info (12023): Found entity 1: pll File: C:/Users/A02395949/Documents/advanced/ECE_6740/FinalProject/pll.vhd Line: 43
Info (12021): Found 2 design units, including 1 entities, in source file uart_recv.vhd
    Info (12022): Found design unit 1: uart_recv-Behavioral File: C:/Users/A02395949/Documents/advanced/ECE_6740/FinalProject/uart_recv.vhd Line: 18
    Info (12023): Found entity 1: uart_recv File: C:/Users/A02395949/Documents/advanced/ECE_6740/FinalProject/uart_recv.vhd Line: 6
Info (12021): Found 2 design units, including 1 entities, in source file uart_trans.vhd
    Info (12022): Found design unit 1: UART_trans-Behavioral File: C:/Users/A02395949/Documents/advanced/ECE_6740/FinalProject/UART_trans.vhd Line: 20
    Info (12023): Found entity 1: UART_trans File: C:/Users/A02395949/Documents/advanced/ECE_6740/FinalProject/UART_trans.vhd Line: 6
Info (12021): Found 2 design units, including 1 entities, in source file uartsampler.vhd
    Info (12022): Found design unit 1: UARTSampler-Behavioral File: C:/Users/A02395949/Documents/advanced/ECE_6740/FinalProject/UARTSampler.vhd Line: 20
    Info (12023): Found entity 1: UARTSampler File: C:/Users/A02395949/Documents/advanced/ECE_6740/FinalProject/UARTSampler.vhd Line: 6
Warning (12019): Can't analyze file -- file Branch_guess.vhd is missing
Info (12021): Found 2 design units, including 1 entities, in source file overseer.vhd
    Info (12022): Found design unit 1: OVERSEER-BEHAVIORAL File: C:/Users/A02395949/Documents/advanced/ECE_6740/FinalProject/Overseer.vhd Line: 29
    Info (12023): Found entity 1: OVERSEER File: C:/Users/A02395949/Documents/advanced/ECE_6740/FinalProject/Overseer.vhd Line: 6
Info (12021): Found 2 design units, including 1 entities, in source file write_back.vhd
    Info (12022): Found design unit 1: write_back-Behavioral File: C:/Users/A02395949/Documents/advanced/ECE_6740/FinalProject/write_back.vhd Line: 20
    Info (12023): Found entity 1: write_back File: C:/Users/A02395949/Documents/advanced/ECE_6740/FinalProject/write_back.vhd Line: 6
Info (12021): Found 2 design units, including 1 entities, in source file memory.vhd
    Info (12022): Found design unit 1: memory-Behavioral File: C:/Users/A02395949/Documents/advanced/ECE_6740/FinalProject/memory.vhd Line: 25
    Info (12023): Found entity 1: memory File: C:/Users/A02395949/Documents/advanced/ECE_6740/FinalProject/memory.vhd Line: 6
Info (12021): Found 2 design units, including 1 entities, in source file zeros.vhd
    Info (12022): Found design unit 1: Zeros-Behavioral File: C:/Users/A02395949/Documents/advanced/ECE_6740/FinalProject/Zeros.vhd Line: 22
    Info (12023): Found entity 1: Zeros File: C:/Users/A02395949/Documents/advanced/ECE_6740/FinalProject/Zeros.vhd Line: 7
Info (12021): Found 2 design units, including 1 entities, in source file pc_mux.vhd
    Info (12022): Found design unit 1: PC_mux-behavioral File: C:/Users/A02395949/Documents/advanced/ECE_6740/FinalProject/PC_mux.vhd Line: 30
    Info (12023): Found entity 1: PC_mux File: C:/Users/A02395949/Documents/advanced/ECE_6740/FinalProject/PC_mux.vhd Line: 6
Info (12021): Found 2 design units, including 1 entities, in source file imm_mux.vhd
    Info (12022): Found design unit 1: imm_mux-behavioral File: C:/Users/A02395949/Documents/advanced/ECE_6740/FinalProject/imm_mux.vhd Line: 29
    Info (12023): Found entity 1: imm_mux File: C:/Users/A02395949/Documents/advanced/ECE_6740/FinalProject/imm_mux.vhd Line: 6
Info (12021): Found 2 design units, including 1 entities, in source file execute.vhd
    Info (12022): Found design unit 1: execute-Behavioral File: C:/Users/A02395949/Documents/advanced/ECE_6740/FinalProject/Execute.vhd Line: 36
    Info (12023): Found entity 1: execute File: C:/Users/A02395949/Documents/advanced/ECE_6740/FinalProject/Execute.vhd Line: 6
Info (12021): Found 2 design units, including 1 entities, in source file alu.vhd
    Info (12022): Found design unit 1: ALU-Behavioral File: C:/Users/A02395949/Documents/advanced/ECE_6740/FinalProject/ALU.vhd Line: 23
    Info (12023): Found entity 1: ALU File: C:/Users/A02395949/Documents/advanced/ECE_6740/FinalProject/ALU.vhd Line: 6
Info (12021): Found 2 design units, including 1 entities, in source file sign_extend.vhd
    Info (12022): Found design unit 1: sign_extend-Behavioral File: C:/Users/A02395949/Documents/advanced/ECE_6740/FinalProject/sign_extend.vhd Line: 17
    Info (12023): Found entity 1: sign_extend File: C:/Users/A02395949/Documents/advanced/ECE_6740/FinalProject/sign_extend.vhd Line: 6
Info (12021): Found 2 design units, including 1 entities, in source file registers.vhd
    Info (12022): Found design unit 1: registers-rtl File: C:/Users/A02395949/Documents/advanced/ECE_6740/FinalProject/registers.vhd Line: 19
    Info (12023): Found entity 1: registers File: C:/Users/A02395949/Documents/advanced/ECE_6740/FinalProject/registers.vhd Line: 6
Info (12021): Found 2 design units, including 0 entities, in source file opcode_package.vhd
    Info (12022): Found design unit 1: opcode_package File: C:/Users/A02395949/Documents/advanced/ECE_6740/FinalProject/OPCODE_PACKAGE.vhd Line: 5
    Info (12022): Found design unit 2: opcode_package-body File: C:/Users/A02395949/Documents/advanced/ECE_6740/FinalProject/OPCODE_PACKAGE.vhd Line: 104
Info (12021): Found 2 design units, including 1 entities, in source file fetch.vhd
    Info (12022): Found design unit 1: fetch-Behavioral File: C:/Users/A02395949/Documents/advanced/ECE_6740/FinalProject/fetch.vhd Line: 23
    Info (12023): Found entity 1: fetch File: C:/Users/A02395949/Documents/advanced/ECE_6740/FinalProject/fetch.vhd Line: 6
Info (12021): Found 2 design units, including 1 entities, in source file dlx.vhd
    Info (12022): Found design unit 1: DLX-Behavioral File: C:/Users/A02395949/Documents/advanced/ECE_6740/FinalProject/DLX.vhd Line: 25
    Info (12023): Found entity 1: DLX File: C:/Users/A02395949/Documents/advanced/ECE_6740/FinalProject/DLX.vhd Line: 6
Info (12021): Found 2 design units, including 1 entities, in source file decode.vhd
    Info (12022): Found design unit 1: decode-Behavioral File: C:/Users/A02395949/Documents/advanced/ECE_6740/FinalProject/Decode.vhd Line: 30
    Info (12023): Found entity 1: decode File: C:/Users/A02395949/Documents/advanced/ECE_6740/FinalProject/Decode.vhd Line: 6
Info (12021): Found 2 design units, including 1 entities, in source file my_rom.vhd
    Info (12022): Found design unit 1: my_rom-SYN File: C:/Users/A02395949/Documents/advanced/ECE_6740/FinalProject/my_ROM.vhd Line: 53
    Info (12023): Found entity 1: my_ROM File: C:/Users/A02395949/Documents/advanced/ECE_6740/FinalProject/my_ROM.vhd Line: 43
Info (12021): Found 2 design units, including 1 entities, in source file my_ram.vhd
    Info (12022): Found design unit 1: my_ram-SYN File: C:/Users/A02395949/Documents/advanced/ECE_6740/FinalProject/my_ram.vhd Line: 55
    Info (12023): Found entity 1: my_ram File: C:/Users/A02395949/Documents/advanced/ECE_6740/FinalProject/my_ram.vhd Line: 43
Info (12021): Found 2 design units, including 1 entities, in source file my_div.vhd
    Info (12022): Found design unit 1: my_div-SYN File: C:/Users/A02395949/Documents/advanced/ECE_6740/FinalProject/my_div.vhd Line: 55
    Info (12023): Found entity 1: my_div File: C:/Users/A02395949/Documents/advanced/ECE_6740/FinalProject/my_div.vhd Line: 43
Info (12021): Found 2 design units, including 1 entities, in source file fifo_word.vhd
    Info (12022): Found design unit 1: fifo_word-SYN File: C:/Users/A02395949/Documents/advanced/ECE_6740/FinalProject/fifo_word.vhd Line: 59
    Info (12023): Found entity 1: fifo_word File: C:/Users/A02395949/Documents/advanced/ECE_6740/FinalProject/fifo_word.vhd Line: 43
Info (12021): Found 2 design units, including 1 entities, in source file fifo_char.vhd
    Info (12022): Found design unit 1: fifo_char-SYN File: C:/Users/A02395949/Documents/advanced/ECE_6740/FinalProject/fifo_char.vhd Line: 59
    Info (12023): Found entity 1: fifo_char File: C:/Users/A02395949/Documents/advanced/ECE_6740/FinalProject/fifo_char.vhd Line: 43
Info (12021): Found 2 design units, including 1 entities, in source file diva.vhd
    Info (12022): Found design unit 1: diva-SYN File: C:/Users/A02395949/Documents/advanced/ECE_6740/FinalProject/diva.vhd Line: 55
    Info (12023): Found entity 1: diva File: C:/Users/A02395949/Documents/advanced/ECE_6740/FinalProject/diva.vhd Line: 43
Info (12021): Found 2 design units, including 1 entities, in source file print_fsm.vhd
    Info (12022): Found design unit 1: print_FSM-Behavioral File: C:/Users/A02395949/Documents/advanced/ECE_6740/FinalProject/print_FSM.vhd Line: 26
    Info (12023): Found entity 1: print_FSM File: C:/Users/A02395949/Documents/advanced/ECE_6740/FinalProject/print_FSM.vhd Line: 9
Info (12021): Found 2 design units, including 1 entities, in source file scan_fsm.vhd
    Info (12022): Found design unit 1: scan_FSM-Behavioral File: C:/Users/A02395949/Documents/advanced/ECE_6740/FinalProject/scan_FSM.vhd Line: 26
    Info (12023): Found entity 1: scan_FSM File: C:/Users/A02395949/Documents/advanced/ECE_6740/FinalProject/scan_FSM.vhd Line: 9
Info (12021): Found 2 design units, including 1 entities, in source file fifo_uart_rf.vhd
    Info (12022): Found design unit 1: fifo_uart_rf-SYN File: C:/Users/A02395949/Documents/advanced/ECE_6740/FinalProject/FIFO_UART_RF.vhd Line: 58
    Info (12023): Found entity 1: FIFO_UART_RF File: C:/Users/A02395949/Documents/advanced/ECE_6740/FinalProject/FIFO_UART_RF.vhd Line: 43
Info (12021): Found 2 design units, including 1 entities, in source file fifo_in_buf.vhd
    Info (12022): Found design unit 1: fifo_in_buf-SYN File: C:/Users/A02395949/Documents/advanced/ECE_6740/FinalProject/fifo_in_buf.vhd Line: 58
    Info (12023): Found entity 1: fifo_in_buf File: C:/Users/A02395949/Documents/advanced/ECE_6740/FinalProject/fifo_in_buf.vhd Line: 43
Info (12021): Found 2 design units, including 1 entities, in source file timer.vhd
    Info (12022): Found design unit 1: Timer-Behavioral File: C:/Users/A02395949/Documents/advanced/ECE_6740/FinalProject/Timer.vhd Line: 22
    Info (12023): Found entity 1: Timer File: C:/Users/A02395949/Documents/advanced/ECE_6740/FinalProject/Timer.vhd Line: 5
Info (12021): Found 2 design units, including 1 entities, in source file diva_ten.vhd
    Info (12022): Found design unit 1: diva_ten-Behavioral File: C:/Users/A02395949/Documents/advanced/ECE_6740/FinalProject/diva_ten.vhd Line: 17
    Info (12023): Found entity 1: diva_ten File: C:/Users/A02395949/Documents/advanced/ECE_6740/FinalProject/diva_ten.vhd Line: 7
Info (12127): Elaborating entity "DLX" for the top level hierarchy
Info (12128): Elaborating entity "fetch" for hierarchy "fetch:FETCH" File: C:/Users/A02395949/Documents/advanced/ECE_6740/FinalProject/DLX.vhd Line: 111
Info (12128): Elaborating entity "my_ROM" for hierarchy "fetch:FETCH|my_ROM:U1" File: C:/Users/A02395949/Documents/advanced/ECE_6740/FinalProject/fetch.vhd Line: 35
Info (12128): Elaborating entity "altsyncram" for hierarchy "fetch:FETCH|my_ROM:U1|altsyncram:altsyncram_component" File: C:/Users/A02395949/Documents/advanced/ECE_6740/FinalProject/my_ROM.vhd Line: 60
Info (12130): Elaborated megafunction instantiation "fetch:FETCH|my_ROM:U1|altsyncram:altsyncram_component" File: C:/Users/A02395949/Documents/advanced/ECE_6740/FinalProject/my_ROM.vhd Line: 60
Info (12133): Instantiated megafunction "fetch:FETCH|my_ROM:U1|altsyncram:altsyncram_component" with the following parameter: File: C:/Users/A02395949/Documents/advanced/ECE_6740/FinalProject/my_ROM.vhd Line: 60
    Info (12134): Parameter "address_aclr_a" = "NONE"
    Info (12134): Parameter "address_aclr_b" = "NONE"
    Info (12134): Parameter "address_reg_b" = "CLOCK1"
    Info (12134): Parameter "byte_size" = "8"
    Info (12134): Parameter "byteena_aclr_a" = "UNUSED"
    Info (12134): Parameter "byteena_aclr_b" = "NONE"
    Info (12134): Parameter "byteena_reg_b" = "CLOCK1"
    Info (12134): Parameter "clock_enable_core_a" = "USE_INPUT_CLKEN"
    Info (12134): Parameter "clock_enable_core_b" = "USE_INPUT_CLKEN"
    Info (12134): Parameter "clock_enable_input_a" = "BYPASS"
    Info (12134): Parameter "clock_enable_input_b" = "NORMAL"
    Info (12134): Parameter "clock_enable_output_a" = "BYPASS"
    Info (12134): Parameter "clock_enable_output_b" = "NORMAL"
    Info (12134): Parameter "intended_device_family" = "MAX 10"
    Info (12134): Parameter "ecc_pipeline_stage_enabled" = "FALSE"
    Info (12134): Parameter "enable_ecc" = "FALSE"
    Info (12134): Parameter "implement_in_les" = "OFF"
    Info (12134): Parameter "indata_aclr_a" = "UNUSED"
    Info (12134): Parameter "indata_aclr_b" = "NONE"
    Info (12134): Parameter "indata_reg_b" = "CLOCK1"
    Info (12134): Parameter "init_file" = "collatz_code.mif"
    Info (12134): Parameter "init_file_layout" = "PORT_A"
    Info (12134): Parameter "maximum_depth" = "0"
    Info (12134): Parameter "numwords_a" = "1024"
    Info (12134): Parameter "numwords_b" = "0"
    Info (12134): Parameter "operation_mode" = "ROM"
    Info (12134): Parameter "outdata_aclr_a" = "NONE"
    Info (12134): Parameter "outdata_aclr_b" = "NONE"
    Info (12134): Parameter "outdata_reg_a" = "UNREGISTERED"
    Info (12134): Parameter "outdata_reg_b" = "UNREGISTERED"
    Info (12134): Parameter "power_up_uninitialized" = "FALSE"
    Info (12134): Parameter "ram_block_type" = "AUTO"
    Info (12134): Parameter "rdcontrol_aclr_b" = "NONE"
    Info (12134): Parameter "rdcontrol_reg_b" = "CLOCK1"
    Info (12134): Parameter "read_during_write_mode_mixed_ports" = "DONT_CARE"
    Info (12134): Parameter "read_during_write_mode_port_a" = "NEW_DATA_NO_NBE_READ"
    Info (12134): Parameter "read_during_write_mode_port_b" = "NEW_DATA_NO_NBE_READ"
    Info (12134): Parameter "stratixiv_m144k_allow_dual_clocks" = "ON"
    Info (12134): Parameter "width_a" = "32"
    Info (12134): Parameter "width_b" = "1"
    Info (12134): Parameter "width_byteena_a" = "1"
    Info (12134): Parameter "width_byteena_b" = "1"
    Info (12134): Parameter "width_eccstatus" = "3"
    Info (12134): Parameter "widthad_a" = "10"
    Info (12134): Parameter "widthad_b" = "1"
    Info (12134): Parameter "wrcontrol_aclr_a" = "UNUSED"
    Info (12134): Parameter "wrcontrol_aclr_b" = "NONE"
    Info (12134): Parameter "wrcontrol_wraddress_reg_b" = "CLOCK1"
    Info (12134): Parameter "lpm_hint" = "ENABLE_RUNTIME_MOD=NO"
    Info (12134): Parameter "lpm_type" = "altsyncram"
Info (12021): Found 1 design units, including 1 entities, in source file db/altsyncram_hvr3.tdf
    Info (12023): Found entity 1: altsyncram_hvr3 File: C:/Users/A02395949/Documents/advanced/ECE_6740/FinalProject/db/altsyncram_hvr3.tdf Line: 28
Info (12128): Elaborating entity "altsyncram_hvr3" for hierarchy "fetch:FETCH|my_ROM:U1|altsyncram:altsyncram_component|altsyncram_hvr3:auto_generated" File: c:/intelfpga/20.1/quartus/libraries/megafunctions/altsyncram.tdf Line: 792
Info (12128): Elaborating entity "decode" for hierarchy "decode:DECODE" File: C:/Users/A02395949/Documents/advanced/ECE_6740/FinalProject/DLX.vhd Line: 124
Info (12128): Elaborating entity "registers" for hierarchy "decode:DECODE|registers:R" File: C:/Users/A02395949/Documents/advanced/ECE_6740/FinalProject/Decode.vhd Line: 38
Info (12128): Elaborating entity "sign_extend" for hierarchy "decode:DECODE|sign_extend:SE" File: C:/Users/A02395949/Documents/advanced/ECE_6740/FinalProject/Decode.vhd Line: 51
Info (12128): Elaborating entity "execute" for hierarchy "execute:EXECUTE" File: C:/Users/A02395949/Documents/advanced/ECE_6740/FinalProject/DLX.vhd Line: 142
Info (12128): Elaborating entity "PC_mux" for hierarchy "execute:EXECUTE|PC_mux:MUX1" File: C:/Users/A02395949/Documents/advanced/ECE_6740/FinalProject/Execute.vhd Line: 48
Info (12128): Elaborating entity "imm_mux" for hierarchy "execute:EXECUTE|imm_mux:MUX2" File: C:/Users/A02395949/Documents/advanced/ECE_6740/FinalProject/Execute.vhd Line: 65
Info (12128): Elaborating entity "Zeros" for hierarchy "execute:EXECUTE|Zeros:ZEROS" File: C:/Users/A02395949/Documents/advanced/ECE_6740/FinalProject/Execute.vhd Line: 81
Info (12128): Elaborating entity "ALU" for hierarchy "execute:EXECUTE|ALU:ALU" File: C:/Users/A02395949/Documents/advanced/ECE_6740/FinalProject/Execute.vhd Line: 93
Info (12128): Elaborating entity "memory" for hierarchy "memory:MEMORY" File: C:/Users/A02395949/Documents/advanced/ECE_6740/FinalProject/DLX.vhd Line: 166
Warning (10036): Verilog HDL or VHDL warning at memory.vhd(27): object "ram_we_2" assigned a value but never read File: C:/Users/A02395949/Documents/advanced/ECE_6740/FinalProject/memory.vhd Line: 27
Info (12128): Elaborating entity "my_ram" for hierarchy "memory:MEMORY|my_ram:RAM" File: C:/Users/A02395949/Documents/advanced/ECE_6740/FinalProject/memory.vhd Line: 40
Info (12128): Elaborating entity "altsyncram" for hierarchy "memory:MEMORY|my_ram:RAM|altsyncram:altsyncram_component" File: C:/Users/A02395949/Documents/advanced/ECE_6740/FinalProject/my_ram.vhd Line: 62
Info (12130): Elaborated megafunction instantiation "memory:MEMORY|my_ram:RAM|altsyncram:altsyncram_component" File: C:/Users/A02395949/Documents/advanced/ECE_6740/FinalProject/my_ram.vhd Line: 62
Info (12133): Instantiated megafunction "memory:MEMORY|my_ram:RAM|altsyncram:altsyncram_component" with the following parameter: File: C:/Users/A02395949/Documents/advanced/ECE_6740/FinalProject/my_ram.vhd Line: 62
    Info (12134): Parameter "address_aclr_a" = "UNUSED"
    Info (12134): Parameter "address_aclr_b" = "NONE"
    Info (12134): Parameter "address_reg_b" = "CLOCK1"
    Info (12134): Parameter "byte_size" = "8"
    Info (12134): Parameter "byteena_aclr_a" = "UNUSED"
    Info (12134): Parameter "byteena_aclr_b" = "NONE"
    Info (12134): Parameter "byteena_reg_b" = "CLOCK1"
    Info (12134): Parameter "clock_enable_core_a" = "USE_INPUT_CLKEN"
    Info (12134): Parameter "clock_enable_core_b" = "USE_INPUT_CLKEN"
    Info (12134): Parameter "clock_enable_input_a" = "BYPASS"
    Info (12134): Parameter "clock_enable_input_b" = "NORMAL"
    Info (12134): Parameter "clock_enable_output_a" = "BYPASS"
    Info (12134): Parameter "clock_enable_output_b" = "NORMAL"
    Info (12134): Parameter "intended_device_family" = "MAX 10"
    Info (12134): Parameter "ecc_pipeline_stage_enabled" = "FALSE"
    Info (12134): Parameter "enable_ecc" = "FALSE"
    Info (12134): Parameter "implement_in_les" = "OFF"
    Info (12134): Parameter "indata_aclr_a" = "UNUSED"
    Info (12134): Parameter "indata_aclr_b" = "NONE"
    Info (12134): Parameter "indata_reg_b" = "CLOCK1"
    Info (12134): Parameter "init_file" = "collatz_data.mif"
    Info (12134): Parameter "init_file_layout" = "PORT_A"
    Info (12134): Parameter "maximum_depth" = "0"
    Info (12134): Parameter "numwords_a" = "1024"
    Info (12134): Parameter "numwords_b" = "0"
    Info (12134): Parameter "operation_mode" = "SINGLE_PORT"
    Info (12134): Parameter "outdata_aclr_a" = "NONE"
    Info (12134): Parameter "outdata_aclr_b" = "NONE"
    Info (12134): Parameter "outdata_reg_a" = "UNREGISTERED"
    Info (12134): Parameter "outdata_reg_b" = "UNREGISTERED"
    Info (12134): Parameter "power_up_uninitialized" = "FALSE"
    Info (12134): Parameter "ram_block_type" = "AUTO"
    Info (12134): Parameter "rdcontrol_aclr_b" = "NONE"
    Info (12134): Parameter "rdcontrol_reg_b" = "CLOCK1"
    Info (12134): Parameter "read_during_write_mode_mixed_ports" = "DONT_CARE"
    Info (12134): Parameter "read_during_write_mode_port_a" = "NEW_DATA_NO_NBE_READ"
    Info (12134): Parameter "read_during_write_mode_port_b" = "NEW_DATA_NO_NBE_READ"
    Info (12134): Parameter "stratixiv_m144k_allow_dual_clocks" = "ON"
    Info (12134): Parameter "width_a" = "32"
    Info (12134): Parameter "width_b" = "1"
    Info (12134): Parameter "width_byteena_a" = "1"
    Info (12134): Parameter "width_byteena_b" = "1"
    Info (12134): Parameter "width_eccstatus" = "3"
    Info (12134): Parameter "widthad_a" = "10"
    Info (12134): Parameter "widthad_b" = "1"
    Info (12134): Parameter "wrcontrol_aclr_a" = "UNUSED"
    Info (12134): Parameter "wrcontrol_aclr_b" = "NONE"
    Info (12134): Parameter "wrcontrol_wraddress_reg_b" = "CLOCK1"
    Info (12134): Parameter "lpm_hint" = "ENABLE_RUNTIME_MOD=NO"
    Info (12134): Parameter "lpm_type" = "altsyncram"
Info (12021): Found 1 design units, including 1 entities, in source file db/altsyncram_63s3.tdf
    Info (12023): Found entity 1: altsyncram_63s3 File: C:/Users/A02395949/Documents/advanced/ECE_6740/FinalProject/db/altsyncram_63s3.tdf Line: 28
Info (12128): Elaborating entity "altsyncram_63s3" for hierarchy "memory:MEMORY|my_ram:RAM|altsyncram:altsyncram_component|altsyncram_63s3:auto_generated" File: c:/intelfpga/20.1/quartus/libraries/megafunctions/altsyncram.tdf Line: 792
Info (12128): Elaborating entity "write_back" for hierarchy "write_back:WB" File: C:/Users/A02395949/Documents/advanced/ECE_6740/FinalProject/DLX.vhd Line: 180
Info (12128): Elaborating entity "OVERSEER" for hierarchy "OVERSEER:OOO" File: C:/Users/A02395949/Documents/advanced/ECE_6740/FinalProject/DLX.vhd Line: 192
Info (12128): Elaborating entity "print_FSM" for hierarchy "print_FSM:FSM" File: C:/Users/A02395949/Documents/advanced/ECE_6740/FinalProject/DLX.vhd Line: 214
Warning (10036): Verilog HDL or VHDL warning at print_FSM.vhd(54): object "full_word" assigned a value but never read File: C:/Users/A02395949/Documents/advanced/ECE_6740/FinalProject/print_FSM.vhd Line: 54
Warning (10036): Verilog HDL or VHDL warning at print_FSM.vhd(55): object "usedw_word" assigned a value but never read File: C:/Users/A02395949/Documents/advanced/ECE_6740/FinalProject/print_FSM.vhd Line: 55
Warning (10036): Verilog HDL or VHDL warning at print_FSM.vhd(65): object "wrfull_char" assigned a value but never read File: C:/Users/A02395949/Documents/advanced/ECE_6740/FinalProject/print_FSM.vhd Line: 65
Info (12128): Elaborating entity "fifo_word" for hierarchy "print_FSM:FSM|fifo_word:FIFO1" File: C:/Users/A02395949/Documents/advanced/ECE_6740/FinalProject/print_FSM.vhd Line: 85
Info (12128): Elaborating entity "scfifo" for hierarchy "print_FSM:FSM|fifo_word:FIFO1|scfifo:scfifo_component" File: C:/Users/A02395949/Documents/advanced/ECE_6740/FinalProject/fifo_word.vhd Line: 103
Info (12130): Elaborated megafunction instantiation "print_FSM:FSM|fifo_word:FIFO1|scfifo:scfifo_component" File: C:/Users/A02395949/Documents/advanced/ECE_6740/FinalProject/fifo_word.vhd Line: 103
Info (12133): Instantiated megafunction "print_FSM:FSM|fifo_word:FIFO1|scfifo:scfifo_component" with the following parameter: File: C:/Users/A02395949/Documents/advanced/ECE_6740/FinalProject/fifo_word.vhd Line: 103
    Info (12134): Parameter "add_ram_output_register" = "OFF"
    Info (12134): Parameter "almost_full_value" = "254"
    Info (12134): Parameter "intended_device_family" = "MAX 10"
    Info (12134): Parameter "lpm_numwords" = "256"
    Info (12134): Parameter "lpm_showahead" = "OFF"
    Info (12134): Parameter "lpm_type" = "scfifo"
    Info (12134): Parameter "lpm_width" = "38"
    Info (12134): Parameter "lpm_widthu" = "8"
    Info (12134): Parameter "overflow_checking" = "ON"
    Info (12134): Parameter "underflow_checking" = "ON"
    Info (12134): Parameter "use_eab" = "ON"
Info (12021): Found 1 design units, including 1 entities, in source file db/scfifo_4k51.tdf
    Info (12023): Found entity 1: scfifo_4k51 File: C:/Users/A02395949/Documents/advanced/ECE_6740/FinalProject/db/scfifo_4k51.tdf Line: 25
Info (12128): Elaborating entity "scfifo_4k51" for hierarchy "print_FSM:FSM|fifo_word:FIFO1|scfifo:scfifo_component|scfifo_4k51:auto_generated" File: c:/intelfpga/20.1/quartus/libraries/megafunctions/scfifo.tdf Line: 300
Info (12021): Found 1 design units, including 1 entities, in source file db/a_dpfifo_jj21.tdf
    Info (12023): Found entity 1: a_dpfifo_jj21 File: C:/Users/A02395949/Documents/advanced/ECE_6740/FinalProject/db/a_dpfifo_jj21.tdf Line: 29
Info (12128): Elaborating entity "a_dpfifo_jj21" for hierarchy "print_FSM:FSM|fifo_word:FIFO1|scfifo:scfifo_component|scfifo_4k51:auto_generated|a_dpfifo_jj21:dpfifo" File: C:/Users/A02395949/Documents/advanced/ECE_6740/FinalProject/db/scfifo_4k51.tdf Line: 38
Info (12021): Found 1 design units, including 1 entities, in source file db/a_fefifo_08f.tdf
    Info (12023): Found entity 1: a_fefifo_08f File: C:/Users/A02395949/Documents/advanced/ECE_6740/FinalProject/db/a_fefifo_08f.tdf Line: 25
Info (12128): Elaborating entity "a_fefifo_08f" for hierarchy "print_FSM:FSM|fifo_word:FIFO1|scfifo:scfifo_component|scfifo_4k51:auto_generated|a_dpfifo_jj21:dpfifo|a_fefifo_08f:fifo_state" File: C:/Users/A02395949/Documents/advanced/ECE_6740/FinalProject/db/a_dpfifo_jj21.tdf Line: 42
Info (12021): Found 1 design units, including 1 entities, in source file db/cntr_537.tdf
    Info (12023): Found entity 1: cntr_537 File: C:/Users/A02395949/Documents/advanced/ECE_6740/FinalProject/db/cntr_537.tdf Line: 26
Info (12128): Elaborating entity "cntr_537" for hierarchy "print_FSM:FSM|fifo_word:FIFO1|scfifo:scfifo_component|scfifo_4k51:auto_generated|a_dpfifo_jj21:dpfifo|a_fefifo_08f:fifo_state|cntr_537:count_usedw" File: C:/Users/A02395949/Documents/advanced/ECE_6740/FinalProject/db/a_fefifo_08f.tdf Line: 39
Info (12021): Found 1 design units, including 1 entities, in source file db/altsyncram_o2m1.tdf
    Info (12023): Found entity 1: altsyncram_o2m1 File: C:/Users/A02395949/Documents/advanced/ECE_6740/FinalProject/db/altsyncram_o2m1.tdf Line: 28
Info (12128): Elaborating entity "altsyncram_o2m1" for hierarchy "print_FSM:FSM|fifo_word:FIFO1|scfifo:scfifo_component|scfifo_4k51:auto_generated|a_dpfifo_jj21:dpfifo|altsyncram_o2m1:FIFOram" File: C:/Users/A02395949/Documents/advanced/ECE_6740/FinalProject/db/a_dpfifo_jj21.tdf Line: 43
Info (12021): Found 1 design units, including 1 entities, in source file db/cntr_p2b.tdf
    Info (12023): Found entity 1: cntr_p2b File: C:/Users/A02395949/Documents/advanced/ECE_6740/FinalProject/db/cntr_p2b.tdf Line: 26
Info (12128): Elaborating entity "cntr_p2b" for hierarchy "print_FSM:FSM|fifo_word:FIFO1|scfifo:scfifo_component|scfifo_4k51:auto_generated|a_dpfifo_jj21:dpfifo|cntr_p2b:rd_ptr_count" File: C:/Users/A02395949/Documents/advanced/ECE_6740/FinalProject/db/a_dpfifo_jj21.tdf Line: 44
Info (12128): Elaborating entity "fifo_char" for hierarchy "print_FSM:FSM|fifo_char:FIFO2" File: C:/Users/A02395949/Documents/advanced/ECE_6740/FinalProject/print_FSM.vhd Line: 100
Info (12128): Elaborating entity "dcfifo" for hierarchy "print_FSM:FSM|fifo_char:FIFO2|dcfifo:dcfifo_component" File: C:/Users/A02395949/Documents/advanced/ECE_6740/FinalProject/fifo_char.vhd Line: 101
Info (12130): Elaborated megafunction instantiation "print_FSM:FSM|fifo_char:FIFO2|dcfifo:dcfifo_component" File: C:/Users/A02395949/Documents/advanced/ECE_6740/FinalProject/fifo_char.vhd Line: 101
Info (12133): Instantiated megafunction "print_FSM:FSM|fifo_char:FIFO2|dcfifo:dcfifo_component" with the following parameter: File: C:/Users/A02395949/Documents/advanced/ECE_6740/FinalProject/fifo_char.vhd Line: 101
    Info (12134): Parameter "intended_device_family" = "MAX 10"
    Info (12134): Parameter "lpm_numwords" = "256"
    Info (12134): Parameter "lpm_showahead" = "OFF"
    Info (12134): Parameter "lpm_type" = "dcfifo"
    Info (12134): Parameter "lpm_width" = "8"
    Info (12134): Parameter "lpm_widthu" = "8"
    Info (12134): Parameter "overflow_checking" = "ON"
    Info (12134): Parameter "rdsync_delaypipe" = "4"
    Info (12134): Parameter "underflow_checking" = "ON"
    Info (12134): Parameter "use_eab" = "ON"
    Info (12134): Parameter "wrsync_delaypipe" = "4"
Info (12021): Found 1 design units, including 1 entities, in source file db/dcfifo_f1f1.tdf
    Info (12023): Found entity 1: dcfifo_f1f1 File: C:/Users/A02395949/Documents/advanced/ECE_6740/FinalProject/db/dcfifo_f1f1.tdf Line: 41
Info (12128): Elaborating entity "dcfifo_f1f1" for hierarchy "print_FSM:FSM|fifo_char:FIFO2|dcfifo:dcfifo_component|dcfifo_f1f1:auto_generated" File: c:/intelfpga/20.1/quartus/libraries/megafunctions/dcfifo.tdf Line: 191
Info (12021): Found 1 design units, including 1 entities, in source file db/a_gray2bin_kra.tdf
    Info (12023): Found entity 1: a_gray2bin_kra File: C:/Users/A02395949/Documents/advanced/ECE_6740/FinalProject/db/a_gray2bin_kra.tdf Line: 23
Info (12128): Elaborating entity "a_gray2bin_kra" for hierarchy "print_FSM:FSM|fifo_char:FIFO2|dcfifo:dcfifo_component|dcfifo_f1f1:auto_generated|a_gray2bin_kra:wrptr_g_gray2bin" File: C:/Users/A02395949/Documents/advanced/ECE_6740/FinalProject/db/dcfifo_f1f1.tdf Line: 54
Info (12021): Found 1 design units, including 1 entities, in source file db/a_graycounter_h26.tdf
    Info (12023): Found entity 1: a_graycounter_h26 File: C:/Users/A02395949/Documents/advanced/ECE_6740/FinalProject/db/a_graycounter_h26.tdf Line: 25
Info (12128): Elaborating entity "a_graycounter_h26" for hierarchy "print_FSM:FSM|fifo_char:FIFO2|dcfifo:dcfifo_component|dcfifo_f1f1:auto_generated|a_graycounter_h26:rdptr_g1p" File: C:/Users/A02395949/Documents/advanced/ECE_6740/FinalProject/db/dcfifo_f1f1.tdf Line: 56
Info (12021): Found 1 design units, including 1 entities, in source file db/a_graycounter_dgb.tdf
    Info (12023): Found entity 1: a_graycounter_dgb File: C:/Users/A02395949/Documents/advanced/ECE_6740/FinalProject/db/a_graycounter_dgb.tdf Line: 25
Info (12128): Elaborating entity "a_graycounter_dgb" for hierarchy "print_FSM:FSM|fifo_char:FIFO2|dcfifo:dcfifo_component|dcfifo_f1f1:auto_generated|a_graycounter_dgb:wrptr_g1p" File: C:/Users/A02395949/Documents/advanced/ECE_6740/FinalProject/db/dcfifo_f1f1.tdf Line: 57
Info (12021): Found 1 design units, including 1 entities, in source file db/altsyncram_qj31.tdf
    Info (12023): Found entity 1: altsyncram_qj31 File: C:/Users/A02395949/Documents/advanced/ECE_6740/FinalProject/db/altsyncram_qj31.tdf Line: 28
Info (12128): Elaborating entity "altsyncram_qj31" for hierarchy "print_FSM:FSM|fifo_char:FIFO2|dcfifo:dcfifo_component|dcfifo_f1f1:auto_generated|altsyncram_qj31:fifo_ram" File: C:/Users/A02395949/Documents/advanced/ECE_6740/FinalProject/db/dcfifo_f1f1.tdf Line: 58
Info (12021): Found 1 design units, including 1 entities, in source file db/alt_synch_pipe_h9l.tdf
    Info (12023): Found entity 1: alt_synch_pipe_h9l File: C:/Users/A02395949/Documents/advanced/ECE_6740/FinalProject/db/alt_synch_pipe_h9l.tdf Line: 27
Info (12128): Elaborating entity "alt_synch_pipe_h9l" for hierarchy "print_FSM:FSM|fifo_char:FIFO2|dcfifo:dcfifo_component|dcfifo_f1f1:auto_generated|alt_synch_pipe_h9l:rs_dgwp" File: C:/Users/A02395949/Documents/advanced/ECE_6740/FinalProject/db/dcfifo_f1f1.tdf Line: 65
Info (12021): Found 1 design units, including 1 entities, in source file db/dffpipe_2v8.tdf
    Info (12023): Found entity 1: dffpipe_2v8 File: C:/Users/A02395949/Documents/advanced/ECE_6740/FinalProject/db/dffpipe_2v8.tdf Line: 25
Info (12128): Elaborating entity "dffpipe_2v8" for hierarchy "print_FSM:FSM|fifo_char:FIFO2|dcfifo:dcfifo_component|dcfifo_f1f1:auto_generated|alt_synch_pipe_h9l:rs_dgwp|dffpipe_2v8:dffpipe12" File: C:/Users/A02395949/Documents/advanced/ECE_6740/FinalProject/db/alt_synch_pipe_h9l.tdf Line: 34
Info (12021): Found 1 design units, including 1 entities, in source file db/dffpipe_1v8.tdf
    Info (12023): Found entity 1: dffpipe_1v8 File: C:/Users/A02395949/Documents/advanced/ECE_6740/FinalProject/db/dffpipe_1v8.tdf Line: 25
Info (12128): Elaborating entity "dffpipe_1v8" for hierarchy "print_FSM:FSM|fifo_char:FIFO2|dcfifo:dcfifo_component|dcfifo_f1f1:auto_generated|dffpipe_1v8:ws_brp" File: C:/Users/A02395949/Documents/advanced/ECE_6740/FinalProject/db/dcfifo_f1f1.tdf Line: 66
Info (12021): Found 1 design units, including 1 entities, in source file db/alt_synch_pipe_i9l.tdf
    Info (12023): Found entity 1: alt_synch_pipe_i9l File: C:/Users/A02395949/Documents/advanced/ECE_6740/FinalProject/db/alt_synch_pipe_i9l.tdf Line: 27
Info (12128): Elaborating entity "alt_synch_pipe_i9l" for hierarchy "print_FSM:FSM|fifo_char:FIFO2|dcfifo:dcfifo_component|dcfifo_f1f1:auto_generated|alt_synch_pipe_i9l:ws_dgrp" File: C:/Users/A02395949/Documents/advanced/ECE_6740/FinalProject/db/dcfifo_f1f1.tdf Line: 68
Info (12021): Found 1 design units, including 1 entities, in source file db/dffpipe_3v8.tdf
    Info (12023): Found entity 1: dffpipe_3v8 File: C:/Users/A02395949/Documents/advanced/ECE_6740/FinalProject/db/dffpipe_3v8.tdf Line: 25
Info (12128): Elaborating entity "dffpipe_3v8" for hierarchy "print_FSM:FSM|fifo_char:FIFO2|dcfifo:dcfifo_component|dcfifo_f1f1:auto_generated|alt_synch_pipe_i9l:ws_dgrp|dffpipe_3v8:dffpipe16" File: C:/Users/A02395949/Documents/advanced/ECE_6740/FinalProject/db/alt_synch_pipe_i9l.tdf Line: 34
Info (12021): Found 1 design units, including 1 entities, in source file db/cmpr_5h5.tdf
    Info (12023): Found entity 1: cmpr_5h5 File: C:/Users/A02395949/Documents/advanced/ECE_6740/FinalProject/db/cmpr_5h5.tdf Line: 23
Info (12128): Elaborating entity "cmpr_5h5" for hierarchy "print_FSM:FSM|fifo_char:FIFO2|dcfifo:dcfifo_component|dcfifo_f1f1:auto_generated|cmpr_5h5:rdempty_eq_comp" File: C:/Users/A02395949/Documents/advanced/ECE_6740/FinalProject/db/dcfifo_f1f1.tdf Line: 72
Info (12128): Elaborating entity "diva_ten" for hierarchy "print_FSM:FSM|diva_ten:DIVIDER" File: C:/Users/A02395949/Documents/advanced/ECE_6740/FinalProject/print_FSM.vhd Line: 115
Info (12128): Elaborating entity "UART_trans" for hierarchy "print_FSM:FSM|UART_trans:U" File: C:/Users/A02395949/Documents/advanced/ECE_6740/FinalProject/print_FSM.vhd Line: 124
Info (12128): Elaborating entity "scan_FSM" for hierarchy "scan_FSM:SCAN" File: C:/Users/A02395949/Documents/advanced/ECE_6740/FinalProject/DLX.vhd Line: 230
Warning (10540): VHDL Signal Declaration warning at scan_FSM.vhd(33): used explicit default value for signal "cat1" because signal was never assigned a value File: C:/Users/A02395949/Documents/advanced/ECE_6740/FinalProject/scan_FSM.vhd Line: 33
Warning (10540): VHDL Signal Declaration warning at scan_FSM.vhd(34): used explicit default value for signal "cat2" because signal was never assigned a value File: C:/Users/A02395949/Documents/advanced/ECE_6740/FinalProject/scan_FSM.vhd Line: 34
Warning (10036): Verilog HDL or VHDL warning at scan_FSM.vhd(41): object "wrreq_uart_rf_final" assigned a value but never read File: C:/Users/A02395949/Documents/advanced/ECE_6740/FinalProject/scan_FSM.vhd Line: 41
Warning (10036): Verilog HDL or VHDL warning at scan_FSM.vhd(53): object "usedw_in_buf" assigned a value but never read File: C:/Users/A02395949/Documents/advanced/ECE_6740/FinalProject/scan_FSM.vhd Line: 53
Warning (10492): VHDL Process Statement warning at scan_FSM.vhd(178): signal "rdreq_uart_rf_old" is read inside the Process Statement but isn't in the Process Statement's sensitivity list File: C:/Users/A02395949/Documents/advanced/ECE_6740/FinalProject/scan_FSM.vhd Line: 178
Info (12128): Elaborating entity "FIFO_UART_RF" for hierarchy "scan_FSM:SCAN|FIFO_UART_RF:UART_RF" File: C:/Users/A02395949/Documents/advanced/ECE_6740/FinalProject/scan_FSM.vhd Line: 69
Info (12128): Elaborating entity "dcfifo" for hierarchy "scan_FSM:SCAN|FIFO_UART_RF:UART_RF|dcfifo:dcfifo_component" File: C:/Users/A02395949/Documents/advanced/ECE_6740/FinalProject/FIFO_UART_RF.vhd Line: 97
Info (12130): Elaborated megafunction instantiation "scan_FSM:SCAN|FIFO_UART_RF:UART_RF|dcfifo:dcfifo_component" File: C:/Users/A02395949/Documents/advanced/ECE_6740/FinalProject/FIFO_UART_RF.vhd Line: 97
Info (12133): Instantiated megafunction "scan_FSM:SCAN|FIFO_UART_RF:UART_RF|dcfifo:dcfifo_component" with the following parameter: File: C:/Users/A02395949/Documents/advanced/ECE_6740/FinalProject/FIFO_UART_RF.vhd Line: 97
    Info (12134): Parameter "intended_device_family" = "MAX 10"
    Info (12134): Parameter "lpm_numwords" = "256"
    Info (12134): Parameter "lpm_showahead" = "OFF"
    Info (12134): Parameter "lpm_type" = "dcfifo"
    Info (12134): Parameter "lpm_width" = "8"
    Info (12134): Parameter "lpm_widthu" = "8"
    Info (12134): Parameter "overflow_checking" = "ON"
    Info (12134): Parameter "rdsync_delaypipe" = "4"
    Info (12134): Parameter "underflow_checking" = "ON"
    Info (12134): Parameter "use_eab" = "ON"
    Info (12134): Parameter "wrsync_delaypipe" = "4"
Info (12021): Found 1 design units, including 1 entities, in source file db/dcfifo_u7e1.tdf
    Info (12023): Found entity 1: dcfifo_u7e1 File: C:/Users/A02395949/Documents/advanced/ECE_6740/FinalProject/db/dcfifo_u7e1.tdf Line: 37
Info (12128): Elaborating entity "dcfifo_u7e1" for hierarchy "scan_FSM:SCAN|FIFO_UART_RF:UART_RF|dcfifo:dcfifo_component|dcfifo_u7e1:auto_generated" File: c:/intelfpga/20.1/quartus/libraries/megafunctions/dcfifo.tdf Line: 191
Info (12021): Found 1 design units, including 1 entities, in source file db/alt_synch_pipe_j9l.tdf
    Info (12023): Found entity 1: alt_synch_pipe_j9l File: C:/Users/A02395949/Documents/advanced/ECE_6740/FinalProject/db/alt_synch_pipe_j9l.tdf Line: 27
Info (12128): Elaborating entity "alt_synch_pipe_j9l" for hierarchy "scan_FSM:SCAN|FIFO_UART_RF:UART_RF|dcfifo:dcfifo_component|dcfifo_u7e1:auto_generated|alt_synch_pipe_j9l:rs_dgwp" File: C:/Users/A02395949/Documents/advanced/ECE_6740/FinalProject/db/dcfifo_u7e1.tdf Line: 58
Info (12021): Found 1 design units, including 1 entities, in source file db/dffpipe_4v8.tdf
    Info (12023): Found entity 1: dffpipe_4v8 File: C:/Users/A02395949/Documents/advanced/ECE_6740/FinalProject/db/dffpipe_4v8.tdf Line: 25
Info (12128): Elaborating entity "dffpipe_4v8" for hierarchy "scan_FSM:SCAN|FIFO_UART_RF:UART_RF|dcfifo:dcfifo_component|dcfifo_u7e1:auto_generated|alt_synch_pipe_j9l:rs_dgwp|dffpipe_4v8:dffpipe5" File: C:/Users/A02395949/Documents/advanced/ECE_6740/FinalProject/db/alt_synch_pipe_j9l.tdf Line: 34
Info (12021): Found 1 design units, including 1 entities, in source file db/alt_synch_pipe_k9l.tdf
    Info (12023): Found entity 1: alt_synch_pipe_k9l File: C:/Users/A02395949/Documents/advanced/ECE_6740/FinalProject/db/alt_synch_pipe_k9l.tdf Line: 27
Info (12128): Elaborating entity "alt_synch_pipe_k9l" for hierarchy "scan_FSM:SCAN|FIFO_UART_RF:UART_RF|dcfifo:dcfifo_component|dcfifo_u7e1:auto_generated|alt_synch_pipe_k9l:ws_dgrp" File: C:/Users/A02395949/Documents/advanced/ECE_6740/FinalProject/db/dcfifo_u7e1.tdf Line: 59
Info (12021): Found 1 design units, including 1 entities, in source file db/dffpipe_5v8.tdf
    Info (12023): Found entity 1: dffpipe_5v8 File: C:/Users/A02395949/Documents/advanced/ECE_6740/FinalProject/db/dffpipe_5v8.tdf Line: 25
Info (12128): Elaborating entity "dffpipe_5v8" for hierarchy "scan_FSM:SCAN|FIFO_UART_RF:UART_RF|dcfifo:dcfifo_component|dcfifo_u7e1:auto_generated|alt_synch_pipe_k9l:ws_dgrp|dffpipe_5v8:dffpipe8" File: C:/Users/A02395949/Documents/advanced/ECE_6740/FinalProject/db/alt_synch_pipe_k9l.tdf Line: 34
Info (12128): Elaborating entity "fifo_in_buf" for hierarchy "scan_FSM:SCAN|fifo_in_buf:IN_BUF" File: C:/Users/A02395949/Documents/advanced/ECE_6740/FinalProject/scan_FSM.vhd Line: 83
Info (12128): Elaborating entity "scfifo" for hierarchy "scan_FSM:SCAN|fifo_in_buf:IN_BUF|scfifo:scfifo_component" File: C:/Users/A02395949/Documents/advanced/ECE_6740/FinalProject/fifo_in_buf.vhd Line: 98
Info (12130): Elaborated megafunction instantiation "scan_FSM:SCAN|fifo_in_buf:IN_BUF|scfifo:scfifo_component" File: C:/Users/A02395949/Documents/advanced/ECE_6740/FinalProject/fifo_in_buf.vhd Line: 98
Info (12133): Instantiated megafunction "scan_FSM:SCAN|fifo_in_buf:IN_BUF|scfifo:scfifo_component" with the following parameter: File: C:/Users/A02395949/Documents/advanced/ECE_6740/FinalProject/fifo_in_buf.vhd Line: 98
    Info (12134): Parameter "add_ram_output_register" = "OFF"
    Info (12134): Parameter "intended_device_family" = "MAX 10"
    Info (12134): Parameter "lpm_numwords" = "256"
    Info (12134): Parameter "lpm_showahead" = "OFF"
    Info (12134): Parameter "lpm_type" = "scfifo"
    Info (12134): Parameter "lpm_width" = "32"
    Info (12134): Parameter "lpm_widthu" = "8"
    Info (12134): Parameter "overflow_checking" = "ON"
    Info (12134): Parameter "underflow_checking" = "ON"
    Info (12134): Parameter "use_eab" = "ON"
Info (12021): Found 1 design units, including 1 entities, in source file db/scfifo_6d21.tdf
    Info (12023): Found entity 1: scfifo_6d21 File: C:/Users/A02395949/Documents/advanced/ECE_6740/FinalProject/db/scfifo_6d21.tdf Line: 25
Info (12128): Elaborating entity "scfifo_6d21" for hierarchy "scan_FSM:SCAN|fifo_in_buf:IN_BUF|scfifo:scfifo_component|scfifo_6d21:auto_generated" File: c:/intelfpga/20.1/quartus/libraries/megafunctions/scfifo.tdf Line: 300
Info (12021): Found 1 design units, including 1 entities, in source file db/a_dpfifo_dj21.tdf
    Info (12023): Found entity 1: a_dpfifo_dj21 File: C:/Users/A02395949/Documents/advanced/ECE_6740/FinalProject/db/a_dpfifo_dj21.tdf Line: 29
Info (12128): Elaborating entity "a_dpfifo_dj21" for hierarchy "scan_FSM:SCAN|fifo_in_buf:IN_BUF|scfifo:scfifo_component|scfifo_6d21:auto_generated|a_dpfifo_dj21:dpfifo" File: C:/Users/A02395949/Documents/advanced/ECE_6740/FinalProject/db/scfifo_6d21.tdf Line: 37
Info (12021): Found 1 design units, including 1 entities, in source file db/altsyncram_c2m1.tdf
    Info (12023): Found entity 1: altsyncram_c2m1 File: C:/Users/A02395949/Documents/advanced/ECE_6740/FinalProject/db/altsyncram_c2m1.tdf Line: 28
Info (12128): Elaborating entity "altsyncram_c2m1" for hierarchy "scan_FSM:SCAN|fifo_in_buf:IN_BUF|scfifo:scfifo_component|scfifo_6d21:auto_generated|a_dpfifo_dj21:dpfifo|altsyncram_c2m1:FIFOram" File: C:/Users/A02395949/Documents/advanced/ECE_6740/FinalProject/db/a_dpfifo_dj21.tdf Line: 43
Info (12128): Elaborating entity "uart_recv" for hierarchy "scan_FSM:SCAN|uart_recv:UART_RX" File: C:/Users/A02395949/Documents/advanced/ECE_6740/FinalProject/scan_FSM.vhd Line: 97
Warning (10492): VHDL Process Statement warning at uart_recv.vhd(62): signal "data" is read inside the Process Statement but isn't in the Process Statement's sensitivity list File: C:/Users/A02395949/Documents/advanced/ECE_6740/FinalProject/uart_recv.vhd Line: 62
Info (12128): Elaborating entity "UARTSampler" for hierarchy "scan_FSM:SCAN|UARTSampler:DA_SAMPLER" File: C:/Users/A02395949/Documents/advanced/ECE_6740/FinalProject/scan_FSM.vhd Line: 108
Warning (10492): VHDL Process Statement warning at UARTSampler.vhd(53): signal "rx" is read inside the Process Statement but isn't in the Process Statement's sensitivity list File: C:/Users/A02395949/Documents/advanced/ECE_6740/FinalProject/UARTSampler.vhd Line: 53
Warning (10492): VHDL Process Statement warning at UARTSampler.vhd(54): signal "rx1" is read inside the Process Statement but isn't in the Process Statement's sensitivity list File: C:/Users/A02395949/Documents/advanced/ECE_6740/FinalProject/UARTSampler.vhd Line: 54
Info (12128): Elaborating entity "my_fifo" for hierarchy "scan_FSM:SCAN|UARTSampler:DA_SAMPLER|my_fifo:U2" File: C:/Users/A02395949/Documents/advanced/ECE_6740/FinalProject/UARTSampler.vhd Line: 37
Info (12128): Elaborating entity "dcfifo" for hierarchy "scan_FSM:SCAN|UARTSampler:DA_SAMPLER|my_fifo:U2|dcfifo:dcfifo_component" File: C:/Users/A02395949/Documents/advanced/ECE_6740/FinalProject/my_fifo.vhd Line: 97
Info (12130): Elaborated megafunction instantiation "scan_FSM:SCAN|UARTSampler:DA_SAMPLER|my_fifo:U2|dcfifo:dcfifo_component" File: C:/Users/A02395949/Documents/advanced/ECE_6740/FinalProject/my_fifo.vhd Line: 97
Info (12133): Instantiated megafunction "scan_FSM:SCAN|UARTSampler:DA_SAMPLER|my_fifo:U2|dcfifo:dcfifo_component" with the following parameter: File: C:/Users/A02395949/Documents/advanced/ECE_6740/FinalProject/my_fifo.vhd Line: 97
    Info (12134): Parameter "intended_device_family" = "MAX 10"
    Info (12134): Parameter "lpm_numwords" = "8"
    Info (12134): Parameter "lpm_showahead" = "OFF"
    Info (12134): Parameter "lpm_type" = "dcfifo"
    Info (12134): Parameter "lpm_width" = "1"
    Info (12134): Parameter "lpm_widthu" = "3"
    Info (12134): Parameter "overflow_checking" = "ON"
    Info (12134): Parameter "rdsync_delaypipe" = "4"
    Info (12134): Parameter "underflow_checking" = "ON"
    Info (12134): Parameter "use_eab" = "ON"
    Info (12134): Parameter "wrsync_delaypipe" = "4"
Info (12021): Found 1 design units, including 1 entities, in source file db/dcfifo_14e1.tdf
    Info (12023): Found entity 1: dcfifo_14e1 File: C:/Users/A02395949/Documents/advanced/ECE_6740/FinalProject/db/dcfifo_14e1.tdf Line: 37
Info (12128): Elaborating entity "dcfifo_14e1" for hierarchy "scan_FSM:SCAN|UARTSampler:DA_SAMPLER|my_fifo:U2|dcfifo:dcfifo_component|dcfifo_14e1:auto_generated" File: c:/intelfpga/20.1/quartus/libraries/megafunctions/dcfifo.tdf Line: 191
Info (12021): Found 1 design units, including 1 entities, in source file db/a_graycounter_c26.tdf
    Info (12023): Found entity 1: a_graycounter_c26 File: C:/Users/A02395949/Documents/advanced/ECE_6740/FinalProject/db/a_graycounter_c26.tdf Line: 25
Info (12128): Elaborating entity "a_graycounter_c26" for hierarchy "scan_FSM:SCAN|UARTSampler:DA_SAMPLER|my_fifo:U2|dcfifo:dcfifo_component|dcfifo_14e1:auto_generated|a_graycounter_c26:rdptr_g1p" File: C:/Users/A02395949/Documents/advanced/ECE_6740/FinalProject/db/dcfifo_14e1.tdf Line: 49
Info (12021): Found 1 design units, including 1 entities, in source file db/a_graycounter_8gb.tdf
    Info (12023): Found entity 1: a_graycounter_8gb File: C:/Users/A02395949/Documents/advanced/ECE_6740/FinalProject/db/a_graycounter_8gb.tdf Line: 25
Info (12128): Elaborating entity "a_graycounter_8gb" for hierarchy "scan_FSM:SCAN|UARTSampler:DA_SAMPLER|my_fifo:U2|dcfifo:dcfifo_component|dcfifo_14e1:auto_generated|a_graycounter_8gb:wrptr_g1p" File: C:/Users/A02395949/Documents/advanced/ECE_6740/FinalProject/db/dcfifo_14e1.tdf Line: 50
Info (12021): Found 1 design units, including 1 entities, in source file db/altsyncram_2j31.tdf
    Info (12023): Found entity 1: altsyncram_2j31 File: C:/Users/A02395949/Documents/advanced/ECE_6740/FinalProject/db/altsyncram_2j31.tdf Line: 28
Info (12128): Elaborating entity "altsyncram_2j31" for hierarchy "scan_FSM:SCAN|UARTSampler:DA_SAMPLER|my_fifo:U2|dcfifo:dcfifo_component|dcfifo_14e1:auto_generated|altsyncram_2j31:fifo_ram" File: C:/Users/A02395949/Documents/advanced/ECE_6740/FinalProject/db/dcfifo_14e1.tdf Line: 51
Info (12021): Found 1 design units, including 1 entities, in source file db/alt_synch_pipe_c9l.tdf
    Info (12023): Found entity 1: alt_synch_pipe_c9l File: C:/Users/A02395949/Documents/advanced/ECE_6740/FinalProject/db/alt_synch_pipe_c9l.tdf Line: 27
Info (12128): Elaborating entity "alt_synch_pipe_c9l" for hierarchy "scan_FSM:SCAN|UARTSampler:DA_SAMPLER|my_fifo:U2|dcfifo:dcfifo_component|dcfifo_14e1:auto_generated|alt_synch_pipe_c9l:rs_dgwp" File: C:/Users/A02395949/Documents/advanced/ECE_6740/FinalProject/db/dcfifo_14e1.tdf Line: 58
Info (12021): Found 1 design units, including 1 entities, in source file db/dffpipe_tu8.tdf
    Info (12023): Found entity 1: dffpipe_tu8 File: C:/Users/A02395949/Documents/advanced/ECE_6740/FinalProject/db/dffpipe_tu8.tdf Line: 25
Info (12128): Elaborating entity "dffpipe_tu8" for hierarchy "scan_FSM:SCAN|UARTSampler:DA_SAMPLER|my_fifo:U2|dcfifo:dcfifo_component|dcfifo_14e1:auto_generated|alt_synch_pipe_c9l:rs_dgwp|dffpipe_tu8:dffpipe10" File: C:/Users/A02395949/Documents/advanced/ECE_6740/FinalProject/db/alt_synch_pipe_c9l.tdf Line: 34
Info (12021): Found 1 design units, including 1 entities, in source file db/alt_synch_pipe_d9l.tdf
    Info (12023): Found entity 1: alt_synch_pipe_d9l File: C:/Users/A02395949/Documents/advanced/ECE_6740/FinalProject/db/alt_synch_pipe_d9l.tdf Line: 27
Info (12128): Elaborating entity "alt_synch_pipe_d9l" for hierarchy "scan_FSM:SCAN|UARTSampler:DA_SAMPLER|my_fifo:U2|dcfifo:dcfifo_component|dcfifo_14e1:auto_generated|alt_synch_pipe_d9l:ws_dgrp" File: C:/Users/A02395949/Documents/advanced/ECE_6740/FinalProject/db/dcfifo_14e1.tdf Line: 59
Info (12021): Found 1 design units, including 1 entities, in source file db/dffpipe_uu8.tdf
    Info (12023): Found entity 1: dffpipe_uu8 File: C:/Users/A02395949/Documents/advanced/ECE_6740/FinalProject/db/dffpipe_uu8.tdf Line: 25
Info (12128): Elaborating entity "dffpipe_uu8" for hierarchy "scan_FSM:SCAN|UARTSampler:DA_SAMPLER|my_fifo:U2|dcfifo:dcfifo_component|dcfifo_14e1:auto_generated|alt_synch_pipe_d9l:ws_dgrp|dffpipe_uu8:dffpipe13" File: C:/Users/A02395949/Documents/advanced/ECE_6740/FinalProject/db/alt_synch_pipe_d9l.tdf Line: 34
Info (12021): Found 1 design units, including 1 entities, in source file db/cmpr_0h5.tdf
    Info (12023): Found entity 1: cmpr_0h5 File: C:/Users/A02395949/Documents/advanced/ECE_6740/FinalProject/db/cmpr_0h5.tdf Line: 23
Info (12128): Elaborating entity "cmpr_0h5" for hierarchy "scan_FSM:SCAN|UARTSampler:DA_SAMPLER|my_fifo:U2|dcfifo:dcfifo_component|dcfifo_14e1:auto_generated|cmpr_0h5:rdempty_eq_comp" File: C:/Users/A02395949/Documents/advanced/ECE_6740/FinalProject/db/dcfifo_14e1.tdf Line: 60
Info (12128): Elaborating entity "pll" for hierarchy "pll:PLLTX" File: C:/Users/A02395949/Documents/advanced/ECE_6740/FinalProject/DLX.vhd Line: 250
Info (12128): Elaborating entity "altpll" for hierarchy "pll:PLLTX|altpll:altpll_component" File: C:/Users/A02395949/Documents/advanced/ECE_6740/FinalProject/pll.vhd Line: 149
Info (12130): Elaborated megafunction instantiation "pll:PLLTX|altpll:altpll_component" File: C:/Users/A02395949/Documents/advanced/ECE_6740/FinalProject/pll.vhd Line: 149
Info (12133): Instantiated megafunction "pll:PLLTX|altpll:altpll_component" with the following parameter: File: C:/Users/A02395949/Documents/advanced/ECE_6740/FinalProject/pll.vhd Line: 149
    Info (12134): Parameter "bandwidth_type" = "AUTO"
    Info (12134): Parameter "clk0_divide_by" = "15625"
    Info (12134): Parameter "clk0_duty_cycle" = "50"
    Info (12134): Parameter "clk0_multiply_by" = "288"
    Info (12134): Parameter "clk0_phase_shift" = "0"
    Info (12134): Parameter "clk1_divide_by" = "15625"
    Info (12134): Parameter "clk1_duty_cycle" = "50"
    Info (12134): Parameter "clk1_multiply_by" = "36"
    Info (12134): Parameter "clk1_phase_shift" = "0"
    Info (12134): Parameter "compensate_clock" = "CLK0"
    Info (12134): Parameter "inclk0_input_frequency" = "20000"
    Info (12134): Parameter "intended_device_family" = "MAX 10"
    Info (12134): Parameter "lpm_hint" = "CBX_MODULE_PREFIX=pll"
    Info (12134): Parameter "lpm_type" = "altpll"
    Info (12134): Parameter "operation_mode" = "NORMAL"
    Info (12134): Parameter "pll_type" = "AUTO"
    Info (12134): Parameter "port_activeclock" = "PORT_UNUSED"
    Info (12134): Parameter "port_areset" = "PORT_USED"
    Info (12134): Parameter "port_clkbad0" = "PORT_UNUSED"
    Info (12134): Parameter "port_clkbad1" = "PORT_UNUSED"
    Info (12134): Parameter "port_clkloss" = "PORT_UNUSED"
    Info (12134): Parameter "port_clkswitch" = "PORT_UNUSED"
    Info (12134): Parameter "port_configupdate" = "PORT_UNUSED"
    Info (12134): Parameter "port_fbin" = "PORT_UNUSED"
    Info (12134): Parameter "port_inclk0" = "PORT_USED"
    Info (12134): Parameter "port_inclk1" = "PORT_UNUSED"
    Info (12134): Parameter "port_locked" = "PORT_USED"
    Info (12134): Parameter "port_pfdena" = "PORT_UNUSED"
    Info (12134): Parameter "port_phasecounterselect" = "PORT_UNUSED"
    Info (12134): Parameter "port_phasedone" = "PORT_UNUSED"
    Info (12134): Parameter "port_phasestep" = "PORT_UNUSED"
    Info (12134): Parameter "port_phaseupdown" = "PORT_UNUSED"
    Info (12134): Parameter "port_pllena" = "PORT_UNUSED"
    Info (12134): Parameter "port_scanaclr" = "PORT_UNUSED"
    Info (12134): Parameter "port_scanclk" = "PORT_UNUSED"
    Info (12134): Parameter "port_scanclkena" = "PORT_UNUSED"
    Info (12134): Parameter "port_scandata" = "PORT_UNUSED"
    Info (12134): Parameter "port_scandataout" = "PORT_UNUSED"
    Info (12134): Parameter "port_scandone" = "PORT_UNUSED"
    Info (12134): Parameter "port_scanread" = "PORT_UNUSED"
    Info (12134): Parameter "port_scanwrite" = "PORT_UNUSED"
    Info (12134): Parameter "port_clk0" = "PORT_USED"
    Info (12134): Parameter "port_clk1" = "PORT_USED"
    Info (12134): Parameter "port_clk2" = "PORT_UNUSED"
    Info (12134): Parameter "port_clk3" = "PORT_UNUSED"
    Info (12134): Parameter "port_clk4" = "PORT_UNUSED"
    Info (12134): Parameter "port_clk5" = "PORT_UNUSED"
    Info (12134): Parameter "port_clkena0" = "PORT_UNUSED"
    Info (12134): Parameter "port_clkena1" = "PORT_UNUSED"
    Info (12134): Parameter "port_clkena2" = "PORT_UNUSED"
    Info (12134): Parameter "port_clkena3" = "PORT_UNUSED"
    Info (12134): Parameter "port_clkena4" = "PORT_UNUSED"
    Info (12134): Parameter "port_clkena5" = "PORT_UNUSED"
    Info (12134): Parameter "port_extclk0" = "PORT_UNUSED"
    Info (12134): Parameter "port_extclk1" = "PORT_UNUSED"
    Info (12134): Parameter "port_extclk2" = "PORT_UNUSED"
    Info (12134): Parameter "port_extclk3" = "PORT_UNUSED"
    Info (12134): Parameter "self_reset_on_loss_lock" = "OFF"
    Info (12134): Parameter "width_clock" = "5"
Info (12021): Found 1 design units, including 1 entities, in source file db/pll_altpll.v
    Info (12023): Found entity 1: pll_altpll File: C:/Users/A02395949/Documents/advanced/ECE_6740/FinalProject/db/pll_altpll.v Line: 31
Info (12128): Elaborating entity "pll_altpll" for hierarchy "pll:PLLTX|altpll:altpll_component|pll_altpll:auto_generated" File: c:/intelfpga/20.1/quartus/libraries/megafunctions/altpll.tdf Line: 898
Info (12128): Elaborating entity "Timer" for hierarchy "Timer:TIM" File: C:/Users/A02395949/Documents/advanced/ECE_6740/FinalProject/DLX.vhd Line: 260
Warning (10492): VHDL Process Statement warning at Timer.vhd(87): signal "hundredths" is read inside the Process Statement but isn't in the Process Statement's sensitivity list File: C:/Users/A02395949/Documents/advanced/ECE_6740/FinalProject/Timer.vhd Line: 87
Warning (10492): VHDL Process Statement warning at Timer.vhd(88): signal "tenths" is read inside the Process Statement but isn't in the Process Statement's sensitivity list File: C:/Users/A02395949/Documents/advanced/ECE_6740/FinalProject/Timer.vhd Line: 88
Warning (10492): VHDL Process Statement warning at Timer.vhd(89): signal "sec_ones" is read inside the Process Statement but isn't in the Process Statement's sensitivity list File: C:/Users/A02395949/Documents/advanced/ECE_6740/FinalProject/Timer.vhd Line: 89
Warning (10492): VHDL Process Statement warning at Timer.vhd(90): signal "sec_tens" is read inside the Process Statement but isn't in the Process Statement's sensitivity list File: C:/Users/A02395949/Documents/advanced/ECE_6740/FinalProject/Timer.vhd Line: 90
Warning (10492): VHDL Process Statement warning at Timer.vhd(91): signal "min_ones" is read inside the Process Statement but isn't in the Process Statement's sensitivity list File: C:/Users/A02395949/Documents/advanced/ECE_6740/FinalProject/Timer.vhd Line: 91
Warning (10492): VHDL Process Statement warning at Timer.vhd(92): signal "min_tens" is read inside the Process Statement but isn't in the Process Statement's sensitivity list File: C:/Users/A02395949/Documents/advanced/ECE_6740/FinalProject/Timer.vhd Line: 92
Warning (276020): Inferred RAM node "decode:DECODE|registers:R|ram_block_rtl_0" from synchronous design logic.  Pass-through logic has been added to match the read-during-write behavior of the original design.
Warning (276020): Inferred RAM node "decode:DECODE|registers:R|ram_block_rtl_1" from synchronous design logic.  Pass-through logic has been added to match the read-during-write behavior of the original design.
Info (19000): Inferred 2 megafunctions from design logic
    Info (276029): Inferred altsyncram megafunction from the following design logic: "decode:DECODE|registers:R|ram_block_rtl_0" 
        Info (286033): Parameter OPERATION_MODE set to DUAL_PORT
        Info (286033): Parameter WIDTH_A set to 32
        Info (286033): Parameter WIDTHAD_A set to 5
        Info (286033): Parameter NUMWORDS_A set to 32
        Info (286033): Parameter WIDTH_B set to 32
        Info (286033): Parameter WIDTHAD_B set to 5
        Info (286033): Parameter NUMWORDS_B set to 32
        Info (286033): Parameter ADDRESS_ACLR_A set to NONE
        Info (286033): Parameter OUTDATA_REG_B set to UNREGISTERED
        Info (286033): Parameter ADDRESS_ACLR_B set to NONE
        Info (286033): Parameter OUTDATA_ACLR_B set to NONE
        Info (286033): Parameter ADDRESS_REG_B set to CLOCK0
        Info (286033): Parameter INDATA_ACLR_A set to NONE
        Info (286033): Parameter WRCONTROL_ACLR_A set to NONE
        Info (286033): Parameter INIT_FILE set to db/DLX.ram0_registers_6989617c.hdl.mif
    Info (276029): Inferred altsyncram megafunction from the following design logic: "decode:DECODE|registers:R|ram_block_rtl_1" 
        Info (286033): Parameter OPERATION_MODE set to DUAL_PORT
        Info (286033): Parameter WIDTH_A set to 32
        Info (286033): Parameter WIDTHAD_A set to 5
        Info (286033): Parameter NUMWORDS_A set to 32
        Info (286033): Parameter WIDTH_B set to 32
        Info (286033): Parameter WIDTHAD_B set to 5
        Info (286033): Parameter NUMWORDS_B set to 32
        Info (286033): Parameter ADDRESS_ACLR_A set to NONE
        Info (286033): Parameter OUTDATA_REG_B set to UNREGISTERED
        Info (286033): Parameter ADDRESS_ACLR_B set to NONE
        Info (286033): Parameter OUTDATA_ACLR_B set to NONE
        Info (286033): Parameter ADDRESS_REG_B set to CLOCK0
        Info (286033): Parameter INDATA_ACLR_A set to NONE
        Info (286033): Parameter WRCONTROL_ACLR_A set to NONE
        Info (286033): Parameter INIT_FILE set to db/DLX.ram0_registers_6989617c.hdl.mif
Info (12130): Elaborated megafunction instantiation "decode:DECODE|registers:R|altsyncram:ram_block_rtl_0"
Info (12133): Instantiated megafunction "decode:DECODE|registers:R|altsyncram:ram_block_rtl_0" with the following parameter:
    Info (12134): Parameter "OPERATION_MODE" = "DUAL_PORT"
    Info (12134): Parameter "WIDTH_A" = "32"
    Info (12134): Parameter "WIDTHAD_A" = "5"
    Info (12134): Parameter "NUMWORDS_A" = "32"
    Info (12134): Parameter "WIDTH_B" = "32"
    Info (12134): Parameter "WIDTHAD_B" = "5"
    Info (12134): Parameter "NUMWORDS_B" = "32"
    Info (12134): Parameter "ADDRESS_ACLR_A" = "NONE"
    Info (12134): Parameter "OUTDATA_REG_B" = "UNREGISTERED"
    Info (12134): Parameter "ADDRESS_ACLR_B" = "NONE"
    Info (12134): Parameter "OUTDATA_ACLR_B" = "NONE"
    Info (12134): Parameter "ADDRESS_REG_B" = "CLOCK0"
    Info (12134): Parameter "INDATA_ACLR_A" = "NONE"
    Info (12134): Parameter "WRCONTROL_ACLR_A" = "NONE"
    Info (12134): Parameter "INIT_FILE" = "db/DLX.ram0_registers_6989617c.hdl.mif"
Info (12021): Found 1 design units, including 1 entities, in source file db/altsyncram_23g1.tdf
    Info (12023): Found entity 1: altsyncram_23g1 File: C:/Users/A02395949/Documents/advanced/ECE_6740/FinalProject/db/altsyncram_23g1.tdf Line: 28
Warning (13034): The following nodes have both tri-state and non-tri-state drivers
    Warning (13035): Inserted always-enabled tri-state buffer between "GPIO[1]" and its non-tri-state driver. File: C:/Users/A02395949/Documents/advanced/ECE_6740/FinalProject/DLX.vhd Line: 13
Warning (13039): The following bidirectional pins have no drivers
    Warning (13040): bidirectional pin "GPIO[0]" has no driver File: C:/Users/A02395949/Documents/advanced/ECE_6740/FinalProject/DLX.vhd Line: 13
    Warning (13040): bidirectional pin "GPIO[2]" has no driver File: C:/Users/A02395949/Documents/advanced/ECE_6740/FinalProject/DLX.vhd Line: 13
    Warning (13040): bidirectional pin "GPIO[3]" has no driver File: C:/Users/A02395949/Documents/advanced/ECE_6740/FinalProject/DLX.vhd Line: 13
    Warning (13040): bidirectional pin "GPIO[4]" has no driver File: C:/Users/A02395949/Documents/advanced/ECE_6740/FinalProject/DLX.vhd Line: 13
    Warning (13040): bidirectional pin "GPIO[5]" has no driver File: C:/Users/A02395949/Documents/advanced/ECE_6740/FinalProject/DLX.vhd Line: 13
    Warning (13040): bidirectional pin "GPIO[6]" has no driver File: C:/Users/A02395949/Documents/advanced/ECE_6740/FinalProject/DLX.vhd Line: 13
    Warning (13040): bidirectional pin "GPIO[7]" has no driver File: C:/Users/A02395949/Documents/advanced/ECE_6740/FinalProject/DLX.vhd Line: 13
    Warning (13040): bidirectional pin "GPIO[8]" has no driver File: C:/Users/A02395949/Documents/advanced/ECE_6740/FinalProject/DLX.vhd Line: 13
    Warning (13040): bidirectional pin "GPIO[9]" has no driver File: C:/Users/A02395949/Documents/advanced/ECE_6740/FinalProject/DLX.vhd Line: 13
    Warning (13040): bidirectional pin "GPIO[10]" has no driver File: C:/Users/A02395949/Documents/advanced/ECE_6740/FinalProject/DLX.vhd Line: 13
    Warning (13040): bidirectional pin "GPIO[11]" has no driver File: C:/Users/A02395949/Documents/advanced/ECE_6740/FinalProject/DLX.vhd Line: 13
    Warning (13040): bidirectional pin "GPIO[12]" has no driver File: C:/Users/A02395949/Documents/advanced/ECE_6740/FinalProject/DLX.vhd Line: 13
    Warning (13040): bidirectional pin "GPIO[13]" has no driver File: C:/Users/A02395949/Documents/advanced/ECE_6740/FinalProject/DLX.vhd Line: 13
    Warning (13040): bidirectional pin "GPIO[14]" has no driver File: C:/Users/A02395949/Documents/advanced/ECE_6740/FinalProject/DLX.vhd Line: 13
    Warning (13040): bidirectional pin "GPIO[15]" has no driver File: C:/Users/A02395949/Documents/advanced/ECE_6740/FinalProject/DLX.vhd Line: 13
    Warning (13040): bidirectional pin "GPIO[16]" has no driver File: C:/Users/A02395949/Documents/advanced/ECE_6740/FinalProject/DLX.vhd Line: 13
    Warning (13040): bidirectional pin "GPIO[17]" has no driver File: C:/Users/A02395949/Documents/advanced/ECE_6740/FinalProject/DLX.vhd Line: 13
    Warning (13040): bidirectional pin "GPIO[18]" has no driver File: C:/Users/A02395949/Documents/advanced/ECE_6740/FinalProject/DLX.vhd Line: 13
    Warning (13040): bidirectional pin "GPIO[19]" has no driver File: C:/Users/A02395949/Documents/advanced/ECE_6740/FinalProject/DLX.vhd Line: 13
    Warning (13040): bidirectional pin "GPIO[20]" has no driver File: C:/Users/A02395949/Documents/advanced/ECE_6740/FinalProject/DLX.vhd Line: 13
    Warning (13040): bidirectional pin "GPIO[21]" has no driver File: C:/Users/A02395949/Documents/advanced/ECE_6740/FinalProject/DLX.vhd Line: 13
    Warning (13040): bidirectional pin "GPIO[22]" has no driver File: C:/Users/A02395949/Documents/advanced/ECE_6740/FinalProject/DLX.vhd Line: 13
    Warning (13040): bidirectional pin "GPIO[23]" has no driver File: C:/Users/A02395949/Documents/advanced/ECE_6740/FinalProject/DLX.vhd Line: 13
    Warning (13040): bidirectional pin "GPIO[24]" has no driver File: C:/Users/A02395949/Documents/advanced/ECE_6740/FinalProject/DLX.vhd Line: 13
    Warning (13040): bidirectional pin "GPIO[25]" has no driver File: C:/Users/A02395949/Documents/advanced/ECE_6740/FinalProject/DLX.vhd Line: 13
    Warning (13040): bidirectional pin "GPIO[26]" has no driver File: C:/Users/A02395949/Documents/advanced/ECE_6740/FinalProject/DLX.vhd Line: 13
    Warning (13040): bidirectional pin "GPIO[27]" has no driver File: C:/Users/A02395949/Documents/advanced/ECE_6740/FinalProject/DLX.vhd Line: 13
    Warning (13040): bidirectional pin "GPIO[28]" has no driver File: C:/Users/A02395949/Documents/advanced/ECE_6740/FinalProject/DLX.vhd Line: 13
    Warning (13040): bidirectional pin "GPIO[29]" has no driver File: C:/Users/A02395949/Documents/advanced/ECE_6740/FinalProject/DLX.vhd Line: 13
    Warning (13040): bidirectional pin "GPIO[30]" has no driver File: C:/Users/A02395949/Documents/advanced/ECE_6740/FinalProject/DLX.vhd Line: 13
    Warning (13040): bidirectional pin "GPIO[31]" has no driver File: C:/Users/A02395949/Documents/advanced/ECE_6740/FinalProject/DLX.vhd Line: 13
    Warning (13040): bidirectional pin "GPIO[32]" has no driver File: C:/Users/A02395949/Documents/advanced/ECE_6740/FinalProject/DLX.vhd Line: 13
    Warning (13040): bidirectional pin "GPIO[33]" has no driver File: C:/Users/A02395949/Documents/advanced/ECE_6740/FinalProject/DLX.vhd Line: 13
    Warning (13040): bidirectional pin "GPIO[34]" has no driver File: C:/Users/A02395949/Documents/advanced/ECE_6740/FinalProject/DLX.vhd Line: 13
    Warning (13040): bidirectional pin "GPIO[35]" has no driver File: C:/Users/A02395949/Documents/advanced/ECE_6740/FinalProject/DLX.vhd Line: 13
Warning (13009): TRI or OPNDRN buffers permanently enabled
    Warning (13010): Node "GPIO[1]~synth" File: C:/Users/A02395949/Documents/advanced/ECE_6740/FinalProject/DLX.vhd Line: 13
Warning (13024): Output pins are stuck at VCC or GND
    Warning (13410): Pin "HEX0[7]" is stuck at VCC File: C:/Users/A02395949/Documents/advanced/ECE_6740/FinalProject/DLX.vhd Line: 14
    Warning (13410): Pin "HEX1[7]" is stuck at VCC File: C:/Users/A02395949/Documents/advanced/ECE_6740/FinalProject/DLX.vhd Line: 15
    Warning (13410): Pin "HEX2[7]" is stuck at GND File: C:/Users/A02395949/Documents/advanced/ECE_6740/FinalProject/DLX.vhd Line: 16
    Warning (13410): Pin "HEX3[7]" is stuck at VCC File: C:/Users/A02395949/Documents/advanced/ECE_6740/FinalProject/DLX.vhd Line: 17
    Warning (13410): Pin "HEX4[7]" is stuck at GND File: C:/Users/A02395949/Documents/advanced/ECE_6740/FinalProject/DLX.vhd Line: 18
    Warning (13410): Pin "HEX5[7]" is stuck at VCC File: C:/Users/A02395949/Documents/advanced/ECE_6740/FinalProject/DLX.vhd Line: 19
    Warning (13410): Pin "LEDR[8]" is stuck at GND File: C:/Users/A02395949/Documents/advanced/ECE_6740/FinalProject/DLX.vhd Line: 20
    Warning (13410): Pin "LEDR[9]" is stuck at GND File: C:/Users/A02395949/Documents/advanced/ECE_6740/FinalProject/DLX.vhd Line: 20
Info (286030): Timing-Driven Synthesis is running
Info (17049): 2 registers lost all their fanouts during netlist optimizations.
Info (128000): Starting physical synthesis optimizations for speed
Info (332164): Evaluating HDL-embedded SDC commands
    Info (332165): Entity dcfifo_14e1
        Info (332166): set_false_path -from *rdptr_g* -to *ws_dgrp|dffpipe_uu8:dffpipe13|dffe14a* 
        Info (332166): set_false_path -from *delayed_wrptr_g* -to *rs_dgwp|dffpipe_tu8:dffpipe10|dffe11a* 
    Info (332165): Entity dcfifo_f1f1
        Info (332166): set_false_path -from *rdptr_g* -to *ws_dgrp|dffpipe_3v8:dffpipe16|dffe17a* 
        Info (332166): set_false_path -from *delayed_wrptr_g* -to *rs_dgwp|dffpipe_2v8:dffpipe12|dffe13a* 
    Info (332165): Entity dcfifo_u7e1
        Info (332166): set_false_path -from *rdptr_g* -to *ws_dgrp|dffpipe_5v8:dffpipe8|dffe9a* 
        Info (332166): set_false_path -from *delayed_wrptr_g* -to *rs_dgwp|dffpipe_4v8:dffpipe5|dffe6a* 
Info (332104): Reading SDC File: 'DLX.sdc'
Info (332110): Deriving PLL clocks
    Info (332110): create_generated_clock -source {PLLTX|altpll_component|auto_generated|pll1|inclk[0]} -divide_by 15625 -multiply_by 288 -duty_cycle 50.00 -name {PLLTX|altpll_component|auto_generated|pll1|clk[0]} {PLLTX|altpll_component|auto_generated|pll1|clk[0]}
    Info (332110): create_generated_clock -source {PLLTX|altpll_component|auto_generated|pll1|inclk[0]} -divide_by 15625 -multiply_by 36 -duty_cycle 50.00 -name {PLLTX|altpll_component|auto_generated|pll1|clk[1]} {PLLTX|altpll_component|auto_generated|pll1|clk[1]}
Info (332151): Clock uncertainty is not calculated until you update the timing netlist.
Info (332123): Deriving Clock Uncertainty. Please refer to report_sdc in the Timing Analyzer to see clock uncertainties.
Info (332129): Detected timing requirements -- optimizing circuit to achieve only the specified requirements
Info (332111): Found 5 clocks
    Info (332111):   Period   Clock Name
    Info (332111): ======== ============
    Info (332111):  100.000   ADC_CLK_10
    Info (332111):   20.000 MAX10_CLK1_50
    Info (332111):   20.000 MAX10_CLK2_50
    Info (332111): 1085.069 PLLTX|altpll_component|auto_generated|pll1|clk[0]
    Info (332111): 8680.555 PLLTX|altpll_component|auto_generated|pll1|clk[1]
Info (128002): Starting physical synthesis algorithm register retiming
Info (128003): Physical synthesis algorithm register retiming complete: estimated slack improvement of 2151 ps
Info (128002): Starting physical synthesis algorithm combinational resynthesis using boolean division
Info (128003): Physical synthesis algorithm combinational resynthesis using boolean division complete: estimated slack improvement of 0 ps
Info (128001): Physical synthesis optimizations for speed complete: elapsed time is 00:00:01
Info (16010): Generating hard_block partition "hard_block:auto_generated_inst"
    Info (16011): Adding 1 node(s), including 0 DDIO, 1 PLL, 0 transceiver and 0 LCELL
Warning (21074): Design contains 3 input pin(s) that do not drive logic
    Warning (15610): No output dependent on input pin "KEY[1]" File: C:/Users/A02395949/Documents/advanced/ECE_6740/FinalProject/DLX.vhd Line: 9
    Warning (15610): No output dependent on input pin "ADC_CLK_10" File: C:/Users/A02395949/Documents/advanced/ECE_6740/FinalProject/DLX.vhd Line: 10
    Warning (15610): No output dependent on input pin "MAX10_CLK2_50" File: C:/Users/A02395949/Documents/advanced/ECE_6740/FinalProject/DLX.vhd Line: 12
Info (21057): Implemented 4207 device resources after synthesis - the final resource count might be different
    Info (21058): Implemented 5 input pins
    Info (21059): Implemented 58 output pins
    Info (21060): Implemented 36 bidirectional pins
    Info (21061): Implemented 3892 logic cells
    Info (21064): Implemented 215 RAM segments
    Info (21065): Implemented 1 PLLs
Info: Quartus Prime Analysis & Synthesis was successful. 0 errors, 79 warnings
    Info: Peak virtual memory: 5043 megabytes
    Info: Processing ended: Tue Apr 14 17:37:00 2026
    Info: Elapsed time: 00:00:14
    Info: Total CPU time (on all processors): 00:00:19


